long,long,long,long,flags,long,long,long,long,long,long,long,long,long,None,str,None,None,None,None,None,None,None,None,None,None,None,None,None,None,flags,long,long,long,long,long,long,long,
1,0,6,0,0x0,6,0,0,6,0,0,0,0,0,,"대지의 무기 3",,,,,,,,,,,,,,,0xFF01FE,61,9,0,0,0,0,0,
2,0,1,0,0x0,0,0,0,0,0,0,8034,0,0,,"냉기의 무기 1",,,,,,,,,,,,,,,0xFF01FE,33,9,0,0,0,0,0,
3,0,3,0,0x0,100,0,0,100,0,0,15568,0,0,,"불꽃의 무기 3",,,,,,,,,,,,,,,0xFF01FE,32,9,0,0,0,0,0,
4,0,3,0,0x0,100,0,0,100,0,0,15567,0,0,,"불꽃의 무기 2",,,,,,,,,,,,,,,0xFF01FE,32,9,0,0,0,0,0,
5,0,3,0,0x0,100,0,0,100,0,0,10400,0,0,,"불꽃의 무기 1",,,,,,,,,,,,,,,0xFF01FE,32,9,0,0,0,0,0,
6,0,6,0,0x0,4,0,0,4,0,0,0,0,0,,"대지의 무기 2",,,,,,,,,,,,,,,0xFF01FE,61,9,0,0,0,0,0,
7,0,1,0,0x0,30,0,0,30,0,0,2818,0,0,,"맹독",,,,,,,,,,,,,,,0xFF01FE,26,9,0,0,0,0,0,
8,0,1,0,0x0,30,0,0,30,0,0,2819,0,0,,"맹독 II",,,,,,,,,,,,,,,0xFF01FE,26,9,0,0,0,0,0,
9,0,1,0,0x0,30,0,0,30,0,0,2820,0,0,,"독 (피해 15)",,,,,,,,,,,,,,,0xFF01FE,26,9,0,0,0,0,0,
10,0,1,0,0x0,30,0,0,30,0,0,2821,0,0,,"독 (피해 20)",,,,,,,,,,,,,,,0xFF01FE,26,9,0,0,0,0,0,
11,0,1,0,0x0,30,0,0,30,0,0,2822,0,0,,"독 (피해 25)",,,,,,,,,,,,,,,0xFF01FE,26,9,0,0,0,0,0,
12,0,1,0,0x0,0,0,0,0,0,0,8037,0,0,,"냉기의 무기 2",,,,,,,,,,,,,,,0xFF01FE,33,9,0,0,0,0,0,
13,0,2,0,0x0,3,0,0,3,0,0,0,0,0,,"무기 연마 (공격력 +3)",,,,,,,,,,,,,,,0xFF01FE,28,0,0,0,0,0,0,
14,0,2,0,0x0,4,0,0,4,0,0,0,0,0,,"무기 연마 (공격력 +4)",,,,,,,,,,,,,,,0xFF01FE,28,0,0,0,0,0,0,
15,0,4,0,0x0,8,0,0,8,0,0,0,0,0,,"방어도 보강 (방어도 +8)",,,,,,,,,,,,,,,0xFF01FE,0,0,0,0,0,0,0,
16,0,4,0,0x0,16,0,0,16,0,0,0,0,0,,"방어도 보강 (방어도 +16)",,,,,,,,,,,,,,,0xFF01FE,0,0,0,0,0,0,0,
17,0,4,0,0x0,24,0,0,24,0,0,0,0,0,,"방어도 보강 (방어도 +24)",,,,,,,,,,,,,,,0xFF01FE,0,0,0,0,0,0,0,
18,0,4,0,0x0,32,0,0,32,0,0,0,0,0,,"방어도 보강 (방어도 +32)",,,,,,,,,,,,,,,0xFF01FE,0,0,0,0,0,0,0,
19,0,2,0,0x0,2,0,0,2,0,0,0,0,0,,"무게 증강 (공격력 +2)",,,,,,,,,,,,,,,0xFF01FE,0,0,0,0,0,0,0,
20,0,2,0,0x0,3,0,0,3,0,0,0,0,0,,"무게 증강 (공격력 +3)",,,,,,,,,,,,,,,0xFF01FE,0,0,0,0,0,0,0,
21,0,2,0,0x0,4,0,0,4,0,0,0,0,0,,"무게 증강 (공격력 +4)",,,,,,,,,,,,,,,0xFF01FE,0,0,0,0,0,0,0,
22,0,1,0,0x0,50,0,0,50,0,0,3409,0,0,,"신경 마비 독",,,,,,,,,,,,,,,0xFF01FE,26,9,0,0,0,0,0,
23,0,1,0,0x0,20,0,0,20,0,0,8692,0,0,,"정신 마비 독 II",,,,,,,,,,,,,,,0xFF01FE,26,9,0,0,0,0,0,
24,0,5,0,0x0,5,0,0,5,0,0,0,0,0,,"마나 +5",,,,,,,,,,,,,,,0xFF01FE,0,0,0,0,0,0,0,
25,0,1,0,0x0,15,0,0,15,0,0,705,0,0,,"암흑 오일",,,,,,,,,,,,,,,0xFF01FE,1,0,0,0,0,0,0,
26,0,1,0,0x0,10,0,0,10,0,0,205,0,0,,"냉기 오일",,,,,,,,,,,,,,,0xFF01FE,27,0,0,0,0,0,0,
27,0,2,0,0x0,-10,0,0,-10,0,0,0,0,0,,"부서짐",,,,,,,,,,,,,,,0xFF01FE,0,0,0,0,0,0,0,
28,0,3,0,0x0,0,0,0,0,0,0,7438,0,0,,"모든 저항력 +4",,,,,,,,,,,,,,,0xFF01FE,0,0,0,0,0,0,0,
29,0,6,0,0x0,2,0,0,2,0,0,0,0,0,,"대지의 무기 1",,,,,,,,,,,,,,,0xFF01FE,61,9,0,0,0,0,0,
30,0,2,0,0x0,1,0,0,1,0,0,0,0,0,,"조준경 (공격력 +1)",,,,,,,,,,,,,,,0xFF01FE,0,0,0,0,0,0,5,
31,0,3,0,0x0,0,0,0,0,0,0,7433,0,0,,"야수 사냥 +4",,,,,,,,,,,,,,,0xFF01FE,0,0,0,0,0,0,0,
32,0,2,0,0x0,2,0,0,2,0,0,0,0,0,,"조준경 (공격력 +2)",,,,,,,,,,,,,,,0xFF01FE,0,0,0,0,0,0,10,
33,0,2,0,0x0,3,0,0,3,0,0,0,0,0,,"조준경 (공격력 +3)",,,,,,,,,,,,,,,0xFF01FE,0,1,0,0,0,0,20,
34,0,5,0,0x0,20,0,0,20,0,0,36,0,0,,"평형추 (가속도 +20)",,,,,,,,,,,,,,,0xFF01FE,0,0,0,0,0,0,0,
35,0,1,0,0x0,50,0,0,50,0,0,5760,0,0,,"정신 마비 독",,,,,,,,,,,,,,,0xFF01FE,26,9,0,0,0,0,0,
36,0,1,0,0x0,15,0,0,15,0,0,6297,0,0,,"마법부여: 이글거리는 불꽃",,,,,,,,,,,,,,,0xFF01FE,0,0,0,0,0,0,0,
37,0,3,0,0x0,0,0,0,0,0,0,43588,0,0,,"강철 무기 사슬",,,,,,,,,,,,,,,0xFF01FE,0,0,0,0,0,0,0,
38,0,5,0,0x0,5,0,0,5,0,0,12,0,0,,"방어 숙련도 +5",,,,,,,,,,,,,,,0xFF01FE,0,0,0,0,0,0,0,
39,0,3,0,0x0,0,0,0,0,0,0,26596,0,0,,"무기 연마 (공격력 +1)",,,,,,,,,,,,,,,0xFF01FE,0,0,0,0,0,0,0,
40,0,2,0,0x0,2,0,0,2,0,0,0,0,0,,"무기 연마 (공격력 +2)",,,,,,,,,,,,,,,0xFF01FE,28,0,0,0,0,0,0,
41,0,5,0,0x0,5,0,0,5,0,0,1,0,0,,"생명력 +5",,,,,,,,,,,,,,,0xFF01FE,0,0,0,0,0,0,0,
42,0,1,0,0x0,10,0,0,30,0,0,6647,0,0,,"독 (즉시피해 20)",,,,,,,,,,,,,,,0xFF01FE,26,9,0,0,0,0,0,
43,0,3,0,0x0,0,0,0,0,0,0,9784,0,0,,"철제 스파이크 (8-12)",,,,,,,,,,,,,,,0xFF01FE,0,0,0,0,0,0,0,
44,0,3,0,0x0,0,0,0,0,0,0,7445,0,0,,"피해 흡수 (10)",,,,,,,,,,,,,,,0xFF01FE,0,0,0,0,0,0,0,
63,0,3,0,0x0,0,0,0,0,0,0,7446,0,0,,"피해 흡수 (25)",,,,,,,,,,,,,,,0xFF01FE,0,0,0,0,0,0,0,
64,0,5,0,0x0,3,0,0,3,0,0,6,0,0,,"정신력 +3",,,,,,,,,,,,,,,0xFF01FE,0,0,0,0,0,0,0,
65,0,3,0,0x0,0,0,0,0,0,0,7452,0,0,,"모든 저항력 +1",,,,,,,,,,,,,,,0xFF01FE,0,0,0,0,0,0,0,
66,0,5,0,0x0,1,0,0,1,0,0,7,0,0,,"체력 +1",,,,,,,,,,,,,,,0xFF01FE,0,0,0,0,0,0,0,
67,0,2,0,0x0,1,0,0,1,0,0,0,0,0,,"공격력 +1",,,,,,,,,,,,,,,0xFF01FE,0,0,0,0,0,0,0,
68,0,5,0,0x0,1,0,0,1,0,0,4,0,0,,"힘 +1",,,,,,,,,,,,,,,0xFF01FE,0,0,0,0,0,0,0,
69,0,5,0,0x0,2,0,0,2,0,0,4,0,0,,"힘 +2",,,,,,,,,,,,,,,0xFF01FE,0,0,0,0,0,0,0,
70,0,5,0,0x0,3,0,0,3,0,0,4,0,0,,"힘 +3",,,,,,,,,,,,,,,0xFF01FE,0,0,0,0,0,0,0,
71,0,5,0,0x0,1,0,0,1,0,0,7,0,0,,"체력 +1",,,,,,,,,,,,,,,0xFF01FE,0,0,0,0,0,0,0,
72,0,5,0,0x0,2,0,0,2,0,0,7,0,0,,"체력 +2",,,,,,,,,,,,,,,0xFF01FE,0,0,0,0,0,0,0,
73,0,5,0,0x0,3,0,0,3,0,0,7,0,0,,"체력 +3",,,,,,,,,,,,,,,0xFF01FE,0,0,0,0,0,0,0,
74,0,5,0,0x0,1,0,0,1,0,0,3,0,0,,"민첩성 +1",,,,,,,,,,,,,,,0xFF01FE,0,0,0,0,0,0,0,
75,0,5,0,0x0,2,0,0,2,0,0,3,0,0,,"민첩성 +2",,,,,,,,,,,,,,,0xFF01FE,0,0,0,0,0,0,0,
76,0,5,0,0x0,3,0,0,3,0,0,3,0,0,,"민첩성 +3",,,,,,,,,,,,,,,0xFF01FE,0,0,0,0,0,0,0,
77,0,2,0,0x0,2,0,0,2,0,0,0,0,0,,"공격력 +2",,,,,,,,,,,,,,,0xFF01FE,0,0,0,0,0,0,0,
78,0,2,0,0x0,3,0,0,3,0,0,0,0,0,,"공격력 +3",,,,,,,,,,,,,,,0xFF01FE,0,0,0,0,0,0,0,
79,0,5,0,0x0,1,0,0,1,0,0,5,0,0,,"지능 +1",,,,,,,,,,,,,,,0xFF01FE,0,0,0,0,0,0,0,
80,0,5,0,0x0,2,0,0,2,0,0,5,0,0,,"지능 +2",,,,,,,,,,,,,,,0xFF01FE,0,0,0,0,0,0,0,
81,0,5,0,0x0,3,0,0,3,0,0,5,0,0,,"지능 +3",,,,,,,,,,,,,,,0xFF01FE,0,0,0,0,0,0,0,
82,0,5,0,0x0,1,0,0,1,0,0,6,0,0,,"정신력 +1",,,,,,,,,,,,,,,0xFF01FE,0,0,0,0,0,0,0,
83,0,5,0,0x0,2,0,0,2,0,0,6,0,0,,"정신력 +2",,,,,,,,,,,,,,,0xFF01FE,0,0,0,0,0,0,0,
84,0,5,0,0x0,3,0,0,3,0,0,6,0,0,,"정신력 +3",,,,,,,,,,,,,,,0xFF01FE,0,0,0,0,0,0,0,
85,0,4,0,0x0,3,0,0,3,0,0,0,0,0,,"방어도 +3",,,,,,,,,,,,,,,0xFF01FE,0,0,0,0,0,0,0,
86,0,4,0,0x0,8,0,0,8,0,0,0,0,0,,"방어도 +8",,,,,,,,,,,,,,,0xFF01FE,0,0,0,0,0,0,0,
87,0,4,0,0x0,12,0,0,12,0,0,0,0,0,,"방어도 +12",,,,,,,,,,,,,,,0xFF01FE,0,0,0,0,0,0,0,
88,0,0,0,0x0,0,0,0,0,0,0,0,0,0,,"",,,,,,,,,,,,,,,0xFF01FC,0,0,0,0,0,0,0,
89,0,4,0,0x0,16,0,0,16,0,0,0,0,0,,"방어도 +16",,,,,,,,,,,,,,,0xFF01FE,0,0,0,0,0,0,0,
90,0,5,0,0x0,4,0,0,4,0,0,3,0,0,,"민첩성 +4",,,,,,,,,,,,,,,0xFF01FE,0,0,0,0,0,0,0,
91,0,5,0,0x0,5,0,0,5,0,0,3,0,0,,"민첩성 +5",,,,,,,,,,,,,,,0xFF01FE,0,0,0,0,0,0,0,
92,0,5,0,0x0,6,0,0,6,0,0,3,0,0,,"민첩성 +6",,,,,,,,,,,,,,,0xFF01FE,0,0,0,0,0,0,0,
93,0,5,0,0x0,7,0,0,7,0,0,3,0,0,,"민첩성 +7",,,,,,,,,,,,,,,0xFF01FE,0,0,0,0,0,0,0,
94,0,5,0,0x0,4,0,0,4,0,0,5,0,0,,"지능 +4",,,,,,,,,,,,,,,0xFF01FE,0,0,0,0,0,0,0,
95,0,5,0,0x0,5,0,0,5,0,0,5,0,0,,"지능 +5",,,,,,,,,,,,,,,0xFF01FE,0,0,0,0,0,0,0,
96,0,5,0,0x0,6,0,0,6,0,0,5,0,0,,"지능 +6",,,,,,,,,,,,,,,0xFF01FE,0,0,0,0,0,0,0,
97,0,5,0,0x0,7,0,0,7,0,0,5,0,0,,"지능 +7",,,,,,,,,,,,,,,0xFF01FE,0,0,0,0,0,0,0,
98,0,5,0,0x0,4,0,0,4,0,0,6,0,0,,"정신력 +4",,,,,,,,,,,,,,,0xFF01FE,0,0,0,0,0,0,0,
99,0,5,0,0x0,5,0,0,5,0,0,6,0,0,,"정신력 +5",,,,,,,,,,,,,,,0xFF01FE,0,0,0,0,0,0,0,
100,0,5,0,0x0,6,0,0,6,0,0,6,0,0,,"정신력 +6",,,,,,,,,,,,,,,0xFF01FE,0,0,0,0,0,0,0,
101,0,5,0,0x0,7,0,0,7,0,0,6,0,0,,"정신력 +7",,,,,,,,,,,,,,,0xFF01FE,0,0,0,0,0,0,0,
102,0,5,0,0x0,4,0,0,4,0,0,7,0,0,,"체력 +4",,,,,,,,,,,,,,,0xFF01FE,0,0,0,0,0,0,0,
103,0,5,0,0x0,5,0,0,5,0,0,7,0,0,,"체력 +5",,,,,,,,,,,,,,,0xFF01FE,0,0,0,0,0,0,0,
104,0,5,0,0x0,6,0,0,6,0,0,7,0,0,,"체력 +6",,,,,,,,,,,,,,,0xFF01FE,0,0,0,0,0,0,0,
105,0,5,0,0x0,7,0,0,7,0,0,7,0,0,,"체력 +7",,,,,,,,,,,,,,,0xFF01FE,0,0,0,0,0,0,0,
106,0,5,0,0x0,4,0,0,4,0,0,4,0,0,,"힘 +4",,,,,,,,,,,,,,,0xFF01FE,0,0,0,0,0,0,0,
107,0,5,0,0x0,5,0,0,5,0,0,4,0,0,,"힘 +5",,,,,,,,,,,,,,,0xFF01FE,0,0,0,0,0,0,0,
108,0,5,0,0x0,6,0,0,6,0,0,4,0,0,,"힘 +6",,,,,,,,,,,,,,,0xFF01FE,0,0,0,0,0,0,0,
109,0,5,0,0x0,7,0,0,7,0,0,4,0,0,,"힘 +7",,,,,,,,,,,,,,,0xFF01FE,0,0,0,0,0,0,0,
110,0,5,0,0x0,1,0,0,1,0,0,12,0,0,,"방어 숙련도 +1",,,,,,,,,,,,,,,0xFF01FE,0,0,0,0,0,0,0,
111,0,5,0,0x0,2,0,0,2,0,0,12,0,0,,"방어 숙련도 +2",,,,,,,,,,,,,,,0xFF01FE,0,0,0,0,0,0,0,
112,0,5,0,0x0,3,0,0,3,0,0,12,0,0,,"방어 숙련도 +3",,,,,,,,,,,,,,,0xFF01FE,0,0,0,0,0,0,0,
113,0,5,0,0x0,4,0,0,4,0,0,12,0,0,,"방어 숙련도 +4",,,,,,,,,,,,,,,0xFF01FE,0,0,0,0,0,0,0,
114,0,5,0,0x0,5,0,0,5,0,0,12,0,0,,"방어 숙련도 +5",,,,,,,,,,,,,,,0xFF01FE,0,0,0,0,0,0,0,
115,0,5,0,0x0,6,0,0,6,0,0,12,0,0,,"방어 숙련도 +6",,,,,,,,,,,,,,,0xFF01FE,0,0,0,0,0,0,0,
116,0,5,0,0x0,7,0,0,7,0,0,12,0,0,,"방어 숙련도 +7",,,,,,,,,,,,,,,0xFF01FE,0,0,0,0,0,0,0,
117,0,2,0,0x0,4,0,0,4,0,0,0,0,0,,"공격력 +4",,,,,,,,,,,,,,,0xFF01FE,0,0,0,0,0,0,0,
118,0,2,0,0x0,5,0,0,5,0,0,0,0,0,,"공격력 +5",,,,,,,,,,,,,,,0xFF01FE,0,0,0,0,0,0,0,
119,0,2,0,0x0,6,0,0,6,0,0,0,0,0,,"공격력 +6",,,,,,,,,,,,,,,0xFF01FE,0,0,0,0,0,0,0,
120,0,2,0,0x0,7,0,0,7,0,0,0,0,0,,"공격력 +7",,,,,,,,,,,,,,,0xFF01FE,0,0,0,0,0,0,0,
121,0,4,0,0x0,20,0,0,20,0,0,0,0,0,,"방어도 +20",,,,,,,,,,,,,,,0xFF01FE,0,0,0,0,0,0,0,
122,0,4,0,0x0,24,0,0,24,0,0,0,0,0,,"방어도 +24",,,,,,,,,,,,,,,0xFF01FE,0,0,0,0,0,0,0,
123,0,4,0,0x0,28,0,0,28,0,0,0,0,0,,"방어도 +28",,,,,,,,,,,,,,,0xFF01FE,0,0,0,0,0,0,0,
124,0,1,0,0x0,100,0,0,100,0,0,8253,0,0,,"불꽃의 토템 1",,,,,,,,,,,,,,,0xFF01FE,32,7,0,0,0,0,0,
125,0,3,0,0x0,0,0,0,0,0,0,7520,0,0,,"도검류 숙련도 +1",,,,,,,,,,,,,,,0xFF01FE,0,0,0,0,0,0,0,
126,0,3,0,0x0,0,0,0,0,0,0,7522,0,0,,"도검류 숙련도 +2",,,,,,,,,,,,,,,0xFF01FE,0,0,0,0,0,0,0,
127,0,3,0,0x0,0,0,0,0,0,0,7523,0,0,,"도검류 숙련도 +3",,,,,,,,,,,,,,,0xFF01FE,0,0,0,0,0,0,0,
128,0,3,0,0x0,0,0,0,0,0,0,7524,0,0,,"도검류 숙련도 +4",,,,,,,,,,,,,,,0xFF01FE,0,0,0,0,0,0,0,
129,0,3,0,0x0,0,0,0,0,0,0,7525,0,0,,"도검류 숙련도 +5",,,,,,,,,,,,,,,0xFF01FE,0,0,0,0,0,0,0,
130,0,3,0,0x0,0,0,0,0,0,0,7526,0,0,,"도검류 숙련도 +6",,,,,,,,,,,,,,,0xFF01FE,0,0,0,0,0,0,0,
131,0,3,0,0x0,0,0,0,0,0,0,7527,0,0,,"도검류 숙련도 +7",,,,,,,,,,,,,,,0xFF01FE,0,0,0,0,0,0,0,
132,0,3,0,0x0,0,0,0,0,0,0,7529,0,0,,"양손 도검류 숙련도 +1",,,,,,,,,,,,,,,0xFF01FE,0,0,0,0,0,0,0,
133,0,3,0,0x0,0,0,0,0,0,0,7561,0,0,,"양손 도검류 숙련도 +2",,,,,,,,,,,,,,,0xFF01FE,0,0,0,0,0,0,0,
134,0,3,0,0x0,0,0,0,0,0,0,7562,0,0,,"양손 도검류 숙련도 +3",,,,,,,,,,,,,,,0xFF01FE,0,0,0,0,0,0,0,
135,0,3,0,0x0,0,0,0,0,0,0,7563,0,0,,"양손 도검류 숙련도 +4",,,,,,,,,,,,,,,0xFF01FE,0,0,0,0,0,0,0,
136,0,3,0,0x0,0,0,0,0,0,0,7564,0,0,,"양손 도검류 숙련도 +5",,,,,,,,,,,,,,,0xFF01FE,0,0,0,0,0,0,0,
137,0,3,0,0x0,0,0,0,0,0,0,7565,0,0,,"양손 도검류 숙련도 +6",,,,,,,,,,,,,,,0xFF01FE,0,0,0,0,0,0,0,
138,0,3,0,0x0,0,0,0,0,0,0,7566,0,0,,"양손 도검류 숙련도 +7",,,,,,,,,,,,,,,0xFF01FE,0,0,0,0,0,0,0,
139,0,3,0,0x0,0,0,0,0,0,0,7532,0,0,,"둔기류 숙련도 +1",,,,,,,,,,,,,,,0xFF01FE,0,0,0,0,0,0,0,
140,0,3,0,0x0,0,0,0,0,0,0,7543,0,0,,"둔기류 숙련도 +2",,,,,,,,,,,,,,,0xFF01FE,0,0,0,0,0,0,0,
141,0,3,0,0x0,0,0,0,0,0,0,7544,0,0,,"둔기류 숙련도 +3",,,,,,,,,,,,,,,0xFF01FE,0,0,0,0,0,0,0,
142,0,3,0,0x0,0,0,0,0,0,0,7545,0,0,,"둔기류 숙련도 +4",,,,,,,,,,,,,,,0xFF01FE,0,0,0,0,0,0,0,
143,0,3,0,0x0,0,0,0,0,0,0,7546,0,0,,"둔기류 숙련도 +5",,,,,,,,,,,,,,,0xFF01FE,0,0,0,0,0,0,0,
144,0,3,0,0x0,0,0,0,0,0,0,7547,0,0,,"둔기류 숙련도 +6",,,,,,,,,,,,,,,0xFF01FE,0,0,0,0,0,0,0,
145,0,3,0,0x0,0,0,0,0,0,0,7548,0,0,,"둔기류 숙련도 +7",,,,,,,,,,,,,,,0xFF01FE,0,0,0,0,0,0,0,
146,0,3,0,0x0,0,0,0,0,0,0,7533,0,0,,"양손 둔기류 숙련도 +1",,,,,,,,,,,,,,,0xFF01FE,0,0,0,0,0,0,0,
147,0,3,0,0x0,0,0,0,0,0,0,7555,0,0,,"양손 둔기류 숙련도 +2",,,,,,,,,,,,,,,0xFF01FE,0,0,0,0,0,0,0,
148,0,3,0,0x0,0,0,0,0,0,0,7556,0,0,,"양손 둔기류 숙련도 +3",,,,,,,,,,,,,,,0xFF01FE,0,0,0,0,0,0,0,
149,0,3,0,0x0,0,0,0,0,0,0,7557,0,0,,"양손 둔기류 숙련도 +4",,,,,,,,,,,,,,,0xFF01FE,0,0,0,0,0,0,0,
150,0,3,0,0x0,0,0,0,0,0,0,7558,0,0,,"양손 둔기류 숙련도 +5",,,,,,,,,,,,,,,0xFF01FE,0,0,0,0,0,0,0,
151,0,3,0,0x0,0,0,0,0,0,0,7559,0,0,,"양손 둔기류 숙련도 +6",,,,,,,,,,,,,,,0xFF01FE,0,0,0,0,0,0,0,
152,0,3,0,0x0,0,0,0,0,0,0,7560,0,0,,"양손 둔기류 숙련도 +7",,,,,,,,,,,,,,,0xFF01FE,0,0,0,0,0,0,0,
153,0,3,0,0x0,0,0,0,0,0,0,7530,0,0,,"도끼류 숙련도 +1",,,,,,,,,,,,,,,0xFF01FE,0,0,0,0,0,0,0,
154,0,3,0,0x0,0,0,0,0,0,0,7537,0,0,,"도끼류 숙련도 +2",,,,,,,,,,,,,,,0xFF01FE,0,0,0,0,0,0,0,
155,0,3,0,0x0,0,0,0,0,0,0,7538,0,0,,"도끼류 숙련도 +3",,,,,,,,,,,,,,,0xFF01FE,0,0,0,0,0,0,0,
156,0,3,0,0x0,0,0,0,0,0,0,7539,0,0,,"도끼류 숙련도 +4",,,,,,,,,,,,,,,0xFF01FE,0,0,0,0,0,0,0,
157,0,3,0,0x0,0,0,0,0,0,0,7540,0,0,,"도끼류 숙련도 +5",,,,,,,,,,,,,,,0xFF01FE,0,0,0,0,0,0,0,
158,0,3,0,0x0,0,0,0,0,0,0,7541,0,0,,"도끼류 숙련도 +6",,,,,,,,,,,,,,,0xFF01FE,0,0,0,0,0,0,0,
159,0,3,0,0x0,0,0,0,0,0,0,7542,0,0,,"도끼류 숙련도 +7",,,,,,,,,,,,,,,0xFF01FE,0,0,0,0,0,0,0,
160,0,3,0,0x0,0,0,0,0,0,0,7549,0,0,,"양손 도끼류 숙련도 +1",,,,,,,,,,,,,,,0xFF01FE,0,0,0,0,0,0,0,
161,0,3,0,0x0,0,0,0,0,0,0,7531,0,0,,"양손 도끼류 숙련도 +2",,,,,,,,,,,,,,,0xFF01FE,0,0,0,0,0,0,0,
162,0,3,0,0x0,0,0,0,0,0,0,7550,0,0,,"양손 도끼류 숙련도 +3",,,,,,,,,,,,,,,0xFF01FE,0,0,0,0,0,0,0,
163,0,3,0,0x0,0,0,0,0,0,0,7551,0,0,,"양손 도끼류 숙련도 +4",,,,,,,,,,,,,,,0xFF01FE,0,0,0,0,0,0,0,
164,0,3,0,0x0,0,0,0,0,0,0,7552,0,0,,"양손 도끼류 숙련도 +5",,,,,,,,,,,,,,,0xFF01FE,0,0,0,0,0,0,0,
165,0,3,0,0x0,0,0,0,0,0,0,7553,0,0,,"양손 도끼류 숙련도 +6",,,,,,,,,,,,,,,0xFF01FE,0,0,0,0,0,0,0,
166,0,3,0,0x0,0,0,0,0,0,0,7554,0,0,,"양손 도끼류 숙련도 +7",,,,,,,,,,,,,,,0xFF01FE,0,0,0,0,0,0,0,
167,0,3,0,0x0,0,0,0,0,0,0,7534,0,0,,"단검류 숙련도 +1",,,,,,,,,,,,,,,0xFF01FE,0,0,0,0,0,0,0,
168,0,3,0,0x0,0,0,0,0,0,0,7573,0,0,,"단검류 숙련도 +2",,,,,,,,,,,,,,,0xFF01FE,0,0,0,0,0,0,0,
169,0,3,0,0x0,0,0,0,0,0,0,7574,0,0,,"단검류 숙련도 +3",,,,,,,,,,,,,,,0xFF01FE,0,0,0,0,0,0,0,
170,0,3,0,0x0,0,0,0,0,0,0,7575,0,0,,"단검류 숙련도 +4",,,,,,,,,,,,,,,0xFF01FE,0,0,0,0,0,0,0,
171,0,3,0,0x0,0,0,0,0,0,0,7576,0,0,,"단검류 숙련도 +5",,,,,,,,,,,,,,,0xFF01FE,0,0,0,0,0,0,0,
172,0,3,0,0x0,0,0,0,0,0,0,7577,0,0,,"단검류 숙련도 +6",,,,,,,,,,,,,,,0xFF01FE,0,0,0,0,0,0,0,
173,0,3,0,0x0,0,0,0,0,0,0,7578,0,0,,"단검류 숙련도 +7",,,,,,,,,,,,,,,0xFF01FE,0,0,0,0,0,0,0,
174,0,3,0,0x0,0,0,0,0,0,0,7536,0,0,,"총기류 숙련도 +1",,,,,,,,,,,,,,,0xFF01FE,0,0,0,0,0,0,0,
175,0,3,0,0x0,0,0,0,0,0,0,7579,0,0,,"총기류 숙련도 +2",,,,,,,,,,,,,,,0xFF01FE,0,0,0,0,0,0,0,
176,0,3,0,0x0,0,0,0,0,0,0,7580,0,0,,"총기류 숙련도 +3",,,,,,,,,,,,,,,0xFF01FE,0,0,0,0,0,0,0,
177,0,3,0,0x0,0,0,0,0,0,0,7581,0,0,,"총기류 숙련도 +4",,,,,,,,,,,,,,,0xFF01FE,0,0,0,0,0,0,0,
178,0,3,0,0x0,0,0,0,0,0,0,7582,0,0,,"총기류 숙련도 +5",,,,,,,,,,,,,,,0xFF01FE,0,0,0,0,0,0,0,
179,0,3,0,0x0,0,0,0,0,0,0,7583,0,0,,"총기류 숙련도 +6",,,,,,,,,,,,,,,0xFF01FE,0,0,0,0,0,0,0,
180,0,3,0,0x0,0,0,0,0,0,0,7584,0,0,,"총기류 숙련도 +7",,,,,,,,,,,,,,,0xFF01FE,0,0,0,0,0,0,0,
181,0,3,0,0x0,0,0,0,0,0,0,7535,0,0,,"활류 숙련도 +1",,,,,,,,,,,,,,,0xFF01FE,0,0,0,0,0,0,0,
182,0,3,0,0x0,0,0,0,0,0,0,7567,0,0,,"활류 숙련도 +2",,,,,,,,,,,,,,,0xFF01FE,0,0,0,0,0,0,0,
183,0,3,0,0x0,0,0,0,0,0,0,7568,0,0,,"활류 숙련도 +3",,,,,,,,,,,,,,,0xFF01FE,0,0,0,0,0,0,0,
184,0,3,0,0x0,0,0,0,0,0,0,7569,0,0,,"활류 숙련도 +4",,,,,,,,,,,,,,,0xFF01FE,0,0,0,0,0,0,0,
185,0,3,0,0x0,0,0,0,0,0,0,7570,0,0,,"활류 숙련도 +5",,,,,,,,,,,,,,,0xFF01FE,0,0,0,0,0,0,0,
186,0,3,0,0x0,0,0,0,0,0,0,7571,0,0,,"활류 숙련도 +6",,,,,,,,,,,,,,,0xFF01FE,0,0,0,0,0,0,0,
187,0,3,0,0x0,0,0,0,0,0,0,7572,0,0,,"활류 숙련도 +7",,,,,,,,,,,,,,,0xFF01FE,0,0,0,0,0,0,0,
188,0,3,0,0x0,0,0,0,0,0,0,7590,0,0,,"야수 사냥 +2",,,,,,,,,,,,,,,0xFF01FE,0,0,0,0,0,0,0,
189,0,3,0,0x0,0,0,0,0,0,0,7591,0,0,,"야수 사냥 +4",,,,,,,,,,,,,,,0xFF01FE,0,0,0,0,0,0,0,
190,0,3,0,0x0,0,0,0,0,0,0,7592,0,0,,"야수 사냥 +6",,,,,,,,,,,,,,,0xFF01FE,0,0,0,0,0,0,0,
191,0,3,0,0x0,0,0,0,0,0,0,7593,0,0,,"야수 사냥 +8",,,,,,,,,,,,,,,0xFF01FE,0,0,0,0,0,0,0,
192,0,3,0,0x0,0,0,0,0,0,0,7594,0,0,,"야수 사냥 +10",,,,,,,,,,,,,,,0xFF01FE,0,0,0,0,0,0,0,
193,0,3,0,0x0,0,0,0,0,0,0,7595,0,0,,"야수 사냥 +12",,,,,,,,,,,,,,,0xFF01FE,0,0,0,0,0,0,0,
194,0,3,0,0x0,0,0,0,0,0,0,7596,0,0,,"야수 사냥 +14",,,,,,,,,,,,,,,0xFF01FE,0,0,0,0,0,0,0,
195,0,5,0,0x0,14,0,0,14,0,0,32,0,0,,"치명타 및 주문 극대화 적중도 +14",,,,,,,,,,,,,,,0xFF01FE,0,0,0,0,0,0,0,
196,0,5,0,0x0,28,0,0,28,0,0,32,0,0,,"치명타 및 주문 극대화 적중도 +28",,,,,,,,,,,,,,,0xFF01FE,0,0,0,0,0,0,0,
197,0,5,0,0x0,42,0,0,42,0,0,32,0,0,,"치명타 및 주문 극대화 적중도 +42",,,,,,,,,,,,,,,0xFF01FE,0,0,0,0,0,0,0,
198,0,5,0,0x0,56,0,0,56,0,0,32,0,0,,"치명타 및 주문 극대화 적중도 +56",,,,,,,,,,,,,,,0xFF01FE,0,0,0,0,0,0,0,
199,0,3,0,0x0,0,0,0,0,0,0,7601,0,0,,"공격받을 시 10% 확률: 어둠의 화살 (피해 10)",,,,,,,,,,,,,,,0xFF01FE,0,0,0,0,0,0,0,
200,0,3,0,0x0,0,0,0,0,0,0,7614,0,0,,"공격받을 시 10% 확률: 어둠의 화살 (피해 20)",,,,,,,,,,,,,,,0xFF01FE,0,0,0,0,0,0,0,
201,0,3,0,0x0,0,0,0,0,0,0,7615,0,0,,"공격받을 시 10% 확률: 어둠의 화살 (피해 30)",,,,,,,,,,,,,,,0xFF01FE,0,0,0,0,0,0,0,
202,0,3,0,0x0,0,0,0,0,0,0,7616,0,0,,"공격받을 시 10% 확률: 어둠의 화살 (피해 40)",,,,,,,,,,,,,,,0xFF01FE,0,0,0,0,0,0,0,
203,0,3,0,0x0,0,0,0,0,0,0,7617,0,0,,"공격받을 시 10% 확률: 어둠의 화살 (피해 50)",,,,,,,,,,,,,,,0xFF01FE,0,0,0,0,0,0,0,
204,0,3,0,0x0,0,0,0,0,0,0,7618,0,0,,"공격받을 시 10% 확률: 어둠의 화살 (피해 60)",,,,,,,,,,,,,,,0xFF01FE,0,0,0,0,0,0,0,
205,0,3,0,0x0,0,0,0,0,0,0,7619,0,0,,"공격받을 시 10% 확률: 어둠의 화살 (피해 70)",,,,,,,,,,,,,,,0xFF01FE,0,0,0,0,0,0,0,
206,0,5,0,0x0,1,0,0,1,0,0,45,0,0,,"주문력 +1",,,,,,,,,,,,,,,0xFF01FE,0,0,0,0,0,0,0,
207,0,5,0,0x0,2,0,0,2,0,0,45,0,0,,"주문력 +2",,,,,,,,,,,,,,,0xFF01FE,0,0,0,0,0,0,0,
208,0,5,0,0x0,4,0,0,4,0,0,45,0,0,,"주문력 +4",,,,,,,,,,,,,,,0xFF01FE,0,0,0,0,0,0,0,
209,0,5,0,0x0,5,0,0,5,0,0,45,0,0,,"주문력 +5",,,,,,,,,,,,,,,0xFF01FE,0,0,0,0,0,0,0,
210,0,3,0,0x0,0,0,0,0,0,0,9396,0,0,,"주문력 +6",,,,,,,,,,,,,,,0xFF01FE,0,0,0,0,0,0,0,
211,0,5,0,0x0,7,0,0,7,0,0,45,0,0,,"주문력 +7",,,,,,,,,,,,,,,0xFF01FE,0,0,0,0,0,0,0,
212,0,5,0,0x0,8,0,0,8,0,0,45,0,0,,"주문력 +8",,,,,,,,,,,,,,,0xFF01FE,0,0,0,0,0,0,0,
213,0,3,0,0x0,0,0,0,0,0,0,7683,0,0,,"화염 주문 공격력 +1",,,,,,,,,,,,,,,0xFF01FE,0,0,0,0,0,0,0,
214,0,3,0,0x0,0,0,0,0,0,0,7684,0,0,,"화염 주문 공격력 +3",,,,,,,,,,,,,,,0xFF01FE,0,0,0,0,0,0,0,
215,0,3,0,0x0,0,0,0,0,0,0,7685,0,0,,"화염 주문 공격력 +4",,,,,,,,,,,,,,,0xFF01FE,0,0,0,0,0,0,0,
216,0,3,0,0x0,0,0,0,0,0,0,7686,0,0,,"화염 주문 공격력 +6",,,,,,,,,,,,,,,0xFF01FE,0,0,0,0,0,0,0,
217,0,3,0,0x0,0,0,0,0,0,0,7687,0,0,,"화염 주문 공격력 +7",,,,,,,,,,,,,,,0xFF01FE,0,0,0,0,0,0,0,
218,0,3,0,0x0,0,0,0,0,0,0,7688,0,0,,"화염 주문 공격력 +9",,,,,,,,,,,,,,,0xFF01FE,0,0,0,0,0,0,0,
219,0,3,0,0x0,0,0,0,0,0,0,7689,0,0,,"화염 주문 공격력 +10",,,,,,,,,,,,,,,0xFF01FE,0,0,0,0,0,0,0,
220,0,3,0,0x0,0,0,0,0,0,0,7690,0,0,,"자연 주문 공격력 +1",,,,,,,,,,,,,,,0xFF01FE,0,0,0,0,0,0,0,
221,0,3,0,0x0,0,0,0,0,0,0,7691,0,0,,"자연 주문 공격력 +3",,,,,,,,,,,,,,,0xFF01FE,0,0,0,0,0,0,0,
222,0,3,0,0x0,0,0,0,0,0,0,7692,0,0,,"자연 주문 공격력 +4",,,,,,,,,,,,,,,0xFF01FE,0,0,0,0,0,0,0,
223,0,3,0,0x0,0,0,0,0,0,0,7693,0,0,,"자연 주문 공격력 +6",,,,,,,,,,,,,,,0xFF01FE,0,0,0,0,0,0,0,
224,0,3,0,0x0,0,0,0,0,0,0,7694,0,0,,"자연 주문 공격력 +7",,,,,,,,,,,,,,,0xFF01FE,0,0,0,0,0,0,0,
225,0,3,0,0x0,0,0,0,0,0,0,7695,0,0,,"자연 주문 공격력 +9",,,,,,,,,,,,,,,0xFF01FE,0,0,0,0,0,0,0,
226,0,3,0,0x0,0,0,0,0,0,0,7696,0,0,,"자연 주문 공격력 +10",,,,,,,,,,,,,,,0xFF01FE,0,0,0,0,0,0,0,
227,0,3,0,0x0,0,0,0,0,0,0,7697,0,0,,"냉기 주문 공격력 +1",,,,,,,,,,,,,,,0xFF01FE,0,0,0,0,0,0,0,
228,0,3,0,0x0,0,0,0,0,0,0,7698,0,0,,"냉기 주문 공격력 +3",,,,,,,,,,,,,,,0xFF01FE,0,0,0,0,0,0,0,
229,0,3,0,0x0,0,0,0,0,0,0,7699,0,0,,"냉기 주문 공격력 +4",,,,,,,,,,,,,,,0xFF01FE,0,0,0,0,0,0,0,
230,0,3,0,0x0,0,0,0,0,0,0,7700,0,0,,"냉기 주문 공격력 +6",,,,,,,,,,,,,,,0xFF01FE,0,0,0,0,0,0,0,
231,0,3,0,0x0,0,0,0,0,0,0,7701,0,0,,"냉기 주문 공격력 +7",,,,,,,,,,,,,,,0xFF01FE,0,0,0,0,0,0,0,
232,0,3,0,0x0,0,0,0,0,0,0,7702,0,0,,"냉기 주문 공격력 +9",,,,,,,,,,,,,,,0xFF01FE,0,0,0,0,0,0,0,
233,0,3,0,0x0,0,0,0,0,0,0,7703,0,0,,"냉기 주문 공격력 +10",,,,,,,,,,,,,,,0xFF01FE,0,0,0,0,0,0,0,
234,0,3,0,0x0,0,0,0,0,0,0,7704,0,0,,"암흑 주문 공격력 +1",,,,,,,,,,,,,,,0xFF01FE,0,0,0,0,0,0,0,
235,0,3,0,0x0,0,0,0,0,0,0,7705,0,0,,"암흑 주문 공격력 +3",,,,,,,,,,,,,,,0xFF01FE,0,0,0,0,0,0,0,
236,0,3,0,0x0,0,0,0,0,0,0,7706,0,0,,"암흑 주문 공격력 +4",,,,,,,,,,,,,,,0xFF01FE,0,0,0,0,0,0,0,
237,0,3,0,0x0,0,0,0,0,0,0,7707,0,0,,"암흑 주문 공격력 +6",,,,,,,,,,,,,,,0xFF01FE,0,0,0,0,0,0,0,
238,0,3,0,0x0,0,0,0,0,0,0,7708,0,0,,"암흑 주문 공격력 +7",,,,,,,,,,,,,,,0xFF01FE,0,0,0,0,0,0,0,
239,0,3,0,0x0,0,0,0,0,0,0,7710,0,0,,"암흑 주문 공격력 +9",,,,,,,,,,,,,,,0xFF01FE,0,0,0,0,0,0,0,
240,0,3,0,0x0,0,0,0,0,0,0,7709,0,0,,"암흑 주문 공격력 +10",,,,,,,,,,,,,,,0xFF01FE,0,0,0,0,0,0,0,
241,0,2,0,0x0,2,0,0,2,0,0,0,0,0,,"무기 공격력 +2",,,,,,,,,,,,,,,0xFF01FE,0,0,0,0,0,0,0,
242,0,5,0,0x0,15,0,0,15,0,0,1,0,0,,"생명력 +15",,,,,,,,,,,,,,,0xFF01FE,0,0,0,0,0,0,0,
243,0,5,0,0x0,1,0,0,1,0,0,6,0,0,,"정신력 +1",,,,,,,,,,,,,,,0xFF01FE,0,0,0,0,0,0,0,
244,0,5,0,0x0,4,0,0,4,0,0,5,0,0,,"지능 +4",,,,,,,,,,,,,,,0xFF01FE,0,0,0,0,0,0,0,
245,0,4,0,0x0,5,0,0,5,0,0,0,0,0,,"방어도 +5",,,,,,,,,,,,,,,0xFF01FE,0,0,0,0,0,0,0,
246,0,5,0,0x0,20,0,0,20,0,0,0,0,0,,"마나 +20",,,,,,,,,,,,,,,0xFF01FE,0,0,0,0,0,0,0,
247,0,5,0,0x0,1,0,0,1,0,0,3,0,0,,"민첩성 +1",,,,,,,,,,,,,,,0xFF01FE,0,0,0,0,0,0,0,
248,0,5,0,0x0,1,0,0,1,0,0,4,0,0,,"힘 +1",,,,,,,,,,,,,,,0xFF01FE,0,0,0,0,0,0,0,
249,0,3,0,0x0,0,0,0,0,0,0,7784,0,0,,"야수 사냥 +2",,,,,,,,,,,,,,,0xFF01FE,31,0,0,0,0,0,0,
250,0,2,0,0x0,1,0,0,1,0,0,0,0,0,,"무기 공격력 +1",,,,,,,,,,,,,,,0xFF01FE,0,0,0,0,0,0,0,
251,0,5,0,0x0,1,0,0,1,0,0,5,0,0,,"지능 +1",,,,,,,,,,,,,,,0xFF01FE,0,0,0,0,0,0,0,
252,0,5,0,0x0,6,0,0,6,0,0,6,0,0,,"정신력 +6",,,,,,,,,,,,,,,0xFF01FE,0,0,0,0,0,0,0,
253,0,3,0,0x0,0,0,0,0,0,0,7849,0,0,,"피해 흡수 (50)",,,,,,,,,,,,,,,0xFF01FE,0,0,0,0,0,0,0,
254,0,5,0,0x0,25,0,0,25,0,0,1,0,0,,"생명력 +25",,,,,,,,,,,,,,,0xFF01FE,0,0,0,0,0,0,0,
255,0,5,0,0x0,3,0,0,3,0,0,6,0,0,,"정신력 +3",,,,,,,,,,,,,,,0xFF01FE,0,0,0,0,0,0,0,
256,0,4,0,0x0,5,0,0,5,0,0,2,0,0,,"화염 저항력 +5",,,,,,,,,,,,,,,0xFF01FE,0,0,0,0,0,0,0,
257,0,4,0,0x0,10,0,0,10,0,0,0,0,0,,"방어도 +10",,,,,,,,,,,,,,,0xFF01FE,0,0,0,0,0,0,0,
263,0,3,0,0x0,0,0,0,0,0,0,8082,0,0,,"미끼 (낚시 숙련도 +25)",,,,,,,,,,,,,,,0xFF01FE,0,0,0,0,0,0,0,
264,0,3,0,0x0,0,0,0,0,0,0,8083,0,0,,"미끼 (낚시 숙련도 +50)",,,,,,,,,,,,,,,0xFF01FE,0,0,0,0,0,0,0,
265,0,3,0,0x0,0,0,0,0,0,0,8084,0,0,,"미끼 (낚시 숙련도 +75)",,,,,,,,,,,,,,,0xFF01FE,0,0,0,0,0,0,0,
266,0,3,0,0x0,0,0,0,0,0,0,8085,0,0,,"미끼 (낚시 숙련도 +100)",,,,,,,,,,,,,,,0xFF01FE,0,0,0,0,0,0,0,
283,0,3,0,0x0,20,0,0,20,0,0,33757,0,0,,"질풍의 무기 1",,,,,,,,,,,,,,,0xFF01FE,81,9,0,0,0,0,0,
284,0,3,0,0x0,20,0,0,20,0,0,33757,0,0,,"질풍의 무기 2",,,,,,,,,,,,,,,0xFF01FE,81,9,0,0,0,0,0,
285,0,1,0,0x0,100,0,0,100,0,0,8248,0,0,,"불꽃의 토템 2",,,,,,,,,,,,,,,0xFF01FE,32,7,0,0,0,0,0,
286,0,3,0,0x0,0,0,0,0,0,0,7711,0,0,,"무기 화염 피해 +2",,,,,,,,,,,,,,,0xFF01FE,0,0,0,0,0,0,0,
287,0,3,0,0x0,0,0,0,0,0,0,7721,0,0,,"무기 화염 피해 +4",,,,,,,,,,,,,,,0xFF01FE,0,0,0,0,0,0,0,
288,0,3,0,0x0,0,0,0,0,0,0,7722,0,0,,"무기 화염 피해 +6",,,,,,,,,,,,,,,0xFF01FE,0,0,0,0,0,0,0,
289,0,3,0,0x0,0,0,0,0,0,0,7723,0,0,,"무기 화염 피해 +8",,,,,,,,,,,,,,,0xFF01FE,0,0,0,0,0,0,0,
290,0,3,0,0x0,0,0,0,0,0,0,7724,0,0,,"무기 화염 피해 +10",,,,,,,,,,,,,,,0xFF01FE,0,0,0,0,0,0,0,
291,0,3,0,0x0,0,0,0,0,0,0,7725,0,0,,"무기 화염 피해 +12",,,,,,,,,,,,,,,0xFF01FE,0,0,0,0,0,0,0,
292,0,3,0,0x0,0,0,0,0,0,0,7726,0,0,,"무기 화염 피해 +14",,,,,,,,,,,,,,,0xFF01FE,0,0,0,0,0,0,0,
303,0,0,0,0x0,0,0,0,0,0,0,0,0,0,,"불의 보주",,,,,,,,,,,,,,,0xFF01FE,32,3,0,0,0,0,0,
323,0,1,0,0x0,100,0,0,100,0,0,8680,0,0,,"순간 효과 독",,,,,,,,,,,,,,,0xFF01FE,26,9,0,0,0,0,0,
324,0,1,0,0x0,100,0,0,100,0,0,8685,0,0,,"순간 효과 독 II",,,,,,,,,,,,,,,0xFF01FE,26,9,0,0,0,0,0,
325,0,1,0,0x0,100,0,0,100,0,0,8689,0,0,,"순간 효과 독 III",,,,,,,,,,,,,,,0xFF01FE,26,9,0,0,0,0,0,
343,0,5,0,0x0,8,0,0,8,0,0,3,0,0,,"민첩성 +8",,,,,,,,,,,,,,,0xFF01FE,0,0,0,0,0,0,0,
344,0,4,0,0x0,32,0,0,32,0,0,0,0,0,,"방어도 +32",,,,,,,,,,,,,,,0xFF01FE,0,0,0,0,0,0,0,
345,0,4,0,0x0,40,0,0,40,0,0,0,0,0,,"방어도 +40",,,,,,,,,,,,,,,0xFF01FE,0,0,0,0,0,0,0,
346,0,4,0,0x0,36,0,0,36,0,0,0,0,0,,"방어도 +36",,,,,,,,,,,,,,,0xFF01FE,0,0,0,0,0,0,0,
347,0,4,0,0x0,44,0,0,44,0,0,0,0,0,,"방어도 +44",,,,,,,,,,,,,,,0xFF01FE,0,0,0,0,0,0,0,
348,0,4,0,0x0,48,0,0,48,0,0,0,0,0,,"방어도 +48",,,,,,,,,,,,,,,0xFF01FE,0,0,0,0,0,0,0,
349,0,5,0,0x0,9,0,0,9,0,0,3,0,0,,"민첩성 +9",,,,,,,,,,,,,,,0xFF01FE,0,0,0,0,0,0,0,
350,0,5,0,0x0,8,0,0,8,0,0,5,0,0,,"지능 +8",,,,,,,,,,,,,,,0xFF01FE,0,0,0,0,0,0,0,
351,0,5,0,0x0,8,0,0,8,0,0,6,0,0,,"정신력 +8",,,,,,,,,,,,,,,0xFF01FE,0,0,0,0,0,0,0,
352,0,5,0,0x0,8,0,0,8,0,0,4,0,0,,"힘 +8",,,,,,,,,,,,,,,0xFF01FE,0,0,0,0,0,0,0,
353,0,5,0,0x0,8,0,0,8,0,0,7,0,0,,"체력 +8",,,,,,,,,,,,,,,0xFF01FE,0,0,0,0,0,0,0,
354,0,5,0,0x0,9,0,0,9,0,0,5,0,0,,"지능 +9",,,,,,,,,,,,,,,0xFF01FE,0,0,0,0,0,0,0,
355,0,5,0,0x0,9,0,0,9,0,0,6,0,0,,"정신력 +9",,,,,,,,,,,,,,,0xFF01FE,0,0,0,0,0,0,0,
356,0,5,0,0x0,9,0,0,9,0,0,7,0,0,,"체력 +9",,,,,,,,,,,,,,,0xFF01FE,0,0,0,0,0,0,0,
357,0,5,0,0x0,9,0,0,9,0,0,4,0,0,,"힘 +9",,,,,,,,,,,,,,,0xFF01FE,0,0,0,0,0,0,0,
358,0,5,0,0x0,10,0,0,10,0,0,3,0,0,,"민첩성 +10",,,,,,,,,,,,,,,0xFF01FE,0,0,0,0,0,0,0,
359,0,5,0,0x0,10,0,0,10,0,0,5,0,0,,"지능 +10",,,,,,,,,,,,,,,0xFF01FE,0,0,0,0,0,0,0,
360,0,5,0,0x0,10,0,0,10,0,0,6,0,0,,"정신력 +10",,,,,,,,,,,,,,,0xFF01FE,0,0,0,0,0,0,0,
361,0,5,0,0x0,10,0,0,10,0,0,7,0,0,,"체력 +10",,,,,,,,,,,,,,,0xFF01FE,0,0,0,0,0,0,0,
362,0,5,0,0x0,10,0,0,10,0,0,4,0,0,,"힘 +10",,,,,,,,,,,,,,,0xFF01FE,0,0,0,0,0,0,0,
363,0,5,0,0x0,11,0,0,11,0,0,3,0,0,,"민첩성 +11",,,,,,,,,,,,,,,0xFF01FE,0,0,0,0,0,0,0,
364,0,5,0,0x0,11,0,0,11,0,0,5,0,0,,"지능 +11",,,,,,,,,,,,,,,0xFF01FE,0,0,0,0,0,0,0,
365,0,5,0,0x0,11,0,0,11,0,0,6,0,0,,"정신력 +11",,,,,,,,,,,,,,,0xFF01FE,0,0,0,0,0,0,0,
366,0,5,0,0x0,11,0,0,11,0,0,7,0,0,,"체력 +11",,,,,,,,,,,,,,,0xFF01FE,0,0,0,0,0,0,0,
367,0,5,0,0x0,11,0,0,11,0,0,4,0,0,,"힘 +11",,,,,,,,,,,,,,,0xFF01FE,0,0,0,0,0,0,0,
368,0,5,0,0x0,12,0,0,12,0,0,3,0,0,,"민첩성 +12",,,,,,,,,,,,,,,0xFF01FE,0,0,0,0,0,0,0,
369,0,5,0,0x0,12,0,0,12,0,0,5,0,0,,"지능 +12",,,,,,,,,,,,,,,0xFF01FE,0,0,0,0,0,0,0,
370,0,5,0,0x0,12,0,0,12,0,0,6,0,0,,"정신력 +12",,,,,,,,,,,,,,,0xFF01FE,0,0,0,0,0,0,0,
371,0,5,0,0x0,12,0,0,12,0,0,7,0,0,,"체력 +12",,,,,,,,,,,,,,,0xFF01FE,0,0,0,0,0,0,0,
372,0,5,0,0x0,12,0,0,12,0,0,4,0,0,,"힘 +12",,,,,,,,,,,,,,,0xFF01FE,0,0,0,0,0,0,0,
383,0,4,0,0x0,52,0,0,52,0,0,0,0,0,,"방어도 +52",,,,,,,,,,,,,,,0xFF01FE,0,0,0,0,0,0,0,
384,0,4,0,0x0,56,0,0,56,0,0,0,0,0,,"방어도 +56",,,,,,,,,,,,,,,0xFF01FE,0,0,0,0,0,0,0,
385,0,4,0,0x0,60,0,0,60,0,0,0,0,0,,"방어도 +60",,,,,,,,,,,,,,,0xFF01FE,0,0,0,0,0,0,0,
386,0,4,0,0x0,16,0,0,16,0,0,0,0,0,,"방어도 +16",,,,,,,,,,,,,,,0xFF01FE,0,0,0,0,0,0,0,
387,0,4,0,0x0,17,0,0,17,0,0,0,0,0,,"방어도 +17",,,,,,,,,,,,,,,0xFF01FE,0,0,0,0,0,0,0,
388,0,4,0,0x0,18,0,0,18,0,0,0,0,0,,"방어도 +18",,,,,,,,,,,,,,,0xFF01FE,0,0,0,0,0,0,0,
389,0,4,0,0x0,19,0,0,19,0,0,0,0,0,,"방어도 +19",,,,,,,,,,,,,,,0xFF01FE,0,0,0,0,0,0,0,
403,0,5,0,0x0,13,0,0,13,0,0,3,0,0,,"민첩성 +13",,,,,,,,,,,,,,,0xFF01FE,0,0,0,0,0,0,0,
404,0,5,0,0x0,14,0,0,14,0,0,3,0,0,,"민첩성 +14",,,,,,,,,,,,,,,0xFF01FE,0,0,0,0,0,0,0,
405,0,5,0,0x0,13,0,0,13,0,0,5,0,0,,"지능 +13",,,,,,,,,,,,,,,0xFF01FE,0,0,0,0,0,0,0,
406,0,5,0,0x0,14,0,0,14,0,0,5,0,0,,"지능 +14",,,,,,,,,,,,,,,0xFF01FE,0,0,0,0,0,0,0,
407,0,5,0,0x0,13,0,0,13,0,0,6,0,0,,"정신력 +13",,,,,,,,,,,,,,,0xFF01FE,0,0,0,0,0,0,0,
408,0,5,0,0x0,14,0,0,14,0,0,6,0,0,,"정신력 +14",,,,,,,,,,,,,,,0xFF01FE,0,0,0,0,0,0,0,
409,0,5,0,0x0,13,0,0,13,0,0,7,0,0,,"체력 +13",,,,,,,,,,,,,,,0xFF01FE,0,0,0,0,0,0,0,
410,0,5,0,0x0,13,0,0,13,0,0,4,0,0,,"힘 +13",,,,,,,,,,,,,,,0xFF01FE,0,0,0,0,0,0,0,
411,0,5,0,0x0,14,0,0,14,0,0,7,0,0,,"체력 +14",,,,,,,,,,,,,,,0xFF01FE,0,0,0,0,0,0,0,
412,0,5,0,0x0,14,0,0,14,0,0,4,0,0,,"힘 +14",,,,,,,,,,,,,,,0xFF01FE,0,0,0,0,0,0,0,
423,0,5,0,0x0,1,0,0,1,0,0,45,0,0,,"주문력 +1",,,,,,,,,,,,,,,0xFF01FE,0,0,0,0,0,0,0,
424,0,5,0,0x0,2,0,0,2,0,0,45,0,0,,"주문력 +2",,,,,,,,,,,,,,,0xFF01FE,0,0,0,0,0,0,0,
425,0,0,0,0x0,0,0,0,0,0,0,9394,0,0,,"검은 사원 허수아비",,,,,,,,,,,,,,,0xFF01FE,139,0,0,0,0,0,0,
426,0,5,0,0x0,5,0,0,5,0,0,45,0,0,,"주문력 +5",,,,,,,,,,,,,,,0xFF01FE,0,0,0,0,0,0,0,
427,0,3,0,0x0,0,0,0,0,0,0,9396,0,0,,"주문력 +6",,,,,,,,,,,,,,,0xFF01FE,0,0,0,0,0,0,0,
428,0,5,0,0x0,7,0,0,7,0,0,45,0,0,,"주문력 +7",,,,,,,,,,,,,,,0xFF01FE,0,0,0,0,0,0,0,
429,0,5,0,0x0,8,0,0,8,0,0,45,0,0,,"주문력 +8",,,,,,,,,,,,,,,0xFF01FE,0,0,0,0,0,0,0,
430,0,5,0,0x0,9,0,0,9,0,0,45,0,0,,"주문력 +9",,,,,,,,,,,,,,,0xFF01FE,0,0,0,0,0,0,0,
431,0,5,0,0x0,11,0,0,11,0,0,45,0,0,,"주문력 +11",,,,,,,,,,,,,,,0xFF01FE,0,0,0,0,0,0,0,
432,0,5,0,0x0,12,0,0,12,0,0,45,0,0,,"주문력 +12",,,,,,,,,,,,,,,0xFF01FE,0,0,0,0,0,0,0,
433,0,3,0,0x0,0,0,0,0,0,0,9399,0,0,,"화염 주문 공격력 +11",,,,,,,,,,,,,,,0xFF01FE,0,0,0,0,0,0,0,
434,0,3,0,0x0,0,0,0,0,0,0,9400,0,0,,"화염 주문 공격력 +13",,,,,,,,,,,,,,,0xFF01FE,0,0,0,0,0,0,0,
435,0,3,0,0x0,0,0,0,0,0,0,9401,0,0,,"화염 주문 공격력 +14",,,,,,,,,,,,,,,0xFF01FE,0,0,0,0,0,0,0,
436,0,5,0,0x0,70,0,0,70,0,0,32,0,0,,"치명타 및 주문 극대화 적중도 +70",,,,,,,,,,,,,,,0xFF01FE,0,0,0,0,0,0,0,
437,0,3,0,0x0,0,0,0,0,0,0,9402,0,0,,"냉기 주문 공격력 +11",,,,,,,,,,,,,,,0xFF01FE,0,0,0,0,0,0,0,
438,0,3,0,0x0,0,0,0,0,0,0,9403,0,0,,"냉기 주문 공격력 +13",,,,,,,,,,,,,,,0xFF01FE,0,0,0,0,0,0,0,
439,0,3,0,0x0,0,0,0,0,0,0,9404,0,0,,"냉기 주문 공격력 +14",,,,,,,,,,,,,,,0xFF01FE,0,0,0,0,0,0,0,
440,0,5,0,0x0,9,0,0,9,0,0,45,0,0,,"주문력 +9",,,,,,,,,,,,,,,0xFF01FE,0,0,0,0,0,0,0,
441,0,5,0,0x0,11,0,0,11,0,0,45,0,0,,"주문력 +11",,,,,,,,,,,,,,,0xFF01FE,0,0,0,0,0,0,0,
442,0,5,0,0x0,12,0,0,12,0,0,45,0,0,,"주문력 +12",,,,,,,,,,,,,,,0xFF01FE,0,0,0,0,0,0,0,
443,0,3,0,0x0,0,0,0,0,0,0,9409,0,0,,"자연 주문 공격력 +11",,,,,,,,,,,,,,,0xFF01FE,0,0,0,0,0,0,0,
444,0,3,0,0x0,0,0,0,0,0,0,9410,0,0,,"자연 주문 공격력 +13",,,,,,,,,,,,,,,0xFF01FE,0,0,0,0,0,0,0,
445,0,3,0,0x0,0,0,0,0,0,0,9411,0,0,,"자연 주문 공격력 +14",,,,,,,,,,,,,,,0xFF01FE,0,0,0,0,0,0,0,
446,0,3,0,0x0,0,0,0,0,0,0,9412,0,0,,"암흑 주문 공격력 +11",,,,,,,,,,,,,,,0xFF01FE,0,0,0,0,0,0,0,
447,0,3,0,0x0,0,0,0,0,0,0,9413,0,0,,"암흑 주문 공격력 +13",,,,,,,,,,,,,,,0xFF01FE,0,0,0,0,0,0,0,
448,0,3,0,0x0,0,0,0,0,0,0,9414,0,0,,"암흑 주문 공격력 +14",,,,,,,,,,,,,,,0xFF01FE,0,0,0,0,0,0,0,
463,0,3,0,0x0,0,0,0,0,0,0,9782,0,0,,"미스릴 스파이크 (16-20)",,,,,,,,,,,,,,,0xFF01FE,0,0,0,0,0,0,0,
464,0,3,0,0x0,0,0,0,0,0,0,7215,0,0,,"탈것 속도 +4%",,,,,,,,,,,,,,,0xFF01FE,0,0,0,0,0,0,0,
483,0,2,0,0x0,6,0,0,6,0,0,0,0,0,,"무기 연마 (공격력 +6)",,,,,,,,,,,,,,,0xFF01FE,0,0,0,0,0,0,0,
484,0,2,0,0x0,6,0,0,6,0,0,0,0,0,,"무게 증강 (공격력 +6)",,,,,,,,,,,,,,,0xFF01FE,0,0,0,0,0,0,0,
503,0,6,0,0x0,10,0,0,10,0,0,0,0,0,,"대지의 무기 4",,,,,,,,,,,,,,,0xFF01FE,61,9,0,0,0,0,0,
504,0,2,0,0x0,80,0,0,80,0,0,0,0,0,,"대지의 무기 +80",,,,,,,,,,,,,,,0xFF01FE,61,9,0,0,0,0,0,
523,0,3,0,0x0,100,0,0,100,0,0,15569,0,0,,"불꽃의 무기 4",,,,,,,,,,,,,,,0xFF01FE,32,9,0,0,0,0,0,
524,0,1,0,0x0,0,0,0,0,0,0,10458,0,0,,"냉기의 무기 3",,,,,,,,,,,,,,,0xFF01FE,33,9,0,0,0,0,0,
525,0,3,0,0x0,20,0,0,20,0,0,33757,0,0,,"질풍의 무기 3",,,,,,,,,,,,,,,0xFF01FE,81,9,0,0,0,0,0,
543,0,1,0,0x0,100,0,0,100,0,0,10523,0,0,,"불꽃의 토템 3",,,,,,,,,,,,,,,0xFF01FE,32,7,0,0,0,0,0,
563,0,1,0,0x0,20,0,0,20,0,0,10608,0,0,,"질풍의 토템 2",,,,,,,,,,,,,,,0xFF01FE,81,7,0,0,0,0,0,
564,0,1,0,0x0,20,0,0,20,0,0,10610,0,0,,"질풍의 토템 3",,,,,,,,,,,,,,,0xFF01FE,81,7,0,0,0,0,0,
583,0,5,5,0x0,1,1,0,1,1,0,3,6,0,,"민첩성 +1 / 정신력 +1",,,,,,,,,,,,,,,0xFF01FE,0,0,0,0,0,0,0,
584,0,5,5,0x0,1,1,0,1,1,0,3,5,0,,"민첩성 +1 / 지능 +1",,,,,,,,,,,,,,,0xFF01FE,0,0,0,0,0,0,0,
585,0,5,5,0x0,1,1,0,1,1,0,3,7,0,,"민첩성 +1 / 체력 +1",,,,,,,,,,,,,,,0xFF01FE,0,0,0,0,0,0,0,
586,0,5,5,0x0,1,1,0,1,1,0,3,4,0,,"민첩성 +1 / 힘 +1",,,,,,,,,,,,,,,0xFF01FE,0,0,0,0,0,0,0,
587,0,5,5,0x0,1,1,0,1,1,0,5,6,0,,"지능 +1 / 정신력 +1",,,,,,,,,,,,,,,0xFF01FE,0,0,0,0,0,0,0,
588,0,5,5,0x0,1,1,0,1,1,0,5,7,0,,"지능 +1 / 체력 +1",,,,,,,,,,,,,,,0xFF01FE,0,0,0,0,0,0,0,
589,0,5,5,0x0,1,1,0,1,1,0,5,4,0,,"지능 +1 / 힘 +1",,,,,,,,,,,,,,,0xFF01FE,0,0,0,0,0,0,0,
590,0,5,5,0x0,1,1,0,1,1,0,6,7,0,,"정신력 +1 / 체력 +1",,,,,,,,,,,,,,,0xFF01FE,0,0,0,0,0,0,0,
591,0,5,5,0x0,1,1,0,1,1,0,6,4,0,,"정신력 +1 / 힘 +1",,,,,,,,,,,,,,,0xFF01FE,0,0,0,0,0,0,0,
592,0,5,5,0x0,1,1,0,1,1,0,7,4,0,,"체력 +1 / 힘 +1",,,,,,,,,,,,,,,0xFF01FE,0,0,0,0,0,0,0,
603,0,1,0,0x0,30,0,0,30,0,0,11201,0,0,,"신경 마비 독 II",,,,,,,,,,,,,,,0xFF01FE,26,9,0,0,0,0,0,
623,0,1,0,0x0,100,0,0,100,0,0,11335,0,0,,"순간 효과 독 IV",,,,,,,,,,,,,,,0xFF01FE,26,9,0,0,0,0,0,
624,0,1,0,0x0,100,0,0,100,0,0,11336,0,0,,"순간 효과 독 V",,,,,,,,,,,,,,,0xFF01FE,26,9,0,0,0,0,0,
625,0,1,0,0x0,100,0,0,100,0,0,11337,0,0,,"순간 효과 독 VI",,,,,,,,,,,,,,,0xFF01FE,26,9,0,0,0,0,0,
626,0,1,0,0x0,30,0,0,30,0,0,11353,0,0,,"맹독 III",,,,,,,,,,,,,,,0xFF01FE,26,9,0,0,0,0,0,
627,0,1,0,0x0,30,0,0,30,0,0,11354,0,0,,"맹독 IV",,,,,,,,,,,,,,,0xFF01FE,26,9,0,0,0,0,0,
643,0,1,0,0x0,20,0,0,20,0,0,11398,0,0,,"정신 마비 독 III",,,,,,,,,,,,,,,0xFF01FE,26,9,0,0,0,0,0,
663,0,2,0,0x0,5,0,0,5,0,0,0,0,0,,"조준경 (공격력 +5)",,,,,,,,,,,,,,,0xFF01FE,0,1,0,0,0,0,30,
664,0,2,0,0x0,7,0,0,7,0,0,0,0,0,,"조준경 (공격력 +7)",,,,,,,,,,,,,,,0xFF01FE,0,1,0,0,0,0,40,
683,0,6,0,0x0,30,0,0,30,0,0,0,0,0,,"대지의 무기 6",,,,,,,,,,,,,,,0xFF01FE,61,9,0,0,0,0,0,
684,0,5,0,0x0,15,0,0,15,0,0,4,0,0,,"힘 +15",,,,,,,,,,,,,,,0xFF01FE,0,0,0,0,0,0,0,
703,0,1,0,0x0,100,0,0,100,0,0,13218,0,0,,"상처 감염 독",,,,,,,,,,,,,,,0xFF01FE,26,9,0,0,0,0,0,
704,0,1,0,0x0,100,0,0,100,0,0,13222,0,0,,"상처 감염 독 II",,,,,,,,,,,,,,,0xFF01FE,26,9,0,0,0,0,0,
705,0,1,0,0x0,100,0,0,100,0,0,13223,0,0,,"상처 감염 독 III",,,,,,,,,,,,,,,0xFF01FE,26,9,0,0,0,0,0,
706,0,1,0,0x0,100,0,0,100,0,0,13224,0,0,,"상처 감염 독 IV",,,,,,,,,,,,,,,0xFF01FE,26,9,0,0,0,0,0,
723,0,5,0,0x0,3,0,0,3,0,0,5,0,0,,"지능 +3",,,,,,,,,,,,,,,0xFF01FE,0,0,0,0,0,0,0,
724,0,5,0,0x0,3,0,0,3,0,0,7,0,0,,"체력 +3",,,,,,,,,,,,,,,0xFF01FE,0,0,0,0,0,0,0,
743,0,3,0,0x0,0,0,0,0,0,0,13418,0,0,,"은신 +2",,,,,,,,,,,,,,,0xFF01FE,0,0,0,0,0,0,0,
744,0,4,0,0x0,20,0,0,20,0,0,0,0,0,,"방어도 +20",,,,,,,,,,,,,,,0xFF01FE,0,0,0,0,0,0,0,
763,0,5,0,0x0,5,0,0,5,0,0,15,0,0,,"방패 막기 숙련도 +5",,,,,,,,,,,,,,,0xFF01FE,0,0,0,0,0,0,0,
783,0,4,0,0x0,10,0,0,10,0,0,0,0,0,,"방어도 +10",,,,,,,,,,,,,,,0xFF01FE,0,0,0,0,0,0,0,
803,0,1,0,0x0,0,0,0,0,0,0,13897,0,0,,"불타는 무기",,,,,,,,,,,,,,,0xFF01FE,25,0,0,0,0,0,0,
804,0,4,0,0x0,10,0,0,10,0,0,5,0,0,,"암흑 저항력 +10",,,,,,,,,,,,,,,0xFF01FE,0,0,0,0,0,0,0,
805,0,2,0,0x0,4,0,0,4,0,0,0,0,0,,"무기 공격력 +4",,,,,,,,,,,,,,,0xFF01FE,2,0,0,0,0,0,0,
823,0,5,0,0x0,3,0,0,3,0,0,4,0,0,,"힘 +3",,,,,,,,,,,,,,,0xFF01FE,0,0,0,0,0,0,0,
843,0,5,0,0x0,30,0,0,30,0,0,0,0,0,,"마나 +30",,,,,,,,,,,,,,,0xFF01FE,0,0,0,0,0,0,0,
844,0,3,0,0x0,0,0,0,0,0,0,13611,0,0,,"채광 +2",,,,,,,,,,,,,,,0xFF01FE,0,0,0,0,0,0,0,
845,0,3,0,0x0,0,0,0,0,0,0,13614,0,0,,"약초채집 +2",,,,,,,,,,,,,,,0xFF01FE,0,0,0,0,0,0,0,
846,0,3,0,0x0,0,0,0,0,0,0,71691,0,0,,"낚시 숙련도 +5",,,,,,,,,,,,,,,0xFF01FE,0,0,0,0,0,0,0,
847,0,3,0,0x0,0,0,0,0,0,0,13624,0,0,,"모든 능력치 +1",,,,,,,,,,,,,,,0xFF01FE,0,0,0,0,0,0,0,
848,0,4,0,0x0,30,0,0,30,0,0,0,0,0,,"방어도 +30",,,,,,,,,,,,,,,0xFF01FE,0,0,0,0,0,0,0,
849,0,5,0,0x0,3,0,0,3,0,0,3,0,0,,"민첩성 +3",,,,,,,,,,,,,,,0xFF01FE,0,0,0,0,0,0,0,
850,0,5,0,0x0,35,0,0,35,0,0,1,0,0,,"생명력 +35",,,,,,,,,,,,,,,0xFF01FE,0,0,0,0,0,0,0,
851,0,5,0,0x0,5,0,0,5,0,0,6,0,0,,"정신력 +5",,,,,,,,,,,,,,,0xFF01FE,0,0,0,0,0,0,0,
852,0,5,0,0x0,5,0,0,5,0,0,7,0,0,,"체력 +5",,,,,,,,,,,,,,,0xFF01FE,0,0,0,0,0,0,0,
853,0,3,0,0x0,0,0,0,0,0,0,13650,0,0,,"야수 사냥 +6",,,,,,,,,,,,,,,0xFF01FE,31,0,0,0,0,0,0,
854,0,3,0,0x0,0,0,0,0,0,0,13651,0,0,,"정령 사냥 +6",,,,,,,,,,,,,,,0xFF01FE,31,0,0,0,0,0,0,
855,0,4,0,0x0,5,0,0,5,0,0,2,0,0,,"화염 저항력 +5",,,,,,,,,,,,,,,0xFF01FE,0,0,0,0,0,0,0,
856,0,5,0,0x0,5,0,0,5,0,0,4,0,0,,"힘 +5",,,,,,,,,,,,,,,0xFF01FE,0,0,0,0,0,0,0,
857,0,5,0,0x0,50,0,0,50,0,0,0,0,0,,"마나 +50",,,,,,,,,,,,,,,0xFF01FE,0,0,0,0,0,0,0,
863,0,5,0,0x0,10,0,0,10,0,0,15,0,0,,"방패 막기 숙련도 +10",,,,,,,,,,,,,,,0xFF01FE,0,0,0,0,0,0,0,
864,0,2,0,0x0,4,0,0,4,0,0,0,0,0,,"무기 공격력 +4",,,,,,,,,,,,,,,0xFF01FE,2,0,0,0,0,0,0,
865,0,3,0,0x0,0,0,0,0,0,0,13697,0,0,,"무두질 +5",,,,,,,,,,,,,,,0xFF01FE,0,0,0,0,0,0,0,
866,0,3,0,0x0,0,0,0,0,0,0,13625,0,0,,"모든 능력치 +2",,,,,,,,,,,,,,,0xFF01FE,0,0,0,0,0,0,0,
883,0,5,0,0x0,15,0,0,15,0,0,3,0,0,,"민첩성 +15",,,,,,,,,,,,,,,0xFF01FE,0,0,0,0,0,0,0,
884,0,4,0,0x0,50,0,0,50,0,0,0,0,0,,"방어도 +50",,,,,,,,,,,,,,,0xFF01FE,0,0,0,0,0,0,0,
903,0,3,0,0x0,0,0,0,0,0,0,13796,0,0,,"모든 저항력 +3",,,,,,,,,,,,,,,0xFF01FE,0,0,0,0,0,0,0,
904,0,5,0,0x0,5,0,0,5,0,0,3,0,0,,"민첩성 +5",,,,,,,,,,,,,,,0xFF01FE,0,0,0,0,0,0,0,
905,0,5,0,0x0,5,0,0,5,0,0,5,0,0,,"지능 +5",,,,,,,,,,,,,,,0xFF01FE,0,0,0,0,0,0,0,
906,0,3,0,0x0,0,0,0,0,0,0,13838,0,0,,"채광 +5",,,,,,,,,,,,,,,0xFF01FE,0,0,0,0,0,0,0,
907,0,5,0,0x0,7,0,0,7,0,0,6,0,0,,"정신력 +7",,,,,,,,,,,,,,,0xFF01FE,0,0,0,0,0,0,0,
908,0,5,0,0x0,50,0,0,50,0,0,1,0,0,,"생명력 +50",,,,,,,,,,,,,,,0xFF01FE,0,0,0,0,0,0,0,
909,0,3,0,0x0,0,0,0,0,0,0,13839,0,0,,"약초채집 +5",,,,,,,,,,,,,,,0xFF01FE,0,0,0,0,0,0,0,
910,0,3,0,0x0,0,0,0,0,0,0,13840,0,0,,"향상된 은신",,,,,,,,,,,,,,,0xFF01FE,0,0,0,0,0,0,0,
911,0,3,0,0x0,0,0,0,0,0,0,13889,0,0,,"최하급 속도 증가",,,,,,,,,,,,,,,0xFF01FE,0,0,0,0,0,0,0,
912,0,1,0,0x0,0,0,0,0,0,0,13907,0,0,,"악마 사냥 전문화",,,,,,,,,,,,,,,0xFF01FE,25,0,0,0,0,0,0,
913,0,5,0,0x0,65,0,0,65,0,0,0,0,0,,"마나 +65",,,,,,,,,,,,,,,0xFF01FE,0,0,0,0,0,0,0,
923,0,5,0,0x0,5,0,0,5,0,0,12,0,0,,"방어 숙련도 +5",,,,,,,,,,,,,,,0xFF01FE,0,0,0,0,0,0,0,
924,0,5,0,0x0,2,0,0,2,0,0,12,0,0,,"방어 숙련도 +2",,,,,,,,,,,,,,,0xFF01FE,0,0,0,0,0,0,0,
925,0,5,0,0x0,3,0,0,3,0,0,12,0,0,,"방어 숙련도 +3",,,,,,,,,,,,,,,0xFF01FE,0,0,0,0,0,0,0,
926,0,4,0,0x0,8,0,0,8,0,0,4,0,0,,"냉기 저항력 +8",,,,,,,,,,,,,,,0xFF01FE,0,0,0,0,0,0,0,
927,0,5,0,0x0,7,0,0,7,0,0,4,0,0,,"힘 +7",,,,,,,,,,,,,,,0xFF01FE,0,0,0,0,0,0,0,
928,0,3,0,0x0,0,0,0,0,0,0,13824,0,0,,"모든 능력치 +3",,,,,,,,,,,,,,,0xFF01FE,0,0,0,0,0,0,0,
929,0,5,0,0x0,7,0,0,7,0,0,7,0,0,,"체력 +7",,,,,,,,,,,,,,,0xFF01FE,0,0,0,0,0,0,0,
930,0,3,0,0x0,0,0,0,0,0,0,13927,0,0,,"탈것 속도 +2%",,,,,,,,,,,,,,,0xFF01FE,0,0,0,0,0,0,0,
931,0,5,0,0x0,10,0,0,10,0,0,36,0,0,,"가속도 +10",,,,,,,,,,,,,,,0xFF01FE,0,0,0,0,0,0,0,
943,0,2,0,0x0,3,0,0,3,0,0,0,0,0,,"무기 공격력 +3",,,,,,,,,,,,,,,0xFF01FE,42,0,0,0,0,0,0,
963,0,2,0,0x0,7,0,0,7,0,0,0,0,0,,"무기 공격력 +7",,,,,,,,,,,,,,,0xFF01FE,2,0,0,0,0,0,0,
983,0,5,0,0x0,16,0,0,16,0,0,3,0,0,,"민첩성 +16",,,,,,,,,,,,,,,0xFF01FE,0,0,0,0,0,0,0,
1003,15,1,0,0x0,20,0,0,20,0,0,14795,0,0,,"맹독가죽 독",,,,,,,,,,,,,,,0xFF01FE,26,0,0,0,0,0,0,
1023,0,1,0,0x0,0,0,0,0,0,0,6347,0,0,,"역순환 1",,,,,,,,,,,,,,,0xFF01FE,107,1,0,0,0,0,0,
1043,0,5,0,0x0,16,0,0,16,0,0,4,0,0,,"힘 +16",,,,,,,,,,,,,,,0xFF01FE,0,0,0,0,0,0,0,
1044,0,5,0,0x0,17,0,0,17,0,0,4,0,0,,"힘 +17",,,,,,,,,,,,,,,0xFF01FE,0,0,0,0,0,0,0,
1045,0,5,0,0x0,18,0,0,18,0,0,4,0,0,,"힘 +18",,,,,,,,,,,,,,,0xFF01FE,0,0,0,0,0,0,0,
1046,0,5,0,0x0,19,0,0,19,0,0,4,0,0,,"힘 +19",,,,,,,,,,,,,,,0xFF01FE,0,0,0,0,0,0,0,
1047,0,5,0,0x0,20,0,0,20,0,0,4,0,0,,"힘 +20",,,,,,,,,,,,,,,0xFF01FE,0,0,0,0,0,0,0,
1048,0,5,0,0x0,21,0,0,21,0,0,4,0,0,,"힘 +21",,,,,,,,,,,,,,,0xFF01FE,0,0,0,0,0,0,0,
1049,0,5,0,0x0,22,0,0,22,0,0,4,0,0,,"힘 +22",,,,,,,,,,,,,,,0xFF01FE,0,0,0,0,0,0,0,
1050,0,5,0,0x0,23,0,0,23,0,0,4,0,0,,"힘 +23",,,,,,,,,,,,,,,0xFF01FE,0,0,0,0,0,0,0,
1051,0,5,0,0x0,24,0,0,24,0,0,4,0,0,,"힘 +24",,,,,,,,,,,,,,,0xFF01FE,0,0,0,0,0,0,0,
1052,0,5,0,0x0,25,0,0,25,0,0,4,0,0,,"힘 +25",,,,,,,,,,,,,,,0xFF01FE,0,0,0,0,0,0,0,
1053,0,5,0,0x0,26,0,0,26,0,0,4,0,0,,"힘 +26",,,,,,,,,,,,,,,0xFF01FE,0,0,0,0,0,0,0,
1054,0,5,0,0x0,27,0,0,27,0,0,4,0,0,,"힘 +27",,,,,,,,,,,,,,,0xFF01FE,0,0,0,0,0,0,0,
1055,0,5,0,0x0,28,0,0,28,0,0,4,0,0,,"힘 +28",,,,,,,,,,,,,,,0xFF01FE,0,0,0,0,0,0,0,
1056,0,5,0,0x0,29,0,0,29,0,0,4,0,0,,"힘 +29",,,,,,,,,,,,,,,0xFF01FE,0,0,0,0,0,0,0,
1057,0,5,0,0x0,30,0,0,30,0,0,4,0,0,,"힘 +30",,,,,,,,,,,,,,,0xFF01FE,0,0,0,0,0,0,0,
1058,0,5,0,0x0,31,0,0,31,0,0,4,0,0,,"힘 +31",,,,,,,,,,,,,,,0xFF01FE,0,0,0,0,0,0,0,
1059,0,5,0,0x0,32,0,0,32,0,0,4,0,0,,"힘 +32",,,,,,,,,,,,,,,0xFF01FE,0,0,0,0,0,0,0,
1060,0,5,0,0x0,33,0,0,33,0,0,4,0,0,,"힘 +33",,,,,,,,,,,,,,,0xFF01FE,0,0,0,0,0,0,0,
1061,0,5,0,0x0,34,0,0,34,0,0,4,0,0,,"힘 +34",,,,,,,,,,,,,,,0xFF01FE,0,0,0,0,0,0,0,
1062,0,5,0,0x0,35,0,0,35,0,0,4,0,0,,"힘 +35",,,,,,,,,,,,,,,0xFF01FE,0,0,0,0,0,0,0,
1063,0,5,0,0x0,36,0,0,36,0,0,4,0,0,,"힘 +36",,,,,,,,,,,,,,,0xFF01FE,0,0,0,0,0,0,0,
1064,0,5,0,0x0,37,0,0,37,0,0,4,0,0,,"힘 +37",,,,,,,,,,,,,,,0xFF01FE,0,0,0,0,0,0,0,
1065,0,5,0,0x0,38,0,0,38,0,0,4,0,0,,"힘 +38",,,,,,,,,,,,,,,0xFF01FE,0,0,0,0,0,0,0,
1066,0,5,0,0x0,39,0,0,39,0,0,4,0,0,,"힘 +39",,,,,,,,,,,,,,,0xFF01FE,0,0,0,0,0,0,0,
1067,0,5,0,0x0,40,0,0,40,0,0,4,0,0,,"힘 +40",,,,,,,,,,,,,,,0xFF01FE,0,0,0,0,0,0,0,
1068,0,5,0,0x0,15,0,0,15,0,0,7,0,0,,"체력 +15",,,,,,,,,,,,,,,0xFF01FE,0,0,0,0,0,0,0,
1069,0,5,0,0x0,16,0,0,16,0,0,7,0,0,,"체력 +16",,,,,,,,,,,,,,,0xFF01FE,0,0,0,0,0,0,0,
1070,0,5,0,0x0,17,0,0,17,0,0,7,0,0,,"체력 +17",,,,,,,,,,,,,,,0xFF01FE,0,0,0,0,0,0,0,
1071,0,5,0,0x0,18,0,0,18,0,0,7,0,0,,"체력 +18",,,,,,,,,,,,,,,0xFF01FE,0,0,0,0,0,0,0,
1072,0,5,0,0x0,19,0,0,19,0,0,7,0,0,,"체력 +19",,,,,,,,,,,,,,,0xFF01FE,0,0,0,0,0,0,0,
1073,0,5,0,0x0,20,0,0,20,0,0,7,0,0,,"체력 +20",,,,,,,,,,,,,,,0xFF01FE,0,0,0,0,0,0,0,
1074,0,5,0,0x0,21,0,0,21,0,0,7,0,0,,"체력 +21",,,,,,,,,,,,,,,0xFF01FE,0,0,0,0,0,0,0,
1075,0,5,0,0x0,22,0,0,22,0,0,7,0,0,,"체력 +22",,,,,,,,,,,,,,,0xFF01FE,0,0,0,0,0,0,0,
1076,0,5,0,0x0,23,0,0,23,0,0,7,0,0,,"체력 +23",,,,,,,,,,,,,,,0xFF01FE,0,0,0,0,0,0,0,
1077,0,5,0,0x0,24,0,0,24,0,0,7,0,0,,"체력 +24",,,,,,,,,,,,,,,0xFF01FE,0,0,0,0,0,0,0,
1078,0,5,0,0x0,25,0,0,25,0,0,7,0,0,,"체력 +25",,,,,,,,,,,,,,,0xFF01FE,0,0,0,0,0,0,0,
1079,0,5,0,0x0,26,0,0,26,0,0,7,0,0,,"체력 +26",,,,,,,,,,,,,,,0xFF01FE,0,0,0,0,0,0,0,
1080,0,5,0,0x0,27,0,0,27,0,0,7,0,0,,"체력 +27",,,,,,,,,,,,,,,0xFF01FE,0,0,0,0,0,0,0,
1081,0,5,0,0x0,28,0,0,28,0,0,7,0,0,,"체력 +28",,,,,,,,,,,,,,,0xFF01FE,0,0,0,0,0,0,0,
1082,0,5,0,0x0,29,0,0,29,0,0,7,0,0,,"체력 +29",,,,,,,,,,,,,,,0xFF01FE,0,0,0,0,0,0,0,
1083,0,5,0,0x0,30,0,0,30,0,0,7,0,0,,"체력 +30",,,,,,,,,,,,,,,0xFF01FE,0,0,0,0,0,0,0,
1084,0,5,0,0x0,31,0,0,31,0,0,7,0,0,,"체력 +31",,,,,,,,,,,,,,,0xFF01FE,0,0,0,0,0,0,0,
1085,0,5,0,0x0,32,0,0,32,0,0,7,0,0,,"체력 +32",,,,,,,,,,,,,,,0xFF01FE,0,0,0,0,0,0,0,
1086,0,5,0,0x0,33,0,0,33,0,0,7,0,0,,"체력 +33",,,,,,,,,,,,,,,0xFF01FE,0,0,0,0,0,0,0,
1087,0,5,0,0x0,34,0,0,34,0,0,7,0,0,,"체력 +34",,,,,,,,,,,,,,,0xFF01FE,0,0,0,0,0,0,0,
1088,0,5,0,0x0,35,0,0,35,0,0,7,0,0,,"체력 +35",,,,,,,,,,,,,,,0xFF01FE,0,0,0,0,0,0,0,
1089,0,5,0,0x0,36,0,0,36,0,0,7,0,0,,"체력 +36",,,,,,,,,,,,,,,0xFF01FE,0,0,0,0,0,0,0,
1090,0,5,0,0x0,37,0,0,37,0,0,7,0,0,,"체력 +37",,,,,,,,,,,,,,,0xFF01FE,0,0,0,0,0,0,0,
1091,0,5,0,0x0,38,0,0,38,0,0,7,0,0,,"체력 +38",,,,,,,,,,,,,,,0xFF01FE,0,0,0,0,0,0,0,
1092,0,5,0,0x0,39,0,0,39,0,0,7,0,0,,"체력 +39",,,,,,,,,,,,,,,0xFF01FE,0,0,0,0,0,0,0,
1093,0,5,0,0x0,40,0,0,40,0,0,7,0,0,,"체력 +40",,,,,,,,,,,,,,,0xFF01FE,0,0,0,0,0,0,0,
1094,0,5,0,0x0,17,0,0,17,0,0,3,0,0,,"민첩성 +17",,,,,,,,,,,,,,,0xFF01FE,0,0,0,0,0,0,0,
1095,0,5,0,0x0,18,0,0,18,0,0,3,0,0,,"민첩성 +18",,,,,,,,,,,,,,,0xFF01FE,0,0,0,0,0,0,0,
1096,0,5,0,0x0,19,0,0,19,0,0,3,0,0,,"민첩성 +19",,,,,,,,,,,,,,,0xFF01FE,0,0,0,0,0,0,0,
1097,0,5,0,0x0,20,0,0,20,0,0,3,0,0,,"민첩성 +20",,,,,,,,,,,,,,,0xFF01FE,0,0,0,0,0,0,0,
1098,0,5,0,0x0,21,0,0,21,0,0,3,0,0,,"민첩성 +21",,,,,,,,,,,,,,,0xFF01FE,0,0,0,0,0,0,0,
1099,0,5,0,0x0,22,0,0,22,0,0,3,0,0,,"민첩성 +22",,,,,,,,,,,,,,,0xFF01FE,0,0,0,0,0,0,0,
1100,0,5,0,0x0,23,0,0,23,0,0,3,0,0,,"민첩성 +23",,,,,,,,,,,,,,,0xFF01FE,0,0,0,0,0,0,0,
1101,0,5,0,0x0,24,0,0,24,0,0,3,0,0,,"민첩성 +24",,,,,,,,,,,,,,,0xFF01FE,0,0,0,0,0,0,0,
1102,0,5,0,0x0,25,0,0,25,0,0,3,0,0,,"민첩성 +25",,,,,,,,,,,,,,,0xFF01FE,0,0,0,0,0,0,0,
1103,0,5,0,0x0,26,0,0,26,0,0,3,0,0,,"민첩성 +26",,,,,,,,,,,,,,,0xFF01FE,125,0,0,0,0,0,0,
1104,0,5,0,0x0,27,0,0,27,0,0,3,0,0,,"민첩성 +27",,,,,,,,,,,,,,,0xFF01FE,0,0,0,0,0,0,0,
1105,0,5,0,0x0,28,0,0,28,0,0,3,0,0,,"민첩성 +28",,,,,,,,,,,,,,,0xFF01FE,0,0,0,0,0,0,0,
1106,0,5,0,0x0,29,0,0,29,0,0,3,0,0,,"민첩성 +29",,,,,,,,,,,,,,,0xFF01FE,0,0,0,0,0,0,0,
1107,0,5,0,0x0,30,0,0,30,0,0,3,0,0,,"민첩성 +30",,,,,,,,,,,,,,,0xFF01FE,0,0,0,0,0,0,0,
1108,0,5,0,0x0,31,0,0,31,0,0,3,0,0,,"민첩성 +31",,,,,,,,,,,,,,,0xFF01FE,0,0,0,0,0,0,0,
1109,0,5,0,0x0,32,0,0,32,0,0,3,0,0,,"민첩성 +32",,,,,,,,,,,,,,,0xFF01FE,0,0,0,0,0,0,0,
1110,0,5,0,0x0,33,0,0,33,0,0,3,0,0,,"민첩성 +33",,,,,,,,,,,,,,,0xFF01FE,0,0,0,0,0,0,0,
1111,0,5,0,0x0,34,0,0,34,0,0,3,0,0,,"민첩성 +34",,,,,,,,,,,,,,,0xFF01FE,0,0,0,0,0,0,0,
1112,0,5,0,0x0,35,0,0,35,0,0,3,0,0,,"민첩성 +35",,,,,,,,,,,,,,,0xFF01FE,0,0,0,0,0,0,0,
1113,0,5,0,0x0,36,0,0,36,0,0,3,0,0,,"민첩성 +36",,,,,,,,,,,,,,,0xFF01FE,0,0,0,0,0,0,0,
1114,0,5,0,0x0,37,0,0,37,0,0,3,0,0,,"민첩성 +37",,,,,,,,,,,,,,,0xFF01FE,0,0,0,0,0,0,0,
1115,0,5,0,0x0,38,0,0,38,0,0,3,0,0,,"민첩성 +38",,,,,,,,,,,,,,,0xFF01FE,0,0,0,0,0,0,0,
1116,0,5,0,0x0,39,0,0,39,0,0,3,0,0,,"민첩성 +39",,,,,,,,,,,,,,,0xFF01FE,0,0,0,0,0,0,0,
1117,0,5,0,0x0,40,0,0,40,0,0,3,0,0,,"민첩성 +40",,,,,,,,,,,,,,,0xFF01FE,0,0,0,0,0,0,0,
1118,0,5,0,0x0,15,0,0,15,0,0,5,0,0,,"지능 +15",,,,,,,,,,,,,,,0xFF01FE,0,0,0,0,0,0,0,
1119,0,5,0,0x0,16,0,0,16,0,0,5,0,0,,"지능 +16",,,,,,,,,,,,,,,0xFF01FE,0,0,0,0,0,0,0,
1120,0,5,0,0x0,17,0,0,17,0,0,5,0,0,,"지능 +17",,,,,,,,,,,,,,,0xFF01FE,0,0,0,0,0,0,0,
1121,0,5,0,0x0,18,0,0,18,0,0,5,0,0,,"지능 +18",,,,,,,,,,,,,,,0xFF01FE,0,0,0,0,0,0,0,
1122,0,5,0,0x0,19,0,0,19,0,0,5,0,0,,"지능 +19",,,,,,,,,,,,,,,0xFF01FE,0,0,0,0,0,0,0,
1123,0,5,0,0x0,20,0,0,20,0,0,5,0,0,,"지능 +20",,,,,,,,,,,,,,,0xFF01FE,0,0,0,0,0,0,0,
1124,0,5,0,0x0,21,0,0,21,0,0,5,0,0,,"지능 +21",,,,,,,,,,,,,,,0xFF01FE,0,0,0,0,0,0,0,
1125,0,5,0,0x0,22,0,0,22,0,0,5,0,0,,"지능 +22",,,,,,,,,,,,,,,0xFF01FE,0,0,0,0,0,0,0,
1126,0,5,0,0x0,23,0,0,23,0,0,5,0,0,,"지능 +23",,,,,,,,,,,,,,,0xFF01FE,0,0,0,0,0,0,0,
1127,0,5,0,0x0,24,0,0,24,0,0,5,0,0,,"지능 +24",,,,,,,,,,,,,,,0xFF01FE,0,0,0,0,0,0,0,
1128,0,5,0,0x0,25,0,0,25,0,0,5,0,0,,"지능 +25",,,,,,,,,,,,,,,0xFF01FE,0,0,0,0,0,0,0,
1129,0,5,0,0x0,26,0,0,26,0,0,5,0,0,,"지능 +26",,,,,,,,,,,,,,,0xFF01FE,0,0,0,0,0,0,0,
1130,0,5,0,0x0,27,0,0,27,0,0,5,0,0,,"지능 +27",,,,,,,,,,,,,,,0xFF01FE,0,0,0,0,0,0,0,
1131,0,5,0,0x0,28,0,0,28,0,0,5,0,0,,"지능 +28",,,,,,,,,,,,,,,0xFF01FE,0,0,0,0,0,0,0,
1132,0,5,0,0x0,29,0,0,29,0,0,5,0,0,,"지능 +29",,,,,,,,,,,,,,,0xFF01FE,0,0,0,0,0,0,0,
1133,0,5,0,0x0,30,0,0,30,0,0,5,0,0,,"지능 +30",,,,,,,,,,,,,,,0xFF01FE,0,0,0,0,0,0,0,
1134,0,5,0,0x0,31,0,0,31,0,0,5,0,0,,"지능 +31",,,,,,,,,,,,,,,0xFF01FE,0,0,0,0,0,0,0,
1135,0,5,0,0x0,32,0,0,32,0,0,5,0,0,,"지능 +32",,,,,,,,,,,,,,,0xFF01FE,0,0,0,0,0,0,0,
1136,0,5,0,0x0,33,0,0,33,0,0,5,0,0,,"지능 +33",,,,,,,,,,,,,,,0xFF01FE,0,0,0,0,0,0,0,
1137,0,5,0,0x0,34,0,0,34,0,0,5,0,0,,"지능 +34",,,,,,,,,,,,,,,0xFF01FE,0,0,0,0,0,0,0,
1138,0,5,0,0x0,35,0,0,35,0,0,5,0,0,,"지능 +35",,,,,,,,,,,,,,,0xFF01FE,0,0,0,0,0,0,0,
1139,0,5,0,0x0,36,0,0,36,0,0,5,0,0,,"지능 +36",,,,,,,,,,,,,,,0xFF01FE,0,0,0,0,0,0,0,
1140,0,5,0,0x0,37,0,0,37,0,0,5,0,0,,"지능 +37",,,,,,,,,,,,,,,0xFF01FE,0,0,0,0,0,0,0,
1141,0,5,0,0x0,38,0,0,38,0,0,5,0,0,,"지능 +38",,,,,,,,,,,,,,,0xFF01FE,0,0,0,0,0,0,0,
1142,0,5,0,0x0,39,0,0,39,0,0,5,0,0,,"지능 +39",,,,,,,,,,,,,,,0xFF01FE,0,0,0,0,0,0,0,
1143,0,5,0,0x0,40,0,0,40,0,0,5,0,0,,"지능 +40",,,,,,,,,,,,,,,0xFF01FE,0,0,0,0,0,0,0,
1144,0,5,0,0x0,15,0,0,15,0,0,6,0,0,,"정신력 +15",,,,,,,,,,,,,,,0xFF01FE,0,0,0,0,0,0,0,
1145,0,5,0,0x0,16,0,0,16,0,0,6,0,0,,"정신력 +16",,,,,,,,,,,,,,,0xFF01FE,0,0,0,0,0,0,0,
1146,0,5,0,0x0,17,0,0,17,0,0,6,0,0,,"정신력 +17",,,,,,,,,,,,,,,0xFF01FE,0,0,0,0,0,0,0,
1147,0,5,0,0x0,18,0,0,18,0,0,6,0,0,,"정신력 +18",,,,,,,,,,,,,,,0xFF01FE,0,0,0,0,0,0,0,
1148,0,5,0,0x0,19,0,0,19,0,0,6,0,0,,"정신력 +19",,,,,,,,,,,,,,,0xFF01FE,0,0,0,0,0,0,0,
1149,0,5,0,0x0,20,0,0,20,0,0,6,0,0,,"정신력 +20",,,,,,,,,,,,,,,0xFF01FE,0,0,0,0,0,0,0,
1150,0,5,0,0x0,21,0,0,21,0,0,6,0,0,,"정신력 +21",,,,,,,,,,,,,,,0xFF01FE,0,0,0,0,0,0,0,
1151,0,5,0,0x0,22,0,0,22,0,0,6,0,0,,"정신력 +22",,,,,,,,,,,,,,,0xFF01FE,0,0,0,0,0,0,0,
1152,0,5,0,0x0,23,0,0,23,0,0,6,0,0,,"정신력 +23",,,,,,,,,,,,,,,0xFF01FE,0,0,0,0,0,0,0,
1153,0,5,0,0x0,24,0,0,24,0,0,6,0,0,,"정신력 +24",,,,,,,,,,,,,,,0xFF01FE,0,0,0,0,0,0,0,
1154,0,5,0,0x0,25,0,0,25,0,0,6,0,0,,"정신력 +25",,,,,,,,,,,,,,,0xFF01FE,0,0,0,0,0,0,0,
1155,0,5,0,0x0,26,0,0,26,0,0,6,0,0,,"정신력 +26",,,,,,,,,,,,,,,0xFF01FE,0,0,0,0,0,0,0,
1156,0,5,0,0x0,27,0,0,27,0,0,6,0,0,,"정신력 +27",,,,,,,,,,,,,,,0xFF01FE,0,0,0,0,0,0,0,
1157,0,5,0,0x0,28,0,0,28,0,0,6,0,0,,"정신력 +28",,,,,,,,,,,,,,,0xFF01FE,0,0,0,0,0,0,0,
1158,0,5,0,0x0,29,0,0,29,0,0,6,0,0,,"정신력 +29",,,,,,,,,,,,,,,0xFF01FE,0,0,0,0,0,0,0,
1159,0,5,0,0x0,30,0,0,30,0,0,6,0,0,,"정신력 +30",,,,,,,,,,,,,,,0xFF01FE,0,0,0,0,0,0,0,
1160,0,5,0,0x0,31,0,0,31,0,0,6,0,0,,"정신력 +31",,,,,,,,,,,,,,,0xFF01FE,0,0,0,0,0,0,0,
1161,0,5,0,0x0,32,0,0,32,0,0,6,0,0,,"정신력 +32",,,,,,,,,,,,,,,0xFF01FE,0,0,0,0,0,0,0,
1162,0,5,0,0x0,33,0,0,33,0,0,6,0,0,,"정신력 +33",,,,,,,,,,,,,,,0xFF01FE,0,0,0,0,0,0,0,
1163,0,5,0,0x0,34,0,0,34,0,0,6,0,0,,"정신력 +34",,,,,,,,,,,,,,,0xFF01FE,0,0,0,0,0,0,0,
1164,0,5,0,0x0,36,0,0,36,0,0,6,0,0,,"정신력 +36",,,,,,,,,,,,,,,0xFF01FE,0,0,0,0,0,0,0,
1165,0,5,0,0x0,37,0,0,37,0,0,6,0,0,,"정신력 +37",,,,,,,,,,,,,,,0xFF01FE,0,0,0,0,0,0,0,
1166,0,5,0,0x0,38,0,0,38,0,0,6,0,0,,"정신력 +38",,,,,,,,,,,,,,,0xFF01FE,0,0,0,0,0,0,0,
1167,0,5,0,0x0,39,0,0,39,0,0,6,0,0,,"정신력 +39",,,,,,,,,,,,,,,0xFF01FE,0,0,0,0,0,0,0,
1168,0,5,0,0x0,40,0,0,40,0,0,6,0,0,,"정신력 +40",,,,,,,,,,,,,,,0xFF01FE,0,0,0,0,0,0,0,
1183,0,5,0,0x0,35,0,0,35,0,0,6,0,0,,"정신력 +35",,,,,,,,,,,,,,,0xFF01FE,0,0,0,0,0,0,0,
1203,0,5,0,0x0,41,0,0,41,0,0,4,0,0,,"힘 +41",,,,,,,,,,,,,,,0xFF01FE,0,0,0,0,0,0,0,
1204,0,5,0,0x0,42,0,0,42,0,0,4,0,0,,"힘 +42",,,,,,,,,,,,,,,0xFF01FE,0,0,0,0,0,0,0,
1205,0,5,0,0x0,43,0,0,43,0,0,4,0,0,,"힘 +43",,,,,,,,,,,,,,,0xFF01FE,0,0,0,0,0,0,0,
1206,0,5,0,0x0,44,0,0,44,0,0,4,0,0,,"힘 +44",,,,,,,,,,,,,,,0xFF01FE,0,0,0,0,0,0,0,
1207,0,5,0,0x0,45,0,0,45,0,0,4,0,0,,"힘 +45",,,,,,,,,,,,,,,0xFF01FE,0,0,0,0,0,0,0,
1208,0,5,0,0x0,46,0,0,46,0,0,4,0,0,,"힘 +46",,,,,,,,,,,,,,,0xFF01FE,0,0,0,0,0,0,0,
1209,0,5,0,0x0,41,0,0,41,0,0,7,0,0,,"체력 +41",,,,,,,,,,,,,,,0xFF01FE,0,0,0,0,0,0,0,
1210,0,5,0,0x0,42,0,0,42,0,0,7,0,0,,"체력 +42",,,,,,,,,,,,,,,0xFF01FE,0,0,0,0,0,0,0,
1211,0,5,0,0x0,43,0,0,43,0,0,7,0,0,,"체력 +43",,,,,,,,,,,,,,,0xFF01FE,0,0,0,0,0,0,0,
1212,0,5,0,0x0,44,0,0,44,0,0,7,0,0,,"체력 +44",,,,,,,,,,,,,,,0xFF01FE,0,0,0,0,0,0,0,
1213,0,5,0,0x0,45,0,0,45,0,0,7,0,0,,"체력 +45",,,,,,,,,,,,,,,0xFF01FE,0,0,0,0,0,0,0,
1214,0,5,0,0x0,46,0,0,46,0,0,7,0,0,,"체력 +46",,,,,,,,,,,,,,,0xFF01FE,0,0,0,0,0,0,0,
1215,0,5,0,0x0,41,0,0,41,0,0,3,0,0,,"민첩성 +41",,,,,,,,,,,,,,,0xFF01FE,0,0,0,0,0,0,0,
1216,0,5,0,0x0,42,0,0,42,0,0,3,0,0,,"민첩성 +42",,,,,,,,,,,,,,,0xFF01FE,0,0,0,0,0,0,0,
1217,0,5,0,0x0,43,0,0,43,0,0,3,0,0,,"민첩성 +43",,,,,,,,,,,,,,,0xFF01FE,0,0,0,0,0,0,0,
1218,0,5,0,0x0,44,0,0,44,0,0,3,0,0,,"민첩성 +44",,,,,,,,,,,,,,,0xFF01FE,0,0,0,0,0,0,0,
1219,0,5,0,0x0,45,0,0,45,0,0,3,0,0,,"민첩성 +45",,,,,,,,,,,,,,,0xFF01FE,0,0,0,0,0,0,0,
1220,0,5,0,0x0,46,0,0,46,0,0,3,0,0,,"민첩성 +46",,,,,,,,,,,,,,,0xFF01FE,0,0,0,0,0,0,0,
1221,0,5,0,0x0,41,0,0,41,0,0,5,0,0,,"지능 +41",,,,,,,,,,,,,,,0xFF01FE,0,0,0,0,0,0,0,
1222,0,5,0,0x0,42,0,0,42,0,0,5,0,0,,"지능 +42",,,,,,,,,,,,,,,0xFF01FE,0,0,0,0,0,0,0,
1223,0,5,0,0x0,43,0,0,43,0,0,5,0,0,,"지능 +43",,,,,,,,,,,,,,,0xFF01FE,0,0,0,0,0,0,0,
1224,0,5,0,0x0,44,0,0,44,0,0,5,0,0,,"지능 +44",,,,,,,,,,,,,,,0xFF01FE,0,0,0,0,0,0,0,
1225,0,5,0,0x0,45,0,0,45,0,0,5,0,0,,"지능 +45",,,,,,,,,,,,,,,0xFF01FE,0,0,0,0,0,0,0,
1226,0,5,0,0x0,46,0,0,46,0,0,5,0,0,,"지능 +46",,,,,,,,,,,,,,,0xFF01FE,0,0,0,0,0,0,0,
1227,0,5,0,0x0,41,0,0,41,0,0,6,0,0,,"정신력 +41",,,,,,,,,,,,,,,0xFF01FE,0,0,0,0,0,0,0,
1228,0,5,0,0x0,42,0,0,42,0,0,6,0,0,,"정신력 +42",,,,,,,,,,,,,,,0xFF01FE,0,0,0,0,0,0,0,
1229,0,5,0,0x0,43,0,0,43,0,0,6,0,0,,"정신력 +43",,,,,,,,,,,,,,,0xFF01FE,0,0,0,0,0,0,0,
1230,0,5,0,0x0,44,0,0,44,0,0,6,0,0,,"정신력 +44",,,,,,,,,,,,,,,0xFF01FE,0,0,0,0,0,0,0,
1231,0,5,0,0x0,45,0,0,45,0,0,6,0,0,,"정신력 +45",,,,,,,,,,,,,,,0xFF01FE,0,0,0,0,0,0,0,
1232,0,5,0,0x0,46,0,0,46,0,0,6,0,0,,"정신력 +46",,,,,,,,,,,,,,,0xFF01FE,0,0,0,0,0,0,0,
1243,0,4,0,0x0,1,0,0,1,0,0,6,0,0,,"비전 저항력 +1",,,,,,,,,,,,,,,0xFF01FE,0,0,0,0,0,0,0,
1244,0,4,0,0x0,2,0,0,2,0,0,6,0,0,,"비전 저항력 +2",,,,,,,,,,,,,,,0xFF01FE,0,0,0,0,0,0,0,
1245,0,4,0,0x0,3,0,0,3,0,0,6,0,0,,"비전 저항력 +3",,,,,,,,,,,,,,,0xFF01FE,0,0,0,0,0,0,0,
1246,0,4,0,0x0,4,0,0,4,0,0,6,0,0,,"비전 저항력 +4",,,,,,,,,,,,,,,0xFF01FE,0,0,0,0,0,0,0,
1247,0,4,0,0x0,5,0,0,5,0,0,6,0,0,,"비전 저항력 +5",,,,,,,,,,,,,,,0xFF01FE,0,0,0,0,0,0,0,
1248,0,4,0,0x0,6,0,0,6,0,0,6,0,0,,"비전 저항력 +6",,,,,,,,,,,,,,,0xFF01FE,0,0,0,0,0,0,0,
1249,0,4,0,0x0,7,0,0,7,0,0,6,0,0,,"비전 저항력 +7",,,,,,,,,,,,,,,0xFF01FE,0,0,0,0,0,0,0,
1250,0,4,0,0x0,8,0,0,8,0,0,6,0,0,,"비전 저항력 +8",,,,,,,,,,,,,,,0xFF01FE,0,0,0,0,0,0,0,
1251,0,4,0,0x0,9,0,0,9,0,0,6,0,0,,"비전 저항력 +9",,,,,,,,,,,,,,,0xFF01FE,0,0,0,0,0,0,0,
1252,0,4,0,0x0,10,0,0,10,0,0,6,0,0,,"비전 저항력 +10",,,,,,,,,,,,,,,0xFF01FE,0,0,0,0,0,0,0,
1253,0,4,0,0x0,11,0,0,11,0,0,6,0,0,,"비전 저항력 +11",,,,,,,,,,,,,,,0xFF01FE,0,0,0,0,0,0,0,
1254,0,4,0,0x0,12,0,0,12,0,0,6,0,0,,"비전 저항력 +12",,,,,,,,,,,,,,,0xFF01FE,0,0,0,0,0,0,0,
1255,0,4,0,0x0,13,0,0,13,0,0,6,0,0,,"비전 저항력 +13",,,,,,,,,,,,,,,0xFF01FE,0,0,0,0,0,0,0,
1256,0,4,0,0x0,14,0,0,14,0,0,6,0,0,,"비전 저항력 +14",,,,,,,,,,,,,,,0xFF01FE,0,0,0,0,0,0,0,
1257,0,4,0,0x0,15,0,0,15,0,0,6,0,0,,"비전 저항력 +15",,,,,,,,,,,,,,,0xFF01FE,0,0,0,0,0,0,0,
1258,0,4,0,0x0,16,0,0,16,0,0,6,0,0,,"비전 저항력 +16",,,,,,,,,,,,,,,0xFF01FE,0,0,0,0,0,0,0,
1259,0,4,0,0x0,17,0,0,17,0,0,6,0,0,,"비전 저항력 +17",,,,,,,,,,,,,,,0xFF01FE,0,0,0,0,0,0,0,
1260,0,4,0,0x0,18,0,0,18,0,0,6,0,0,,"비전 저항력 +18",,,,,,,,,,,,,,,0xFF01FE,0,0,0,0,0,0,0,
1261,0,4,0,0x0,19,0,0,19,0,0,6,0,0,,"비전 저항력 +19",,,,,,,,,,,,,,,0xFF01FE,0,0,0,0,0,0,0,
1262,0,4,0,0x0,20,0,0,20,0,0,6,0,0,,"비전 저항력 +20",,,,,,,,,,,,,,,0xFF01FE,0,0,0,0,0,0,0,
1263,0,4,0,0x0,21,0,0,21,0,0,6,0,0,,"비전 저항력 +21",,,,,,,,,,,,,,,0xFF01FE,0,0,0,0,0,0,0,
1264,0,4,0,0x0,22,0,0,22,0,0,6,0,0,,"비전 저항력 +22",,,,,,,,,,,,,,,0xFF01FE,0,0,0,0,0,0,0,
1265,0,4,0,0x0,23,0,0,23,0,0,6,0,0,,"비전 저항력 +23",,,,,,,,,,,,,,,0xFF01FE,0,0,0,0,0,0,0,
1266,0,4,0,0x0,24,0,0,24,0,0,6,0,0,,"비전 저항력 +24",,,,,,,,,,,,,,,0xFF01FE,0,0,0,0,0,0,0,
1267,0,4,0,0x0,25,0,0,25,0,0,6,0,0,,"비전 저항력 +25",,,,,,,,,,,,,,,0xFF01FE,0,0,0,0,0,0,0,
1268,0,4,0,0x0,26,0,0,26,0,0,6,0,0,,"비전 저항력 +26",,,,,,,,,,,,,,,0xFF01FE,0,0,0,0,0,0,0,
1269,0,4,0,0x0,27,0,0,27,0,0,6,0,0,,"비전 저항력 +27",,,,,,,,,,,,,,,0xFF01FE,0,0,0,0,0,0,0,
1270,0,4,0,0x0,28,0,0,28,0,0,6,0,0,,"비전 저항력 +28",,,,,,,,,,,,,,,0xFF01FE,0,0,0,0,0,0,0,
1271,0,4,0,0x0,29,0,0,29,0,0,6,0,0,,"비전 저항력 +29",,,,,,,,,,,,,,,0xFF01FE,0,0,0,0,0,0,0,
1272,0,4,0,0x0,30,0,0,30,0,0,6,0,0,,"비전 저항력 +30",,,,,,,,,,,,,,,0xFF01FE,0,0,0,0,0,0,0,
1273,0,4,0,0x0,31,0,0,31,0,0,6,0,0,,"비전 저항력 +31",,,,,,,,,,,,,,,0xFF01FE,0,0,0,0,0,0,0,
1274,0,4,0,0x0,32,0,0,32,0,0,6,0,0,,"비전 저항력 +32",,,,,,,,,,,,,,,0xFF01FE,0,0,0,0,0,0,0,
1275,0,4,0,0x0,33,0,0,33,0,0,6,0,0,,"비전 저항력 +33",,,,,,,,,,,,,,,0xFF01FE,0,0,0,0,0,0,0,
1276,0,4,0,0x0,34,0,0,34,0,0,6,0,0,,"비전 저항력 +34",,,,,,,,,,,,,,,0xFF01FE,0,0,0,0,0,0,0,
1277,0,4,0,0x0,35,0,0,35,0,0,6,0,0,,"비전 저항력 +35",,,,,,,,,,,,,,,0xFF01FE,0,0,0,0,0,0,0,
1278,0,4,0,0x0,36,0,0,36,0,0,6,0,0,,"비전 저항력 +36",,,,,,,,,,,,,,,0xFF01FE,0,0,0,0,0,0,0,
1279,0,4,0,0x0,37,0,0,37,0,0,6,0,0,,"비전 저항력 +37",,,,,,,,,,,,,,,0xFF01FE,0,0,0,0,0,0,0,
1280,0,4,0,0x0,38,0,0,38,0,0,6,0,0,,"비전 저항력 +38",,,,,,,,,,,,,,,0xFF01FE,0,0,0,0,0,0,0,
1281,0,4,0,0x0,39,0,0,39,0,0,6,0,0,,"비전 저항력 +39",,,,,,,,,,,,,,,0xFF01FE,0,0,0,0,0,0,0,
1282,0,4,0,0x0,40,0,0,40,0,0,6,0,0,,"비전 저항력 +40",,,,,,,,,,,,,,,0xFF01FE,0,0,0,0,0,0,0,
1283,0,4,0,0x0,41,0,0,41,0,0,6,0,0,,"비전 저항력 +41",,,,,,,,,,,,,,,0xFF01FE,0,0,0,0,0,0,0,
1284,0,4,0,0x0,42,0,0,42,0,0,6,0,0,,"비전 저항력 +42",,,,,,,,,,,,,,,0xFF01FE,0,0,0,0,0,0,0,
1285,0,4,0,0x0,43,0,0,43,0,0,6,0,0,,"비전 저항력 +43",,,,,,,,,,,,,,,0xFF01FE,0,0,0,0,0,0,0,
1286,0,4,0,0x0,44,0,0,44,0,0,6,0,0,,"비전 저항력 +44",,,,,,,,,,,,,,,0xFF01FE,0,0,0,0,0,0,0,
1287,0,4,0,0x0,45,0,0,45,0,0,6,0,0,,"비전 저항력 +45",,,,,,,,,,,,,,,0xFF01FE,0,0,0,0,0,0,0,
1288,0,4,0,0x0,46,0,0,46,0,0,6,0,0,,"비전 저항력 +46",,,,,,,,,,,,,,,0xFF01FE,0,0,0,0,0,0,0,
1289,0,4,0,0x0,1,0,0,1,0,0,4,0,0,,"냉기 저항력 +1",,,,,,,,,,,,,,,0xFF01FE,0,0,0,0,0,0,0,
1290,0,4,0,0x0,2,0,0,2,0,0,4,0,0,,"냉기 저항력 +2",,,,,,,,,,,,,,,0xFF01FE,0,0,0,0,0,0,0,
1291,0,4,0,0x0,3,0,0,3,0,0,4,0,0,,"냉기 저항력 +3",,,,,,,,,,,,,,,0xFF01FE,0,0,0,0,0,0,0,
1292,0,4,0,0x0,4,0,0,4,0,0,4,0,0,,"냉기 저항력 +4",,,,,,,,,,,,,,,0xFF01FE,0,0,0,0,0,0,0,
1293,0,4,0,0x0,5,0,0,5,0,0,4,0,0,,"냉기 저항력 +5",,,,,,,,,,,,,,,0xFF01FE,0,0,0,0,0,0,0,
1294,0,4,0,0x0,6,0,0,6,0,0,4,0,0,,"냉기 저항력 +6",,,,,,,,,,,,,,,0xFF01FE,0,0,0,0,0,0,0,
1295,0,4,0,0x0,7,0,0,7,0,0,4,0,0,,"냉기 저항력 +7",,,,,,,,,,,,,,,0xFF01FE,0,0,0,0,0,0,0,
1296,0,4,0,0x0,8,0,0,8,0,0,4,0,0,,"냉기 저항력 +8",,,,,,,,,,,,,,,0xFF01FE,0,0,0,0,0,0,0,
1297,0,4,0,0x0,9,0,0,9,0,0,4,0,0,,"냉기 저항력 +9",,,,,,,,,,,,,,,0xFF01FE,0,0,0,0,0,0,0,
1298,0,4,0,0x0,10,0,0,10,0,0,4,0,0,,"냉기 저항력 +10",,,,,,,,,,,,,,,0xFF01FE,0,0,0,0,0,0,0,
1299,0,4,0,0x0,11,0,0,11,0,0,4,0,0,,"냉기 저항력 +11",,,,,,,,,,,,,,,0xFF01FE,0,0,0,0,0,0,0,
1300,0,4,0,0x0,12,0,0,12,0,0,4,0,0,,"냉기 저항력 +12",,,,,,,,,,,,,,,0xFF01FE,0,0,0,0,0,0,0,
1301,0,4,0,0x0,13,0,0,13,0,0,4,0,0,,"냉기 저항력 +13",,,,,,,,,,,,,,,0xFF01FE,0,0,0,0,0,0,0,
1302,0,4,0,0x0,14,0,0,14,0,0,4,0,0,,"냉기 저항력 +14",,,,,,,,,,,,,,,0xFF01FE,0,0,0,0,0,0,0,
1303,0,4,0,0x0,15,0,0,15,0,0,4,0,0,,"냉기 저항력 +15",,,,,,,,,,,,,,,0xFF01FE,0,0,0,0,0,0,0,
1304,0,4,0,0x0,16,0,0,16,0,0,4,0,0,,"냉기 저항력 +16",,,,,,,,,,,,,,,0xFF01FE,0,0,0,0,0,0,0,
1305,0,4,0,0x0,17,0,0,17,0,0,4,0,0,,"냉기 저항력 +17",,,,,,,,,,,,,,,0xFF01FE,0,0,0,0,0,0,0,
1306,0,4,0,0x0,18,0,0,18,0,0,4,0,0,,"냉기 저항력 +18",,,,,,,,,,,,,,,0xFF01FE,0,0,0,0,0,0,0,
1307,0,4,0,0x0,19,0,0,19,0,0,4,0,0,,"냉기 저항력 +19",,,,,,,,,,,,,,,0xFF01FE,0,0,0,0,0,0,0,
1308,0,4,0,0x0,20,0,0,20,0,0,4,0,0,,"냉기 저항력 +20",,,,,,,,,,,,,,,0xFF01FE,0,0,0,0,0,0,0,
1309,0,4,0,0x0,21,0,0,21,0,0,4,0,0,,"냉기 저항력 +21",,,,,,,,,,,,,,,0xFF01FE,0,0,0,0,0,0,0,
1310,0,4,0,0x0,22,0,0,22,0,0,4,0,0,,"냉기 저항력 +22",,,,,,,,,,,,,,,0xFF01FE,0,0,0,0,0,0,0,
1311,0,4,0,0x0,23,0,0,23,0,0,4,0,0,,"냉기 저항력 +23",,,,,,,,,,,,,,,0xFF01FE,0,0,0,0,0,0,0,
1312,0,4,0,0x0,24,0,0,24,0,0,4,0,0,,"냉기 저항력 +24",,,,,,,,,,,,,,,0xFF01FE,0,0,0,0,0,0,0,
1313,0,4,0,0x0,25,0,0,25,0,0,4,0,0,,"냉기 저항력 +25",,,,,,,,,,,,,,,0xFF01FE,0,0,0,0,0,0,0,
1314,0,4,0,0x0,26,0,0,26,0,0,4,0,0,,"냉기 저항력 +26",,,,,,,,,,,,,,,0xFF01FE,0,0,0,0,0,0,0,
1315,0,4,0,0x0,27,0,0,27,0,0,4,0,0,,"냉기 저항력 +27",,,,,,,,,,,,,,,0xFF01FE,0,0,0,0,0,0,0,
1316,0,4,0,0x0,28,0,0,28,0,0,4,0,0,,"냉기 저항력 +28",,,,,,,,,,,,,,,0xFF01FE,0,0,0,0,0,0,0,
1317,0,4,0,0x0,29,0,0,29,0,0,4,0,0,,"냉기 저항력 +29",,,,,,,,,,,,,,,0xFF01FE,0,0,0,0,0,0,0,
1318,0,4,0,0x0,30,0,0,30,0,0,4,0,0,,"냉기 저항력 +30",,,,,,,,,,,,,,,0xFF01FE,0,0,0,0,0,0,0,
1319,0,4,0,0x0,31,0,0,31,0,0,4,0,0,,"냉기 저항력 +31",,,,,,,,,,,,,,,0xFF01FE,0,0,0,0,0,0,0,
1320,0,4,0,0x0,32,0,0,32,0,0,4,0,0,,"냉기 저항력 +32",,,,,,,,,,,,,,,0xFF01FE,0,0,0,0,0,0,0,
1321,0,4,0,0x0,33,0,0,33,0,0,4,0,0,,"냉기 저항력 +33",,,,,,,,,,,,,,,0xFF01FE,0,0,0,0,0,0,0,
1322,0,4,0,0x0,34,0,0,34,0,0,4,0,0,,"냉기 저항력 +34",,,,,,,,,,,,,,,0xFF01FE,0,0,0,0,0,0,0,
1323,0,4,0,0x0,35,0,0,35,0,0,4,0,0,,"냉기 저항력 +35",,,,,,,,,,,,,,,0xFF01FE,0,0,0,0,0,0,0,
1324,0,4,0,0x0,36,0,0,36,0,0,4,0,0,,"냉기 저항력 +36",,,,,,,,,,,,,,,0xFF01FE,0,0,0,0,0,0,0,
1325,0,4,0,0x0,37,0,0,37,0,0,4,0,0,,"냉기 저항력 +37",,,,,,,,,,,,,,,0xFF01FE,0,0,0,0,0,0,0,
1326,0,4,0,0x0,38,0,0,38,0,0,4,0,0,,"냉기 저항력 +38",,,,,,,,,,,,,,,0xFF01FE,0,0,0,0,0,0,0,
1327,0,4,0,0x0,39,0,0,39,0,0,4,0,0,,"냉기 저항력 +39",,,,,,,,,,,,,,,0xFF01FE,0,0,0,0,0,0,0,
1328,0,4,0,0x0,40,0,0,40,0,0,4,0,0,,"냉기 저항력 +40",,,,,,,,,,,,,,,0xFF01FE,0,0,0,0,0,0,0,
1329,0,4,0,0x0,41,0,0,41,0,0,4,0,0,,"냉기 저항력 +41",,,,,,,,,,,,,,,0xFF01FE,0,0,0,0,0,0,0,
1330,0,4,0,0x0,42,0,0,42,0,0,4,0,0,,"냉기 저항력 +42",,,,,,,,,,,,,,,0xFF01FE,0,0,0,0,0,0,0,
1331,0,4,0,0x0,43,0,0,43,0,0,4,0,0,,"냉기 저항력 +43",,,,,,,,,,,,,,,0xFF01FE,0,0,0,0,0,0,0,
1332,0,4,0,0x0,44,0,0,44,0,0,4,0,0,,"냉기 저항력 +44",,,,,,,,,,,,,,,0xFF01FE,0,0,0,0,0,0,0,
1333,0,4,0,0x0,45,0,0,45,0,0,4,0,0,,"냉기 저항력 +45",,,,,,,,,,,,,,,0xFF01FE,0,0,0,0,0,0,0,
1334,0,4,0,0x0,46,0,0,46,0,0,4,0,0,,"냉기 저항력 +46",,,,,,,,,,,,,,,0xFF01FE,0,0,0,0,0,0,0,
1335,0,4,0,0x0,1,0,0,1,0,0,2,0,0,,"화염 저항력 +1",,,,,,,,,,,,,,,0xFF01FE,0,0,0,0,0,0,0,
1336,0,4,0,0x0,2,0,0,2,0,0,2,0,0,,"화염 저항력 +2",,,,,,,,,,,,,,,0xFF01FE,0,0,0,0,0,0,0,
1337,0,4,0,0x0,3,0,0,3,0,0,2,0,0,,"화염 저항력 +3",,,,,,,,,,,,,,,0xFF01FE,0,0,0,0,0,0,0,
1338,0,4,0,0x0,4,0,0,4,0,0,2,0,0,,"화염 저항력 +4",,,,,,,,,,,,,,,0xFF01FE,0,0,0,0,0,0,0,
1339,0,4,0,0x0,5,0,0,5,0,0,2,0,0,,"화염 저항력 +5",,,,,,,,,,,,,,,0xFF01FE,0,0,0,0,0,0,0,
1340,0,4,0,0x0,6,0,0,6,0,0,2,0,0,,"화염 저항력 +6",,,,,,,,,,,,,,,0xFF01FE,0,0,0,0,0,0,0,
1341,0,4,0,0x0,7,0,0,7,0,0,2,0,0,,"화염 저항력 +7",,,,,,,,,,,,,,,0xFF01FE,0,0,0,0,0,0,0,
1342,0,4,0,0x0,8,0,0,8,0,0,2,0,0,,"화염 저항력 +8",,,,,,,,,,,,,,,0xFF01FE,0,0,0,0,0,0,0,
1343,0,4,0,0x0,9,0,0,9,0,0,2,0,0,,"화염 저항력 +9",,,,,,,,,,,,,,,0xFF01FE,0,0,0,0,0,0,0,
1344,0,4,0,0x0,10,0,0,10,0,0,2,0,0,,"화염 저항력 +10",,,,,,,,,,,,,,,0xFF01FE,0,0,0,0,0,0,0,
1345,0,4,0,0x0,11,0,0,11,0,0,2,0,0,,"화염 저항력 +11",,,,,,,,,,,,,,,0xFF01FE,0,0,0,0,0,0,0,
1346,0,4,0,0x0,12,0,0,12,0,0,2,0,0,,"화염 저항력 +12",,,,,,,,,,,,,,,0xFF01FE,0,0,0,0,0,0,0,
1347,0,4,0,0x0,13,0,0,13,0,0,2,0,0,,"화염 저항력 +13",,,,,,,,,,,,,,,0xFF01FE,0,0,0,0,0,0,0,
1348,0,4,0,0x0,14,0,0,14,0,0,2,0,0,,"화염 저항력 +14",,,,,,,,,,,,,,,0xFF01FE,0,0,0,0,0,0,0,
1349,0,4,0,0x0,15,0,0,15,0,0,2,0,0,,"화염 저항력 +15",,,,,,,,,,,,,,,0xFF01FE,0,0,0,0,0,0,0,
1350,0,4,0,0x0,16,0,0,16,0,0,2,0,0,,"화염 저항력 +16",,,,,,,,,,,,,,,0xFF01FE,0,0,0,0,0,0,0,
1351,0,4,0,0x0,17,0,0,17,0,0,2,0,0,,"화염 저항력 +17",,,,,,,,,,,,,,,0xFF01FE,0,0,0,0,0,0,0,
1352,0,4,0,0x0,18,0,0,18,0,0,2,0,0,,"화염 저항력 +18",,,,,,,,,,,,,,,0xFF01FE,0,0,0,0,0,0,0,
1353,0,4,0,0x0,19,0,0,19,0,0,2,0,0,,"화염 저항력 +19",,,,,,,,,,,,,,,0xFF01FE,0,0,0,0,0,0,0,
1354,0,4,0,0x0,20,0,0,20,0,0,2,0,0,,"화염 저항력 +20",,,,,,,,,,,,,,,0xFF01FE,0,0,0,0,0,0,0,
1355,0,4,0,0x0,21,0,0,21,0,0,2,0,0,,"화염 저항력 +21",,,,,,,,,,,,,,,0xFF01FE,0,0,0,0,0,0,0,
1356,0,4,0,0x0,22,0,0,22,0,0,2,0,0,,"화염 저항력 +22",,,,,,,,,,,,,,,0xFF01FE,0,0,0,0,0,0,0,
1357,0,4,0,0x0,23,0,0,23,0,0,2,0,0,,"화염 저항력 +23",,,,,,,,,,,,,,,0xFF01FE,0,0,0,0,0,0,0,
1358,0,4,0,0x0,24,0,0,24,0,0,2,0,0,,"화염 저항력 +24",,,,,,,,,,,,,,,0xFF01FE,0,0,0,0,0,0,0,
1359,0,4,0,0x0,25,0,0,25,0,0,2,0,0,,"화염 저항력 +25",,,,,,,,,,,,,,,0xFF01FE,0,0,0,0,0,0,0,
1360,0,4,0,0x0,26,0,0,26,0,0,2,0,0,,"화염 저항력 +26",,,,,,,,,,,,,,,0xFF01FE,0,0,0,0,0,0,0,
1361,0,4,0,0x0,27,0,0,27,0,0,2,0,0,,"화염 저항력 +27",,,,,,,,,,,,,,,0xFF01FE,0,0,0,0,0,0,0,
1362,0,4,0,0x0,28,0,0,28,0,0,2,0,0,,"화염 저항력 +28",,,,,,,,,,,,,,,0xFF01FE,0,0,0,0,0,0,0,
1363,0,4,0,0x0,29,0,0,29,0,0,2,0,0,,"화염 저항력 +29",,,,,,,,,,,,,,,0xFF01FE,0,0,0,0,0,0,0,
1364,0,4,0,0x0,30,0,0,30,0,0,2,0,0,,"화염 저항력 +30",,,,,,,,,,,,,,,0xFF01FE,0,0,0,0,0,0,0,
1365,0,4,0,0x0,31,0,0,31,0,0,2,0,0,,"화염 저항력 +31",,,,,,,,,,,,,,,0xFF01FE,0,0,0,0,0,0,0,
1366,0,4,0,0x0,32,0,0,32,0,0,2,0,0,,"화염 저항력 +32",,,,,,,,,,,,,,,0xFF01FE,0,0,0,0,0,0,0,
1367,0,4,0,0x0,33,0,0,33,0,0,2,0,0,,"화염 저항력 +33",,,,,,,,,,,,,,,0xFF01FE,0,0,0,0,0,0,0,
1368,0,4,0,0x0,34,0,0,34,0,0,2,0,0,,"화염 저항력 +34",,,,,,,,,,,,,,,0xFF01FE,0,0,0,0,0,0,0,
1369,0,4,0,0x0,35,0,0,35,0,0,2,0,0,,"화염 저항력 +35",,,,,,,,,,,,,,,0xFF01FE,0,0,0,0,0,0,0,
1370,0,4,0,0x0,36,0,0,36,0,0,2,0,0,,"화염 저항력 +36",,,,,,,,,,,,,,,0xFF01FE,0,0,0,0,0,0,0,
1371,0,4,0,0x0,37,0,0,37,0,0,2,0,0,,"화염 저항력 +37",,,,,,,,,,,,,,,0xFF01FE,0,0,0,0,0,0,0,
1372,0,4,0,0x0,38,0,0,38,0,0,2,0,0,,"화염 저항력 +38",,,,,,,,,,,,,,,0xFF01FE,0,0,0,0,0,0,0,
1373,0,4,0,0x0,39,0,0,39,0,0,2,0,0,,"화염 저항력 +39",,,,,,,,,,,,,,,0xFF01FE,0,0,0,0,0,0,0,
1374,0,4,0,0x0,40,0,0,40,0,0,2,0,0,,"화염 저항력 +40",,,,,,,,,,,,,,,0xFF01FE,0,0,0,0,0,0,0,
1375,0,4,0,0x0,41,0,0,41,0,0,2,0,0,,"화염 저항력 +41",,,,,,,,,,,,,,,0xFF01FE,0,0,0,0,0,0,0,
1376,0,4,0,0x0,42,0,0,42,0,0,2,0,0,,"화염 저항력 +42",,,,,,,,,,,,,,,0xFF01FE,0,0,0,0,0,0,0,
1377,0,4,0,0x0,43,0,0,43,0,0,2,0,0,,"화염 저항력 +43",,,,,,,,,,,,,,,0xFF01FE,0,0,0,0,0,0,0,
1378,0,4,0,0x0,44,0,0,44,0,0,2,0,0,,"화염 저항력 +44",,,,,,,,,,,,,,,0xFF01FE,0,0,0,0,0,0,0,
1379,0,4,0,0x0,45,0,0,45,0,0,2,0,0,,"화염 저항력 +45",,,,,,,,,,,,,,,0xFF01FE,0,0,0,0,0,0,0,
1380,0,4,0,0x0,46,0,0,46,0,0,2,0,0,,"화염 저항력 +46",,,,,,,,,,,,,,,0xFF01FE,0,0,0,0,0,0,0,
1381,0,4,0,0x0,1,0,0,1,0,0,3,0,0,,"자연 저항력 +1",,,,,,,,,,,,,,,0xFF01FE,0,0,0,0,0,0,0,
1382,0,4,0,0x0,2,0,0,2,0,0,3,0,0,,"자연 저항력 +2",,,,,,,,,,,,,,,0xFF01FE,0,0,0,0,0,0,0,
1383,0,3,0,0x0,0,0,0,0,0,0,14624,0,0,,"자연 저항력 +3",,,,,,,,,,,,,,,0xFF01FE,0,0,0,0,0,0,0,
1384,0,4,0,0x0,4,0,0,4,0,0,3,0,0,,"자연 저항력 +4",,,,,,,,,,,,,,,0xFF01FE,0,0,0,0,0,0,0,
1385,0,4,0,0x0,5,0,0,5,0,0,3,0,0,,"자연 저항력 +5",,,,,,,,,,,,,,,0xFF01FE,0,0,0,0,0,0,0,
1386,0,4,0,0x0,6,0,0,6,0,0,3,0,0,,"자연 저항력 +6",,,,,,,,,,,,,,,0xFF01FE,0,0,0,0,0,0,0,
1387,0,4,0,0x0,7,0,0,7,0,0,3,0,0,,"자연 저항력 +7",,,,,,,,,,,,,,,0xFF01FE,0,0,0,0,0,0,0,
1388,0,4,0,0x0,8,0,0,8,0,0,3,0,0,,"자연 저항력 +8",,,,,,,,,,,,,,,0xFF01FE,0,0,0,0,0,0,0,
1389,0,4,0,0x0,9,0,0,9,0,0,3,0,0,,"자연 저항력 +9",,,,,,,,,,,,,,,0xFF01FE,0,0,0,0,0,0,0,
1390,0,4,0,0x0,10,0,0,10,0,0,3,0,0,,"자연 저항력 +10",,,,,,,,,,,,,,,0xFF01FE,0,0,0,0,0,0,0,
1391,0,4,0,0x0,11,0,0,11,0,0,3,0,0,,"자연 저항력 +11",,,,,,,,,,,,,,,0xFF01FE,0,0,0,0,0,0,0,
1392,0,4,0,0x0,12,0,0,12,0,0,3,0,0,,"자연 저항력 +12",,,,,,,,,,,,,,,0xFF01FE,0,0,0,0,0,0,0,
1393,0,4,0,0x0,13,0,0,13,0,0,3,0,0,,"자연 저항력 +13",,,,,,,,,,,,,,,0xFF01FE,0,0,0,0,0,0,0,
1394,0,4,0,0x0,14,0,0,14,0,0,3,0,0,,"자연 저항력 +14",,,,,,,,,,,,,,,0xFF01FE,0,0,0,0,0,0,0,
1395,0,4,0,0x0,15,0,0,15,0,0,3,0,0,,"자연 저항력 +15",,,,,,,,,,,,,,,0xFF01FE,0,0,0,0,0,0,0,
1396,0,4,0,0x0,16,0,0,16,0,0,3,0,0,,"자연 저항력 +16",,,,,,,,,,,,,,,0xFF01FE,0,0,0,0,0,0,0,
1397,0,4,0,0x0,17,0,0,17,0,0,3,0,0,,"자연 저항력 +17",,,,,,,,,,,,,,,0xFF01FE,0,0,0,0,0,0,0,
1398,0,4,0,0x0,18,0,0,18,0,0,3,0,0,,"자연 저항력 +18",,,,,,,,,,,,,,,0xFF01FE,0,0,0,0,0,0,0,
1399,0,4,0,0x0,19,0,0,19,0,0,3,0,0,,"자연 저항력 +19",,,,,,,,,,,,,,,0xFF01FE,0,0,0,0,0,0,0,
1400,0,4,0,0x0,20,0,0,20,0,0,3,0,0,,"자연 저항력 +20",,,,,,,,,,,,,,,0xFF01FE,0,0,0,0,0,0,0,
1401,0,4,0,0x0,21,0,0,21,0,0,3,0,0,,"자연 저항력 +21",,,,,,,,,,,,,,,0xFF01FE,0,0,0,0,0,0,0,
1402,0,4,0,0x0,22,0,0,22,0,0,3,0,0,,"자연 저항력 +22",,,,,,,,,,,,,,,0xFF01FE,0,0,0,0,0,0,0,
1403,0,4,0,0x0,23,0,0,23,0,0,3,0,0,,"자연 저항력 +23",,,,,,,,,,,,,,,0xFF01FE,0,0,0,0,0,0,0,
1404,0,4,0,0x0,24,0,0,24,0,0,3,0,0,,"자연 저항력 +24",,,,,,,,,,,,,,,0xFF01FE,0,0,0,0,0,0,0,
1405,0,4,0,0x0,25,0,0,25,0,0,3,0,0,,"자연 저항력 +25",,,,,,,,,,,,,,,0xFF01FE,0,0,0,0,0,0,0,
1406,0,4,0,0x0,26,0,0,26,0,0,3,0,0,,"자연 저항력 +26",,,,,,,,,,,,,,,0xFF01FE,0,0,0,0,0,0,0,
1407,0,4,0,0x0,27,0,0,27,0,0,3,0,0,,"자연 저항력 +27",,,,,,,,,,,,,,,0xFF01FE,0,0,0,0,0,0,0,
1408,0,4,0,0x0,28,0,0,28,0,0,3,0,0,,"자연 저항력 +28",,,,,,,,,,,,,,,0xFF01FE,0,0,0,0,0,0,0,
1409,0,4,0,0x0,29,0,0,29,0,0,3,0,0,,"자연 저항력 +29",,,,,,,,,,,,,,,0xFF01FE,0,0,0,0,0,0,0,
1410,0,4,0,0x0,30,0,0,30,0,0,3,0,0,,"자연 저항력 +30",,,,,,,,,,,,,,,0xFF01FE,0,0,0,0,0,0,0,
1411,0,4,0,0x0,31,0,0,31,0,0,3,0,0,,"자연 저항력 +31",,,,,,,,,,,,,,,0xFF01FE,0,0,0,0,0,0,0,
1412,0,4,0,0x0,32,0,0,32,0,0,3,0,0,,"자연 저항력 +32",,,,,,,,,,,,,,,0xFF01FE,0,0,0,0,0,0,0,
1413,0,4,0,0x0,33,0,0,33,0,0,3,0,0,,"자연 저항력 +33",,,,,,,,,,,,,,,0xFF01FE,0,0,0,0,0,0,0,
1414,0,4,0,0x0,34,0,0,34,0,0,3,0,0,,"자연 저항력 +34",,,,,,,,,,,,,,,0xFF01FE,0,0,0,0,0,0,0,
1415,0,4,0,0x0,35,0,0,35,0,0,3,0,0,,"자연 저항력 +35",,,,,,,,,,,,,,,0xFF01FE,0,0,0,0,0,0,0,
1416,0,4,0,0x0,36,0,0,36,0,0,3,0,0,,"자연 저항력 +36",,,,,,,,,,,,,,,0xFF01FE,0,0,0,0,0,0,0,
1417,0,4,0,0x0,37,0,0,37,0,0,3,0,0,,"자연 저항력 +37",,,,,,,,,,,,,,,0xFF01FE,0,0,0,0,0,0,0,
1418,0,4,0,0x0,38,0,0,38,0,0,3,0,0,,"자연 저항력 +38",,,,,,,,,,,,,,,0xFF01FE,0,0,0,0,0,0,0,
1419,0,4,0,0x0,39,0,0,39,0,0,3,0,0,,"자연 저항력 +39",,,,,,,,,,,,,,,0xFF01FE,0,0,0,0,0,0,0,
1420,0,4,0,0x0,40,0,0,40,0,0,3,0,0,,"자연 저항력 +40",,,,,,,,,,,,,,,0xFF01FE,0,0,0,0,0,0,0,
1421,0,4,0,0x0,41,0,0,41,0,0,3,0,0,,"자연 저항력 +41",,,,,,,,,,,,,,,0xFF01FE,0,0,0,0,0,0,0,
1422,0,4,0,0x0,42,0,0,42,0,0,3,0,0,,"자연 저항력 +42",,,,,,,,,,,,,,,0xFF01FE,0,0,0,0,0,0,0,
1423,0,4,0,0x0,43,0,0,43,0,0,3,0,0,,"자연 저항력 +43",,,,,,,,,,,,,,,0xFF01FE,0,0,0,0,0,0,0,
1424,0,4,0,0x0,44,0,0,44,0,0,3,0,0,,"자연 저항력 +44",,,,,,,,,,,,,,,0xFF01FE,0,0,0,0,0,0,0,
1425,0,4,0,0x0,45,0,0,45,0,0,3,0,0,,"자연 저항력 +45",,,,,,,,,,,,,,,0xFF01FE,0,0,0,0,0,0,0,
1426,0,4,0,0x0,46,0,0,46,0,0,3,0,0,,"자연 저항력 +46",,,,,,,,,,,,,,,0xFF01FE,0,0,0,0,0,0,0,
1427,0,4,0,0x0,1,0,0,1,0,0,5,0,0,,"암흑 저항력 +1",,,,,,,,,,,,,,,0xFF01FE,0,0,0,0,0,0,0,
1428,0,4,0,0x0,2,0,0,2,0,0,5,0,0,,"암흑 저항력 +2",,,,,,,,,,,,,,,0xFF01FE,0,0,0,0,0,0,0,
1429,0,4,0,0x0,3,0,0,3,0,0,5,0,0,,"암흑 저항력 +3",,,,,,,,,,,,,,,0xFF01FE,0,0,0,0,0,0,0,
1430,0,4,0,0x0,4,0,0,4,0,0,5,0,0,,"암흑 저항력 +4",,,,,,,,,,,,,,,0xFF01FE,0,0,0,0,0,0,0,
1431,0,4,0,0x0,5,0,0,5,0,0,5,0,0,,"암흑 저항력 +5",,,,,,,,,,,,,,,0xFF01FE,0,0,0,0,0,0,0,
1432,0,4,0,0x0,6,0,0,6,0,0,5,0,0,,"암흑 저항력 +6",,,,,,,,,,,,,,,0xFF01FE,0,0,0,0,0,0,0,
1433,0,4,0,0x0,7,0,0,7,0,0,5,0,0,,"암흑 저항력 +7",,,,,,,,,,,,,,,0xFF01FE,0,0,0,0,0,0,0,
1434,0,4,0,0x0,8,0,0,8,0,0,5,0,0,,"암흑 저항력 +8",,,,,,,,,,,,,,,0xFF01FE,0,0,0,0,0,0,0,
1435,0,4,0,0x0,9,0,0,9,0,0,5,0,0,,"암흑 저항력 +9",,,,,,,,,,,,,,,0xFF01FE,0,0,0,0,0,0,0,
1436,0,4,0,0x0,10,0,0,10,0,0,5,0,0,,"암흑 저항력 +10",,,,,,,,,,,,,,,0xFF01FE,0,0,0,0,0,0,0,
1437,0,4,0,0x0,11,0,0,11,0,0,5,0,0,,"암흑 저항력 +11",,,,,,,,,,,,,,,0xFF01FE,0,0,0,0,0,0,0,
1438,0,4,0,0x0,12,0,0,12,0,0,5,0,0,,"암흑 저항력 +12",,,,,,,,,,,,,,,0xFF01FE,0,0,0,0,0,0,0,
1439,0,4,0,0x0,13,0,0,13,0,0,5,0,0,,"암흑 저항력 +13",,,,,,,,,,,,,,,0xFF01FE,0,0,0,0,0,0,0,
1440,0,4,0,0x0,14,0,0,14,0,0,5,0,0,,"암흑 저항력 +14",,,,,,,,,,,,,,,0xFF01FE,0,0,0,0,0,0,0,
1441,0,4,0,0x0,15,0,0,15,0,0,5,0,0,,"암흑 저항력 +15",,,,,,,,,,,,,,,0xFF01FE,0,0,0,0,0,0,0,
1442,0,4,0,0x0,16,0,0,16,0,0,5,0,0,,"암흑 저항력 +16",,,,,,,,,,,,,,,0xFF01FE,0,0,0,0,0,0,0,
1443,0,4,0,0x0,17,0,0,17,0,0,5,0,0,,"암흑 저항력 +17",,,,,,,,,,,,,,,0xFF01FE,0,0,0,0,0,0,0,
1444,0,4,0,0x0,18,0,0,18,0,0,5,0,0,,"암흑 저항력 +18",,,,,,,,,,,,,,,0xFF01FE,0,0,0,0,0,0,0,
1445,0,4,0,0x0,19,0,0,19,0,0,5,0,0,,"암흑 저항력 +19",,,,,,,,,,,,,,,0xFF01FE,0,0,0,0,0,0,0,
1446,0,4,0,0x0,20,0,0,20,0,0,5,0,0,,"암흑 저항력 +20",,,,,,,,,,,,,,,0xFF01FE,0,0,0,0,0,0,0,
1447,0,4,0,0x0,21,0,0,21,0,0,5,0,0,,"암흑 저항력 +21",,,,,,,,,,,,,,,0xFF01FE,0,0,0,0,0,0,0,
1448,0,4,0,0x0,22,0,0,22,0,0,5,0,0,,"암흑 저항력 +22",,,,,,,,,,,,,,,0xFF01FE,0,0,0,0,0,0,0,
1449,0,4,0,0x0,23,0,0,23,0,0,5,0,0,,"암흑 저항력 +23",,,,,,,,,,,,,,,0xFF01FE,0,0,0,0,0,0,0,
1450,0,4,0,0x0,24,0,0,24,0,0,5,0,0,,"암흑 저항력 +24",,,,,,,,,,,,,,,0xFF01FE,0,0,0,0,0,0,0,
1451,0,4,0,0x0,25,0,0,25,0,0,5,0,0,,"암흑 저항력 +25",,,,,,,,,,,,,,,0xFF01FE,0,0,0,0,0,0,0,
1452,0,4,0,0x0,26,0,0,26,0,0,5,0,0,,"암흑 저항력 +26",,,,,,,,,,,,,,,0xFF01FE,0,0,0,0,0,0,0,
1453,0,4,0,0x0,27,0,0,27,0,0,5,0,0,,"암흑 저항력 +27",,,,,,,,,,,,,,,0xFF01FE,0,0,0,0,0,0,0,
1454,0,4,0,0x0,28,0,0,28,0,0,5,0,0,,"암흑 저항력 +28",,,,,,,,,,,,,,,0xFF01FE,0,0,0,0,0,0,0,
1455,0,4,0,0x0,29,0,0,29,0,0,5,0,0,,"암흑 저항력 +29",,,,,,,,,,,,,,,0xFF01FE,0,0,0,0,0,0,0,
1456,0,4,0,0x0,30,0,0,30,0,0,5,0,0,,"암흑 저항력 +30",,,,,,,,,,,,,,,0xFF01FE,0,0,0,0,0,0,0,
1457,0,4,0,0x0,31,0,0,31,0,0,5,0,0,,"암흑 저항력 +31",,,,,,,,,,,,,,,0xFF01FE,0,0,0,0,0,0,0,
1458,0,4,0,0x0,32,0,0,32,0,0,5,0,0,,"암흑 저항력 +32",,,,,,,,,,,,,,,0xFF01FE,0,0,0,0,0,0,0,
1459,0,4,0,0x0,33,0,0,33,0,0,5,0,0,,"암흑 저항력 +33",,,,,,,,,,,,,,,0xFF01FE,0,0,0,0,0,0,0,
1460,0,4,0,0x0,34,0,0,34,0,0,5,0,0,,"암흑 저항력 +34",,,,,,,,,,,,,,,0xFF01FE,0,0,0,0,0,0,0,
1461,0,4,0,0x0,35,0,0,35,0,0,5,0,0,,"암흑 저항력 +35",,,,,,,,,,,,,,,0xFF01FE,0,0,0,0,0,0,0,
1462,0,4,0,0x0,36,0,0,36,0,0,5,0,0,,"암흑 저항력 +36",,,,,,,,,,,,,,,0xFF01FE,0,0,0,0,0,0,0,
1463,0,4,0,0x0,37,0,0,37,0,0,5,0,0,,"암흑 저항력 +37",,,,,,,,,,,,,,,0xFF01FE,0,0,0,0,0,0,0,
1464,0,4,0,0x0,38,0,0,38,0,0,5,0,0,,"암흑 저항력 +38",,,,,,,,,,,,,,,0xFF01FE,0,0,0,0,0,0,0,
1465,0,4,0,0x0,39,0,0,39,0,0,5,0,0,,"암흑 저항력 +39",,,,,,,,,,,,,,,0xFF01FE,0,0,0,0,0,0,0,
1466,0,4,0,0x0,40,0,0,40,0,0,5,0,0,,"암흑 저항력 +40",,,,,,,,,,,,,,,0xFF01FE,0,0,0,0,0,0,0,
1467,0,4,0,0x0,41,0,0,41,0,0,5,0,0,,"암흑 저항력 +41",,,,,,,,,,,,,,,0xFF01FE,0,0,0,0,0,0,0,
1468,0,4,0,0x0,42,0,0,42,0,0,5,0,0,,"암흑 저항력 +42",,,,,,,,,,,,,,,0xFF01FE,0,0,0,0,0,0,0,
1469,0,4,0,0x0,43,0,0,43,0,0,5,0,0,,"암흑 저항력 +43",,,,,,,,,,,,,,,0xFF01FE,0,0,0,0,0,0,0,
1470,0,4,0,0x0,44,0,0,44,0,0,5,0,0,,"암흑 저항력 +44",,,,,,,,,,,,,,,0xFF01FE,0,0,0,0,0,0,0,
1471,0,4,0,0x0,45,0,0,45,0,0,5,0,0,,"암흑 저항력 +45",,,,,,,,,,,,,,,0xFF01FE,0,0,0,0,0,0,0,
1472,0,4,0,0x0,46,0,0,46,0,0,5,0,0,,"암흑 저항력 +46",,,,,,,,,,,,,,,0xFF01FE,0,0,0,0,0,0,0,
1483,0,5,0,0x0,150,0,0,150,0,0,0,0,0,,"마나 +150",,,,,,,,,,,,,,,0xFF01FE,0,1,0,0,0,0,50,
1503,0,5,0,0x0,100,0,0,100,0,0,1,0,0,,"생명력 +100",,,,,,,,,,,,,,,0xFF01FE,0,1,0,0,0,0,50,
1504,0,4,0,0x0,125,0,0,125,0,0,0,0,0,,"방어도 +125",,,,,,,,,,,,,,,0xFF01FE,0,1,0,0,0,0,50,
1505,0,4,0,0x0,20,0,0,20,0,0,2,0,0,,"화염 저항력 +20",,,,,,,,,,,,,,,0xFF01FE,0,1,0,0,0,0,50,
1506,0,5,0,0x0,8,0,0,8,0,0,4,0,0,,"힘 +8",,,,,,,,,,,,,,,0xFF01FE,0,1,0,0,0,0,50,
1507,0,5,0,0x0,8,0,0,8,0,0,7,0,0,,"체력 +8",,,,,,,,,,,,,,,0xFF01FE,0,1,0,0,0,0,50,
1508,0,5,0,0x0,8,0,0,8,0,0,3,0,0,,"민첩성 +8",,,,,,,,,,,,,,,0xFF01FE,0,1,0,0,0,0,50,
1509,0,5,0,0x0,8,0,0,8,0,0,5,0,0,,"지능 +8",,,,,,,,,,,,,,,0xFF01FE,0,1,0,0,0,0,50,
1510,0,5,0,0x0,8,0,0,8,0,0,6,0,0,,"정신력 +8",,,,,,,,,,,,,,,0xFF01FE,0,1,0,0,0,0,50,
1523,0,5,4,0x0,85,14,0,85,14,0,0,2,0,,"마나 +85 / 화염 저항력 +14",,,,,,,,,,,,,,,0xFF01FE,0,0,0,0,0,0,0,
1524,0,5,4,0x0,75,14,0,75,14,0,1,2,0,,"생명력 +75 / 화염 저항력 +14",,,,,,,,,,,,,,,0xFF01FE,0,0,0,0,0,0,0,
1525,0,4,4,0x0,110,14,0,110,14,0,0,2,0,,"방어도 +110 / 화염 저항력 +14",,,,,,,,,,,,,,,0xFF01FE,0,0,0,0,0,0,0,
1526,0,3,0,0x0,0,0,0,0,0,0,15440,0,0,,"힘 +10 / 화염 저항력 +14",,,,,,,,,,,,,,,0xFF01FE,0,0,0,0,0,0,0,
1527,0,3,0,0x0,0,0,0,0,0,0,15442,0,0,,"체력 +10 / 화염 저항력 +14",,,,,,,,,,,,,,,0xFF01FE,0,0,0,0,0,0,0,
1528,0,3,0,0x0,0,0,0,0,0,0,15445,0,0,,"민첩성 +10 / 화염 저항력 +14",,,,,,,,,,,,,,,0xFF01FE,0,0,0,0,0,0,0,
1529,0,3,0,0x0,0,0,0,0,0,0,15447,0,0,,"지능 +10 / 화염 저항력 +14",,,,,,,,,,,,,,,0xFF01FE,0,0,0,0,0,0,0,
1530,0,3,0,0x0,0,0,0,0,0,0,15456,0,0,,"정신력 +10 / 화염 저항력 +14",,,,,,,,,,,,,,,0xFF01FE,0,0,0,0,0,0,0,
1531,0,5,5,0x0,10,10,0,10,10,0,4,7,0,,"힘 +10 / 체력+10",,,,,,,,,,,,,,,0xFF01FE,0,0,0,0,0,0,0,
1532,0,3,3,0x0,0,0,0,0,0,0,15462,15461,0,,"힘 +10 / 체력 +10 / 방어도 +110 / 화염 저항력 +15",,,,,,,,,,,,,,,0xFF01FE,0,0,0,0,0,0,0,
1543,0,3,3,0x0,0,0,0,0,0,0,15489,15488,0,,"지능 +10 / 정신력 +10 / 마나 +100 / 화염 저항력 +15",,,,,,,,,,,,,,,0xFF01FE,0,0,0,0,0,0,0,
1563,0,5,0,0x0,2,0,0,2,0,0,38,0,0,,"전투력 +2",,,,,,,,,,,,,,,0xFF01FE,0,0,0,0,0,0,0,
1583,0,5,0,0x0,4,0,0,4,0,0,38,0,0,,"전투력 +4",,,,,,,,,,,,,,,0xFF01FE,0,0,0,0,0,0,0,
1584,0,5,0,0x0,6,0,0,6,0,0,38,0,0,,"전투력 +6",,,,,,,,,,,,,,,0xFF01FE,0,0,0,0,0,0,0,
1585,0,5,0,0x0,8,0,0,8,0,0,38,0,0,,"전투력 +8",,,,,,,,,,,,,,,0xFF01FE,0,0,0,0,0,0,0,
1586,0,5,0,0x0,10,0,0,10,0,0,38,0,0,,"전투력 +10",,,,,,,,,,,,,,,0xFF01FE,0,0,0,0,0,0,0,
1587,0,5,0,0x0,12,0,0,12,0,0,38,0,0,,"전투력 +12",,,,,,,,,,,,,,,0xFF01FE,0,0,0,0,0,0,0,
1588,0,5,0,0x0,14,0,0,14,0,0,38,0,0,,"전투력 +14",,,,,,,,,,,,,,,0xFF01FE,0,0,0,0,0,0,0,
1589,0,5,0,0x0,16,0,0,16,0,0,38,0,0,,"전투력 +16",,,,,,,,,,,,,,,0xFF01FE,0,0,0,0,0,0,0,
1590,0,5,0,0x0,18,0,0,18,0,0,38,0,0,,"전투력 +18",,,,,,,,,,,,,,,0xFF01FE,0,0,0,0,0,0,0,
1591,0,5,0,0x0,20,0,0,20,0,0,38,0,0,,"전투력 +20",,,,,,,,,,,,,,,0xFF01FE,0,0,0,0,0,0,0,
1592,0,5,0,0x0,22,0,0,22,0,0,38,0,0,,"전투력 +22",,,,,,,,,,,,,,,0xFF01FE,0,0,0,0,0,0,0,
1593,0,5,0,0x0,24,0,0,24,0,0,38,0,0,,"전투력 +24",,,,,,,,,,,,,,,0xFF01FE,0,0,0,0,0,0,0,
1594,0,5,0,0x0,26,0,0,26,0,0,38,0,0,,"전투력 +26",,,,,,,,,,,,,,,0xFF01FE,0,0,0,0,0,0,0,
1595,0,5,0,0x0,28,0,0,28,0,0,38,0,0,,"전투력 +28",,,,,,,,,,,,,,,0xFF01FE,0,0,0,0,0,0,0,
1596,0,5,0,0x0,30,0,0,30,0,0,38,0,0,,"전투력 +30",,,,,,,,,,,,,,,0xFF01FE,0,0,0,0,0,0,0,
1597,0,5,0,0x0,32,0,0,32,0,0,38,0,0,,"전투력 +32",,,,,,,,,,,,,,,0xFF01FE,0,0,0,0,0,0,0,
1598,0,5,0,0x0,34,0,0,34,0,0,38,0,0,,"전투력 +34",,,,,,,,,,,,,,,0xFF01FE,0,0,0,0,0,0,0,
1599,0,5,0,0x0,36,0,0,36,0,0,38,0,0,,"전투력 +36",,,,,,,,,,,,,,,0xFF01FE,0,0,0,0,0,0,0,
1600,0,5,0,0x0,38,0,0,38,0,0,38,0,0,,"전투력 +38",,,,,,,,,,,,,,,0xFF01FE,0,0,0,0,0,0,0,
1601,0,5,0,0x0,32,0,0,32,0,0,38,0,0,,"전투력 +32",,,,,,,,,,,,,,,0xFF01FE,0,0,0,0,0,0,0,
1602,0,5,0,0x0,42,0,0,42,0,0,38,0,0,,"전투력 +42",,,,,,,,,,,,,,,0xFF01FE,0,0,0,0,0,0,0,
1603,0,5,0,0x0,44,0,0,44,0,0,38,0,0,,"전투력 +44",,,,,,,,,,,,,,,0xFF01FE,0,0,0,0,0,0,0,
1604,0,5,0,0x0,46,0,0,46,0,0,38,0,0,,"전투력 +46",,,,,,,,,,,,,,,0xFF01FE,0,0,0,0,0,0,0,
1605,0,5,0,0x0,48,0,0,48,0,0,38,0,0,,"전투력 +48",,,,,,,,,,,,,,,0xFF01FE,0,0,0,0,0,0,0,
1606,0,5,0,0x0,50,0,0,50,0,0,38,0,0,,"전투력 +50",,,,,,,,,,,,,,,0xFF01FE,101,0,0,0,0,0,0,
1607,0,5,0,0x0,52,0,0,52,0,0,38,0,0,,"전투력 +52",,,,,,,,,,,,,,,0xFF01FE,0,0,0,0,0,0,0,
1608,0,5,0,0x0,54,0,0,54,0,0,38,0,0,,"전투력 +54",,,,,,,,,,,,,,,0xFF01FE,0,0,0,0,0,0,0,
1609,0,5,0,0x0,56,0,0,56,0,0,38,0,0,,"전투력 +56",,,,,,,,,,,,,,,0xFF01FE,0,0,0,0,0,0,0,
1610,0,5,0,0x0,58,0,0,58,0,0,38,0,0,,"전투력 +58",,,,,,,,,,,,,,,0xFF01FE,0,0,0,0,0,0,0,
1611,0,5,0,0x0,60,0,0,60,0,0,38,0,0,,"전투력 +60",,,,,,,,,,,,,,,0xFF01FE,0,0,0,0,0,0,0,
1612,0,5,0,0x0,62,0,0,62,0,0,38,0,0,,"전투력 +62",,,,,,,,,,,,,,,0xFF01FE,0,0,0,0,0,0,0,
1613,0,5,0,0x0,64,0,0,64,0,0,38,0,0,,"전투력 +64",,,,,,,,,,,,,,,0xFF01FE,0,0,0,0,0,0,0,
1614,0,5,0,0x0,66,0,0,66,0,0,38,0,0,,"전투력 +66",,,,,,,,,,,,,,,0xFF01FE,0,0,0,0,0,0,0,
1615,0,5,0,0x0,68,0,0,68,0,0,38,0,0,,"전투력 +68",,,,,,,,,,,,,,,0xFF01FE,0,0,0,0,0,0,0,
1616,0,5,0,0x0,70,0,0,70,0,0,38,0,0,,"전투력 +70",,,,,,,,,,,,,,,0xFF01FE,0,0,0,0,0,0,0,
1617,0,5,0,0x0,72,0,0,72,0,0,38,0,0,,"전투력 +72",,,,,,,,,,,,,,,0xFF01FE,0,0,0,0,0,0,0,
1618,0,5,0,0x0,74,0,0,74,0,0,38,0,0,,"전투력 +74",,,,,,,,,,,,,,,0xFF01FE,0,0,0,0,0,0,0,
1619,0,5,0,0x0,76,0,0,76,0,0,38,0,0,,"전투력 +76",,,,,,,,,,,,,,,0xFF01FE,0,0,0,0,0,0,0,
1620,0,5,0,0x0,78,0,0,78,0,0,38,0,0,,"전투력 +78",,,,,,,,,,,,,,,0xFF01FE,0,0,0,0,0,0,0,
1621,0,5,0,0x0,80,0,0,80,0,0,38,0,0,,"전투력 +80",,,,,,,,,,,,,,,0xFF01FE,0,0,0,0,0,0,0,
1622,0,5,0,0x0,82,0,0,82,0,0,38,0,0,,"전투력 +82",,,,,,,,,,,,,,,0xFF01FE,0,0,0,0,0,0,0,
1623,0,5,0,0x0,84,0,0,84,0,0,38,0,0,,"전투력 +84",,,,,,,,,,,,,,,0xFF01FE,0,0,0,0,0,0,0,
1624,0,5,0,0x0,86,0,0,86,0,0,38,0,0,,"전투력 +86",,,,,,,,,,,,,,,0xFF01FE,0,0,0,0,0,0,0,
1625,0,5,0,0x0,88,0,0,88,0,0,38,0,0,,"전투력 +88",,,,,,,,,,,,,,,0xFF01FE,0,0,0,0,0,0,0,
1626,0,5,0,0x0,90,0,0,90,0,0,38,0,0,,"전투력 +90",,,,,,,,,,,,,,,0xFF01FE,0,0,0,0,0,0,0,
1627,0,5,0,0x0,92,0,0,92,0,0,38,0,0,,"전투력 +92",,,,,,,,,,,,,,,0xFF01FE,0,0,0,0,0,0,0,
1643,0,2,0,0x0,8,0,0,8,0,0,0,0,0,,"무기 연마 (공격력 +8)",,,,,,,,,,,,,,,0xFF01FE,0,0,0,0,0,0,0,
1663,0,6,0,0x0,16,0,0,16,0,0,0,0,0,,"대지의 무기 5",,,,,,,,,,,,,,,0xFF01FE,61,9,0,0,0,0,0,
1664,0,6,0,0x0,43,0,0,43,0,0,0,0,0,,"대지의 무기 7",,,,,,,,,,,,,,,0xFF01FE,61,9,0,0,0,0,0,
1665,0,3,0,0x0,100,0,0,100,0,0,16311,0,0,,"불꽃의 무기 5",,,,,,,,,,,,,,,0xFF01FE,32,9,0,0,0,0,0,
1666,0,3,0,0x0,100,0,0,100,0,0,16312,0,0,,"불꽃의 무기 6",,,,,,,,,,,,,,,0xFF01FE,32,9,0,0,0,0,0,
1667,0,1,0,0x0,0,0,0,0,0,0,16352,0,0,,"냉기의 무기 4",,,,,,,,,,,,,,,0xFF01FE,33,9,0,0,0,0,0,
1668,0,1,0,0x0,0,0,0,0,0,0,16353,0,0,,"냉기의 무기 5",,,,,,,,,,,,,,,0xFF01FE,33,9,0,0,0,0,0,
1669,0,3,0,0x0,20,0,0,20,0,0,33757,0,0,,"질풍의 무기 4",,,,,,,,,,,,,,,0xFF01FE,81,9,0,0,0,0,0,
1683,0,1,0,0x0,100,0,0,100,0,0,16389,0,0,,"불꽃의 토템 4",,,,,,,,,,,,,,,0xFF01FE,32,7,0,0,0,0,0,
1703,0,2,0,0x0,8,0,0,8,0,0,0,0,0,,"무게 증강 (공격력 +8)",,,,,,,,,,,,,,,0xFF01FE,0,0,0,0,0,0,0,
1704,0,3,0,0x0,0,0,0,0,0,0,16624,0,0,,"토륨 스파이크 (20-30)",,,,,,,,,,,,,,,0xFF01FE,0,0,0,0,0,0,0,
1723,0,1,0,0x0,0,0,0,0,0,0,16870,0,0,,"청명의 전조",,,,,,,,,,,,,,,0xFF01FE,26,1,0,0,0,0,0,
1743,0,1,0,0x0,100,0,0,100,0,0,19109,0,0,,"MHTest02",,,,,,,,,,,,,,,0xFF01FE,105,0,0,0,0,0,0,
1763,0,0,0,0x0,0,0,0,0,0,0,0,0,0,,"냉혈",,,,,,,,,,,,,,,0xFF01FE,33,0,0,0,0,0,0,
1783,0,1,0,0x0,20,0,0,20,0,0,8516,0,0,,"질풍의 토템 1",,,,,,,,,,,,,,,0xFF01FE,81,7,0,0,0,0,0,
1803,0,1,0,0x0,0,0,0,0,0,0,17809,0,0,,"화염석 1",,,,,,,,,,,,,,,0xFF01FE,32,3,0,0,0,0,0,
1823,0,1,0,0x0,0,0,0,0,0,0,17933,0,0,,"화염석 2",,,,,,,,,,,,,,,0xFF01FE,32,3,0,0,0,0,0,
1824,0,1,0,0x0,0,0,0,0,0,0,17934,0,0,,"화염석 3",,,,,,,,,,,,,,,0xFF01FE,32,3,0,0,0,0,0,
1825,0,1,0,0x0,0,0,0,0,0,0,17935,0,0,,"화염석 4",,,,,,,,,,,,,,,0xFF01FE,32,3,0,0,0,0,0,
1843,0,4,0,0x0,40,0,0,40,0,0,0,0,0,,"방어도 보강 (방어도 +40)",,,,,,,,,,,,,,,0xFF01FE,0,0,0,0,0,0,0,
1863,0,1,0,0x0,0,0,0,0,0,0,19267,0,0,,"역순환 2",,,,,,,,,,,,,,,0xFF01FE,107,1,0,0,0,0,0,
1864,0,1,0,0x0,0,0,0,0,0,0,19268,0,0,,"역순환 3",,,,,,,,,,,,,,,0xFF01FE,107,1,0,0,0,0,0,
1865,0,1,0,0x0,0,0,0,0,0,0,19269,0,0,,"역순환 4",,,,,,,,,,,,,,,0xFF01FE,107,1,0,0,0,0,0,
1866,0,1,0,0x0,0,0,0,0,0,0,19270,0,0,,"역순환 5",,,,,,,,,,,,,,,0xFF01FE,107,1,0,0,0,0,0,
1883,0,5,0,0x0,7,0,0,7,0,0,5,0,0,,"지능 +7",,,,,,,,,,,,,,,0xFF01FE,0,0,0,0,0,0,0,
1884,0,5,0,0x0,9,0,0,9,0,0,6,0,0,,"정신력 +9",,,,,,,,,,,,,,,0xFF01FE,0,0,0,0,0,0,0,
1885,0,5,0,0x0,9,0,0,9,0,0,4,0,0,,"힘 +9",,,,,,,,,,,,,,,0xFF01FE,0,0,0,0,0,0,0,
1886,0,5,0,0x0,9,0,0,9,0,0,7,0,0,,"체력 +9",,,,,,,,,,,,,,,0xFF01FE,0,0,0,0,0,0,0,
1887,0,5,0,0x0,7,0,0,7,0,0,3,0,0,,"민첩성 +7",,,,,,,,,,,,,,,0xFF01FE,0,0,0,0,0,0,0,
1888,0,3,0,0x0,0,0,0,0,0,0,19992,0,0,,"모든 저항력 +5",,,,,,,,,,,,,,,0xFF01FE,0,0,0,0,0,0,0,
1889,0,4,0,0x0,70,0,0,70,0,0,0,0,0,,"방어도 +70",,,,,,,,,,,,,,,0xFF01FE,0,0,0,0,0,0,0,
1890,0,5,3,0x0,4,0,0,4,0,0,43,21594,0,,"5초당 마나 및 생명력 회복량 +4",,,,,,,,,,,,,,,0xFF01FE,29,0,0,0,0,0,0,
1891,0,3,0,0x0,0,0,0,0,0,0,19988,0,0,,"모든 능력치 +4",,,,,,,,,,,,,,,0xFF01FE,0,0,0,0,0,0,0,
1892,0,3,0,0x0,0,0,0,0,0,0,19990,0,0,,"생명력 +100",,,,,,,,,,,,,,,0xFF01FE,0,0,0,0,0,0,0,
1893,0,5,0,0x0,100,0,0,100,0,0,0,0,0,,"마나 +100",,,,,,,,,,,,,,,0xFF01FE,0,0,0,0,0,0,0,
1894,0,1,0,0x0,0,0,0,0,0,0,20005,0,0,,"빙결의 무기",,,,,,,,,,,,,,,0xFF01FE,126,0,0,0,0,0,0,
1895,0,2,0,0x0,9,0,0,9,0,0,0,0,0,,"공격력 +9",,,,,,,,,,,,,,,0xFF01FE,2,0,0,0,0,0,0,
1896,0,2,0,0x0,9,0,0,9,0,0,0,0,0,,"무기 공격력 +9",,,,,,,,,,,,,,,0xFF01FE,24,0,0,0,0,0,0,
1897,0,2,0,0x0,5,0,0,5,0,0,0,0,0,,"무기 공격력 +5",,,,,,,,,,,,,,,0xFF01FE,2,0,0,0,0,0,0,
1898,0,1,0,0x0,0,0,0,0,0,0,20004,0,0,,"생명력 흡수",,,,,,,,,,,,,,,0xFF01FE,107,0,0,0,0,0,0,
1899,0,1,0,0x0,0,0,0,0,0,0,20006,0,0,,"부정의 무기",,,,,,,,,,,,,,,0xFF01FE,161,0,0,0,0,0,0,
1900,0,1,0,0x0,0,0,0,0,0,0,20007,0,0,,"성전사",,,,,,,,,,,,,,,0xFF01FE,103,0,0,0,0,0,0,
1901,0,5,0,0x0,9,0,0,9,0,0,5,0,0,,"지능 +9",,,,,,,,,,,,,,,0xFF01FE,29,0,0,0,0,0,0,
1903,0,5,0,0x0,9,0,0,9,0,0,6,0,0,,"정신력 +9",,,,,,,,,,,,,,,0xFF01FE,29,0,0,0,0,0,0,
1904,0,5,0,0x0,9,0,0,9,0,0,5,0,0,,"지능 +9",,,,,,,,,,,,,,,0xFF01FE,29,0,0,0,0,0,0,
1923,0,4,0,0x0,3,0,0,3,0,0,2,0,0,,"화염 저항력 +3",,,,,,,,,,,,,,,0xFF01FE,0,0,0,0,0,0,0,
1943,0,5,0,0x0,12,0,0,12,0,0,12,0,0,,"방어 숙련도 +12",,,,,,,,,,,,,,,0xFF01FE,0,0,0,0,0,0,0,
1944,0,5,0,0x0,8,0,0,8,0,0,12,0,0,,"방어 숙련도 +8",,,,,,,,,,,,,,,0xFF01FE,0,0,0,0,0,0,0,
1945,0,5,0,0x0,9,0,0,9,0,0,12,0,0,,"방어 숙련도 +9",,,,,,,,,,,,,,,0xFF01FE,0,0,0,0,0,0,0,
1946,0,5,0,0x0,10,0,0,10,0,0,12,0,0,,"방어 숙련도 +10",,,,,,,,,,,,,,,0xFF01FE,0,0,0,0,0,0,0,
1947,0,5,0,0x0,11,0,0,11,0,0,12,0,0,,"방어 숙련도 +11",,,,,,,,,,,,,,,0xFF01FE,0,0,0,0,0,0,0,
1948,0,5,0,0x0,13,0,0,13,0,0,12,0,0,,"방어 숙련도 +13",,,,,,,,,,,,,,,0xFF01FE,0,0,0,0,0,0,0,
1949,0,5,0,0x0,14,0,0,14,0,0,12,0,0,,"방어 숙련도 +14",,,,,,,,,,,,,,,0xFF01FE,0,0,0,0,0,0,0,
1950,0,5,0,0x0,15,0,0,15,0,0,12,0,0,,"방어 숙련도 +15",,,,,,,,,,,,,,,0xFF01FE,0,0,0,0,0,0,0,
1951,0,5,0,0x0,16,0,0,16,0,0,12,0,0,,"방어 숙련도 +16",,,,,,,,,,,,,,,0xFF01FE,0,0,0,0,0,0,0,
1952,0,5,0,0x0,20,0,0,20,0,0,12,0,0,,"방어 숙련도 +20",,,,,,,,,,,,,,,0xFF01FE,0,0,0,0,0,0,0,
1953,0,5,0,0x0,22,0,0,22,0,0,12,0,0,,"방어 숙련도 +22",,,,,,,,,,,,,,,0xFF01FE,0,0,0,0,0,0,0,
1954,0,5,0,0x0,25,0,0,25,0,0,12,0,0,,"방어 숙련도 +25",,,,,,,,,,,,,,,0xFF01FE,0,0,0,0,0,0,0,
1955,0,5,0,0x0,32,0,0,32,0,0,12,0,0,,"방어 숙련도 +32",,,,,,,,,,,,,,,0xFF01FE,0,0,0,0,0,0,0,
1956,0,5,0,0x0,17,0,0,17,0,0,12,0,0,,"방어 숙련도 +17",,,,,,,,,,,,,,,0xFF01FE,0,0,0,0,0,0,0,
1957,0,5,0,0x0,18,0,0,18,0,0,12,0,0,,"방어 숙련도 +18",,,,,,,,,,,,,,,0xFF01FE,0,0,0,0,0,0,0,
1958,0,5,0,0x0,19,0,0,19,0,0,12,0,0,,"방어 숙련도 +19",,,,,,,,,,,,,,,0xFF01FE,0,0,0,0,0,0,0,
1959,0,5,0,0x0,21,0,0,21,0,0,12,0,0,,"방어 숙련도 +21",,,,,,,,,,,,,,,0xFF01FE,0,0,0,0,0,0,0,
1960,0,5,0,0x0,23,0,0,23,0,0,12,0,0,,"방어 숙련도 +23",,,,,,,,,,,,,,,0xFF01FE,0,0,0,0,0,0,0,
1961,0,5,0,0x0,24,0,0,24,0,0,12,0,0,,"방어 숙련도 +24",,,,,,,,,,,,,,,0xFF01FE,0,0,0,0,0,0,0,
1962,0,5,0,0x0,26,0,0,26,0,0,12,0,0,,"방어 숙련도 +26",,,,,,,,,,,,,,,0xFF01FE,0,0,0,0,0,0,0,
1963,0,5,0,0x0,27,0,0,27,0,0,12,0,0,,"방어 숙련도 +27",,,,,,,,,,,,,,,0xFF01FE,0,0,0,0,0,0,0,
1964,0,5,0,0x0,28,0,0,28,0,0,12,0,0,,"방어 숙련도 +28",,,,,,,,,,,,,,,0xFF01FE,0,0,0,0,0,0,0,
1965,0,5,0,0x0,29,0,0,29,0,0,12,0,0,,"방어 숙련도 +29",,,,,,,,,,,,,,,0xFF01FE,0,0,0,0,0,0,0,
1966,0,5,0,0x0,30,0,0,30,0,0,12,0,0,,"방어 숙련도 +30",,,,,,,,,,,,,,,0xFF01FE,0,0,0,0,0,0,0,
1967,0,5,0,0x0,31,0,0,31,0,0,12,0,0,,"방어 숙련도 +31",,,,,,,,,,,,,,,0xFF01FE,0,0,0,0,0,0,0,
1968,0,5,0,0x0,33,0,0,33,0,0,12,0,0,,"방어 숙련도 +33",,,,,,,,,,,,,,,0xFF01FE,0,0,0,0,0,0,0,
1969,0,5,0,0x0,34,0,0,34,0,0,12,0,0,,"방어 숙련도 +34",,,,,,,,,,,,,,,0xFF01FE,0,0,0,0,0,0,0,
1970,0,5,0,0x0,35,0,0,35,0,0,12,0,0,,"방어 숙련도 +35",,,,,,,,,,,,,,,0xFF01FE,0,0,0,0,0,0,0,
1971,0,5,0,0x0,36,0,0,36,0,0,12,0,0,,"방어 숙련도 +36",,,,,,,,,,,,,,,0xFF01FE,0,0,0,0,0,0,0,
1972,0,5,0,0x0,37,0,0,37,0,0,12,0,0,,"방어 숙련도 +37",,,,,,,,,,,,,,,0xFF01FE,0,0,0,0,0,0,0,
1973,0,5,0,0x0,38,0,0,38,0,0,12,0,0,,"방어 숙련도 +38",,,,,,,,,,,,,,,0xFF01FE,0,0,0,0,0,0,0,
1983,0,5,0,0x0,5,0,0,5,0,0,15,0,0,,"방패 막기 숙련도 +5",,,,,,,,,,,,,,,0xFF01FE,0,0,0,0,0,0,0,
1984,0,5,0,0x0,10,0,0,10,0,0,15,0,0,,"방패 막기 숙련도 +10",,,,,,,,,,,,,,,0xFF01FE,0,0,0,0,0,0,0,
1985,0,5,0,0x0,15,0,0,15,0,0,15,0,0,,"방패 막기 숙련도 +15",,,,,,,,,,,,,,,0xFF01FE,0,0,0,0,0,0,0,
1986,0,5,0,0x0,20,0,0,20,0,0,15,0,0,,"방패 막기 숙련도 +20",,,,,,,,,,,,,,,0xFF01FE,0,0,0,0,0,0,0,
1987,0,5,5,0x0,2,2,0,2,2,0,15,4,0,,"방어 레벨 14",,,,,,,,,,,,,,,0xFF01FE,0,0,0,0,0,0,0,
1988,0,5,5,0x0,3,3,0,3,3,0,15,4,0,,"방어 레벨 15",,,,,,,,,,,,,,,0xFF01FE,0,0,0,0,0,0,0,
1989,0,5,5,0x0,3,3,0,3,3,0,15,4,0,,"방어 레벨 16",,,,,,,,,,,,,,,0xFF01FE,0,0,0,0,0,0,0,
1990,0,5,5,0x0,4,4,0,4,4,0,15,4,0,,"방어 레벨 17",,,,,,,,,,,,,,,0xFF01FE,0,0,0,0,0,0,0,
1991,0,5,5,0x0,4,4,0,4,4,0,15,4,0,,"방어 레벨 18",,,,,,,,,,,,,,,0xFF01FE,0,0,0,0,0,0,0,
1992,0,5,5,0x0,5,5,0,5,5,0,15,4,0,,"방어 레벨 19",,,,,,,,,,,,,,,0xFF01FE,0,0,0,0,0,0,0,
1993,0,5,5,0x0,5,5,0,5,5,0,15,4,0,,"방어 레벨 20",,,,,,,,,,,,,,,0xFF01FE,0,0,0,0,0,0,0,
1994,0,5,5,0x0,6,6,0,6,6,0,15,4,0,,"방어 레벨 21",,,,,,,,,,,,,,,0xFF01FE,0,0,0,0,0,0,0,
1995,0,5,5,0x0,6,6,0,6,6,0,15,4,0,,"방어 레벨 22",,,,,,,,,,,,,,,0xFF01FE,0,0,0,0,0,0,0,
1996,0,5,5,0x0,7,7,0,7,7,0,15,4,0,,"방어 레벨 23",,,,,,,,,,,,,,,0xFF01FE,0,0,0,0,0,0,0,
1997,0,5,5,0x0,7,7,0,7,7,0,15,4,0,,"방어 레벨 24",,,,,,,,,,,,,,,0xFF01FE,0,0,0,0,0,0,0,
1998,0,5,5,0x0,8,8,0,8,8,0,15,4,0,,"방어 레벨 25",,,,,,,,,,,,,,,0xFF01FE,0,0,0,0,0,0,0,
1999,0,5,5,0x0,8,8,0,8,8,0,15,4,0,,"방어 레벨 26",,,,,,,,,,,,,,,0xFF01FE,0,0,0,0,0,0,0,
2000,0,5,5,0x0,9,9,0,9,9,0,15,4,0,,"방어 레벨 27",,,,,,,,,,,,,,,0xFF01FE,0,0,0,0,0,0,0,
2001,0,5,5,0x0,9,9,0,9,9,0,15,4,0,,"방어 레벨 28",,,,,,,,,,,,,,,0xFF01FE,0,0,0,0,0,0,0,
2002,0,5,5,0x0,9,9,0,9,9,0,15,4,0,,"방어 레벨 29",,,,,,,,,,,,,,,0xFF01FE,0,0,0,0,0,0,0,
2003,0,5,5,0x0,9,9,0,9,9,0,15,4,0,,"방어 레벨 30",,,,,,,,,,,,,,,0xFF01FE,0,0,0,0,0,0,0,
2004,0,5,5,0x0,10,10,0,10,10,0,15,4,0,,"방어 레벨 31",,,,,,,,,,,,,,,0xFF01FE,0,0,0,0,0,0,0,
2005,0,5,5,0x0,10,10,0,10,10,0,15,4,0,,"방어 레벨 32",,,,,,,,,,,,,,,0xFF01FE,0,0,0,0,0,0,0,
2006,0,5,5,0x0,10,10,0,10,10,0,15,4,0,,"방어 레벨 33",,,,,,,,,,,,,,,0xFF01FE,0,0,0,0,0,0,0,
2007,0,5,5,0x0,10,10,0,10,10,0,15,4,0,,"방어 레벨 34",,,,,,,,,,,,,,,0xFF01FE,0,0,0,0,0,0,0,
2008,0,5,5,0x0,11,11,0,11,11,0,15,4,0,,"방어 레벨 35",,,,,,,,,,,,,,,0xFF01FE,0,0,0,0,0,0,0,
2009,0,5,5,0x0,11,11,0,11,11,0,15,4,0,,"방어 레벨 36",,,,,,,,,,,,,,,0xFF01FE,0,0,0,0,0,0,0,
2010,0,5,5,0x0,12,12,0,12,12,0,15,4,0,,"방어 레벨 37",,,,,,,,,,,,,,,0xFF01FE,0,0,0,0,0,0,0,
2011,0,5,5,0x0,12,12,0,12,12,0,15,4,0,,"방어 레벨 38",,,,,,,,,,,,,,,0xFF01FE,0,0,0,0,0,0,0,
2012,0,5,5,0x0,12,12,0,12,12,0,15,4,0,,"방어 레벨 39",,,,,,,,,,,,,,,0xFF01FE,0,0,0,0,0,0,0,
2013,0,5,5,0x0,12,12,0,12,12,0,15,4,0,,"방어 레벨 40",,,,,,,,,,,,,,,0xFF01FE,0,0,0,0,0,0,0,
2014,0,5,5,0x0,12,12,0,12,12,0,15,4,0,,"방어 레벨 41",,,,,,,,,,,,,,,0xFF01FE,0,0,0,0,0,0,0,
2015,0,5,5,0x0,12,12,0,12,12,0,15,4,0,,"방어 레벨 42",,,,,,,,,,,,,,,0xFF01FE,0,0,0,0,0,0,0,
2016,0,5,5,0x0,12,12,0,12,12,0,15,4,0,,"방어 레벨 43",,,,,,,,,,,,,,,0xFF01FE,0,0,0,0,0,0,0,
2017,0,5,5,0x0,12,12,0,12,12,0,15,4,0,,"방어 레벨 44",,,,,,,,,,,,,,,0xFF01FE,0,0,0,0,0,0,0,
2018,0,5,5,0x0,13,13,0,13,13,0,15,4,0,,"방어 레벨 45",,,,,,,,,,,,,,,0xFF01FE,0,0,0,0,0,0,0,
2019,0,5,5,0x0,13,13,0,13,13,0,15,4,0,,"방어 레벨 46",,,,,,,,,,,,,,,0xFF01FE,0,0,0,0,0,0,0,
2020,0,5,5,0x0,14,14,0,14,14,0,15,4,0,,"방어 레벨 47",,,,,,,,,,,,,,,0xFF01FE,0,0,0,0,0,0,0,
2021,0,5,5,0x0,14,14,0,14,14,0,15,4,0,,"방어 레벨 48",,,,,,,,,,,,,,,0xFF01FE,0,0,0,0,0,0,0,
2022,0,5,5,0x0,14,14,0,14,14,0,15,4,0,,"방어 레벨 49",,,,,,,,,,,,,,,0xFF01FE,0,0,0,0,0,0,0,
2023,0,5,5,0x0,14,14,0,14,14,0,15,4,0,,"방어 레벨 50",,,,,,,,,,,,,,,0xFF01FE,0,0,0,0,0,0,0,
2024,0,5,5,0x0,15,15,0,15,15,0,15,4,0,,"방어 레벨 51",,,,,,,,,,,,,,,0xFF01FE,0,0,0,0,0,0,0,
2025,0,5,5,0x0,15,15,0,15,15,0,15,4,0,,"방어 레벨 52",,,,,,,,,,,,,,,0xFF01FE,0,0,0,0,0,0,0,
2026,0,5,5,0x0,16,16,0,16,16,0,15,4,0,,"방어 레벨 53",,,,,,,,,,,,,,,0xFF01FE,0,0,0,0,0,0,0,
2027,0,5,5,0x0,16,16,0,16,16,0,15,4,0,,"방어 레벨 54",,,,,,,,,,,,,,,0xFF01FE,0,0,0,0,0,0,0,
2028,0,5,5,0x0,16,16,0,16,16,0,15,4,0,,"방어 레벨 55",,,,,,,,,,,,,,,0xFF01FE,0,0,0,0,0,0,0,
2029,0,5,5,0x0,16,16,0,16,16,0,15,4,0,,"방어 레벨 56",,,,,,,,,,,,,,,0xFF01FE,0,0,0,0,0,0,0,
2030,0,5,5,0x0,17,17,0,17,17,0,15,4,0,,"방어 레벨 57",,,,,,,,,,,,,,,0xFF01FE,0,0,0,0,0,0,0,
2031,0,5,5,0x0,17,17,0,17,17,0,15,4,0,,"방어 레벨 58",,,,,,,,,,,,,,,0xFF01FE,0,0,0,0,0,0,0,
2032,0,5,5,0x0,18,18,0,18,18,0,15,4,0,,"방어 레벨 59",,,,,,,,,,,,,,,0xFF01FE,0,0,0,0,0,0,0,
2033,0,5,5,0x0,18,18,0,18,18,0,15,4,0,,"방어 레벨 60",,,,,,,,,,,,,,,0xFF01FE,0,0,0,0,0,0,0,
2034,0,5,5,0x0,18,18,0,18,18,0,15,4,0,,"방어 레벨 61",,,,,,,,,,,,,,,0xFF01FE,0,0,0,0,0,0,0,
2035,0,5,5,0x0,18,18,0,18,18,0,15,4,0,,"방어 레벨 62",,,,,,,,,,,,,,,0xFF01FE,0,0,0,0,0,0,0,
2036,0,5,5,0x0,19,19,0,19,19,0,15,4,0,,"방어 레벨 63",,,,,,,,,,,,,,,0xFF01FE,0,0,0,0,0,0,0,
2037,0,5,5,0x0,19,19,0,19,19,0,15,4,0,,"방어 레벨 64",,,,,,,,,,,,,,,0xFF01FE,0,0,0,0,0,0,0,
2038,0,5,5,0x0,20,20,0,20,20,0,15,4,0,,"방어 레벨 65",,,,,,,,,,,,,,,0xFF01FE,0,0,0,0,0,0,0,
2039,0,5,5,0x0,20,20,0,20,20,0,15,4,0,,"방어 레벨 66",,,,,,,,,,,,,,,0xFF01FE,0,0,0,0,0,0,0,
2040,0,5,0,0x0,2,0,0,2,0,0,39,0,0,,"원거리 전투력 +2",,,,,,,,,,,,,,,0xFF01FE,0,0,0,0,0,0,0,
2041,0,5,0,0x0,5,0,0,5,0,0,39,0,0,,"원거리 전투력 +5",,,,,,,,,,,,,,,0xFF01FE,0,0,0,0,0,0,0,
2042,0,5,0,0x0,7,0,0,7,0,0,39,0,0,,"원거리 전투력 +7",,,,,,,,,,,,,,,0xFF01FE,0,0,0,0,0,0,0,
2043,0,5,0,0x0,10,0,0,10,0,0,39,0,0,,"원거리 전투력 +10",,,,,,,,,,,,,,,0xFF01FE,0,0,0,0,0,0,0,
2044,0,5,0,0x0,12,0,0,12,0,0,39,0,0,,"원거리 전투력 +12",,,,,,,,,,,,,,,0xFF01FE,0,0,0,0,0,0,0,
2045,0,5,0,0x0,14,0,0,14,0,0,39,0,0,,"원거리 전투력 +14",,,,,,,,,,,,,,,0xFF01FE,0,0,0,0,0,0,0,
2046,0,5,0,0x0,17,0,0,17,0,0,39,0,0,,"원거리 전투력 +17",,,,,,,,,,,,,,,0xFF01FE,0,0,0,0,0,0,0,
2047,0,5,0,0x0,19,0,0,19,0,0,39,0,0,,"원거리 전투력 +19",,,,,,,,,,,,,,,0xFF01FE,0,0,0,0,0,0,0,
2048,0,5,0,0x0,22,0,0,22,0,0,39,0,0,,"원거리 전투력 +22",,,,,,,,,,,,,,,0xFF01FE,0,0,0,0,0,0,0,
2049,0,5,0,0x0,24,0,0,24,0,0,39,0,0,,"원거리 전투력 +24",,,,,,,,,,,,,,,0xFF01FE,0,0,0,0,0,0,0,
2050,0,5,0,0x0,26,0,0,26,0,0,39,0,0,,"원거리 전투력 +26",,,,,,,,,,,,,,,0xFF01FE,0,0,0,0,0,0,0,
2051,0,5,0,0x0,29,0,0,29,0,0,39,0,0,,"원거리 전투력 +29",,,,,,,,,,,,,,,0xFF01FE,0,0,0,0,0,0,0,
2052,0,5,0,0x0,31,0,0,31,0,0,39,0,0,,"원거리 전투력 +31",,,,,,,,,,,,,,,0xFF01FE,0,0,0,0,0,0,0,
2053,0,5,0,0x0,34,0,0,34,0,0,39,0,0,,"원거리 전투력 +34",,,,,,,,,,,,,,,0xFF01FE,0,0,0,0,0,0,0,
2054,0,5,0,0x0,36,0,0,36,0,0,39,0,0,,"원거리 전투력 +36",,,,,,,,,,,,,,,0xFF01FE,0,0,0,0,0,0,0,
2055,0,5,0,0x0,38,0,0,38,0,0,39,0,0,,"원거리 전투력 +38",,,,,,,,,,,,,,,0xFF01FE,0,0,0,0,0,0,0,
2056,0,5,0,0x0,41,0,0,41,0,0,39,0,0,,"원거리 전투력 +41",,,,,,,,,,,,,,,0xFF01FE,0,0,0,0,0,0,0,
2057,0,5,0,0x0,43,0,0,43,0,0,39,0,0,,"원거리 전투력 +43",,,,,,,,,,,,,,,0xFF01FE,0,0,0,0,0,0,0,
2058,0,5,0,0x0,46,0,0,46,0,0,39,0,0,,"원거리 전투력 +46",,,,,,,,,,,,,,,0xFF01FE,0,0,0,0,0,0,0,
2059,0,5,0,0x0,48,0,0,48,0,0,39,0,0,,"원거리 전투력 +48",,,,,,,,,,,,,,,0xFF01FE,0,0,0,0,0,0,0,
2060,0,5,0,0x0,50,0,0,50,0,0,39,0,0,,"원거리 전투력 +50",,,,,,,,,,,,,,,0xFF01FE,0,0,0,0,0,0,0,
2061,0,5,0,0x0,53,0,0,53,0,0,39,0,0,,"원거리 전투력 +53",,,,,,,,,,,,,,,0xFF01FE,0,0,0,0,0,0,0,
2062,0,5,0,0x0,55,0,0,55,0,0,39,0,0,,"원거리 전투력 +55",,,,,,,,,,,,,,,0xFF01FE,0,0,0,0,0,0,0,
2063,0,5,0,0x0,58,0,0,58,0,0,39,0,0,,"원거리 전투력 +58",,,,,,,,,,,,,,,0xFF01FE,0,0,0,0,0,0,0,
2064,0,5,0,0x0,60,0,0,60,0,0,39,0,0,,"원거리 전투력 +60",,,,,,,,,,,,,,,0xFF01FE,0,0,0,0,0,0,0,
2065,0,5,0,0x0,62,0,0,62,0,0,39,0,0,,"원거리 전투력 +62",,,,,,,,,,,,,,,0xFF01FE,0,0,0,0,0,0,0,
2066,0,5,0,0x0,65,0,0,65,0,0,39,0,0,,"원거리 전투력 +65",,,,,,,,,,,,,,,0xFF01FE,0,0,0,0,0,0,0,
2067,0,5,0,0x0,67,0,0,67,0,0,39,0,0,,"원거리 전투력 +67",,,,,,,,,,,,,,,0xFF01FE,0,0,0,0,0,0,0,
2068,0,5,0,0x0,70,0,0,70,0,0,39,0,0,,"원거리 전투력 +70",,,,,,,,,,,,,,,0xFF01FE,0,0,0,0,0,0,0,
2069,0,5,0,0x0,72,0,0,72,0,0,39,0,0,,"원거리 전투력 +72",,,,,,,,,,,,,,,0xFF01FE,0,0,0,0,0,0,0,
2070,0,5,0,0x0,74,0,0,74,0,0,39,0,0,,"원거리 전투력 +74",,,,,,,,,,,,,,,0xFF01FE,0,0,0,0,0,0,0,
2071,0,5,0,0x0,77,0,0,77,0,0,39,0,0,,"원거리 전투력 +77",,,,,,,,,,,,,,,0xFF01FE,0,0,0,0,0,0,0,
2072,0,5,0,0x0,79,0,0,79,0,0,39,0,0,,"원거리 전투력 +79",,,,,,,,,,,,,,,0xFF01FE,0,0,0,0,0,0,0,
2073,0,5,0,0x0,82,0,0,82,0,0,39,0,0,,"원거리 전투력 +82",,,,,,,,,,,,,,,0xFF01FE,0,0,0,0,0,0,0,
2074,0,5,0,0x0,84,0,0,84,0,0,39,0,0,,"원거리 전투력 +84",,,,,,,,,,,,,,,0xFF01FE,0,0,0,0,0,0,0,
2075,0,5,0,0x0,86,0,0,86,0,0,39,0,0,,"원거리 전투력 +86",,,,,,,,,,,,,,,0xFF01FE,0,0,0,0,0,0,0,
2076,0,5,0,0x0,89,0,0,89,0,0,39,0,0,,"원거리 전투력 +89",,,,,,,,,,,,,,,0xFF01FE,0,0,0,0,0,0,0,
2077,0,5,0,0x0,91,0,0,91,0,0,39,0,0,,"원거리 전투력 +91",,,,,,,,,,,,,,,0xFF01FE,0,0,0,0,0,0,0,
2078,0,5,0,0x0,12,0,0,12,0,0,13,0,0,,"회피 숙련도 +12",,,,,,,,,,,,,,,0xFF01FE,0,0,0,0,0,0,0,
2079,0,3,0,0x0,0,0,0,0,0,0,13590,0,0,,"비전 주문 공격력 +1",,,,,,,,,,,,,,,0xFF01FE,0,0,0,0,0,0,0,
2080,0,3,0,0x0,0,0,0,0,0,0,13591,0,0,,"비전 주문 공격력 +3",,,,,,,,,,,,,,,0xFF01FE,0,0,0,0,0,0,0,
2081,0,3,0,0x0,4,0,0,4,0,0,13592,0,0,,"비전 주문 공격력 +4",,,,,,,,,,,,,,,0xFF01FE,0,0,0,0,0,0,0,
2082,0,3,0,0x0,0,0,0,0,0,0,13593,0,0,,"비전 주문 공격력 +6",,,,,,,,,,,,,,,0xFF01FE,0,0,0,0,0,0,0,
2083,0,3,0,0x0,0,0,0,0,0,0,13594,0,0,,"비전 주문 공격력 +7",,,,,,,,,,,,,,,0xFF01FE,0,0,0,0,0,0,0,
2084,0,3,0,0x0,0,0,0,0,0,0,13595,0,0,,"비전 주문 공격력 +9",,,,,,,,,,,,,,,0xFF01FE,0,0,0,0,0,0,0,
2085,0,3,0,0x0,0,0,0,0,0,0,13596,0,0,,"비전 주문 공격력 +10",,,,,,,,,,,,,,,0xFF01FE,0,0,0,0,0,0,0,
2086,0,3,0,0x0,0,0,0,0,0,0,13597,0,0,,"비전 주문 공격력 +11",,,,,,,,,,,,,,,0xFF01FE,0,0,0,0,0,0,0,
2087,0,3,0,0x0,0,0,0,0,0,0,13598,0,0,,"비전 주문 공격력 +13",,,,,,,,,,,,,,,0xFF01FE,0,0,0,0,0,0,0,
2088,0,3,0,0x0,0,0,0,0,0,0,13599,0,0,,"비전 주문 공격력 +14",,,,,,,,,,,,,,,0xFF01FE,0,0,0,0,0,0,0,
2089,0,3,0,0x0,0,0,0,0,0,0,13601,0,0,,"비전 주문 공격력 +16",,,,,,,,,,,,,,,0xFF01FE,0,0,0,0,0,0,0,
2090,0,3,0,0x0,0,0,0,0,0,0,13602,0,0,,"비전 주문 공격력 +17",,,,,,,,,,,,,,,0xFF01FE,0,0,0,0,0,0,0,
2091,0,3,0,0x0,0,0,0,0,0,0,13603,0,0,,"비전 주문 공격력 +19",,,,,,,,,,,,,,,0xFF01FE,0,0,0,0,0,0,0,
2092,0,3,0,0x0,0,0,0,0,0,0,13604,0,0,,"비전 주문 공격력 +20",,,,,,,,,,,,,,,0xFF01FE,0,0,0,0,0,0,0,
2093,0,3,0,0x0,0,0,0,0,0,0,13605,0,0,,"비전 주문 공격력 +21",,,,,,,,,,,,,,,0xFF01FE,0,0,0,0,0,0,0,
2094,0,3,0,0x0,0,0,0,0,0,0,17821,0,0,,"비전 주문 공격력 +23",,,,,,,,,,,,,,,0xFF01FE,0,0,0,0,0,0,0,
2095,0,3,0,0x0,0,0,0,0,0,0,17822,0,0,,"비전 주문 공격력 +24",,,,,,,,,,,,,,,0xFF01FE,0,0,0,0,0,0,0,
2096,0,3,0,0x0,0,0,0,0,0,0,17823,0,0,,"비전 주문 공격력 +26",,,,,,,,,,,,,,,0xFF01FE,0,0,0,0,0,0,0,
2097,0,3,0,0x0,0,0,0,0,0,0,17824,0,0,,"비전 주문 공격력 +27",,,,,,,,,,,,,,,0xFF01FE,0,0,0,0,0,0,0,
2098,0,3,0,0x0,0,0,0,0,0,0,17825,0,0,,"비전 주문 공격력 +29",,,,,,,,,,,,,,,0xFF01FE,0,0,0,0,0,0,0,
2099,0,3,0,0x0,0,0,0,0,0,0,17826,0,0,,"비전 주문 공격력 +30",,,,,,,,,,,,,,,0xFF01FE,0,0,0,0,0,0,0,
2100,0,3,0,0x0,0,0,0,0,0,0,17827,0,0,,"비전 주문 공격력 +31",,,,,,,,,,,,,,,0xFF01FE,0,0,0,0,0,0,0,
2101,0,3,0,0x0,0,0,0,0,0,0,17828,0,0,,"비전 주문 공격력 +33",,,,,,,,,,,,,,,0xFF01FE,0,0,0,0,0,0,0,
2102,0,3,0,0x0,0,0,0,0,0,0,17829,0,0,,"비전 주문 공격력 +34",,,,,,,,,,,,,,,0xFF01FE,0,0,0,0,0,0,0,
2103,0,3,0,0x0,0,0,0,0,0,0,17830,0,0,,"비전 주문 공격력 +36",,,,,,,,,,,,,,,0xFF01FE,0,0,0,0,0,0,0,
2104,0,3,0,0x0,0,0,0,0,0,0,17832,0,0,,"비전 주문 공격력 +37",,,,,,,,,,,,,,,0xFF01FE,0,0,0,0,0,0,0,
2105,0,3,0,0x0,0,0,0,0,0,0,17837,0,0,,"비전 주문 공격력 +39",,,,,,,,,,,,,,,0xFF01FE,0,0,0,0,0,0,0,
2106,0,3,0,0x0,0,0,0,0,0,0,17838,0,0,,"비전 주문 공격력 +40",,,,,,,,,,,,,,,0xFF01FE,0,0,0,0,0,0,0,
2107,0,3,0,0x0,0,0,0,0,0,0,17839,0,0,,"비전 주문 공격력 +41",,,,,,,,,,,,,,,0xFF01FE,0,0,0,0,0,0,0,
2108,0,3,0,0x0,0,0,0,0,0,0,17840,0,0,,"비전 주문 공격력 +43",,,,,,,,,,,,,,,0xFF01FE,0,0,0,0,0,0,0,
2109,0,3,0,0x0,0,0,0,0,0,0,17841,0,0,,"비전 주문 공격력 +44",,,,,,,,,,,,,,,0xFF01FE,0,0,0,0,0,0,0,
2110,0,3,0,0x0,0,0,0,0,0,0,17842,0,0,,"비전 주문 공격력 +46",,,,,,,,,,,,,,,0xFF01FE,0,0,0,0,0,0,0,
2111,0,3,0,0x0,0,0,0,0,0,0,17844,0,0,,"비전 주문 공격력 +47",,,,,,,,,,,,,,,0xFF01FE,0,0,0,0,0,0,0,
2112,0,3,0,0x0,0,0,0,0,0,0,17845,0,0,,"비전 주문 공격력 +49",,,,,,,,,,,,,,,0xFF01FE,0,0,0,0,0,0,0,
2113,0,3,0,0x0,0,0,0,0,0,0,17846,0,0,,"비전 주문 공격력 +50",,,,,,,,,,,,,,,0xFF01FE,0,0,0,0,0,0,0,
2114,0,3,0,0x0,0,0,0,0,0,0,17847,0,0,,"비전 주문 공격력 +51",,,,,,,,,,,,,,,0xFF01FE,0,0,0,0,0,0,0,
2115,0,3,0,0x0,0,0,0,0,0,0,17848,0,0,,"비전 주문 공격력 +53",,,,,,,,,,,,,,,0xFF01FE,0,0,0,0,0,0,0,
2116,0,3,0,0x0,0,0,0,0,0,0,17849,0,0,,"비전 주문 공격력 +54",,,,,,,,,,,,,,,0xFF01FE,0,0,0,0,0,0,0,
2117,0,3,0,0x0,0,0,0,0,0,0,7704,0,0,,"암흑 주문 공격력 +1",,,,,,,,,,,,,,,0xFF01FE,0,0,0,0,0,0,0,
2118,0,3,0,0x0,0,0,0,0,0,0,7705,0,0,,"암흑 주문 공격력 +3",,,,,,,,,,,,,,,0xFF01FE,0,0,0,0,0,0,0,
2119,0,3,0,0x0,0,0,0,0,0,0,7706,0,0,,"암흑 주문 공격력 +4",,,,,,,,,,,,,,,0xFF01FE,0,0,0,0,0,0,0,
2120,0,3,0,0x0,0,0,0,0,0,0,7707,0,0,,"암흑 주문 공격력 +6",,,,,,,,,,,,,,,0xFF01FE,0,0,0,0,0,0,0,
2121,0,3,0,0x0,0,0,0,0,0,0,7708,0,0,,"암흑 주문 공격력 +7",,,,,,,,,,,,,,,0xFF01FE,0,0,0,0,0,0,0,
2122,0,3,0,0x0,0,0,0,0,0,0,7710,0,0,,"암흑 주문 공격력 +9",,,,,,,,,,,,,,,0xFF01FE,0,0,0,0,0,0,0,
2123,0,3,0,0x0,0,0,0,0,0,0,7709,0,0,,"암흑 주문 공격력 +10",,,,,,,,,,,,,,,0xFF01FE,0,0,0,0,0,0,0,
2124,0,3,0,0x0,0,0,0,0,0,0,9412,0,0,,"암흑 주문 공격력 +11",,,,,,,,,,,,,,,0xFF01FE,0,0,0,0,0,0,0,
2125,0,3,0,0x0,0,0,0,0,0,0,9413,0,0,,"암흑 주문 공격력 +13",,,,,,,,,,,,,,,0xFF01FE,0,0,0,0,0,0,0,
2126,0,3,0,0x0,0,0,0,0,0,0,9414,0,0,,"암흑 주문 공격력 +14",,,,,,,,,,,,,,,0xFF01FE,0,0,0,0,0,0,0,
2127,0,3,0,0x0,0,0,0,0,0,0,9324,0,0,,"암흑 주문 공격력 +16",,,,,,,,,,,,,,,0xFF01FE,0,0,0,0,0,0,0,
2128,0,3,0,0x0,0,0,0,0,0,0,9325,0,0,,"암흑 주문 공격력 +17",,,,,,,,,,,,,,,0xFF01FE,0,0,0,0,0,0,0,
2129,0,3,0,0x0,0,0,0,0,0,0,9326,0,0,,"암흑 주문 공격력 +19",,,,,,,,,,,,,,,0xFF01FE,0,0,0,0,0,0,0,
2130,0,3,0,0x0,0,0,0,0,0,0,9327,0,0,,"암흑 주문 공격력 +20",,,,,,,,,,,,,,,0xFF01FE,0,0,0,0,0,0,0,
2131,0,3,0,0x0,0,0,0,0,0,0,9328,0,0,,"암흑 주문 공격력 +21",,,,,,,,,,,,,,,0xFF01FE,0,0,0,0,0,0,0,
2132,0,3,0,0x0,0,0,0,0,0,0,14793,0,0,,"암흑 주문 공격력 +23",,,,,,,,,,,,,,,0xFF01FE,0,0,0,0,0,0,0,
2133,0,3,0,0x0,0,0,0,0,0,0,14794,0,0,,"암흑 주문 공격력 +24",,,,,,,,,,,,,,,0xFF01FE,0,0,0,0,0,0,0,
2134,0,3,0,0x0,0,0,0,0,0,0,18008,0,0,,"암흑 주문 공격력 +26",,,,,,,,,,,,,,,0xFF01FE,0,0,0,0,0,0,0,
2135,0,3,0,0x0,0,0,0,0,0,0,18009,0,0,,"암흑 주문 공격력 +27",,,,,,,,,,,,,,,0xFF01FE,0,0,0,0,0,0,0,
2136,0,3,0,0x0,0,0,0,0,0,0,18010,0,0,,"암흑 주문 공격력 +29",,,,,,,,,,,,,,,0xFF01FE,0,0,0,0,0,0,0,
2137,0,3,0,0x0,0,0,0,0,0,0,18011,0,0,,"암흑 주문 공격력 +30",,,,,,,,,,,,,,,0xFF01FE,0,0,0,0,0,0,0,
2138,0,3,0,0x0,0,0,0,0,0,0,18012,0,0,,"암흑 주문 공격력 +31",,,,,,,,,,,,,,,0xFF01FE,0,0,0,0,0,0,0,
2139,0,3,0,0x0,0,0,0,0,0,0,18013,0,0,,"암흑 주문 공격력 +33",,,,,,,,,,,,,,,0xFF01FE,0,0,0,0,0,0,0,
2140,0,3,0,0x0,0,0,0,0,0,0,18014,0,0,,"암흑 주문 공격력 +34",,,,,,,,,,,,,,,0xFF01FE,0,0,0,0,0,0,0,
2141,0,3,0,0x0,0,0,0,0,0,0,18015,0,0,,"암흑 주문 공격력 +36",,,,,,,,,,,,,,,0xFF01FE,0,0,0,0,0,0,0,
2142,0,3,0,0x0,0,0,0,0,0,0,18016,0,0,,"암흑 주문 공격력 +37",,,,,,,,,,,,,,,0xFF01FE,0,0,0,0,0,0,0,
2143,0,3,0,0x0,0,0,0,0,0,0,18017,0,0,,"암흑 주문 공격력 +39",,,,,,,,,,,,,,,0xFF01FE,0,0,0,0,0,0,0,
2144,0,3,0,0x0,0,0,0,0,0,0,18018,0,0,,"암흑 주문 공격력 +40",,,,,,,,,,,,,,,0xFF01FE,0,0,0,0,0,0,0,
2145,0,3,0,0x0,0,0,0,0,0,0,18019,0,0,,"암흑 주문 공격력 +41",,,,,,,,,,,,,,,0xFF01FE,0,0,0,0,0,0,0,
2146,0,3,0,0x0,0,0,0,0,0,0,18020,0,0,,"암흑 주문 공격력 +43",,,,,,,,,,,,,,,0xFF01FE,0,0,0,0,0,0,0,
2147,0,3,0,0x0,0,0,0,0,0,0,18021,0,0,,"암흑 주문 공격력 +44",,,,,,,,,,,,,,,0xFF01FE,0,0,0,0,0,0,0,
2148,0,3,0,0x0,0,0,0,0,0,0,18022,0,0,,"암흑 주문 공격력 +46",,,,,,,,,,,,,,,0xFF01FE,0,0,0,0,0,0,0,
2149,0,3,0,0x0,0,0,0,0,0,0,18023,0,0,,"암흑 주문 공격력 +47",,,,,,,,,,,,,,,0xFF01FE,0,0,0,0,0,0,0,
2150,0,3,0,0x0,0,0,0,0,0,0,18024,0,0,,"암흑 주문 공격력 +49",,,,,,,,,,,,,,,0xFF01FE,0,0,0,0,0,0,0,
2151,0,3,0,0x0,0,0,0,0,0,0,18025,0,0,,"암흑 주문 공격력 +50",,,,,,,,,,,,,,,0xFF01FE,0,0,0,0,0,0,0,
2152,0,3,0,0x0,0,0,0,0,0,0,18026,0,0,,"암흑 주문 공격력 +51",,,,,,,,,,,,,,,0xFF01FE,0,0,0,0,0,0,0,
2153,0,3,0,0x0,0,0,0,0,0,0,18027,0,0,,"암흑 주문 공격력 +53",,,,,,,,,,,,,,,0xFF01FE,0,0,0,0,0,0,0,
2154,0,3,0,0x0,0,0,0,0,0,0,18028,0,0,,"암흑 주문 공격력 +54",,,,,,,,,,,,,,,0xFF01FE,0,0,0,0,0,0,0,
2155,0,3,0,0x0,0,0,0,0,0,0,7683,0,0,,"화염 주문 공격력 +1",,,,,,,,,,,,,,,0xFF01FE,0,0,0,0,0,0,0,
2156,0,3,0,0x0,0,0,0,0,0,0,7684,0,0,,"화염 주문 공격력 +3",,,,,,,,,,,,,,,0xFF01FE,0,0,0,0,0,0,0,
2157,0,3,0,0x0,0,0,0,0,0,0,7685,0,0,,"화염 주문 공격력 +4",,,,,,,,,,,,,,,0xFF01FE,0,0,0,0,0,0,0,
2158,0,3,0,0x0,0,0,0,0,0,0,7686,0,0,,"화염 주문 공격력 +6",,,,,,,,,,,,,,,0xFF01FE,0,0,0,0,0,0,0,
2159,0,3,0,0x0,0,0,0,0,0,0,7687,0,0,,"화염 주문 공격력 +7",,,,,,,,,,,,,,,0xFF01FE,0,0,0,0,0,0,0,
2160,0,3,0,0x0,0,0,0,0,0,0,7688,0,0,,"화염 주문 공격력 +9",,,,,,,,,,,,,,,0xFF01FE,0,0,0,0,0,0,0,
2161,0,3,0,0x0,0,0,0,0,0,0,7689,0,0,,"화염 주문 공격력 +10",,,,,,,,,,,,,,,0xFF01FE,0,0,0,0,0,0,0,
2162,0,3,0,0x0,0,0,0,0,0,0,9399,0,0,,"화염 주문 공격력 +11",,,,,,,,,,,,,,,0xFF01FE,0,0,0,0,0,0,0,
2163,0,3,0,0x0,0,0,0,0,0,0,9400,0,0,,"화염 주문 공격력 +13",,,,,,,,,,,,,,,0xFF01FE,0,0,0,0,0,0,0,
2164,0,3,0,0x0,0,0,0,0,0,0,9401,0,0,,"화염 주문 공격력 +14",,,,,,,,,,,,,,,0xFF01FE,0,0,0,0,0,0,0,
2165,0,3,0,0x0,0,0,0,0,0,0,9294,0,0,,"화염 주문 공격력 +16",,,,,,,,,,,,,,,0xFF01FE,0,0,0,0,0,0,0,
2166,0,3,0,0x0,0,0,0,0,0,0,9295,0,0,,"화염 주문 공격력 +17",,,,,,,,,,,,,,,0xFF01FE,0,0,0,0,0,0,0,
2167,0,3,0,0x0,0,0,0,0,0,0,9296,0,0,,"화염 주문 공격력 +19",,,,,,,,,,,,,,,0xFF01FE,0,0,0,0,0,0,0,
2168,0,3,0,0x0,0,0,0,0,0,0,9297,0,0,,"화염 주문 공격력 +20",,,,,,,,,,,,,,,0xFF01FE,0,0,0,0,0,0,0,
2169,0,3,0,0x0,0,0,0,0,0,0,9298,0,0,,"화염 주문 공격력 +21",,,,,,,,,,,,,,,0xFF01FE,0,0,0,0,0,0,0,
2170,0,3,0,0x0,0,0,0,0,0,0,17747,0,0,,"화염 주문 공격력 +23",,,,,,,,,,,,,,,0xFF01FE,0,0,0,0,0,0,0,
2171,0,3,0,0x0,0,0,0,0,0,0,17866,0,0,,"화염 주문 공격력 +24",,,,,,,,,,,,,,,0xFF01FE,0,0,0,0,0,0,0,
2172,0,3,0,0x0,0,0,0,0,0,0,17867,0,0,,"화염 주문 공격력 +26",,,,,,,,,,,,,,,0xFF01FE,0,0,0,0,0,0,0,
2173,0,3,0,0x0,0,0,0,0,0,0,17868,0,0,,"화염 주문 공격력 +27",,,,,,,,,,,,,,,0xFF01FE,0,0,0,0,0,0,0,
2174,0,3,0,0x0,0,0,0,0,0,0,13830,0,0,,"화염 주문 공격력 +29",,,,,,,,,,,,,,,0xFF01FE,0,0,0,0,0,0,0,
2175,0,3,0,0x0,0,0,0,0,0,0,17869,0,0,,"화염 주문 공격력 +30",,,,,,,,,,,,,,,0xFF01FE,0,0,0,0,0,0,0,
2176,0,3,0,0x0,0,0,0,0,0,0,17870,0,0,,"화염 주문 공격력 +31",,,,,,,,,,,,,,,0xFF01FE,0,0,0,0,0,0,0,
2177,0,3,0,0x0,0,0,0,0,0,0,17871,0,0,,"화염 주문 공격력 +33",,,,,,,,,,,,,,,0xFF01FE,0,0,0,0,0,0,0,
2178,0,3,0,0x0,0,0,0,0,0,0,17872,0,0,,"화염 주문 공격력 +34",,,,,,,,,,,,,,,0xFF01FE,0,0,0,0,0,0,0,
2179,0,3,0,0x0,0,0,0,0,0,0,17873,0,0,,"화염 주문 공격력 +36",,,,,,,,,,,,,,,0xFF01FE,0,0,0,0,0,0,0,
2180,0,3,0,0x0,0,0,0,0,0,0,17874,0,0,,"화염 주문 공격력 +37",,,,,,,,,,,,,,,0xFF01FE,0,0,0,0,0,0,0,
2181,0,3,0,0x0,0,0,0,0,0,0,17684,0,0,,"화염 주문 공격력 +39",,,,,,,,,,,,,,,0xFF01FE,0,0,0,0,0,0,0,
2182,0,3,0,0x0,0,0,0,0,0,0,17875,0,0,,"화염 주문 공격력 +40",,,,,,,,,,,,,,,0xFF01FE,0,0,0,0,0,0,0,
2183,0,3,0,0x0,0,0,0,0,0,0,17876,0,0,,"화염 주문 공격력 +41",,,,,,,,,,,,,,,0xFF01FE,0,0,0,0,0,0,0,
2184,0,3,0,0x0,0,0,0,0,0,0,17878,0,0,,"화염 주문 공격력 +43",,,,,,,,,,,,,,,0xFF01FE,0,0,0,0,0,0,0,
2185,0,3,0,0x0,0,0,0,0,0,0,17879,0,0,,"화염 주문 공격력 +44",,,,,,,,,,,,,,,0xFF01FE,0,0,0,0,0,0,0,
2186,0,3,0,0x0,0,0,0,0,0,0,17880,0,0,,"화염 주문 공격력 +46",,,,,,,,,,,,,,,0xFF01FE,0,0,0,0,0,0,0,
2187,0,3,0,0x0,0,0,0,0,0,0,17881,0,0,,"화염 주문 공격력 +47",,,,,,,,,,,,,,,0xFF01FE,0,0,0,0,0,0,0,
2188,0,3,0,0x0,0,0,0,0,0,0,17882,0,0,,"화염 주문 공격력 +49",,,,,,,,,,,,,,,0xFF01FE,0,0,0,0,0,0,0,
2189,0,3,0,0x0,0,0,0,0,0,0,17884,0,0,,"화염 주문 공격력 +50",,,,,,,,,,,,,,,0xFF01FE,0,0,0,0,0,0,0,
2190,0,3,0,0x0,0,0,0,0,0,0,17885,0,0,,"화염 주문 공격력 +51",,,,,,,,,,,,,,,0xFF01FE,0,0,0,0,0,0,0,
2191,0,3,0,0x0,0,0,0,0,0,0,17886,0,0,,"화염 주문 공격력 +53",,,,,,,,,,,,,,,0xFF01FE,0,0,0,0,0,0,0,
2192,0,3,0,0x0,0,0,0,0,0,0,17887,0,0,,"화염 주문 공격력 +54",,,,,,,,,,,,,,,0xFF01FE,0,0,0,0,0,0,0,
2193,0,3,0,0x0,0,0,0,0,0,0,21499,0,0,,"신성 주문 공격력 +1",,,,,,,,,,,,,,,0xFF01FE,0,0,0,0,0,0,0,
2194,0,3,0,0x0,0,0,0,0,0,0,21500,0,0,,"신성 주문 공격력 +3",,,,,,,,,,,,,,,0xFF01FE,0,0,0,0,0,0,0,
2195,0,3,0,0x0,0,0,0,0,0,0,21501,0,0,,"신성 주문 공격력 +4",,,,,,,,,,,,,,,0xFF01FE,0,0,0,0,0,0,0,
2196,0,3,0,0x0,0,0,0,0,0,0,21502,0,0,,"신성 주문 공격력 +6",,,,,,,,,,,,,,,0xFF01FE,0,0,0,0,0,0,0,
2197,0,3,0,0x0,0,0,0,0,0,0,21503,0,0,,"신성 주문 공격력 +7",,,,,,,,,,,,,,,0xFF01FE,0,0,0,0,0,0,0,
2198,0,3,0,0x0,0,0,0,0,0,0,21504,0,0,,"신성 주문 공격력 +9",,,,,,,,,,,,,,,0xFF01FE,0,0,0,0,0,0,0,
2199,0,3,0,0x0,0,0,0,0,0,0,21505,0,0,,"신성 주문 공격력 +10",,,,,,,,,,,,,,,0xFF01FE,0,0,0,0,0,0,0,
2200,0,3,0,0x0,0,0,0,0,0,0,21506,0,0,,"신성 주문 공격력 +11",,,,,,,,,,,,,,,0xFF01FE,0,0,0,0,0,0,0,
2201,0,3,0,0x0,0,0,0,0,0,0,21507,0,0,,"신성 주문 공격력 +13",,,,,,,,,,,,,,,0xFF01FE,0,0,0,0,0,0,0,
2202,0,3,0,0x0,0,0,0,0,0,0,21508,0,0,,"신성 주문 공격력 +14",,,,,,,,,,,,,,,0xFF01FE,0,0,0,0,0,0,0,
2203,0,3,0,0x0,0,0,0,0,0,0,21509,0,0,,"신성 주문 공격력 +16",,,,,,,,,,,,,,,0xFF01FE,0,0,0,0,0,0,0,
2204,0,3,0,0x0,0,0,0,0,0,0,21510,0,0,,"신성 주문 공격력 +17",,,,,,,,,,,,,,,0xFF01FE,0,0,0,0,0,0,0,
2205,0,3,0,0x0,0,0,0,0,0,0,21511,0,0,,"신성 주문 공격력 +19",,,,,,,,,,,,,,,0xFF01FE,0,0,0,0,0,0,0,
2206,0,3,0,0x0,0,0,0,0,0,0,21512,0,0,,"신성 주문 공격력 +20",,,,,,,,,,,,,,,0xFF01FE,0,0,0,0,0,0,0,
2207,0,3,0,0x0,0,0,0,0,0,0,21513,0,0,,"신성 주문 공격력 +21",,,,,,,,,,,,,,,0xFF01FE,0,0,0,0,0,0,0,
2208,0,3,0,0x0,0,0,0,0,0,0,21514,0,0,,"신성 주문 공격력 +23",,,,,,,,,,,,,,,0xFF01FE,0,0,0,0,0,0,0,
2209,0,3,0,0x0,0,0,0,0,0,0,21515,0,0,,"신성 주문 공격력 +24",,,,,,,,,,,,,,,0xFF01FE,0,0,0,0,0,0,0,
2210,0,3,0,0x0,0,0,0,0,0,0,21516,0,0,,"신성 주문 공격력 +26",,,,,,,,,,,,,,,0xFF01FE,0,0,0,0,0,0,0,
2211,0,3,0,0x0,0,0,0,0,0,0,21517,0,0,,"신성 주문 공격력 +27",,,,,,,,,,,,,,,0xFF01FE,0,0,0,0,0,0,0,
2212,0,3,0,0x0,0,0,0,0,0,0,21518,0,0,,"신성 주문 공격력 +29",,,,,,,,,,,,,,,0xFF01FE,0,0,0,0,0,0,0,
2213,0,3,0,0x0,0,0,0,0,0,0,21519,0,0,,"신성 주문 공격력 +30",,,,,,,,,,,,,,,0xFF01FE,0,0,0,0,0,0,0,
2214,0,3,0,0x0,0,0,0,0,0,0,21520,0,0,,"신성 주문 공격력 +31",,,,,,,,,,,,,,,0xFF01FE,0,0,0,0,0,0,0,
2215,0,3,0,0x0,0,0,0,0,0,0,21521,0,0,,"신성 주문 공격력 +33",,,,,,,,,,,,,,,0xFF01FE,0,0,0,0,0,0,0,
2216,0,3,0,0x0,0,0,0,0,0,0,21522,0,0,,"신성 주문 공격력 +34",,,,,,,,,,,,,,,0xFF01FE,0,0,0,0,0,0,0,
2217,0,3,0,0x0,0,0,0,0,0,0,21523,0,0,,"신성 주문 공격력 +36",,,,,,,,,,,,,,,0xFF01FE,0,0,0,0,0,0,0,
2218,0,3,0,0x0,0,0,0,0,0,0,21524,0,0,,"신성 주문 공격력 +37",,,,,,,,,,,,,,,0xFF01FE,0,0,0,0,0,0,0,
2219,0,3,0,0x0,0,0,0,0,0,0,21525,0,0,,"신성 주문 공격력 +39",,,,,,,,,,,,,,,0xFF01FE,0,0,0,0,0,0,0,
2220,0,3,0,0x0,0,0,0,0,0,0,21526,0,0,,"신성 주문 공격력 +40",,,,,,,,,,,,,,,0xFF01FE,0,0,0,0,0,0,0,
2221,0,3,0,0x0,0,0,0,0,0,0,21527,0,0,,"신성 주문 공격력 +41",,,,,,,,,,,,,,,0xFF01FE,0,0,0,0,0,0,0,
2222,0,3,0,0x0,0,0,0,0,0,0,21528,0,0,,"신성 주문 공격력 +43",,,,,,,,,,,,,,,0xFF01FE,0,0,0,0,0,0,0,
2223,0,3,0,0x0,0,0,0,0,0,0,21529,0,0,,"신성 주문 공격력 +44",,,,,,,,,,,,,,,0xFF01FE,0,0,0,0,0,0,0,
2224,0,3,0,0x0,0,0,0,0,0,0,21530,0,0,,"신성 주문 공격력 +46",,,,,,,,,,,,,,,0xFF01FE,0,0,0,0,0,0,0,
2225,0,3,0,0x0,0,0,0,0,0,0,21531,0,0,,"신성 주문 공격력 +47",,,,,,,,,,,,,,,0xFF01FE,0,0,0,0,0,0,0,
2226,0,3,0,0x0,0,0,0,0,0,0,21532,0,0,,"신성 주문 공격력 +49",,,,,,,,,,,,,,,0xFF01FE,0,0,0,0,0,0,0,
2227,0,3,0,0x0,0,0,0,0,0,0,21533,0,0,,"신성 주문 공격력 +50",,,,,,,,,,,,,,,0xFF01FE,0,0,0,0,0,0,0,
2228,0,3,0,0x0,0,0,0,0,0,0,21534,0,0,,"신성 주문 공격력 +51",,,,,,,,,,,,,,,0xFF01FE,0,0,0,0,0,0,0,
2229,0,3,0,0x0,0,0,0,0,0,0,21535,0,0,,"신성 주문 공격력 +53",,,,,,,,,,,,,,,0xFF01FE,0,0,0,0,0,0,0,
2230,0,3,0,0x0,0,0,0,0,0,0,21536,0,0,,"신성 주문 공격력 +54",,,,,,,,,,,,,,,0xFF01FE,0,0,0,0,0,0,0,
2231,0,3,0,0x0,0,0,0,0,0,0,7697,0,0,,"냉기 주문 공격력 +1",,,,,,,,,,,,,,,0xFF01FE,0,0,0,0,0,0,0,
2232,0,3,0,0x0,0,0,0,0,0,0,7698,0,0,,"냉기 주문 공격력 +3",,,,,,,,,,,,,,,0xFF01FE,0,0,0,0,0,0,0,
2233,0,3,0,0x0,0,0,0,0,0,0,7699,0,0,,"냉기 주문 공격력 +4",,,,,,,,,,,,,,,0xFF01FE,0,0,0,0,0,0,0,
2234,0,3,0,0x0,0,0,0,0,0,0,7700,0,0,,"냉기 주문 공격력 +6",,,,,,,,,,,,,,,0xFF01FE,0,0,0,0,0,0,0,
2235,0,3,0,0x0,0,0,0,0,0,0,7701,0,0,,"냉기 주문 공격력 +7",,,,,,,,,,,,,,,0xFF01FE,0,0,0,0,0,0,0,
2236,0,3,0,0x0,0,0,0,0,0,0,7702,0,0,,"냉기 주문 공격력 +9",,,,,,,,,,,,,,,0xFF01FE,0,0,0,0,0,0,0,
2237,0,3,0,0x0,0,0,0,0,0,0,7703,0,0,,"냉기 주문 공격력 +10",,,,,,,,,,,,,,,0xFF01FE,0,0,0,0,0,0,0,
2238,0,3,0,0x0,0,0,0,0,0,0,9402,0,0,,"냉기 주문 공격력 +11",,,,,,,,,,,,,,,0xFF01FE,0,0,0,0,0,0,0,
2239,0,3,0,0x0,0,0,0,0,0,0,9403,0,0,,"냉기 주문 공격력 +13",,,,,,,,,,,,,,,0xFF01FE,0,0,0,0,0,0,0,
2240,0,3,0,0x0,0,0,0,0,0,0,9404,0,0,,"냉기 주문 공격력 +14",,,,,,,,,,,,,,,0xFF01FE,0,0,0,0,0,0,0,
2241,0,3,0,0x0,0,0,0,0,0,0,9304,0,0,,"냉기 주문 공격력 +16",,,,,,,,,,,,,,,0xFF01FE,0,0,0,0,0,0,0,
2242,0,3,0,0x0,0,0,0,0,0,0,9305,0,0,,"냉기 주문 공격력 +17",,,,,,,,,,,,,,,0xFF01FE,0,0,0,0,0,0,0,
2243,0,3,0,0x0,0,0,0,0,0,0,9306,0,0,,"냉기 주문 공격력 +19",,,,,,,,,,,,,,,0xFF01FE,0,0,0,0,0,0,0,
2244,0,3,0,0x0,0,0,0,0,0,0,9307,0,0,,"냉기 주문 공격력 +20",,,,,,,,,,,,,,,0xFF01FE,0,0,0,0,0,0,0,
2245,0,3,0,0x0,0,0,0,0,0,0,9308,0,0,,"냉기 주문 공격력 +21",,,,,,,,,,,,,,,0xFF01FE,0,0,0,0,0,0,0,
2246,0,3,0,0x0,0,0,0,0,0,0,17889,0,0,,"냉기 주문 공격력 +23",,,,,,,,,,,,,,,0xFF01FE,0,0,0,0,0,0,0,
2247,0,3,0,0x0,0,0,0,0,0,0,17890,0,0,,"냉기 주문 공격력 +24",,,,,,,,,,,,,,,0xFF01FE,0,0,0,0,0,0,0,
2248,0,3,0,0x0,0,0,0,0,0,0,17891,0,0,,"냉기 주문 공격력 +26",,,,,,,,,,,,,,,0xFF01FE,0,0,0,0,0,0,0,
2249,0,3,0,0x0,0,0,0,0,0,0,17892,0,0,,"냉기 주문 공격력 +27",,,,,,,,,,,,,,,0xFF01FE,0,0,0,0,0,0,0,
2250,0,3,0,0x0,0,0,0,0,0,0,13831,0,0,,"냉기 주문 공격력 +29",,,,,,,,,,,,,,,0xFF01FE,0,0,0,0,0,0,0,
2251,0,3,0,0x0,0,0,0,0,0,0,17893,0,0,,"냉기 주문 공격력 +30",,,,,,,,,,,,,,,0xFF01FE,0,0,0,0,0,0,0,
2252,0,3,0,0x0,0,0,0,0,0,0,17894,0,0,,"냉기 주문 공격력 +31",,,,,,,,,,,,,,,0xFF01FE,0,0,0,0,0,0,0,
2253,0,3,0,0x0,0,0,0,0,0,0,17895,0,0,,"냉기 주문 공격력 +33",,,,,,,,,,,,,,,0xFF01FE,0,0,0,0,0,0,0,
2254,0,3,0,0x0,0,0,0,0,0,0,17896,0,0,,"냉기 주문 공격력 +34",,,,,,,,,,,,,,,0xFF01FE,0,0,0,0,0,0,0,
2255,0,3,0,0x0,0,0,0,0,0,0,17897,0,0,,"냉기 주문 공격력 +36",,,,,,,,,,,,,,,0xFF01FE,0,0,0,0,0,0,0,
2256,0,3,0,0x0,0,0,0,0,0,0,17898,0,0,,"냉기 주문 공격력 +37",,,,,,,,,,,,,,,0xFF01FE,0,0,0,0,0,0,0,
2257,0,3,0,0x0,0,0,0,0,0,0,17899,0,0,,"냉기 주문 공격력 +39",,,,,,,,,,,,,,,0xFF01FE,0,0,0,0,0,0,0,
2258,0,3,0,0x0,0,0,0,0,0,0,17900,0,0,,"냉기 주문 공격력 +40",,,,,,,,,,,,,,,0xFF01FE,0,0,0,0,0,0,0,
2259,0,3,0,0x0,0,0,0,0,0,0,17901,0,0,,"냉기 주문 공격력 +41",,,,,,,,,,,,,,,0xFF01FE,0,0,0,0,0,0,0,
2260,0,3,0,0x0,0,0,0,0,0,0,17902,0,0,,"냉기 주문 공격력 +43",,,,,,,,,,,,,,,0xFF01FE,0,0,0,0,0,0,0,
2261,0,3,0,0x0,0,0,0,0,0,0,17903,0,0,,"냉기 주문 공격력 +44",,,,,,,,,,,,,,,0xFF01FE,0,0,0,0,0,0,0,
2262,0,3,0,0x0,0,0,0,0,0,0,17905,0,0,,"냉기 주문 공격력 +46",,,,,,,,,,,,,,,0xFF01FE,0,0,0,0,0,0,0,
2263,0,3,0,0x0,0,0,0,0,0,0,17906,0,0,,"냉기 주문 공격력 +47",,,,,,,,,,,,,,,0xFF01FE,0,0,0,0,0,0,0,
2264,0,3,0,0x0,0,0,0,0,0,0,17907,0,0,,"냉기 주문 공격력 +49",,,,,,,,,,,,,,,0xFF01FE,0,0,0,0,0,0,0,
2265,0,3,0,0x0,0,0,0,0,0,0,17908,0,0,,"냉기 주문 공격력 +50",,,,,,,,,,,,,,,0xFF01FE,0,0,0,0,0,0,0,
2266,0,3,0,0x0,0,0,0,0,0,0,17909,0,0,,"냉기 주문 공격력 +51",,,,,,,,,,,,,,,0xFF01FE,0,0,0,0,0,0,0,
2267,0,3,0,0x0,0,0,0,0,0,0,17910,0,0,,"냉기 주문 공격력 +53",,,,,,,,,,,,,,,0xFF01FE,0,0,0,0,0,0,0,
2268,0,3,0,0x0,0,0,0,0,0,0,17911,0,0,,"냉기 주문 공격력 +54",,,,,,,,,,,,,,,0xFF01FE,0,0,0,0,0,0,0,
2269,0,3,0,0x0,0,0,0,0,0,0,7690,0,0,,"자연 주문 공격력 +1",,,,,,,,,,,,,,,0xFF01FE,0,0,0,0,0,0,0,
2270,0,3,0,0x0,0,0,0,0,0,0,7691,0,0,,"자연 주문 공격력 +3",,,,,,,,,,,,,,,0xFF01FE,0,0,0,0,0,0,0,
2271,0,3,0,0x0,0,0,0,0,0,0,7692,0,0,,"자연 주문 공격력 +4",,,,,,,,,,,,,,,0xFF01FE,0,0,0,0,0,0,0,
2272,0,3,0,0x0,0,0,0,0,0,0,7693,0,0,,"자연 주문 공격력 +6",,,,,,,,,,,,,,,0xFF01FE,0,0,0,0,0,0,0,
2273,0,3,0,0x0,0,0,0,0,0,0,7694,0,0,,"자연 주문 공격력 +7",,,,,,,,,,,,,,,0xFF01FE,0,0,0,0,0,0,0,
2274,0,3,0,0x0,0,0,0,0,0,0,7695,0,0,,"자연 주문 공격력 +9",,,,,,,,,,,,,,,0xFF01FE,0,0,0,0,0,0,0,
2275,0,3,0,0x0,0,0,0,0,0,0,7696,0,0,,"자연 주문 공격력 +10",,,,,,,,,,,,,,,0xFF01FE,0,0,0,0,0,0,0,
2276,0,3,0,0x0,0,0,0,0,0,0,9409,0,0,,"자연 주문 공격력 +11",,,,,,,,,,,,,,,0xFF01FE,0,0,0,0,0,0,0,
2277,0,3,0,0x0,0,0,0,0,0,0,9410,0,0,,"자연 주문 공격력 +13",,,,,,,,,,,,,,,0xFF01FE,0,0,0,0,0,0,0,
2278,0,3,0,0x0,0,0,0,0,0,0,9411,0,0,,"자연 주문 공격력 +14",,,,,,,,,,,,,,,0xFF01FE,0,0,0,0,0,0,0,
2279,0,3,0,0x0,0,0,0,0,0,0,9357,0,0,,"자연 주문 공격력 +16",,,,,,,,,,,,,,,0xFF01FE,0,0,0,0,0,0,0,
2280,0,3,0,0x0,0,0,0,0,0,0,9358,0,0,,"자연 주문 공격력 +17",,,,,,,,,,,,,,,0xFF01FE,0,0,0,0,0,0,0,
2281,0,3,0,0x0,0,0,0,0,0,0,9359,0,0,,"자연 주문 공격력 +19",,,,,,,,,,,,,,,0xFF01FE,0,0,0,0,0,0,0,
2282,0,3,0,0x0,0,0,0,0,0,0,9360,0,0,,"자연 주문 공격력 +20",,,,,,,,,,,,,,,0xFF01FE,0,0,0,0,0,0,0,
2283,0,3,0,0x0,0,0,0,0,0,0,9361,0,0,,"자연 주문 공격력 +21",,,,,,,,,,,,,,,0xFF01FE,0,0,0,0,0,0,0,
2284,0,3,0,0x0,0,0,0,0,0,0,17987,0,0,,"자연 주문 공격력 +23",,,,,,,,,,,,,,,0xFF01FE,0,0,0,0,0,0,0,
2285,0,3,0,0x0,0,0,0,0,0,0,17988,0,0,,"자연 주문 공격력 +24",,,,,,,,,,,,,,,0xFF01FE,0,0,0,0,0,0,0,
2286,0,3,0,0x0,0,0,0,0,0,0,17989,0,0,,"자연 주문 공격력 +26",,,,,,,,,,,,,,,0xFF01FE,0,0,0,0,0,0,0,
2287,0,3,0,0x0,0,0,0,0,0,0,17990,0,0,,"자연 주문 공격력 +27",,,,,,,,,,,,,,,0xFF01FE,0,0,0,0,0,0,0,
2288,0,3,0,0x0,0,0,0,0,0,0,17819,0,0,,"자연 주문 공격력 +29",,,,,,,,,,,,,,,0xFF01FE,0,0,0,0,0,0,0,
2289,0,3,0,0x0,0,0,0,0,0,0,17991,0,0,,"자연 주문 공격력 +30",,,,,,,,,,,,,,,0xFF01FE,0,0,0,0,0,0,0,
2290,0,3,0,0x0,0,0,0,0,0,0,17992,0,0,,"자연 주문 공격력 +31",,,,,,,,,,,,,,,0xFF01FE,0,0,0,0,0,0,0,
2291,0,3,0,0x0,0,0,0,0,0,0,17993,0,0,,"자연 주문 공격력 +33",,,,,,,,,,,,,,,0xFF01FE,0,0,0,0,0,0,0,
2292,0,3,0,0x0,0,0,0,0,0,0,16638,0,0,,"자연 주문 공격력 +34",,,,,,,,,,,,,,,0xFF01FE,0,0,0,0,0,0,0,
2293,0,3,0,0x0,0,0,0,0,0,0,17994,0,0,,"자연 주문 공격력 +36",,,,,,,,,,,,,,,0xFF01FE,0,0,0,0,0,0,0,
2294,0,3,0,0x0,0,0,0,0,0,0,17995,0,0,,"자연 주문 공격력 +37",,,,,,,,,,,,,,,0xFF01FE,0,0,0,0,0,0,0,
2295,0,3,0,0x0,0,0,0,0,0,0,17996,0,0,,"자연 주문 공격력 +39",,,,,,,,,,,,,,,0xFF01FE,0,0,0,0,0,0,0,
2296,0,3,0,0x0,0,0,0,0,0,0,17997,0,0,,"자연 주문 공격력 +40",,,,,,,,,,,,,,,0xFF01FE,0,0,0,0,0,0,0,
2297,0,3,0,0x0,0,0,0,0,0,0,17998,0,0,,"자연 주문 공격력 +41",,,,,,,,,,,,,,,0xFF01FE,0,0,0,0,0,0,0,
2298,0,3,0,0x0,0,0,0,0,0,0,17999,0,0,,"자연 주문 공격력 +43",,,,,,,,,,,,,,,0xFF01FE,0,0,0,0,0,0,0,
2299,0,3,0,0x0,0,0,0,0,0,0,18000,0,0,,"자연 주문 공격력 +44",,,,,,,,,,,,,,,0xFF01FE,0,0,0,0,0,0,0,
2300,0,3,0,0x0,0,0,0,0,0,0,18001,0,0,,"자연 주문 공격력 +46",,,,,,,,,,,,,,,0xFF01FE,0,0,0,0,0,0,0,
2301,0,3,0,0x0,0,0,0,0,0,0,18002,0,0,,"자연 주문 공격력 +47",,,,,,,,,,,,,,,0xFF01FE,0,0,0,0,0,0,0,
2302,0,3,0,0x0,0,0,0,0,0,0,18003,0,0,,"자연 주문 공격력 +49",,,,,,,,,,,,,,,0xFF01FE,0,0,0,0,0,0,0,
2303,0,3,0,0x0,0,0,0,0,0,0,18004,0,0,,"자연 주문 공격력 +50",,,,,,,,,,,,,,,0xFF01FE,0,0,0,0,0,0,0,
2304,0,3,0,0x0,0,0,0,0,0,0,18005,0,0,,"자연 주문 공격력 +51",,,,,,,,,,,,,,,0xFF01FE,0,0,0,0,0,0,0,
2305,0,3,0,0x0,0,0,0,0,0,0,18006,0,0,,"자연 주문 공격력 +53",,,,,,,,,,,,,,,0xFF01FE,0,0,0,0,0,0,0,
2306,0,3,0,0x0,0,0,0,0,0,0,18007,0,0,,"자연 주문 공격력 +54",,,,,,,,,,,,,,,0xFF01FE,0,0,0,0,0,0,0,
2307,0,5,0,0x0,1,0,0,1,0,0,45,0,0,,"주문력 +1",,,,,,,,,,,,,,,0xFF01FE,0,0,0,0,0,0,0,
2308,0,5,0,0x0,2,0,0,2,0,0,45,0,0,,"주문력 +2",,,,,,,,,,,,,,,0xFF01FE,0,0,0,0,0,0,0,
2309,0,5,0,0x0,4,0,0,4,0,0,45,0,0,,"주문력 +4",,,,,,,,,,,,,,,0xFF01FE,0,0,0,0,0,0,0,
2310,0,5,0,0x0,5,0,0,5,0,0,45,0,0,,"주문력 +5",,,,,,,,,,,,,,,0xFF01FE,0,0,0,0,0,0,0,
2311,0,3,0,0x0,0,0,0,0,0,0,9396,0,0,,"주문력 +6",,,,,,,,,,,,,,,0xFF01FE,0,0,0,0,0,0,0,
2312,0,5,0,0x0,7,0,0,7,0,0,45,0,0,,"주문력 +7",,,,,,,,,,,,,,,0xFF01FE,0,0,0,0,0,0,0,
2313,0,5,0,0x0,8,0,0,8,0,0,45,0,0,,"주문력 +8",,,,,,,,,,,,,,,0xFF01FE,0,0,0,0,0,0,0,
2314,0,5,0,0x0,9,0,0,9,0,0,45,0,0,,"주문력 +9",,,,,,,,,,,,,,,0xFF01FE,0,0,0,0,0,0,0,
2315,0,5,0,0x0,11,0,0,11,0,0,45,0,0,,"주문력 +11",,,,,,,,,,,,,,,0xFF01FE,0,0,0,0,0,0,0,
2316,0,5,0,0x0,12,0,0,12,0,0,45,0,0,,"주문력 +12",,,,,,,,,,,,,,,0xFF01FE,0,0,0,0,0,0,0,
2317,0,5,0,0x0,13,0,0,13,0,0,45,0,0,,"주문력 +13",,,,,,,,,,,,,,,0xFF01FE,0,0,0,0,0,0,0,
2318,0,5,0,0x0,14,0,0,14,0,0,45,0,0,,"주문력 +14",,,,,,,,,,,,,,,0xFF01FE,0,0,0,0,0,0,0,
2319,0,5,0,0x0,15,0,0,15,0,0,45,0,0,,"주문력 +15",,,,,,,,,,,,,,,0xFF01FE,0,0,0,0,0,0,0,
2320,0,5,0,0x0,16,0,0,16,0,0,45,0,0,,"주문력 +16",,,,,,,,,,,,,,,0xFF01FE,0,0,0,0,0,0,0,
2321,0,5,0,0x0,18,0,0,18,0,0,45,0,0,,"주문력 +18",,,,,,,,,,,,,,,0xFF01FE,0,0,0,0,0,0,0,
2322,0,5,0,0x0,19,0,0,19,0,0,45,0,0,,"주문력 +19",,,,,,,,,,,,,,,0xFF01FE,0,0,0,0,0,0,0,
2323,0,5,0,0x0,20,0,0,20,0,0,45,0,0,,"주문력 +20",,,,,,,,,,,,,,,0xFF01FE,0,0,0,0,0,0,0,
2324,0,5,0,0x0,21,0,0,21,0,0,45,0,0,,"주문력 +21",,,,,,,,,,,,,,,0xFF01FE,0,0,0,0,0,0,0,
2325,0,5,0,0x0,22,0,0,22,0,0,45,0,0,,"주문력 +22",,,,,,,,,,,,,,,0xFF01FE,0,0,0,0,0,0,0,
2326,0,5,0,0x0,23,0,0,23,0,0,45,0,0,,"주문력 +23",,,,,,,,,,,,,,,0xFF01FE,0,0,0,0,0,0,0,
2327,0,5,0,0x0,25,0,0,25,0,0,45,0,0,,"주문력 +25",,,,,,,,,,,,,,,0xFF01FE,0,0,0,0,0,0,0,
2328,0,5,0,0x0,26,0,0,26,0,0,45,0,0,,"주문력 +26",,,,,,,,,,,,,,,0xFF01FE,0,0,0,0,0,0,0,
2329,0,5,0,0x0,27,0,0,27,0,0,45,0,0,,"주문력 +27",,,,,,,,,,,,,,,0xFF01FE,0,0,0,0,0,0,0,
2330,0,5,0,0x0,28,0,0,28,0,0,45,0,0,,"주문력 +28",,,,,,,,,,,,,,,0xFF01FE,0,0,0,0,0,0,0,
2331,0,5,0,0x0,29,0,0,29,0,0,45,0,0,,"주문력 +29",,,,,,,,,,,,,,,0xFF01FE,0,0,0,0,0,0,0,
2332,0,5,0,0x0,30,0,0,30,0,0,45,0,0,,"주문력 +30",,,,,,,,,,,,,,,0xFF01FE,0,0,0,0,0,0,0,
2333,0,5,0,0x0,32,0,0,32,0,0,45,0,0,,"주문력 +32",,,,,,,,,,,,,,,0xFF01FE,0,0,0,0,0,0,0,
2334,0,5,0,0x0,33,0,0,33,0,0,45,0,0,,"주문력 +33",,,,,,,,,,,,,,,0xFF01FE,0,0,0,0,0,0,0,
2335,0,5,0,0x0,34,0,0,34,0,0,45,0,0,,"주문력+34",,,,,,,,,,,,,,,0xFF01FE,0,0,0,0,0,0,0,
2336,0,5,0,0x0,35,0,0,35,0,0,45,0,0,,"주문력 +35",,,,,,,,,,,,,,,0xFF01FE,0,0,0,0,0,0,0,
2337,0,5,0,0x0,36,0,0,36,0,0,45,0,0,,"주문력 +36",,,,,,,,,,,,,,,0xFF01FE,0,0,0,0,0,0,0,
2338,0,5,0,0x0,37,0,0,37,0,0,45,0,0,,"주문력 +37",,,,,,,,,,,,,,,0xFF01FE,0,0,0,0,0,0,0,
2339,0,5,0,0x0,39,0,0,39,0,0,45,0,0,,"주문력 +39",,,,,,,,,,,,,,,0xFF01FE,0,0,0,0,0,0,0,
2340,0,5,0,0x0,40,0,0,40,0,0,45,0,0,,"주문력 +40",,,,,,,,,,,,,,,0xFF01FE,0,0,0,0,0,0,0,
2341,0,5,0,0x0,41,0,0,41,0,0,45,0,0,,"주문력 +41",,,,,,,,,,,,,,,0xFF01FE,0,0,0,0,0,0,0,
2342,0,5,0,0x0,42,0,0,42,0,0,45,0,0,,"주문력 +42",,,,,,,,,,,,,,,0xFF01FE,0,0,0,0,0,0,0,
2343,0,5,0,0x0,43,0,0,43,0,0,45,0,0,,"주문력 +43",,,,,,,,,,,,,,,0xFF01FE,151,0,0,0,0,0,0,
2344,0,5,0,0x0,44,0,0,44,0,0,45,0,0,,"주문력 +44",,,,,,,,,,,,,,,0xFF01FE,0,0,0,0,0,0,0,
2363,0,3,0,0x0,0,0,0,0,0,0,21359,0,0,,"5초당 마나 회복량 +1",,,,,,,,,,,,,,,0xFF01FE,0,0,0,0,0,0,0,
2364,0,3,0,0x0,0,0,0,0,0,0,21621,0,0,,"5초당 마나 회복량 +1",,,,,,,,,,,,,,,0xFF01FE,0,0,0,0,0,0,0,
2365,0,3,0,0x0,0,0,0,0,0,0,21622,0,0,,"5초당 마나 회복량 +1",,,,,,,,,,,,,,,0xFF01FE,0,0,0,0,0,0,0,
2366,0,5,0,0x0,2,0,0,2,0,0,43,0,0,,"5초당 마나 회복량 +2",,,,,,,,,,,,,,,0xFF01FE,0,0,0,0,0,0,0,
2367,0,5,0,0x0,2,0,0,2,0,0,43,0,0,,"5초당 마나 회복량 +2",,,,,,,,,,,,,,,0xFF01FE,0,0,0,0,0,0,0,
2368,0,5,0,0x0,2,0,0,2,0,0,43,0,0,,"5초당 마나 회복량 +2",,,,,,,,,,,,,,,0xFF01FE,0,0,0,0,0,0,0,
2369,0,5,0,0x0,3,0,0,3,0,0,43,0,0,,"5초당 마나 회복량 +3",,,,,,,,,,,,,,,0xFF01FE,0,0,0,0,0,0,0,
2370,0,5,0,0x0,3,0,0,3,0,0,43,0,0,,"5초당 마나 회복량 +3",,,,,,,,,,,,,,,0xFF01FE,0,0,0,0,0,0,0,
2371,0,5,0,0x0,4,0,0,4,0,0,43,0,0,,"5초당 마나 회복량 +4",,,,,,,,,,,,,,,0xFF01FE,0,0,0,0,0,0,0,
2372,0,5,0,0x0,4,0,0,4,0,0,43,0,0,,"5초당 마나 회복량 +4",,,,,,,,,,,,,,,0xFF01FE,0,0,0,0,0,0,0,
2373,0,5,0,0x0,4,0,0,4,0,0,43,0,0,,"5초당 마나 회복량 +4",,,,,,,,,,,,,,,0xFF01FE,0,0,0,0,0,0,0,
2374,0,5,0,0x0,5,0,0,5,0,0,43,0,0,,"5초당 마나 회복량 +5",,,,,,,,,,,,,,,0xFF01FE,0,0,0,0,0,0,0,
2375,0,5,0,0x0,5,0,0,5,0,0,43,0,0,,"5초당 마나 회복량 +5",,,,,,,,,,,,,,,0xFF01FE,0,0,0,0,0,0,0,
2376,0,5,0,0x0,6,0,0,6,0,0,43,0,0,,"5초당 마나 회복량 +6",,,,,,,,,,,,,,,0xFF01FE,0,0,0,0,0,0,0,
2377,0,5,0,0x0,6,0,0,6,0,0,43,0,0,,"5초당 마나 회복량 +6",,,,,,,,,,,,,,,0xFF01FE,0,0,0,0,0,0,0,
2378,0,5,0,0x0,6,0,0,6,0,0,43,0,0,,"5초당 마나 회복량 +6",,,,,,,,,,,,,,,0xFF01FE,0,0,0,0,0,0,0,
2379,0,5,0,0x0,7,0,0,7,0,0,43,0,0,,"5초당 마나 회복량 +7",,,,,,,,,,,,,,,0xFF01FE,0,0,0,0,0,0,0,
2380,0,5,0,0x0,7,0,0,7,0,0,43,0,0,,"5초당 마나 회복량 +7",,,,,,,,,,,,,,,0xFF01FE,0,0,0,0,0,0,0,
2381,0,5,0,0x0,10,0,0,10,0,0,43,0,0,,"5초당 마나 회복량 +10",,,,,,,,,,,,,,,0xFF01FE,0,0,0,0,0,0,0,
2382,0,5,0,0x0,8,0,0,8,0,0,43,0,0,,"5초당 마나 회복량 +8",,,,,,,,,,,,,,,0xFF01FE,0,0,0,0,0,0,0,
2383,0,5,0,0x0,8,0,0,8,0,0,43,0,0,,"5초당 마나 회복량 +8",,,,,,,,,,,,,,,0xFF01FE,0,0,0,0,0,0,0,
2384,0,5,0,0x0,9,0,0,9,0,0,43,0,0,,"5초당 마나 회복량 +9",,,,,,,,,,,,,,,0xFF01FE,0,0,0,0,0,0,0,
2385,0,5,0,0x0,9,0,0,9,0,0,43,0,0,,"5초당 마나 회복량 +9",,,,,,,,,,,,,,,0xFF01FE,0,0,0,0,0,0,0,
2386,0,5,0,0x0,10,0,0,10,0,0,43,0,0,,"5초당 마나 회복량 +10",,,,,,,,,,,,,,,0xFF01FE,0,0,0,0,0,0,0,
2387,0,5,0,0x0,10,0,0,10,0,0,43,0,0,,"5초당 마나 회복량 +10",,,,,,,,,,,,,,,0xFF01FE,0,0,0,0,0,0,0,
2388,0,5,0,0x0,10,0,0,10,0,0,43,0,0,,"5초당 마나 회복량 +10",,,,,,,,,,,,,,,0xFF01FE,0,0,0,0,0,0,0,
2389,0,5,0,0x0,11,0,0,11,0,0,43,0,0,,"5초당 마나 회복량 +11",,,,,,,,,,,,,,,0xFF01FE,0,0,0,0,0,0,0,
2390,0,5,0,0x0,11,0,0,11,0,0,43,0,0,,"5초당 마나 회복량 +11",,,,,,,,,,,,,,,0xFF01FE,0,0,0,0,0,0,0,
2391,0,5,0,0x0,12,0,0,12,0,0,43,0,0,,"5초당 마나 회복량 +12",,,,,,,,,,,,,,,0xFF01FE,0,0,0,0,0,0,0,
2392,0,5,0,0x0,12,0,0,12,0,0,43,0,0,,"5초당 마나 회복량 +12",,,,,,,,,,,,,,,0xFF01FE,0,0,0,0,0,0,0,
2393,0,5,0,0x0,12,0,0,12,0,0,43,0,0,,"5초당 마나 회복량 +12",,,,,,,,,,,,,,,0xFF01FE,0,0,0,0,0,0,0,
2394,0,5,0,0x0,13,0,0,13,0,0,43,0,0,,"5초당 마나 회복량 +13",,,,,,,,,,,,,,,0xFF01FE,0,0,0,0,0,0,0,
2395,0,5,0,0x0,13,0,0,13,0,0,43,0,0,,"5초당 마나 회복량 +13",,,,,,,,,,,,,,,0xFF01FE,0,0,0,0,0,0,0,
2396,0,5,0,0x0,14,0,0,14,0,0,43,0,0,,"5초당 마나 회복량 +14",,,,,,,,,,,,,,,0xFF01FE,0,0,0,0,0,0,0,
2397,0,5,0,0x0,14,0,0,14,0,0,43,0,0,,"5초당 마나 회복량 +14",,,,,,,,,,,,,,,0xFF01FE,0,0,0,0,0,0,0,
2398,0,5,0,0x0,14,0,0,14,0,0,43,0,0,,"5초당 마나 회복량 +14",,,,,,,,,,,,,,,0xFF01FE,0,0,0,0,0,0,0,
2399,0,5,0,0x0,15,0,0,15,0,0,43,0,0,,"5초당 마나 회복량 +15",,,,,,,,,,,,,,,0xFF01FE,0,0,0,0,0,0,0,
2400,0,5,0,0x0,15,0,0,15,0,0,43,0,0,,"5초당 마나 회복량 +15",,,,,,,,,,,,,,,0xFF01FE,0,0,0,0,0,0,0,
2401,0,3,0,0x0,0,0,0,0,0,0,21587,0,0,,"5초당 생명력 회복 +1",,,,,,,,,,,,,,,0xFF01FE,0,0,0,0,0,0,0,
2402,0,3,0,0x0,0,0,0,0,0,0,21588,0,0,,"5초당 생명력 회복 +1",,,,,,,,,,,,,,,0xFF01FE,0,0,0,0,0,0,0,
2403,0,3,0,0x0,0,0,0,0,0,0,21589,0,0,,"5초당 생명력 회복 +1",,,,,,,,,,,,,,,0xFF01FE,0,0,0,0,0,0,0,
2404,0,3,0,0x0,0,0,0,0,0,0,21590,0,0,,"5초당 생명력 회복 +1",,,,,,,,,,,,,,,0xFF01FE,0,0,0,0,0,0,0,
2405,0,3,0,0x0,0,0,0,0,0,0,21345,0,0,,"5초당 생명력 회복 +1",,,,,,,,,,,,,,,0xFF01FE,0,0,0,0,0,0,0,
2406,0,3,0,0x0,0,0,0,0,0,0,21346,0,0,,"5초당 생명력 회복 +2",,,,,,,,,,,,,,,0xFF01FE,0,0,0,0,0,0,0,
2407,0,3,0,0x0,0,0,0,0,0,0,21592,0,0,,"5초당 생명력 회복 +2",,,,,,,,,,,,,,,0xFF01FE,0,0,0,0,0,0,0,
2408,0,3,0,0x0,0,0,0,0,0,0,21593,0,0,,"5초당 생명력 회복 +2",,,,,,,,,,,,,,,0xFF01FE,0,0,0,0,0,0,0,
2409,0,3,0,0x0,0,0,0,0,0,0,21594,0,0,,"5초당 생명력 회복 +2",,,,,,,,,,,,,,,0xFF01FE,0,0,0,0,0,0,0,
2410,0,3,0,0x0,0,0,0,0,0,0,21347,0,0,,"5초당 생명력 회복 +3",,,,,,,,,,,,,,,0xFF01FE,0,0,0,0,0,0,0,
2411,0,3,0,0x0,0,0,0,0,0,0,21595,0,0,,"5초당 생명력 회복 +3",,,,,,,,,,,,,,,0xFF01FE,0,0,0,0,0,0,0,
2412,0,3,0,0x0,0,0,0,0,0,0,21596,0,0,,"5초당 생명력 회복 +3",,,,,,,,,,,,,,,0xFF01FE,0,0,0,0,0,0,0,
2413,0,3,0,0x0,0,0,0,0,0,0,21597,0,0,,"5초당 생명력 회복 +3",,,,,,,,,,,,,,,0xFF01FE,0,0,0,0,0,0,0,
2414,0,3,0,0x0,0,0,0,0,0,0,21598,0,0,,"5초당 생명력 회복 +4",,,,,,,,,,,,,,,0xFF01FE,0,0,0,0,0,0,0,
2415,0,3,0,0x0,0,0,0,0,0,0,21348,0,0,,"5초당 생명력 회복 +4",,,,,,,,,,,,,,,0xFF01FE,0,0,0,0,0,0,0,
2416,0,3,0,0x0,0,0,0,0,0,0,21599,0,0,,"5초당 생명력 회복 +4",,,,,,,,,,,,,,,0xFF01FE,0,0,0,0,0,0,0,
2417,0,3,0,0x0,0,0,0,0,0,0,21600,0,0,,"5초당 생명력 회복 +4",,,,,,,,,,,,,,,0xFF01FE,0,0,0,0,0,0,0,
2418,0,3,0,0x0,0,0,0,0,0,0,21601,0,0,,"5초당 생명력 회복 +5",,,,,,,,,,,,,,,0xFF01FE,0,0,0,0,0,0,0,
2419,0,3,0,0x0,0,0,0,0,0,0,21602,0,0,,"5초당 생명력 회복 +5",,,,,,,,,,,,,,,0xFF01FE,0,0,0,0,0,0,0,
2420,0,3,0,0x0,0,0,0,0,0,0,20885,0,0,,"5초당 생명력 회복 +5",,,,,,,,,,,,,,,0xFF01FE,0,0,0,0,0,0,0,
2421,0,3,0,0x0,0,0,0,0,0,0,21603,0,0,,"5초당 생명력 회복 +5",,,,,,,,,,,,,,,0xFF01FE,0,0,0,0,0,0,0,
2422,0,3,0,0x0,0,0,0,0,0,0,21604,0,0,,"5초당 생명력 회복 +6",,,,,,,,,,,,,,,0xFF01FE,0,0,0,0,0,0,0,
2423,0,3,0,0x0,0,0,0,0,0,0,21605,0,0,,"5초당 생명력 회복 +6",,,,,,,,,,,,,,,0xFF01FE,0,0,0,0,0,0,0,
2424,0,3,0,0x0,0,0,0,0,0,0,21606,0,0,,"5초당 생명력 회복 +6",,,,,,,,,,,,,,,0xFF01FE,0,0,0,0,0,0,0,
2425,0,3,0,0x0,0,0,0,0,0,0,21349,0,0,,"5초당 생명력 회복 +6",,,,,,,,,,,,,,,0xFF01FE,0,0,0,0,0,0,0,
2426,0,3,0,0x0,0,0,0,0,0,0,21607,0,0,,"5초당 생명력 회복 +7",,,,,,,,,,,,,,,0xFF01FE,0,0,0,0,0,0,0,
2427,0,3,0,0x0,0,0,0,0,0,0,21608,0,0,,"5초당 생명력 회복 +7",,,,,,,,,,,,,,,0xFF01FE,0,0,0,0,0,0,0,
2428,0,3,0,0x0,0,0,0,0,0,0,21609,0,0,,"5초당 생명력 회복 +7",,,,,,,,,,,,,,,0xFF01FE,0,0,0,0,0,0,0,
2429,0,3,0,0x0,0,0,0,0,0,0,21610,0,0,,"5초당 생명력 회복 +7",,,,,,,,,,,,,,,0xFF01FE,0,0,0,0,0,0,0,
2430,0,3,0,0x0,0,0,0,0,0,0,21109,0,0,,"5초당 생명력 회복 +8",,,,,,,,,,,,,,,0xFF01FE,0,0,0,0,0,0,0,
2431,0,3,0,0x0,0,0,0,0,0,0,21611,0,0,,"5초당 생명력 회복 +8",,,,,,,,,,,,,,,0xFF01FE,0,0,0,0,0,0,0,
2432,0,3,0,0x0,0,0,0,0,0,0,21612,0,0,,"5초당 생명력 회복 +8",,,,,,,,,,,,,,,0xFF01FE,0,0,0,0,0,0,0,
2433,0,3,0,0x0,0,0,0,0,0,0,21613,0,0,,"5초당 생명력 회복 +8",,,,,,,,,,,,,,,0xFF01FE,0,0,0,0,0,0,0,
2434,0,3,0,0x0,0,0,0,0,0,0,21614,0,0,,"5초당 생명력 회복 +9",,,,,,,,,,,,,,,0xFF01FE,0,0,0,0,0,0,0,
2435,0,3,0,0x0,0,0,0,0,0,0,21350,0,0,,"5초당 생명력 회복 +9",,,,,,,,,,,,,,,0xFF01FE,0,0,0,0,0,0,0,
2436,0,3,0,0x0,0,0,0,0,0,0,21615,0,0,,"5초당 생명력 회복 +9",,,,,,,,,,,,,,,0xFF01FE,0,0,0,0,0,0,0,
2437,0,3,0,0x0,0,0,0,0,0,0,21616,0,0,,"5초당 생명력 회복 +9",,,,,,,,,,,,,,,0xFF01FE,0,0,0,0,0,0,0,
2438,0,3,0,0x0,0,0,0,0,0,0,21617,0,0,,"5초당 생명력 회복 +10",,,,,,,,,,,,,,,0xFF01FE,0,0,0,0,0,0,0,
2443,0,3,0,0x0,0,0,0,0,0,0,21930,0,0,,"냉기 주문 공격력 +7",,,,,,,,,,,,,,,0xFF01FE,0,0,0,0,0,0,0,
2463,0,4,0,0x0,7,0,0,7,0,0,2,0,0,,"화염 저항력 +7",,,,,,,,,,,,,,,0xFF01FE,0,0,0,0,0,0,0,
2483,0,4,0,0x0,5,0,0,5,0,0,2,0,0,,"화염 저항력 +5",,,,,,,,,,,,,,,0xFF01FE,0,1,0,0,0,0,50,
2484,0,4,0,0x0,5,0,0,5,0,0,4,0,0,,"냉기 저항력 +5",,,,,,,,,,,,,,,0xFF01FE,0,1,0,0,0,0,50,
2485,0,4,0,0x0,5,0,0,5,0,0,6,0,0,,"비전 저항력 +5",,,,,,,,,,,,,,,0xFF01FE,0,1,0,0,0,0,50,
2486,0,4,0,0x0,5,0,0,5,0,0,3,0,0,,"자연 저항력 +5",,,,,,,,,,,,,,,0xFF01FE,0,1,0,0,0,0,50,
2487,0,4,0,0x0,5,0,0,5,0,0,5,0,0,,"암흑 저항력 +5",,,,,,,,,,,,,,,0xFF01FE,0,1,0,0,0,0,50,
2488,0,3,0,0x0,0,0,0,0,0,0,18676,0,0,,"모든 저항력 +5",,,,,,,,,,,,,,,0xFF01FE,0,1,0,0,0,0,50,
2503,0,5,0,0x0,5,0,0,5,0,0,12,0,0,,"방어 숙련도 +5",,,,,,,,,,,,,,,0xFF01FE,0,1,0,0,0,0,50,
2504,0,5,0,0x0,30,0,0,30,0,0,45,33027,0,,"주문력 +30",,,,,,,,,,,,,,,0xFF01FE,107,0,0,0,0,0,0,
2505,0,5,0,0x0,29,0,0,29,0,0,45,0,0,,"주문력 +29",,,,,,,,,,,,,,,0xFF01FE,103,0,0,0,0,0,0,
2506,0,5,0,0x0,28,0,0,28,0,0,19,0,0,,"근접 치명타 적중도 +28",,,,,,,,,,,,,,,0xFF01FE,28,0,0,0,0,0,0,
2523,0,5,0,0x0,30,0,0,30,0,0,17,0,0,,"원거리 적중도 +30",,,,,,,,,,,,,,,0xFF01FE,0,1,0,0,0,0,50,
2543,0,5,0,0x0,10,0,0,10,0,0,36,0,0,,"가속도 +10",,,,,,,,,,,,,,,0xFF01FE,0,1,0,0,0,0,50,
2544,0,5,0,0x0,8,0,0,8,0,0,45,0,0,,"주문력 +8",,,,,,,,,,,,,,,0xFF01FE,0,1,0,0,0,0,50,
2545,0,5,0,0x0,12,0,0,12,0,0,13,0,0,,"회피 숙련도 +12",,,,,,,,,,,,,,,0xFF01FE,0,1,0,0,0,0,50,
2563,0,5,0,0x0,15,0,0,15,0,0,4,0,0,,"힘 +15",,,,,,,,,,,,,,,0xFF01FE,125,0,0,0,0,0,0,
2564,0,5,0,0x0,15,0,0,15,0,0,3,0,0,,"민첩성 +15",,,,,,,,,,,,,,,0xFF01FE,125,0,0,0,0,0,0,
2565,0,5,0,0x0,5,0,0,5,0,0,43,0,0,,"5초당 마나 회복량 +5",,,,,,,,,,,,,,,0xFF01FE,0,0,0,0,0,0,0,
2566,0,5,0,0x0,13,0,0,13,0,0,45,0,0,,"주문력 +13",,,,,,,,,,,,,,,0xFF01FE,0,0,0,0,0,0,0,
2567,0,5,0,0x0,20,0,0,20,0,0,6,0,0,,"정신력 +20",,,,,,,,,,,,,,,0xFF01FE,29,0,0,0,0,0,0,
2568,0,5,0,0x0,22,0,0,22,0,0,5,0,0,,"지능 +22",,,,,,,,,,,,,,,0xFF01FE,29,0,0,0,0,0,0,
2583,0,5,5,0x3,10,10,0,10,10,0,12,7,23203,,"방어 숙련도 +10 / 체력 +10 / 방패 피해 방어량 +30",,,,,,,,,,,,,,,0xFF01FE,0,1,0,0,0,0,60,
2584,0,5,5,0x5,12,10,10,12,10,10,45,12,7,,"방어 숙련도 +10 / 체력 +10 / 주문력 +12",,,,,,,,,,,,,,,0xFF01FE,0,1,0,0,0,0,60,
2585,0,5,5,0x0,28,12,0,28,12,0,38,13,0,,"전투력 +28 / 회피 숙련도 +12",,,,,,,,,,,,,,,0xFF01FE,0,1,0,0,0,0,0,
2586,0,5,5,0x5,24,10,10,24,10,10,39,7,31,,"원거리 전투력 +24 / 체력 +10 / 적중도 +10",,,,,,,,,,,,,,,0xFF01FE,0,1,0,0,0,0,0,
2587,0,5,5,0x0,13,15,0,13,15,0,45,5,0,,"주문력 +13 / 지능 +15",,,,,,,,,,,,,,,0xFF01FE,0,1,0,0,0,0,60,
2588,0,5,5,0x0,18,8,0,18,8,0,45,31,0,,"주문력 +18 / 적중도 +8",,,,,,,,,,,,,,,0xFF01FE,0,1,0,0,0,0,60,
2589,0,5,5,0x0,18,10,0,18,10,0,45,7,0,,"주문력 +18 / 체력 +10",,,,,,,,,,,,,,,0xFF01FE,0,1,0,0,0,0,60,
2590,0,5,5,0x5,13,10,5,13,10,5,45,7,43,,"주문력 +13 / 체력 +10 / 5초당 마나 회복량 +5",,,,,,,,,,,,,,,0xFF01FE,0,1,0,0,0,0,60,
2591,0,5,5,0x5,12,10,10,12,10,10,45,7,5,,"지능 +10 / 체력 +10 / 주문력 +12",,,,,,,,,,,,,,,0xFF01FE,0,1,0,0,0,0,60,
2603,0,3,0,0x0,0,0,0,0,0,0,24303,0,0,,"낚시 숙련도 +2",,,,,,,,,,,,,,,0xFF01FE,0,0,0,0,0,0,0,
2604,0,5,0,0x0,18,0,0,18,0,0,45,0,0,,"주문력 +18",,,,,,,,,,,,,,,0xFF01FE,0,1,0,0,0,0,55,
2605,0,5,0,0x0,18,0,0,18,0,0,45,0,0,,"주문력 +18",,,,,,,,,,,,,,,0xFF01FE,-1,1,0,0,0,0,55,
2606,0,5,0,0x0,30,0,0,30,0,0,38,0,0,,"전투력 +30",,,,,,,,,,,,,,,0xFF01FE,0,1,0,0,0,0,55,
2607,0,5,0,0x0,12,0,0,12,0,0,45,0,0,,"주문력 +12",,,,,,,,,,,,,,,0xFF01FE,0,0,0,0,0,0,0,
2608,0,5,0,0x0,13,0,0,13,0,0,45,0,0,,"주문력 +13",,,,,,,,,,,,,,,0xFF01FE,0,0,0,0,0,0,0,
2609,0,5,0,0x0,15,0,0,15,0,0,45,0,0,,"주문력 +15",,,,,,,,,,,,,,,0xFF01FE,0,0,0,0,0,0,0,
2610,0,5,0,0x0,14,0,0,14,0,0,45,0,0,,"주문력 +14",,,,,,,,,,,,,,,0xFF01FE,0,0,0,0,0,0,0,
2611,0,0,0,0x0,0,0,0,0,0,0,0,0,0,,"zzOLD",,,,,,,,,,,,,,,0xFF01FE,0,0,0,0,0,0,0,
2612,0,5,0,0x0,18,0,0,18,0,0,45,0,0,,"주문력 +18",,,,,,,,,,,,,,,0xFF01FE,0,0,0,0,0,0,0,
2613,0,3,0,0x0,0,0,0,0,0,0,25063,0,0,,"위협 수준 +2%",,,,,,,,,,,,,,,0xFF01FE,0,0,0,0,0,0,0,
2614,0,3,0,0x0,0,0,0,0,0,0,25064,0,0,,"암흑 주문력 +20",,,,,,,,,,,,,,,0xFF01FE,0,0,0,0,0,0,0,
2615,0,3,0,0x0,0,0,0,0,0,0,25066,0,0,,"냉기 주문력 +20",,,,,,,,,,,,,,,0xFF01FE,0,0,0,0,0,0,0,
2616,0,3,0,0x0,0,0,0,0,0,0,25065,0,0,,"화염 주문력 +20",,,,,,,,,,,,,,,0xFF01FE,0,0,0,0,0,0,0,
2617,0,5,0,0x0,16,0,0,16,0,0,45,0,0,,"주문력 +16",,,,,,,,,,,,,,,0xFF01FE,0,0,0,0,0,0,0,
2618,0,5,0,0x0,15,0,0,15,0,0,3,0,0,,"민첩성 +15",,,,,,,,,,,,,,,0xFF01FE,0,0,0,0,0,0,0,
2619,0,4,0,0x0,15,0,0,15,0,0,2,0,0,,"화염 저항력 +15",,,,,,,,,,,,,,,0xFF01FE,0,0,0,0,0,0,0,
2620,0,4,0,0x0,15,0,0,15,0,0,3,0,0,,"자연 저항력 +15",,,,,,,,,,,,,,,0xFF01FE,0,0,0,0,0,0,0,
2621,0,3,0,0x0,0,0,0,0,0,0,25070,0,0,,"위협 수준 2%만큼 감소",,,,,,,,,,,,,,,0xFF01FE,0,0,0,0,0,0,0,
2622,0,5,0,0x0,12,0,0,12,0,0,13,0,0,,"회피 숙련도 +12",,,,,,,,,,,,,,,0xFF01FE,0,0,0,0,0,0,0,
2623,0,5,0,0x0,8,0,0,8,0,0,45,0,0,,"최하급 마술사 오일",,,,,,,,,,,,,,,0xFF01FE,0,0,0,0,0,0,0,
2624,0,5,0,0x0,4,0,0,4,0,0,43,0,0,,"최하급 마나 오일",,,,,,,,,,,,,,,0xFF01FE,0,0,0,0,0,0,0,
2625,0,5,0,0x0,8,0,0,8,0,0,43,0,0,,"하급 마나 오일",,,,,,,,,,,,,,,0xFF01FE,0,0,0,0,0,0,0,
2626,0,5,0,0x0,16,0,0,16,0,0,45,0,0,,"하급 마술사 오일",,,,,,,,,,,,,,,0xFF01FE,0,0,0,0,0,0,0,
2627,0,5,0,0x0,24,0,0,24,0,0,45,0,0,,"마술사 오일",,,,,,,,,,,,,,,0xFF01FE,0,0,0,0,0,0,0,
2628,0,5,5,0x0,36,14,0,36,14,0,45,32,0,,"반짝이는 마술사 오일",,,,,,,,,,,,,,,0xFF01FE,0,0,0,0,0,0,0,
2629,0,5,5,0x0,13,12,0,13,12,0,45,43,0,,"반짝이는 마나 오일",,,,,,,,,,,,,,,0xFF01FE,0,0,0,0,0,0,0,
2630,0,1,0,0x0,30,0,0,30,0,0,25349,0,0,,"맹독 V",,,,,,,,,,,,,,,0xFF01FE,26,9,0,0,0,0,0,
2631,0,1,0,0x0,0,0,0,0,0,0,25440,0,0,,"역순환 6",,,,,,,,,,,,,,,0xFF01FE,107,1,0,0,0,0,0,
2632,0,6,0,0x0,52,0,0,52,0,0,0,0,0,,"대지의 무기 8",,,,,,,,,,,,,,,0xFF01FE,61,9,0,0,0,0,0,
2633,0,6,0,0x0,62,0,0,62,0,0,0,0,0,,"대지의 무기 9",,,,,,,,,,,,,,,0xFF01FE,61,9,0,0,0,0,0,
2634,0,3,0,0x0,100,0,0,100,0,0,16313,0,0,,"불꽃의 무기 7",,,,,,,,,,,,,,,0xFF01FE,32,9,0,0,0,0,0,
2635,0,1,0,0x0,0,0,0,0,0,0,25501,0,0,,"냉기의 무기 6",,,,,,,,,,,,,,,0xFF01FE,33,9,0,0,0,0,0,
2636,0,3,0,0x0,20,0,0,20,0,0,33757,0,0,,"질풍의 무기 5",,,,,,,,,,,,,,,0xFF01FE,81,9,0,0,0,0,0,
2637,0,1,0,0x0,100,0,0,100,0,0,25555,0,0,,"불꽃의 토템 5",,,,,,,,,,,,,,,0xFF01FE,32,7,0,0,0,0,0,
2638,0,1,0,0x0,20,0,0,20,0,0,25583,0,0,,"질풍의 토템 4",,,,,,,,,,,,,,,0xFF01FE,81,7,0,0,0,0,0,
2639,0,1,0,0x0,20,0,0,20,0,0,25584,0,0,,"질풍의 토템 5",,,,,,,,,,,,,,,0xFF01FE,81,7,0,0,0,0,0,
2640,0,1,0,0x0,50,0,0,50,0,0,26688,0,0,,"정신 마취 독",,,,,,,,,,,,,,,0xFF01FE,26,9,0,0,0,0,0,
2641,0,1,0,0x0,100,0,0,100,0,0,26890,0,0,,"순간 효과 독 VII",,,,,,,,,,,,,,,0xFF01FE,26,9,0,0,0,0,0,
2642,0,1,0,0x0,30,0,0,30,0,0,26968,0,0,,"맹독 VI",,,,,,,,,,,,,,,0xFF01FE,26,9,0,0,0,0,0,
2643,0,1,0,0x0,30,0,0,30,0,0,27187,0,0,,"맹독 VII",,,,,,,,,,,,,,,0xFF01FE,26,9,0,0,0,0,0,
2644,0,1,0,0x0,100,0,0,100,0,0,27189,0,0,,"상처 감염 독 V",,,,,,,,,,,,,,,0xFF01FE,26,9,0,0,0,0,0,
2645,0,1,0,0x0,0,0,0,0,0,0,27253,0,0,,"화염석 5",,,,,,,,,,,,,,,0xFF01FE,32,3,0,0,0,0,0,
2646,0,5,0,0x0,25,0,0,25,0,0,3,0,0,,"민첩성 +25",,,,,,,,,,,,,,,0xFF01FE,125,0,0,0,0,0,0,
2647,0,5,0,0x0,12,0,0,12,0,0,4,0,0,,"힘 +12",,,,,,,,,,,,,,,0xFF01FE,0,0,0,0,0,0,0,
2648,0,5,0,0x0,12,0,0,12,0,0,12,0,0,,"방어 숙련도 +12",,,,,,,,,,,,,,,0xFF01FE,0,0,0,0,0,0,0,
2649,0,5,0,0x0,12,0,0,12,0,0,7,0,0,,"체력 +12",,,,,,,,,,,,,,,0xFF01FE,0,0,0,0,0,0,0,
2650,0,5,0,0x0,15,0,0,15,0,0,45,0,0,,"주문력 +15",,,,,,,,,,,,,,,0xFF01FE,0,0,0,0,0,0,0,
2651,0,5,0,0x0,12,0,0,12,0,0,45,0,0,,"주문력 +12",,,,,,,,,,,,,,,0xFF01FE,0,0,0,0,0,0,0,
2652,0,5,0,0x0,11,0,0,11,0,0,45,0,0,,"주문 공격력 +11",,,,,,,,,,,,,,,0xFF01FE,0,0,0,0,0,0,0,
2653,0,3,0,0x0,0,0,0,0,0,0,27941,0,0,,"방패 피해 방어량 +36",,,,,,,,,,,,,,,0xFF01FE,0,0,0,0,0,0,0,
2654,0,5,0,0x0,12,0,0,12,0,0,5,0,0,,"지능 +12",,,,,,,,,,,,,,,0xFF01FE,0,0,0,0,0,0,0,
2655,0,5,0,0x0,15,0,0,15,0,0,15,0,0,,"방패 막기 숙련도 +15",,,,,,,,,,,,,,,0xFF01FE,0,0,0,0,0,0,0,
2656,0,5,5,0x0,5,5,0,5,5,0,46,43,0,,"5초당 생명력 및 마나 회복량 +5",,,,,,,,,,,,,,,0xFF01FE,0,0,0,0,0,0,0,
2657,0,5,0,0x0,12,0,0,12,0,0,3,0,0,,"민첩성 +12",,,,,,,,,,,,,,,0xFF01FE,0,0,0,0,0,0,0,
2658,0,5,5,0x0,10,10,0,10,10,0,31,32,0,,"적중도 +10 / 치명타 및 주문 극대화 적중도 +10",,,,,,,,,,,,,,,0xFF01FE,0,0,0,0,0,0,0,
2659,0,5,0,0x0,150,0,0,150,0,0,1,0,0,,"생명력 +150",,,,,,,,,,,,,,,0xFF01FE,0,0,0,0,0,0,0,
2660,0,5,0,0x0,150,0,0,150,0,0,0,0,0,,"마나 +150",,,,,,,,,,,,,,,0xFF01FE,0,0,0,0,0,0,0,
2661,0,3,0,0x0,0,0,0,0,0,0,27959,0,0,,"모든 능력치 +6",,,,,,,,,,,,,,,0xFF01FE,0,0,0,0,0,0,0,
2662,0,4,0,0x0,120,0,0,120,0,0,0,0,0,,"방어도 +120",,,,,,,,,,,,,,,0xFF01FE,0,0,0,0,0,0,0,
2663,0,3,0,0x0,0,0,0,0,0,0,19992,0,0,,"모든 저항력 +7",,,,,,,,,,,,,,,0xFF01FE,0,0,0,0,0,0,0,
2664,0,3,0,0x0,0,0,0,0,0,0,27963,0,0,,"모든 저항력 +7",,,,,,,,,,,,,,,0xFF01FE,0,0,0,0,0,0,0,
2665,0,5,0,0x0,35,0,0,35,0,0,6,0,0,,"정신력 +35",,,,,,,,,,,,,,,0xFF01FE,0,0,0,0,0,0,0,
2666,0,5,0,0x0,30,0,0,30,0,0,5,0,0,,"지능 +30",,,,,,,,,,,,,,,0xFF01FE,2,0,0,0,0,0,0,
2667,0,5,0,0x0,70,0,0,70,0,0,38,0,0,,"전투력 +70",,,,,,,,,,,,,,,0xFF01FE,156,0,0,0,0,0,0,
2668,0,5,0,0x0,20,0,0,20,0,0,4,0,0,,"힘 +20",,,,,,,,,,,,,,,0xFF01FE,106,0,0,0,0,0,0,
2669,0,5,0,0x0,40,0,0,40,0,0,45,18031,0,,"주문력 +40",,,,,,,,,,,,,,,0xFF01FE,159,0,0,0,0,0,0,
2670,0,5,0,0x0,35,0,0,35,0,0,3,0,0,,"민첩성 +35",,,,,,,,,,,,,,,0xFF01FE,125,0,0,0,0,0,0,
2671,0,3,0,0x0,0,0,0,0,0,0,27979,0,0,,"비전 및 화염 주문력 +50",,,,,,,,,,,,,,,0xFF01FE,158,0,0,0,0,0,0,
2672,0,3,0,0x0,0,0,0,0,0,0,27980,0,0,,"암흑 및 냉기 주문력 +54",,,,,,,,,,,,,,,0xFF01FE,157,0,0,0,0,0,0,
2673,0,1,0,0x0,0,0,0,0,0,0,28093,0,0,,"살쾡이",,,,,,,,,,,,,,,0xFF01FE,155,0,0,0,0,0,0,
2674,0,3,0,0x0,0,0,0,0,0,0,27997,0,0,,"마력의 폭풍",,,,,,,,,,,,,,,0xFF01FE,160,0,0,0,0,0,0,
2675,0,1,0,0x0,0,0,0,0,0,0,28005,0,0,,"전투의 대가",,,,,,,,,,,,,,,0xFF01FE,159,0,0,0,0,0,0,
2676,0,5,0,0x0,16,0,0,16,0,0,43,0,0,,"최상급 마나 오일",,,,,,,,,,,,,,,0xFF01FE,0,0,0,0,0,0,0,
2677,0,5,0,0x0,14,0,0,14,0,0,43,0,0,,"최상급 마나 오일",,,,,,,,,,,,,,,0xFF01FE,0,0,0,0,0,0,0,
2678,0,5,0,0x0,42,0,0,42,0,0,45,0,0,,"최상급 마술사 오일",,,,,,,,,,,,,,,0xFF01FE,0,0,0,0,0,0,0,
2679,0,5,0,0x0,8,0,0,8,0,0,43,0,0,,"5초당 마나 회복량 +8",,,,,,,,,,,,,,,0xFF01FE,0,0,0,0,0,0,0,
2680,0,3,0,0x0,0,0,0,0,0,0,27963,0,0,,"모든 저항력 +7",,,,,,,,,,,,,,,0xFF01FE,0,0,0,0,0,0,0,
2681,0,4,0,0x0,10,0,0,10,0,0,3,0,0,,"자연 저항력 +10",,,,,,,,,,,,,,,0xFF01FE,0,1,0,0,0,0,0,
2682,0,4,0,0x0,10,0,0,10,0,0,4,0,0,,"냉기 저항력 +10",,,,,,,,,,,,,,,0xFF01FE,0,1,0,0,0,0,0,
2683,0,4,0,0x0,10,0,0,10,0,0,5,0,0,,"암흑 저항력 +10",,,,,,,,,,,,,,,0xFF01FE,0,1,0,0,0,0,0,
2684,0,3,0,0x0,0,0,0,0,0,0,28893,0,0,,"언데드와 전투 시 전투력 +100",,,,,,,,,,,,,,,0xFF01FE,0,0,0,0,0,0,0,
2685,0,3,0,0x0,0,0,0,0,0,0,28890,0,0,,"언데드와 전투 시 주문력 +60",,,,,,,,,,,,,,,0xFF01FE,0,0,0,0,0,0,0,
2686,0,5,0,0x0,8,0,0,8,0,0,4,0,0,,"힘 +8",,,,,,,,,,,,,,,0xFF01FE,0,0,23233,0,0,0,0,
2687,0,5,0,0x0,8,0,0,8,0,0,3,0,0,,"민첩성 +8",,,,,,,,,,,,,,,0xFF01FE,0,0,23234,0,0,0,0,
2688,0,5,0,0x0,8,0,0,8,0,0,7,0,0,,"체력 +8",,,,,,,,,,,,,,,0xFF01FE,0,0,23235,0,0,0,0,
2689,0,5,0,0x0,8,0,0,8,0,0,43,0,0,,"5초당 마나 회복량 +8",,,,,,,,,,,,,,,0xFF01FE,0,0,23359,28,0,0,0,
2690,0,5,0,0x0,7,0,0,7,0,0,45,0,0,,"주문력 +7",,,,,,,,,,,,,,,0xFF01FE,0,0,23094,0,0,0,0,
2691,0,5,0,0x0,6,0,0,6,0,0,4,0,0,,"힘 +6",,,,,,,,,,,,,,,0xFF01FE,0,0,23095,0,0,0,0,
2692,0,5,0,0x0,7,0,0,7,0,0,45,0,0,,"주문력 +7",,,,,,,,,,,,,,,0xFF01FE,0,0,23096,0,0,0,0,
2693,0,5,0,0x0,6,0,0,6,0,0,3,0,0,,"민첩성 +6",,,,,,,,,,,,,,,0xFF01FE,0,0,23097,0,0,0,0,
2694,0,5,0,0x0,6,0,0,6,0,0,5,0,0,,"지능 +6",,,,,,,,,,,,,,,0xFF01FE,0,0,23113,0,0,0,0,
2695,0,5,0,0x0,6,0,0,6,0,0,32,0,0,,"치명타 및 주문 극대화 적중도 +6",,,,,,,,,,,,,,,0xFF01FE,0,0,23114,0,0,0,0,
2696,0,5,0,0x0,6,0,0,6,0,0,12,0,0,,"방어 숙련도 +6",,,,,,,,,,,,,,,0xFF01FE,0,0,23115,0,0,0,0,
2697,0,5,0,0x0,6,6,0,6,6,0,31,17,0,,"적중도 +6",,,,,,,,,,,,,,,0xFF01FE,0,0,23116,0,0,0,0,
2698,0,5,0,0x0,9,0,0,9,0,0,7,0,0,,"체력 +9",,,,,,,,,,,,,,,0xFF01FE,0,0,23118,0,0,0,0,
2699,0,5,0,0x0,6,0,0,6,0,0,6,0,0,,"정신력 +6",,,,,,,,,,,,,,,0xFF01FE,0,0,23119,0,0,0,0,
2700,0,3,0,0x0,0,0,0,0,0,0,31926,0,0,,"주문 관통력 +8",,,,,,,,,,,,,,,0xFF01FE,0,0,23120,0,0,0,0,
2701,0,5,0,0x0,3,0,0,3,0,0,43,0,0,,"5초당 마나 회복량 +3",,,,,,,,,,,,,,,0xFF01FE,0,0,23121,0,0,0,0,
2702,0,0,0,0x0,0,0,0,0,0,0,0,0,0,,"민첩성 +12 (붉은 보석 2개)",,,,,,,,,,,,,,,0xFF01FE,0,0,0,0,0,0,0,
2703,0,4,0,0x0,0,0,0,0,0,0,0,0,0,,"다른 색의 보석마다 민첩성 +4",,,,,,,,,,,,,,,0xFF01FE,0,0,23364,0,0,0,0,
2704,0,5,0,0x0,12,0,0,12,0,0,4,0,0,,"푸른 보석 4개 착용 시 힘 +12",,,,,,,,,,,,,,,0xFF01FE,0,0,23366,3,0,0,0,
2705,0,5,5,0x0,3,4,0,3,4,0,5,45,0,,"주문력 +4 / 지능 +3",,,,,,,,,,,,,,,0xFF01FE,0,0,23099,0,0,0,0,
2706,0,5,5,0x0,3,4,0,3,4,0,12,7,0,,"방어 숙련도 +3 / 체력 +4",,,,,,,,,,,,,,,0xFF01FE,0,0,23105,0,0,0,0,
2707,0,5,5,0x0,2,3,0,2,3,0,43,5,0,,"지능 +3 / 5초당 마나 회복량 +2",,,,,,,,,,,,,,,0xFF01FE,0,0,23106,0,0,0,0,
2708,0,5,5,0x0,4,4,0,4,4,0,45,7,0,,"주문력 +4 / 체력 +4",,,,,,,,,,,,,,,0xFF01FE,0,0,23108,0,0,0,0,
2709,0,5,5,0x0,4,2,0,4,2,0,45,43,0,,"주문력 +4 / 5초당 마나 회복량 +2",,,,,,,,,,,,,,,0xFF01FE,0,0,23109,0,0,0,0,
2710,0,5,5,0x0,3,4,0,3,4,0,3,7,0,,"민첩성 +3 / 체력 +4",,,,,,,,,,,,,,,0xFF01FE,0,0,23110,0,0,0,0,
2711,0,5,5,0x0,3,4,0,3,4,0,4,7,0,,"힘 +3 / 체력 +4",,,,,,,,,,,,,,,0xFF01FE,0,0,23111,0,0,0,0,
2712,0,2,0,0x0,12,0,0,12,0,0,0,0,0,,"무기 연마 (공격력 +12)",,,,,,,,,,,,,,,0xFF01FE,0,0,0,0,0,0,0,
2713,0,5,2,0x0,14,12,0,14,12,0,32,0,0,,"무기 연마 (치명타 및 주문 극대화 적중도 +14 / 공격력 +12)",,,,,,,,,,,,,,,0xFF01FE,0,0,0,0,0,0,0,
2714,0,3,0,0x0,0,0,0,0,0,0,29455,0,0,,"지옥 강철 스파이크 (26-38)",,,,,,,,,,,,,,,0xFF01FE,0,0,0,0,0,0,0,
2715,0,5,5,0x0,16,6,0,16,6,0,45,43,0,,"주문력 +16 / 5초당 마나 회복량 +6",,,,,,,,,,,,,,,0xFF01FE,0,1,0,0,0,0,60,
2716,0,5,4,0x0,16,100,0,16,100,0,7,0,0,,"체력 +16 / 방어도 +100",,,,,,,,,,,,,,,0xFF01FE,0,1,0,0,0,0,60,
2717,0,5,5,0x0,26,14,0,26,14,0,38,32,0,,"전투력 +26 / 치명타 및 주문 극대화 적중도 +14",,,,,,,,,,,,,,,0xFF01FE,0,1,0,0,0,0,60,
2718,0,3,0,0x0,0,0,0,0,0,0,42135,0,0,,"수호의 룬",,,,,,,,,,,,,,,0xFF01FE,0,0,0,0,0,0,0,
2719,0,3,0,0x0,0,0,0,0,0,0,29674,0,0,,"하급 수호의 보호막",,,,,,,,,,,,,,,0xFF01FE,0,0,0,0,0,0,0,
2720,0,3,0,0x0,0,0,0,0,0,0,29701,0,0,,"상급 수호의 보호막",,,,,,,,,,,,,,,0xFF01FE,0,0,0,0,0,0,0,
2721,0,5,5,0x0,15,14,0,15,14,0,45,32,0,,"주문력 +15 / 치명타 및 주문 극대화 적중도 +14",,,,,,,,,,,,,,,0xFF01FE,0,1,0,0,0,0,60,
2722,0,2,0,0x0,10,0,0,10,0,0,0,0,0,,"조준경 (공격력 +10)",,,,,,,,,,,,,,,0xFF01FE,0,1,0,0,0,0,55,
2723,0,2,0,0x0,12,0,0,12,0,0,0,0,0,,"조준경 (공격력 +12)",,,,,,,,,,,,,,,0xFF01FE,0,1,0,0,0,0,55,
2724,0,5,0,0x0,28,0,0,28,0,0,20,0,0,,"조준경 (치명타 적중도 +28)",,,,,,,,,,,,,,,0xFF01FE,0,1,0,0,0,0,60,
2725,0,5,0,0x0,8,0,0,8,0,0,4,0,0,,"힘 +8",,,,,,,,,,,,,,,0xFF01FE,0,0,24027,0,0,0,0,
2726,0,5,0,0x0,8,0,0,8,0,0,3,0,0,,"민첩성 +8",,,,,,,,,,,,,,,0xFF01FE,0,0,24028,0,0,0,0,
2727,0,5,0,0x0,9,0,0,9,0,0,45,0,0,,"주문력 +9",,,,,,,,,,,,,,,0xFF01FE,0,0,24029,0,0,0,0,
2728,0,5,0,0x0,9,0,0,9,0,0,45,0,0,,"주문력 +9",,,,,,,,,,,,,,,0xFF01FE,0,0,24030,0,0,0,0,
2729,0,5,0,0x0,16,0,0,16,0,0,38,0,0,,"전투력 +16",,,,,,,,,,,,,,,0xFF01FE,0,0,24031,0,0,0,0,
2730,0,5,0,0x0,8,0,0,8,0,0,13,0,0,,"회피 숙련도 +8",,,,,,,,,,,,,,,0xFF01FE,0,0,24032,0,0,0,0,
2731,0,5,0,0x0,12,0,0,12,0,0,7,0,0,,"체력 +12",,,,,,,,,,,,,,,0xFF01FE,0,0,24033,0,0,0,0,
2732,0,5,0,0x0,8,0,0,8,0,0,6,0,0,,"정신력 +8",,,,,,,,,,,,,,,0xFF01FE,0,0,24035,0,0,0,0,
2733,0,5,0,0x0,4,0,0,4,0,0,43,0,0,,"5초당 마나 회복량 +4",,,,,,,,,,,,,,,0xFF01FE,0,0,24037,0,0,0,0,
2734,0,5,0,0x0,8,0,0,8,0,0,5,0,0,,"지능 +8",,,,,,,,,,,,,,,0xFF01FE,0,0,24047,0,0,0,0,
2735,0,5,0,0x0,8,8,0,8,8,0,32,20,0,,"치명타 및 주문 극대화 적중도 +8",,,,,,,,,,,,,,,0xFF01FE,0,0,24048,0,0,0,0,
2736,0,5,0,0x0,8,0,0,8,0,0,32,0,0,,"치명타 및 주문 극대화 적중도 +8",,,,,,,,,,,,,,,0xFF01FE,0,0,24050,0,0,0,0,
2737,0,5,0,0x0,8,0,0,8,0,0,12,0,0,,"방어 숙련도 +8",,,,,,,,,,,,,,,0xFF01FE,0,0,24052,0,0,0,0,
2738,0,5,5,0x0,4,6,0,4,6,0,4,7,0,,"힘 +4 / 체력 +6",,,,,,,,,,,,,,,0xFF01FE,0,0,24054,0,0,0,0,
2739,0,5,5,0x0,4,6,0,4,6,0,3,7,0,,"민첩성 +4 / 체력 +6",,,,,,,,,,,,,,,0xFF01FE,0,0,24055,0,0,0,0,
2740,0,5,5,0x0,5,6,0,5,6,0,45,7,0,,"주문력 +5 / 체력 +6",,,,,,,,,,,,,,,0xFF01FE,0,0,24056,0,0,0,0,
2741,0,5,5,0x0,5,2,0,5,2,0,45,43,0,,"주문력 +5 / 5초당 마나 회복량 +2",,,,,,,,,,,,,,,0xFF01FE,0,0,24057,0,0,0,0,
2742,0,5,5,0x0,5,4,0,5,4,0,45,5,0,,"주문력 +5 / 지능 +4",,,,,,,,,,,,,,,0xFF01FE,0,0,24060,0,0,0,0,
2743,0,5,5,0x0,4,6,0,4,6,0,12,7,0,,"방어 숙련도 +4 / 체력 +6",,,,,,,,,,,,,,,0xFF01FE,0,0,24062,0,0,0,0,
2744,0,5,5,0x0,4,2,0,4,2,0,5,43,0,,"지능 +4 / 5초당 마나 회복량 +2",,,,,,,,,,,,,,,0xFF01FE,0,0,24065,0,0,0,0,
2745,0,5,5,0x0,25,15,0,25,15,0,45,7,0,,"주문력 +25 / 체력 +15",,,,,,,,,,,,,,,0xFF01FE,0,1,0,0,0,0,50,
2746,0,5,5,0x0,35,20,0,35,20,0,45,7,0,,"주문력 +35 / 체력 +20",,,,,,,,,,,,,,,0xFF01FE,0,1,0,0,0,0,60,
2747,0,5,5,0x0,25,15,0,25,15,0,45,7,0,,"주문력 +25 / 체력 +15",,,,,,,,,,,,,,,0xFF01FE,0,1,0,0,0,0,50,
2748,0,5,5,0x0,35,20,0,35,20,0,45,7,0,,"주문력 +35 / 체력 +20",,,,,,,,,,,,,,,0xFF01FE,0,1,0,0,0,0,60,
2749,0,5,0,0x0,12,0,0,12,0,0,5,0,0,,"지능 +12",,,,,,,,,,,,,,,0xFF01FE,0,0,0,0,0,0,0,
2750,0,5,0,0x0,6,0,0,6,0,0,43,0,0,,"5초당 마나 회복량 +6",,,,,,,,,,,,,,,0xFF01FE,0,0,0,0,0,0,0,
2751,0,5,0,0x0,14,0,0,14,0,0,32,0,0,,"치명타 및 주문 극대화 적중도 +14",,,,,,,,,,,,,,,0xFF01FE,0,0,0,0,0,0,0,
2752,0,5,5,0x0,3,3,3,3,3,3,4,32,20,,"치명타 및 주문 극대화 적중도 +3 / 힘 +3",,,,,,,,,,,,,,,0xFF01FE,0,0,23098,0,0,0,0,
2753,0,5,5,0x0,4,4,4,4,4,4,4,32,20,,"치명타 및 주문 극대화 적중도 +4 / 힘 +4",,,,,,,,,,,,,,,0xFF01FE,0,0,24058,0,0,0,0,
2754,0,5,0,0x0,8,0,0,8,0,0,14,0,0,,"무기 막기 숙련도 +8",,,,,,,,,,,,,,,0xFF01FE,0,0,24036,0,0,0,0,
2755,0,5,5,0x0,3,3,0,3,3,0,3,31,0,,"적중도 +3 / 민첩성 +3",,,,,,,,,,,,,,,0xFF01FE,0,0,23100,0,0,0,0,
2756,0,5,5,0x0,4,4,4,4,4,4,3,31,17,,"적중도 +4 / 민첩성 +4",,,,,,,,,,,,,,,0xFF01FE,0,0,24061,0,0,0,0,
2757,0,5,5,0x0,4,3,3,4,3,3,7,32,20,,"치명타 및 주문 극대화 적중도 +3 / 체력 +4",,,,,,,,,,,,,,,0xFF01FE,0,0,23104,0,0,0,0,
2758,0,5,5,0x0,6,4,4,6,4,4,7,32,20,,"치명타 및 주문 극대화 적중도 +4 / 체력 +6",,,,,,,,,,,,,,,0xFF01FE,0,0,24067,0,0,0,0,
2759,0,5,0,0x0,8,0,0,8,0,0,35,0,0,,"탄력도 +8",,,,,,,,,,,,,,,0xFF01FE,0,0,24053,0,0,0,0,
2760,0,5,5,0x0,3,4,0,3,4,0,32,45,0,,"치명타 및 주문 극대화 적중도 +3 / 주문력 +4",,,,,,,,,,,,,,,0xFF01FE,0,0,23101,0,0,0,0,
2761,0,5,5,0x0,4,5,0,4,5,0,32,45,0,,"치명타 및 주문 극대화 적중도 +4 / 주문력 +5",,,,,,,,,,,,,,,0xFF01FE,0,0,24059,0,0,0,0,
2762,0,5,3,0x0,3,0,0,3,0,0,32,31922,0,,"치명타 및 주문 극대화 적중도 +3 / 주문 관통력 +4",,,,,,,,,,,,,,,0xFF01FE,0,0,23103,0,0,0,0,
2763,0,5,3,0x0,4,0,0,4,0,0,32,31921,0,,"치명타 및 주문 극대화 적중도 +4 / 주문 관통력 +5",,,,,,,,,,,,,,,0xFF01FE,0,0,24066,0,0,0,0,
2764,0,5,0,0x0,8,8,0,8,8,0,31,17,0,,"적중도 +8",,,,,,,,,,,,,,,0xFF01FE,0,0,24051,0,0,0,0,
2765,0,3,0,0x0,0,0,0,0,0,0,25975,0,0,,"주문 관통력 +10",,,,,,,,,,,,,,,0xFF01FE,0,0,24039,0,0,0,0,
2766,0,5,0,0x0,8,0,0,8,0,0,5,0,0,,"지능 +8",,,,,,,,,,,,,,,0xFF01FE,0,0,0,0,0,0,0,
2767,0,5,0,0x0,8,0,0,8,0,0,31,0,0,,"적중도 +8",,,,,,,,,,,,,,,0xFF01FE,0,0,0,0,0,0,0,
2768,0,5,0,0x0,16,0,0,16,0,0,45,0,0,,"주문력 +16",,,,,,,,,,,,,,,0xFF01FE,0,0,0,0,0,0,0,
2769,0,5,0,0x0,11,0,0,11,0,0,31,0,0,,"적중도 +11",,,,,,,,,,,,,,,0xFF01FE,0,0,0,0,0,0,0,
2770,0,5,0,0x0,7,0,0,7,0,0,45,0,0,,"주문력 +7",,,,,,,,,,,,,,,0xFF01FE,0,0,0,0,0,0,0,
2771,0,5,0,0x0,8,0,0,8,0,0,32,0,0,,"치명타 및 주문 극대화 적중도 +8",,,,,,,,,,,,,,,0xFF01FE,0,0,0,0,0,0,0,
2772,0,5,0,0x0,14,0,0,14,0,0,32,0,0,,"치명타 및 주문 극대화 적중도 +14",,,,,,,,,,,,,,,0xFF01FE,0,0,0,0,0,0,0,
2773,0,5,0,0x0,16,0,0,16,0,0,32,0,0,,"치명타 및 주문 극대화 적중도 +16",,,,,,,,,,,,,,,0xFF01FE,0,0,0,0,0,0,0,
2774,0,5,0,0x0,11,0,0,11,0,0,5,0,0,,"지능 +11",,,,,,,,,,,,,,,0xFF01FE,0,0,0,0,0,0,0,
2775,0,5,0,0x0,11,0,0,11,0,0,32,0,0,,"치명타 및 주문 극대화 적중도 +11",,,,,,,,,,,,,,,0xFF01FE,0,0,0,0,0,0,0,
2776,0,5,0,0x0,3,0,0,3,0,0,43,0,0,,"5초당 마나 회복량 +3",,,,,,,,,,,,,,,0xFF01FE,0,0,0,0,0,0,0,
2777,0,5,0,0x0,13,0,0,13,0,0,6,0,0,,"정신력 +13",,,,,,,,,,,,,,,0xFF01FE,0,0,0,0,0,0,0,
2778,0,3,0,0x0,0,0,0,0,0,0,31950,0,0,,"주문 관통력 +13",,,,,,,,,,,,,,,0xFF01FE,0,0,0,0,0,0,0,
2779,0,5,0,0x0,16,0,0,16,0,0,6,0,0,,"정신력 +16",,,,,,,,,,,,,,,0xFF01FE,0,0,0,0,0,0,0,
2780,0,3,0,0x0,0,0,0,0,0,0,26283,0,0,,"주문 관통력 +20",,,,,,,,,,,,,,,0xFF01FE,0,0,0,0,0,0,0,
2781,0,5,0,0x0,19,0,0,19,0,0,7,0,0,,"체력 +19",,,,,,,,,,,,,,,0xFF01FE,0,0,0,0,0,0,0,
2782,0,5,0,0x0,10,0,0,10,0,0,3,0,0,,"민첩성 +10",,,,,,,,,,,,,,,0xFF01FE,0,0,0,0,0,0,0,
2783,0,5,0,0x0,14,0,0,14,0,0,31,0,0,,"적중도 +14",,,,,,,,,,,,,,,0xFF01FE,0,0,0,0,0,0,0,
2784,0,5,0,0x0,12,0,0,12,0,0,31,0,0,,"적중도 +12",,,,,,,,,,,,,,,0xFF01FE,0,0,0,0,0,0,0,
2785,0,5,0,0x0,13,0,0,13,0,0,31,0,0,,"적중도 +13",,,,,,,,,,,,,,,0xFF01FE,0,0,0,0,0,0,0,
2786,0,5,0,0x0,7,0,0,7,0,0,31,0,0,,"적중도 +7",,,,,,,,,,,,,,,0xFF01FE,0,0,0,0,0,0,0,
2787,0,5,0,0x0,8,0,0,8,0,0,32,0,0,,"치명타 및 주문 극대화 적중도 +8",,,,,,,,,,,,,,,0xFF01FE,0,0,0,0,0,0,0,
2788,0,5,0,0x0,9,0,0,9,0,0,35,0,0,,"탄력도 +9",,,,,,,,,,,,,,,0xFF01FE,0,0,0,0,0,0,0,
2789,0,5,0,0x0,15,0,0,15,0,0,35,0,0,,"탄력도 +15",,,,,,,,,,,,,,,0xFF01FE,0,0,0,0,0,0,0,
2790,0,3,0,0x0,0,0,0,0,0,0,29504,0,0,,"하급 수호의 룬",,,,,,,,,,,,,,,0xFF01FE,0,0,0,0,0,0,0,
2791,0,3,0,0x0,0,0,0,0,0,0,42136,0,0,,"상급 수호의 룬",,,,,,,,,,,,,,,0xFF01FE,0,0,0,0,0,0,0,
2792,0,5,0,0x0,8,0,0,8,0,0,7,0,0,,"체력 +8",,,,,,,,,,,,,,,0xFF01FE,0,0,0,0,0,0,0,
2793,0,5,0,0x0,8,0,0,8,0,0,12,0,0,,"방어 숙련도 +8",,,,,,,,,,,,,,,0xFF01FE,0,1,0,0,0,0,55,
2794,0,5,0,0x0,4,0,0,4,0,0,43,0,0,,"5초당 마나 회복량 +4",,,,,,,,,,,,,,,0xFF01FE,0,1,0,0,0,0,55,
2795,0,3,0,0x0,0,0,0,0,0,0,32427,0,0,,"편안한 깔창",,,,,,,,,,,,,,,0xFF01FE,0,0,0,0,0,0,0,
2796,0,5,0,0x0,15,0,0,15,0,0,13,0,0,,"회피 숙련도 +15",,,,,,,,,,,,,,,0xFF01FE,0,0,0,0,0,0,0,
2797,0,5,0,0x0,9,0,0,9,0,0,13,0,0,,"회피 숙련도 +9",,,,,,,,,,,,,,,0xFF01FE,0,0,0,0,0,0,0,
2798,0,3,0,0x0,0,0,0,0,0,0,32557,0,0,,"지능 +$i (+$n/+$f)",,,,,,,,,,,,,,,0xFF01FE,0,0,0,0,0,0,0,
2799,0,5,0,0x0,0,0,0,0,0,0,7,0,0,,"체력 +$i (+$n/+$f)",,,,,,,,,,,,,,,0xFF01FE,0,0,0,0,0,0,0,
2800,0,4,0,0x0,0,0,0,0,0,0,0,0,0,,"방어도 +$i (+$n/+$f)",,,,,,,,,,,,,,,0xFF01FE,0,0,0,0,0,0,0,
2801,0,5,0,0x0,8,0,0,8,0,0,35,0,0,,"탄력도 +8",,,,,,,,,,,,,,,0xFF01FE,0,0,0,0,0,0,0,
2802,0,5,0,0x0,0,0,0,0,0,0,3,0,0,,"민첩성 +$i",,,,,,,,,,,,,,,0xFF01FE,0,0,0,0,0,0,0,
2803,0,5,0,0x0,0,0,0,0,0,0,7,0,0,,"체력 +$i",,,,,,,,,,,,,,,0xFF01FE,0,0,0,0,0,0,0,
2804,0,5,0,0x0,0,0,0,0,0,0,5,0,0,,"지능 +$i",,,,,,,,,,,,,,,0xFF01FE,0,0,0,0,0,0,0,
2805,0,5,0,0x0,0,0,0,0,0,0,4,0,0,,"힘 +$i",,,,,,,,,,,,,,,0xFF01FE,0,0,0,0,0,0,0,
2806,0,5,0,0x0,0,0,0,0,0,0,6,0,0,,"정신력 +$i",,,,,,,,,,,,,,,0xFF01FE,0,0,0,0,0,0,0,
2807,0,3,0,0x0,0,0,0,0,0,0,32694,0,0,,"비전 주문 공격력 +$i",,,,,,,,,,,,,,,0xFF01FE,0,0,0,0,0,0,0,
2808,0,3,0,0x0,0,0,0,0,0,0,32695,0,0,,"화염 주문 공격력 +$i",,,,,,,,,,,,,,,0xFF01FE,0,0,0,0,0,0,0,
2809,0,3,0,0x0,0,0,0,0,0,0,32696,0,0,,"자연 주문 공격력 +$i",,,,,,,,,,,,,,,0xFF01FE,0,0,0,0,0,0,0,
2810,0,3,0,0x0,0,0,0,0,0,0,32698,0,0,,"냉기 주문 공격력 +$i",,,,,,,,,,,,,,,0xFF01FE,0,0,0,0,0,0,0,
2811,0,3,0,0x0,0,0,0,0,0,0,32697,0,0,,"암흑 주문 공격력 +$i",,,,,,,,,,,,,,,0xFF01FE,0,0,0,0,0,0,0,
2812,0,3,0,0x0,0,0,0,0,0,0,32701,0,0,,"주문 치유량 +$i",,,,,,,,,,,,,,,0xFF01FE,0,0,0,0,0,0,0,
2813,0,5,0,0x0,0,0,0,0,0,0,12,0,0,,"방어 숙련도 +$i",,,,,,,,,,,,,,,0xFF01FE,0,0,0,0,0,0,0,
2814,0,3,0,0x0,0,0,0,0,0,0,32703,0,0,,"5초당 생명력 회복량 +$i",,,,,,,,,,,,,,,0xFF01FE,0,0,0,0,0,0,0,
2815,0,5,0,0x0,0,0,0,0,0,0,13,0,0,,"회피 숙련도 +$i",,,,,,,,,,,,,,,0xFF01FE,0,0,0,0,0,0,0,
2816,0,5,0,0x0,0,0,0,0,0,0,43,0,0,,"5초당 마나 회복량 +$i",,,,,,,,,,,,,,,0xFF01FE,0,0,0,0,0,0,0,
2817,0,4,0,0x0,0,0,0,0,0,0,6,0,0,,"비전 저항력 +$i",,,,,,,,,,,,,,,0xFF01FE,0,0,0,0,0,0,0,
2818,0,4,0,0x0,0,0,0,0,0,0,2,0,0,,"화염 저항력 +$i",,,,,,,,,,,,,,,0xFF01FE,0,0,0,0,0,0,0,
2819,0,4,0,0x0,0,0,0,0,0,0,4,0,0,,"냉기 저항력 +$i",,,,,,,,,,,,,,,0xFF01FE,0,0,0,0,0,0,0,
2820,0,4,0,0x0,0,0,0,0,0,0,3,0,0,,"자연 저항력 +$i",,,,,,,,,,,,,,,0xFF01FE,0,0,0,0,0,0,0,
2821,0,4,0,0x0,0,0,0,0,0,0,5,0,0,,"암흑 저항력 +$i",,,,,,,,,,,,,,,0xFF01FE,0,0,0,0,0,0,0,
2822,0,5,0,0x0,0,0,0,0,0,0,32,0,0,,"치명타 및 주문 극대화 적중도 +$i",,,,,,,,,,,,,,,0xFF01FE,0,0,0,0,0,0,0,
2823,0,5,0,0x0,0,0,0,0,0,0,32,0,0,,"치명타 및 주문 극대화 적중도 +$i",,,,,,,,,,,,,,,0xFF01FE,0,0,0,0,0,0,0,
2824,0,5,0,0x0,0,0,0,0,0,0,45,0,0,,"주문력 +$i",,,,,,,,,,,,,,,0xFF01FE,0,0,0,0,0,0,0,
2825,0,5,0,0x0,0,0,0,0,0,0,38,0,0,,"전투력 +$i",,,,,,,,,,,,,,,0xFF01FE,0,0,0,0,0,0,0,
2826,0,5,0,0x0,0,0,0,0,0,0,15,0,0,,"방패 막기 숙련도 +$i",,,,,,,,,,,,,,,0xFF01FE,0,0,0,0,0,0,0,
2827,0,5,3,0x0,14,0,0,14,0,0,32,11818,0,,"치명타 및 주문 극대화 적중도 +14 / 1% 확률로 주문 반사",,,,,,,,,,,,,,,0xFF01FE,0,0,25890,64,0,0,0,
2828,0,3,0,0x0,0,0,0,0,0,0,32837,0,0,,"주문 시전 시 일정 확률로 시전 속도 증가",,,,,,,,,,,,,,,0xFF01FE,0,0,25893,30,0,0,0,
2829,0,5,3,0x0,24,0,0,24,0,0,38,23990,0,,"전투력 +24 / 최하급 달리기 속도 증가",,,,,,,,,,,,,,,0xFF01FE,0,0,25894,63,0,0,0,
2830,0,5,3,0x0,12,0,0,12,0,0,32,55378,0,,"치명타 및 주문 극대화 적중도 +12 / 덫, 이동 불가에 대한 저항력 +10%",,,,,,,,,,,,,,,0xFF01FE,0,0,25895,32,0,0,0,
2831,0,5,3,0x0,18,0,0,18,0,0,7,55358,0,,"체력 +18 / 기절 지속시간 15% 감소",,,,,,,,,,,,,,,0xFF01FE,0,0,25896,33,0,0,0,
2832,0,5,3,0x0,14,0,0,14,0,0,45,32842,0,,"주문력 +14 / 위협 수준 2%만큼 감소",,,,,,,,,,,,,,,0xFF01FE,0,0,25897,34,0,0,0,
2833,0,5,3,0x0,12,0,0,12,0,0,12,32844,0,,"방어 숙련도 +12 / 공격 받을 시 일정 확률로 생명력 회복",,,,,,,,,,,,,,,0xFF01FE,0,0,25898,35,0,0,0,
2834,0,3,3,0x0,0,0,0,0,0,0,26598,37982,0,,"근접 공격력 +3 / 공격 시 일정 확률로 대상 기절",,,,,,,,,,,,,,,0xFF01FE,0,0,25899,36,0,0,0,
2835,0,5,3,0x0,12,0,0,12,0,0,5,27521,0,,"지능 +12 / 주문 시전 시 일정 확률로 마나 회복",,,,,,,,,,,,,,,0xFF01FE,0,0,25901,66,0,0,0,
2836,0,5,0,0x0,3,0,0,3,0,0,43,0,0,,"5초당 마나 회복량 +3",,,,,,,,,,,,,,,0xFF01FE,0,0,0,0,0,0,0,
2837,0,5,0,0x0,7,0,0,7,0,0,6,0,0,,"정신력 +7",,,,,,,,,,,,,,,0xFF01FE,0,0,0,0,0,0,0,
2838,0,5,0,0x0,7,0,0,7,0,0,32,0,0,,"치명타 및 주문 극대화 적중도 +7",,,,,,,,,,,,,,,0xFF01FE,0,0,0,0,0,0,0,
2839,0,5,0,0x0,14,0,0,14,0,0,32,0,0,,"치명타 및 주문 극대화 적중도 +14",,,,,,,,,,,,,,,0xFF01FE,0,0,0,0,0,0,0,
2840,0,5,0,0x0,21,0,0,21,0,0,7,0,0,,"체력 +21",,,,,,,,,,,,,,,0xFF01FE,0,0,0,0,0,0,0,
2841,0,5,0,0x0,10,0,0,10,0,0,7,0,0,,"체력 +10",,,,,,,,,,,,,,,0xFF01FE,0,0,0,0,0,0,0,
2842,0,5,0,0x0,8,0,0,8,0,0,6,0,0,,"정신력 +8",,,,,,,,,,,,,,,0xFF01FE,0,0,0,0,0,0,0,
2843,0,5,0,0x0,8,0,0,8,0,0,32,0,0,,"치명타 및 주문 극대화 적중도 +8",,,,,,,,,,,,,,,0xFF01FE,0,0,0,0,0,0,0,
2844,0,5,0,0x0,8,0,0,8,0,0,31,0,0,,"적중도 +8",,,,,,,,,,,,,,,0xFF01FE,0,0,0,0,0,0,0,
2845,0,5,0,0x0,11,0,0,11,0,0,31,0,0,,"적중도 +11",,,,,,,,,,,,,,,0xFF01FE,0,0,0,0,0,0,0,
2846,0,5,0,0x0,4,0,0,4,0,0,43,0,0,,"5초당 마나 회복량 +4",,,,,,,,,,,,,,,0xFF01FE,0,0,0,0,0,0,0,
2847,0,5,0,0x0,4,0,0,4,0,0,43,0,0,,"5초당 마나 회복량 +4",,,,,,,,,,,,,,,0xFF01FE,0,0,0,0,0,0,0,
2848,0,5,0,0x0,5,0,0,5,0,0,43,0,0,,"5초당 마나 회복량 +5",,,,,,,,,,,,,,,0xFF01FE,0,0,0,0,0,0,0,
2849,0,5,0,0x0,0,0,0,0,0,0,13,0,0,,"회피 숙련도 +7",,,,,,,,,,,,,,,0xFF01FE,0,0,0,0,0,0,0,
2850,0,5,0,0x0,13,0,0,13,0,0,32,0,0,,"치명타 및 주문 극대화 적중도 +13",,,,,,,,,,,,,,,0xFF01FE,0,0,0,0,0,0,0,
2851,0,5,0,0x0,19,0,0,19,0,0,7,0,0,,"체력 +19",,,,,,,,,,,,,,,0xFF01FE,0,0,0,0,0,0,0,
2852,0,5,0,0x0,7,0,0,7,0,0,43,0,0,,"5초당 마나 회복량 +7",,,,,,,,,,,,,,,0xFF01FE,0,0,0,0,0,0,0,
2853,0,5,0,0x0,8,0,0,8,0,0,43,0,0,,"5초당 마나 회복량 +8",,,,,,,,,,,,,,,0xFF01FE,0,0,0,0,0,0,0,
2854,0,5,0,0x0,3,0,0,3,0,0,43,0,0,,"5초당 마나 회복량 +3",,,,,,,,,,,,,,,0xFF01FE,0,0,0,0,0,0,0,
2855,0,5,0,0x0,5,0,0,5,0,0,43,0,0,,"5초당 마나 회복량 +5",,,,,,,,,,,,,,,0xFF01FE,0,0,0,0,0,0,0,
2856,0,5,0,0x0,4,0,0,4,0,0,35,0,0,,"탄력도 +4",,,,,,,,,,,,,,,0xFF01FE,0,0,0,0,0,0,0,
2857,0,5,0,0x0,2,0,0,2,0,0,19,0,0,,"치명타 및 주문 극대화 적중도 +2",,,,,,,,,,,,,,,0xFF01FE,0,0,0,0,0,0,0,
2858,0,5,0,0x0,2,0,0,2,0,0,19,0,0,,"치명타 및 주문 극대화 적중도 +2",,,,,,,,,,,,,,,0xFF01FE,0,0,0,0,0,0,0,
2859,0,5,0,0x0,3,0,0,3,0,0,35,0,0,,"탄력도 +3",,,,,,,,,,,,,,,0xFF01FE,0,0,0,0,0,0,0,
2860,0,5,0,0x0,3,0,0,3,0,0,31,0,0,,"적중도 +3",,,,,,,,,,,,,,,0xFF01FE,0,0,0,0,0,0,0,
2861,0,5,0,0x0,3,0,0,3,0,0,12,0,0,,"방어 숙련도 +3",,,,,,,,,,,,,,,0xFF01FE,0,0,0,0,0,0,0,
2862,0,5,0,0x0,3,0,0,3,0,0,35,0,0,,"탄력도 +3",,,,,,,,,,,,,,,0xFF01FE,0,0,0,0,0,0,0,
2863,0,5,0,0x0,3,0,0,3,0,0,5,0,0,,"지능 +3",,,,,,,,,,,,,,,0xFF01FE,0,0,0,0,0,0,0,
2864,0,5,0,0x0,4,0,0,4,0,0,32,0,0,,"치명타 및 주문 극대화 적중도 +4",,,,,,,,,,,,,,,0xFF01FE,0,0,0,0,0,0,0,
2865,0,5,0,0x0,2,0,0,2,0,0,43,0,0,,"5초당 마나 회복량 +2",,,,,,,,,,,,,,,0xFF01FE,0,0,0,0,0,0,0,
2866,0,5,0,0x0,3,0,0,3,0,0,6,0,0,,"정신력 +3",,,,,,,,,,,,,,,0xFF01FE,0,0,0,0,0,0,0,
2867,0,5,0,0x0,2,0,0,2,0,0,35,0,0,,"탄력도 +2",,,,,,,,,,,,,,,0xFF01FE,0,0,0,0,0,0,0,
2868,0,5,0,0x0,6,0,0,6,0,0,7,0,0,,"체력 +6",,,,,,,,,,,,,,,0xFF01FE,0,0,0,0,0,0,0,
2869,0,5,0,0x0,4,0,0,4,0,0,5,0,0,,"지능 +4",,,,,,,,,,,,,,,0xFF01FE,0,0,0,0,0,0,0,
2870,0,5,0,0x0,3,0,0,3,0,0,14,0,0,,"무기 막기 숙련도 +3",,,,,,,,,,,,,,,0xFF01FE,0,0,0,0,0,0,0,
2871,0,5,0,0x0,4,0,0,4,0,0,13,0,0,,"회피 숙련도 +4",,,,,,,,,,,,,,,0xFF01FE,0,0,0,0,0,0,0,
2872,0,5,0,0x0,5,0,0,5,0,0,45,0,0,,"주문력 +5",,,,,,,,,,,,,,,0xFF01FE,0,0,0,0,0,0,0,
2873,0,5,0,0x0,4,0,0,4,0,0,31,0,0,,"적중도 +4",,,,,,,,,,,,,,,0xFF01FE,0,0,0,0,0,0,0,
2874,0,5,0,0x0,4,0,0,4,0,0,32,0,0,,"치명타 및 주문 극대화 적중도 +4",,,,,,,,,,,,,,,0xFF01FE,0,0,0,0,0,0,0,
2875,0,5,0,0x0,3,0,0,3,0,0,32,0,0,,"치명타 및 주문 극대화 적중도 +3",,,,,,,,,,,,,,,0xFF01FE,0,0,0,0,0,0,0,
2876,0,5,0,0x0,3,0,0,3,0,0,13,0,0,,"회피 숙련도 +3",,,,,,,,,,,,,,,0xFF01FE,0,0,0,0,0,0,0,
2877,0,5,0,0x0,4,0,0,4,0,0,3,0,0,,"민첩성 +4",,,,,,,,,,,,,,,0xFF01FE,0,0,0,0,0,0,0,
2878,0,5,0,0x0,4,0,0,4,0,0,35,0,0,,"탄력도 +4",,,,,,,,,,,,,,,0xFF01FE,0,0,0,0,0,0,0,
2879,0,5,0,0x0,3,0,0,3,0,0,4,0,0,,"힘 +3",,,,,,,,,,,,,,,0xFF01FE,0,0,0,0,0,0,0,
2880,0,5,0,0x0,3,0,0,3,0,0,31,0,0,,"적중도 +3",,,,,,,,,,,,,,,0xFF01FE,0,0,0,0,0,0,0,
2881,0,5,0,0x0,1,0,0,1,0,0,43,0,0,,"5초당 마나 회복량 +1",,,,,,,,,,,,,,,0xFF01FE,0,0,0,0,0,0,0,
2882,0,5,0,0x0,6,0,0,6,0,0,7,0,0,,"체력 +6",,,,,,,,,,,,,,,0xFF01FE,0,0,0,0,0,0,0,
2883,0,5,0,0x0,4,0,0,4,0,0,7,0,0,,"체력 +4",,,,,,,,,,,,,,,0xFF01FE,0,0,0,0,0,0,0,
2884,0,5,0,0x0,2,0,0,2,0,0,32,0,0,,"치명타 및 주문 극대화 적중도 +2",,,,,,,,,,,,,,,0xFF01FE,0,0,0,0,0,0,0,
2885,0,5,0,0x0,2,0,0,2,0,0,32,0,0,,"치명타 및 주문 극대화 적중도 +2",,,,,,,,,,,,,,,0xFF01FE,0,0,0,0,0,0,0,
2886,0,5,0,0x0,2,0,0,2,0,0,31,0,0,,"적중도 +2",,,,,,,,,,,,,,,0xFF01FE,0,0,0,0,0,0,0,
2887,0,5,0,0x0,3,0,0,3,0,0,32,0,0,,"치명타 및 주문 극대화 적중도 +3",,,,,,,,,,,,,,,0xFF01FE,0,0,0,0,0,0,0,
2888,0,3,0,0x0,0,0,0,0,0,0,33088,0,0,,"방패 피해 방어량 +6",,,,,,,,,,,,,,,0xFF01FE,0,0,0,0,0,0,0,
2889,0,5,0,0x0,5,0,0,5,0,0,45,0,0,,"주문력 +5",,,,,,,,,,,,,,,0xFF01FE,0,0,0,0,0,0,0,
2890,0,5,0,0x0,4,0,0,4,0,0,6,0,0,,"정신력 +4",,,,,,,,,,,,,,,0xFF01FE,0,0,0,0,0,0,0,
2891,0,5,0,0x0,10,0,0,10,0,0,35,0,0,,"탄력도 +10",,,,,,,,,,,,,,,0xFF01FE,0,0,27679,0,0,0,0,
2892,0,5,0,0x0,4,0,0,4,0,0,4,0,0,,"힘 +4",,,,,,,,,,,,,,,0xFF01FE,0,0,0,0,0,0,0,
2893,0,5,0,0x0,3,0,0,3,0,0,3,0,0,,"민첩성 +3",,,,,,,,,,,,,,,0xFF01FE,0,0,0,0,0,0,0,
2894,0,5,0,0x0,7,0,0,7,0,0,4,0,0,,"힘 +7",,,,,,,,,,,,,,,0xFF01FE,0,0,27774,0,0,0,0,
2895,0,5,0,0x0,4,0,0,4,0,0,7,0,0,,"체력 +4",,,,,,,,,,,,,,,0xFF01FE,0,0,0,0,0,0,0,
2896,0,5,0,0x0,8,0,0,8,0,0,45,0,0,,"주문력 +8",,,,,,,,,,,,,,,0xFF01FE,0,0,27777,0,0,0,0,
2897,0,5,5,0x0,3,4,0,3,4,0,7,32,0,,"체력 +3 / 치명타 및 주문 극대화 적중도 +4",,,,,,,,,,,,,,,0xFF01FE,0,0,27782,0,0,0,0,
2898,0,5,5,0x0,3,4,0,3,4,0,7,32,0,,"체력 +3 / 치명타 및 주문 극대화 적중도 +4",,,,,,,,,,,,,,,0xFF01FE,0,0,27785,0,0,0,0,
2899,0,5,5,0x0,3,4,0,3,4,0,7,32,0,,"체력 +3 / 치명타 및 주문 극대화 적중도 +4",,,,,,,,,,,,,,,0xFF01FE,0,0,27786,0,0,0,0,
2900,0,5,0,0x0,4,0,0,4,0,0,45,0,0,,"주문력 +4",,,,,,,,,,,,,,,0xFF01FE,0,0,0,0,0,0,0,
2901,0,5,0,0x0,2,0,0,2,0,0,45,0,0,,"주문력 +2",,,,,,,,,,,,,,,0xFF01FE,0,0,0,0,0,0,0,
2902,0,5,0,0x0,2,0,0,2,0,0,32,0,0,,"치명타 및 주문 극대화 적중도 +2",,,,,,,,,,,,,,,0xFF01FE,0,0,0,0,0,0,0,
2906,0,5,5,0x0,0,0,0,0,0,0,7,5,0,,"체력 +$i / 지능 +$i",,,,,,,,,,,,,,,0xFF01FE,0,0,0,0,0,0,0,
2907,0,5,0,0x0,2,0,0,2,0,0,14,0,0,,"무기 막기 숙련도 +2",,,,,,,,,,,,,,,0xFF01FE,0,0,0,0,0,0,0,
2908,0,5,0,0x0,4,0,0,4,0,0,31,0,0,,"적중도 +4",,,,,,,,,,,,,,,0xFF01FE,0,0,0,0,0,0,0,
2909,0,5,0,0x0,2,0,0,2,0,0,31,0,0,,"적중도 +2",,,,,,,,,,,,,,,0xFF01FE,0,0,0,0,0,0,0,
2910,0,5,0,0x0,3,0,0,3,0,0,45,0,0,,"주문력 +3",,,,,,,,,,,,,,,0xFF01FE,0,0,0,0,0,0,0,
2911,0,5,0,0x0,10,0,0,10,0,0,4,0,0,,"힘 +10",,,,,,,,,,,,,,,0xFF01FE,0,0,28117,0,0,0,0,
2912,0,5,0,0x0,12,0,0,12,0,0,45,0,0,,"주문력 +12",,,,,,,,,,,,,,,0xFF01FE,0,0,28118,0,0,0,0,
2913,0,5,0,0x0,10,0,0,10,0,0,32,0,0,,"치명타 및 주문 극대화 적중도 +10",,,,,,,,,,,,,,,0xFF01FE,0,0,28119,0,0,0,0,
2914,0,5,0,0x0,10,0,0,10,0,0,32,0,0,,"치명타 및 주문 극대화 적중도 +10",,,,,,,,,,,,,,,0xFF01FE,0,0,28120,0,0,0,0,
2915,0,5,5,0x0,5,5,0,5,5,0,4,32,0,,"힘 +5 / 치명타 및 주문 극대화 적중도 +5",,,,,,,,,,,,,,,0xFF01FE,0,0,28122,0,0,0,0,
2916,0,5,5,0x0,6,5,0,6,5,0,45,32,0,,"치명타 및 주문 극대화 적중도 +5 / 주문력 +6",,,,,,,,,,,,,,,0xFF01FE,0,0,28123,0,0,0,0,
2917,0,4,0,0x0,100,0,0,100,0,0,0,0,0,,"시험용 보석 마법부여",,,,,,,,,,,,,,,0xFF01FE,0,0,27864,0,0,0,0,
2918,0,5,5,0x0,3,4,0,3,4,0,7,32,0,,"체력 +3 / 치명타 및 주문 극대화 적중도 +4",,,,,,,,,,,,,,,0xFF01FE,0,0,27786,0,0,0,0,
2919,0,5,0,0x0,7,0,0,7,0,0,4,0,0,,"힘 +7",,,,,,,,,,,,,,,0xFF01FE,0,0,0,0,0,0,0,
2921,0,5,5,0x0,3,4,0,3,4,0,7,32,0,,"체력 +3 / 치명타 및 주문 극대화 적중도 +4",,,,,,,,,,,,,,,0xFF01FE,0,0,27809,0,0,0,0,
2922,0,5,0,0x0,7,0,0,7,0,0,4,0,0,,"힘 +7",,,,,,,,,,,,,,,0xFF01FE,0,0,27811,0,0,0,0,
2923,0,5,5,0x0,3,4,0,3,4,0,7,32,0,,"체력 +3 / 치명타 및 주문 극대화 적중도 +4",,,,,,,,,,,,,,,0xFF01FE,0,0,27820,0,0,0,0,
2924,0,5,0,0x0,8,0,0,8,0,0,45,0,0,,"주문력 +8",,,,,,,,,,,,,,,0xFF01FE,0,0,27812,0,0,0,0,
2925,0,5,0,0x0,3,0,0,3,0,0,7,0,0,,"체력 +3",,,,,,,,,,,,,,,0xFF01FE,0,0,0,0,0,0,0,
2926,0,5,0,0x0,2,0,0,2,0,0,13,0,0,,"회피 숙련도 +2",,,,,,,,,,,,,,,0xFF01FE,0,0,0,0,0,0,0,
2927,0,5,0,0x0,4,0,0,4,0,0,4,0,0,,"힘 +4",,,,,,,,,,,,,,,0xFF01FE,0,0,0,0,0,0,0,
2928,0,5,0,0x0,12,0,0,12,0,0,45,39508,0,,"주문력 +12",,,,,,,,,,,,,,,0xFF01FE,0,1,0,0,333,350,0,
2929,0,3,0,0x0,2,0,0,2,0,0,26597,0,0,,"무기 공격력 +2",,,,,,,,,,,,,,,0xFF01FE,0,1,0,0,333,350,0,
2930,0,5,0,0x0,12,0,0,12,0,0,45,0,0,,"주문력 +12",,,,,,,,,,,,,,,0xFF01FE,0,1,0,0,333,350,0,
2931,0,3,0,0x0,0,0,0,0,0,0,19988,0,0,,"모든 능력치 +4",,,,,,,,,,,,,,,0xFF01FE,0,1,0,0,333,350,0,
2932,0,5,0,0x0,4,0,0,4,0,0,12,0,0,,"방어 숙련도 +4",,,,,,,,,,,,,,,0xFF01FE,0,0,0,0,0,0,0,
2933,0,5,0,0x0,15,0,0,15,0,0,35,0,0,,"탄력도 +15",,,,,,,,,,,,,,,0xFF01FE,0,0,0,0,0,0,0,
2934,0,5,0,0x0,10,0,0,10,0,0,32,0,0,,"치명타 및 주문 극대화 적중도 +10",,,,,,,,,,,,,,,0xFF01FE,0,0,0,0,0,0,0,
2935,0,5,0,0x0,15,0,0,15,0,0,31,0,0,,"적중도 +15",,,,,,,,,,,,,,,0xFF01FE,0,0,0,0,0,0,0,
2936,0,5,0,0x0,8,0,0,8,0,0,38,0,0,,"전투력 +8",,,,,,,,,,,,,,,0xFF01FE,0,0,0,0,0,0,0,
2937,0,5,0,0x0,20,0,0,20,0,0,45,0,0,,"주문력 +20",,,,,,,,,,,,,,,0xFF01FE,0,0,0,0,0,0,0,
2938,0,3,0,0x0,0,0,0,0,0,0,26283,0,0,,"주문 관통력 +20",,,,,,,,,,,,,,,0xFF01FE,0,0,0,0,0,0,0,
2939,0,3,5,0x0,0,6,0,0,6,0,13889,3,0,,"하급 이동 속도 증가 / 민첩성 +6",,,,,,,,,,,,,,,0xFF01FE,0,0,0,0,0,0,0,
2940,0,3,5,0x0,0,9,0,0,9,0,13889,7,0,,"하급 이동 속도 증가 / 체력 +9",,,,,,,,,,,,,,,0xFF01FE,0,0,0,0,0,0,0,
2941,0,5,0,0x0,2,0,0,2,0,0,31,0,0,,"적중도 +2",,,,,,,,,,,,,,,0xFF01FE,0,0,0,0,0,0,0,
2942,0,5,0,0x0,6,0,0,6,0,0,32,0,0,,"치명타 및 주문 극대화 적중도 +6",,,,,,,,,,,,,,,0xFF01FE,0,0,28290,0,0,0,0,
2943,0,5,0,0x0,14,0,0,14,0,0,38,0,0,,"전투력 +14",,,,,,,,,,,,,,,0xFF01FE,0,0,28360,0,0,0,0,
2944,0,5,0,0x0,14,0,0,14,0,0,38,0,0,,"전투력 +14",,,,,,,,,,,,,,,0xFF01FE,0,0,28361,0,0,0,0,
2945,0,5,0,0x0,20,0,0,20,0,0,38,0,0,,"전투력 +20",,,,,,,,,,,,,,,0xFF01FE,0,0,28362,0,0,0,0,
2946,0,5,5,0x0,10,5,0,10,5,0,38,32,0,,"전투력 +10 / 치명타 및 주문 극대화 적중도 +5",,,,,,,,,,,,,,,0xFF01FE,0,0,28363,0,0,0,0,
2947,0,3,0,0x0,0,0,0,0,0,0,18674,0,0,,"모든 저항력 +3",,,,,,,,,,,,,,,0xFF01FE,0,0,22460,0,0,0,0,
2948,0,3,0,0x0,0,0,0,0,0,0,18675,0,0,,"모든 저항력 +4",,,,,,,,,,,,,,,0xFF01FE,0,0,22459,0,0,0,0,
2949,0,5,0,0x0,20,0,0,20,0,0,38,0,0,,"전투력 +20",,,,,,,,,,,,,,,0xFF01FE,0,0,28388,0,0,0,0,
2950,0,5,0,0x0,10,0,0,10,0,0,32,0,0,,"치명타 및 주문 극대화 적중도 +10",,,,,,,,,,,,,,,0xFF01FE,0,0,28389,0,0,0,0,
2951,0,5,0,0x0,4,0,0,4,0,0,32,0,0,,"치명타 및 주문 극대화 적중도 +4",,,,,,,,,,,,,,,0xFF01FE,0,0,0,0,0,0,0,
2952,0,5,0,0x0,4,0,0,4,0,0,32,0,0,,"치명타 및 주문 극대화 적중도 +4",,,,,,,,,,,,,,,0xFF01FE,0,0,0,0,0,0,0,
2953,0,5,0,0x0,2,0,0,2,0,0,45,0,0,,"주문력 +2",,,,,,,,,,,,,,,0xFF01FE,0,0,0,0,0,0,0,
2954,0,2,0,0x0,12,0,0,12,0,0,0,0,0,,"무게 증강 (공격력 +12)",,,,,,,,,,,,,,,0xFF01FE,0,0,0,0,0,0,0,
2955,0,5,2,0x0,14,12,0,14,12,0,32,0,0,,"무게 증강 (치명타 적중도 +14 / 공격력 +12)",,,,,,,,,,,,,,,0xFF01FE,0,0,0,0,0,0,0,
2956,0,5,0,0x0,4,0,0,4,0,0,4,0,0,,"힘 +4",,,,,,,,,,,,,,,0xFF01FE,0,0,28458,0,0,0,0,
2957,0,5,0,0x0,4,0,0,4,0,0,3,0,0,,"민첩성 +4",,,,,,,,,,,,,,,0xFF01FE,0,0,28459,0,0,0,0,
2958,0,5,0,0x0,5,0,0,5,0,0,45,0,0,,"주문력 +5",,,,,,,,,,,,,,,0xFF01FE,0,0,28460,0,0,0,0,
2959,0,5,0,0x0,5,0,0,5,0,0,45,0,0,,"주문력 +5",,,,,,,,,,,,,,,0xFF01FE,0,0,28461,0,0,0,0,
2960,0,5,0,0x0,8,0,0,8,0,0,38,0,0,,"전투력 +8",,,,,,,,,,,,,,,0xFF01FE,0,0,28462,0,0,0,0,
2961,0,5,0,0x0,6,0,0,6,0,0,7,0,0,,"체력 +6",,,,,,,,,,,,,,,0xFF01FE,0,0,28463,0,0,0,0,
2962,0,5,0,0x0,4,0,0,4,0,0,6,0,0,,"정신력 +4",,,,,,,,,,,,,,,0xFF01FE,0,0,28464,0,0,0,0,
2963,0,5,0,0x0,2,0,0,2,0,0,43,0,0,,"5초당 마나 회복량 +2",,,,,,,,,,,,,,,0xFF01FE,0,0,28465,0,0,0,0,
2964,0,5,0,0x0,4,0,0,4,0,0,5,0,0,,"지능 +4",,,,,,,,,,,,,,,0xFF01FE,0,0,28466,0,0,0,0,
2965,0,5,0,0x0,4,0,0,4,0,0,32,0,0,,"치명타 및 주문 극대화 적중도 +4",,,,,,,,,,,,,,,0xFF01FE,0,0,28467,0,0,0,0,
2966,0,5,0,0x0,4,0,0,4,0,0,31,0,0,,"적중도 +4",,,,,,,,,,,,,,,0xFF01FE,0,0,28468,0,0,0,0,
2967,0,5,0,0x0,4,0,0,4,0,0,32,0,0,,"치명타 및 주문 극대화 적중도 +4",,,,,,,,,,,,,,,0xFF01FE,0,0,28469,0,0,0,0,
2968,0,5,0,0x0,4,0,0,4,0,0,12,0,0,,"방어 숙련도 +4",,,,,,,,,,,,,,,0xFF01FE,0,0,28470,0,0,0,0,
2969,0,5,3,0x0,20,0,0,20,0,0,38,23990,0,,"전투력 +20 / 최하급 달리기 속도 증가",,,,,,,,,,,,,,,0xFF01FE,0,0,28556,61,0,0,0,
2970,0,5,3,0x0,12,0,0,12,0,0,45,23990,0,,"주문력 +12 / 최하급 달리기 속도 증가",,,,,,,,,,,,,,,0xFF01FE,0,0,28557,62,0,0,0,
2971,0,5,0,0x0,12,0,0,12,0,0,38,0,0,,"전투력 +12",,,,,,,,,,,,,,,0xFF01FE,0,0,28595,0,0,0,0,
2972,0,5,0,0x0,4,0,0,4,0,0,15,0,0,,"방패 막기 숙련도 +4",,,,,,,,,,,,,,,0xFF01FE,0,0,0,0,0,0,0,
2973,0,5,0,0x0,6,0,0,6,0,0,38,0,0,,"전투력 +6",,,,,,,,,,,,,,,0xFF01FE,0,0,0,0,0,0,0,
2974,0,5,0,0x0,4,0,0,4,0,0,45,0,0,,"주문력 +4",,,,,,,,,,,,,,,0xFF01FE,0,0,0,0,0,0,0,
2975,0,3,0,0x0,0,0,0,0,0,0,34773,0,0,,"방패 피해 방어량 +5",,,,,,,,,,,,,,,0xFF01FE,0,0,0,0,0,0,0,
2976,0,5,0,0x0,2,0,0,2,0,0,12,0,0,,"방어 숙련도 +2",,,,,,,,,,,,,,,0xFF01FE,0,0,0,0,0,0,0,
2977,0,5,0,0x0,13,0,0,13,0,0,13,0,0,,"회피 숙련도 +13",,,,,,,,,,,,,,,0xFF01FE,0,1,0,0,0,0,64,
2978,0,5,5,0x0,15,10,0,15,10,0,13,12,0,,"회피 숙련도 +15 / 방어 숙련도 +10",,,,,,,,,,,,,,,0xFF01FE,0,1,0,0,0,0,70,
2979,0,5,0,0x0,15,0,0,15,0,0,45,0,0,,"주문력 +15",,,,,,,,,,,,,,,0xFF01FE,0,1,0,0,0,0,64,
2980,0,5,5,0x0,18,5,0,18,5,0,45,43,0,,"주문력 +18 / 5초당 마나 회복량 +5",,,,,,,,,,,,,,,0xFF01FE,0,1,0,0,0,0,70,
2981,0,5,0,0x0,15,0,0,15,0,0,45,0,0,,"주문력 +15",,,,,,,,,,,,,,,0xFF01FE,0,1,0,0,0,0,64,
2982,0,5,5,0x0,18,10,0,18,10,0,45,32,0,,"주문력 +18 / 치명타 및 주문 극대화 적중도 +10",,,,,,,,,,,,,,,0xFF01FE,0,1,0,0,0,0,70,
2983,0,5,0,0x0,26,0,0,26,0,0,38,0,0,,"전투력 +26",,,,,,,,,,,,,,,0xFF01FE,0,1,0,0,0,0,64,
2984,0,4,0,0x0,8,0,0,8,0,0,5,0,0,,"암흑 저항력 +8",,,,,,,,,,,,,,,0xFF01FE,0,1,0,0,0,0,65,
2985,0,4,0,0x0,8,0,0,8,0,0,2,0,0,,"화염 저항력 +8",,,,,,,,,,,,,,,0xFF01FE,0,1,0,0,0,0,65,
2986,0,5,5,0x0,30,10,0,30,10,0,38,32,0,,"전투력 +30 / 치명타 및 주문 극대화 적중도 +10",,,,,,,,,,,,,,,0xFF01FE,0,1,0,0,0,0,70,
2987,0,4,0,0x0,8,0,0,8,0,0,4,0,0,,"냉기 저항력 +8",,,,,,,,,,,,,,,0xFF01FE,0,1,0,0,0,0,65,
2988,0,4,0,0x0,8,0,0,8,0,0,3,0,0,,"자연 저항력 +8",,,,,,,,,,,,,,,0xFF01FE,0,1,0,0,0,0,65,
2989,0,4,0,0x0,8,0,0,8,0,0,6,0,0,,"비전 저항력 +8",,,,,,,,,,,,,,,0xFF01FE,0,1,0,0,0,0,65,
2990,0,5,0,0x0,13,0,0,13,0,0,12,0,0,,"방어 숙련도 +13",,,,,,,,,,,,,,,0xFF01FE,0,1,0,0,0,0,64,
2991,0,5,5,0x0,10,15,0,15,10,0,13,12,0,,"방어 숙련도 +15 / 회피 숙련도 +10",,,,,,,,,,,,,,,0xFF01FE,0,1,0,0,0,0,70,
2992,0,5,0,0x0,6,0,0,6,0,0,43,0,0,,"마나 회복량 +6",,,,,,,,,,,,,,,0xFF01FE,0,1,0,0,0,0,64,
2993,0,5,5,0x0,12,8,0,12,8,0,45,43,0,,"주문력 +12 / 5초당 마나 회복량 +8",,,,,,,,,,,,,,,0xFF01FE,0,1,0,0,0,0,70,
2994,0,5,0,0x0,13,0,0,13,0,0,32,0,0,,"치명타 및 주문 극대화 적중도 +13",,,,,,,,,,,,,,,0xFF01FE,0,1,0,0,0,0,64,
2995,0,5,5,0x0,12,15,0,12,15,0,45,32,0,,"치명타 및 주문 극대화 적중도 +15 / 주문력 +12",,,,,,,,,,,,,,,0xFF01FE,0,1,0,0,0,0,70,
2996,0,5,0,0x0,13,0,0,13,0,0,32,0,0,,"치명타 및 주문 극대화 적중도 +13",,,,,,,,,,,,,,,0xFF01FE,0,1,0,0,0,0,64,
2997,0,5,5,0x0,20,15,0,20,15,0,38,32,0,,"치명타 및 주문 극대화 적중도 +15 / 전투력 +20",,,,,,,,,,,,,,,0xFF01FE,0,1,0,0,0,0,70,
2998,0,3,0,0x0,0,0,0,0,0,0,35442,0,0,,"모든 저항력 +7",,,,,,,,,,,,,,,0xFF01FE,0,1,0,0,0,0,70,
2999,0,5,5,0x0,17,16,0,17,16,0,13,12,7,,"방어 숙련도 +16 / 회피 숙련도 +17",,,,,,,,,,,,,,,0xFF01FE,0,1,0,0,0,0,70,
3000,0,5,5,0x5,12,12,18,12,12,18,35,12,7,,"체력 +18 / 회피 숙련도 +12 / 탄력도 +12",,,,,,,,,,,,,,,0xFF01FE,0,1,0,0,0,0,0,
3001,0,5,5,0x0,19,9,0,19,9,0,45,43,0,,"주문력 +19 / 5초당 마나 회복량 +9",,,,,,,,,,,,,,,0xFF01FE,0,1,0,0,0,0,70,
3002,0,5,5,0x0,22,14,0,22,14,0,45,31,7,,"주문력 +22 / 적중도 +14",,,,,,,,,,,,,,,0xFF01FE,0,1,0,0,0,0,70,
3003,0,5,5,0x0,34,16,0,34,16,0,38,31,7,,"전투력 +34 / 적중도 +16",,,,,,,,,,,,,,,0xFF01FE,0,1,0,0,0,0,70,
3004,0,5,5,0x0,20,18,0,20,18,0,35,7,0,,"체력 +18 / 탄력도 +20",,,,,,,,,,,,,,,0xFF01FE,0,1,0,0,0,0,70,
3005,0,4,0,0x0,20,0,0,20,0,0,3,0,0,,"자연 저항력 +20",,,,,,,,,,,,,,,0xFF01FE,0,1,0,0,0,0,70,
3006,0,4,0,0x0,20,0,0,20,0,0,6,0,0,,"비전 저항력 +20",,,,,,,,,,,,,,,0xFF01FE,0,1,0,0,0,0,70,
3007,0,4,0,0x0,20,0,0,20,0,0,2,0,0,,"화염 저항력 +20",,,,,,,,,,,,,,,0xFF01FE,0,1,0,0,0,0,70,
3008,0,4,0,0x0,20,0,0,20,0,0,4,0,0,,"냉기 저항력 +20",,,,,,,,,,,,,,,0xFF01FE,0,1,0,0,0,0,70,
3009,0,4,0,0x0,20,0,0,20,0,0,5,0,0,,"암흑 저항력 +20",,,,,,,,,,,,,,,0xFF01FE,0,1,0,0,0,0,70,
3010,0,5,5,0x0,10,40,0,10,40,0,32,38,0,,"전투력 +40 / 치명타 및 주문 극대화 적중도 +10",,,,,,,,,,,,,,,0xFF01FE,0,1,0,0,0,0,50,
3011,0,5,5,0x0,30,10,0,30,10,0,7,3,0,,"체력 +30 / 민첩성 +10",,,,,,,,,,,,,,,0xFF01FE,0,1,0,0,0,0,50,
3012,0,5,5,0x0,12,50,0,12,50,0,32,38,0,,"전투력 +50 / 치명타 및 주문 극대화 적중도 +12",,,,,,,,,,,,,,,0xFF01FE,0,1,0,0,0,0,60,
3013,0,5,5,0x0,40,12,0,40,12,0,7,3,0,,"체력 +40 / 민첩성 +12",,,,,,,,,,,,,,,0xFF01FE,0,1,0,0,0,0,60,
3014,0,1,0,0x0,20,0,0,20,0,0,25584,0,0,,"질풍의 토템 5 (70레벨 시험용)",,,,,,,,,,,,,,,0xFF01FE,81,6,0,0,0,0,0,
3015,0,5,0,0x0,2,0,0,2,0,0,4,0,0,,"힘 +2",,,,,,,,,,,,,,,0xFF01FE,0,0,0,0,0,0,0,
3016,0,5,0,0x0,2,0,0,2,0,0,5,0,0,,"지능 +2",,,,,,,,,,,,,,,0xFF01FE,0,0,0,0,0,0,0,
3017,0,5,0,0x0,3,0,0,3,0,0,15,0,0,,"방패 막기 숙련도 +3",,,,,,,,,,,,,,,0xFF01FE,0,0,0,0,0,0,0,
3018,0,6,0,0x0,66,0,0,66,0,0,0,0,0,,"대지의 무기 9",,,,,,,,,,,,,,,0xFF01FE,61,9,0,0,0,0,0,
3019,0,6,0,0x0,71,0,0,71,0,0,0,0,0,,"대지의 무기 9",,,,,,,,,,,,,,,0xFF01FE,61,9,0,0,0,0,0,
3020,0,6,0,0x0,74,0,0,74,0,0,0,0,0,,"대지의 무기 9",,,,,,,,,,,,,,,0xFF01FE,61,9,0,0,0,0,0,
3021,0,6,0,0x0,2,0,0,2,0,0,0,0,0,,"대지의 무기 1",,,,,,,,,,,,,,,0xFF01FE,61,9,0,0,0,0,0,
3022,0,6,0,0x0,2,0,0,2,0,0,0,0,0,,"대지의 무기 1",,,,,,,,,,,,,,,0xFF01FE,61,9,0,0,0,0,0,
3023,0,6,0,0x0,2,0,0,2,0,0,0,0,0,,"대지의 무기 1",,,,,,,,,,,,,,,0xFF01FE,61,9,0,0,0,0,0,
3024,0,6,0,0x0,4,0,0,4,0,0,0,0,0,,"대지의 무기 2",,,,,,,,,,,,,,,0xFF01FE,61,9,0,0,0,0,0,
3025,0,6,0,0x0,5,0,0,5,0,0,0,0,0,,"대지의 무기 2",,,,,,,,,,,,,,,0xFF01FE,61,9,0,0,0,0,0,
3026,0,6,0,0x0,5,0,0,5,0,0,0,0,0,,"대지의 무기 2",,,,,,,,,,,,,,,0xFF01FE,61,9,0,0,0,0,0,
3027,0,6,0,0x0,7,0,0,7,0,0,0,0,0,,"대지의 무기 3",,,,,,,,,,,,,,,0xFF01FE,61,9,0,0,0,0,0,
3028,0,6,0,0x0,7,0,0,7,0,0,0,0,0,,"대지의 무기 3",,,,,,,,,,,,,,,0xFF01FE,61,9,0,0,0,0,0,
3029,0,6,0,0x0,6,0,0,6,0,0,0,0,0,,"대지의 무기 3",,,,,,,,,,,,,,,0xFF01FE,61,9,0,0,0,0,0,
3030,0,6,0,0x0,10,0,0,10,0,0,0,0,0,,"대지의 무기 4",,,,,,,,,,,,,,,0xFF01FE,61,9,0,0,0,0,0,
3031,0,6,0,0x0,11,0,0,11,0,0,0,0,0,,"대지의 무기 4",,,,,,,,,,,,,,,0xFF01FE,61,9,0,0,0,0,0,
3032,0,6,0,0x0,9,0,0,9,0,0,0,0,0,,"대지의 무기 4",,,,,,,,,,,,,,,0xFF01FE,61,9,0,0,0,0,0,
3033,0,6,0,0x0,17,0,0,17,0,0,0,0,0,,"대지의 무기 5",,,,,,,,,,,,,,,0xFF01FE,61,9,0,0,0,0,0,
3034,0,6,0,0x0,18,0,0,18,0,0,0,0,0,,"대지의 무기 5",,,,,,,,,,,,,,,0xFF01FE,61,9,0,0,0,0,0,
3035,0,6,0,0x0,15,0,0,15,0,0,0,0,0,,"대지의 무기 5",,,,,,,,,,,,,,,0xFF01FE,61,9,0,0,0,0,0,
3036,0,6,0,0x0,32,0,0,32,0,0,0,0,0,,"대지의 무기 6",,,,,,,,,,,,,,,0xFF01FE,61,9,0,0,0,0,0,
3037,0,6,0,0x0,34,0,0,34,0,0,0,0,0,,"대지의 무기 6",,,,,,,,,,,,,,,0xFF01FE,61,9,0,0,0,0,0,
3038,0,6,0,0x0,28,0,0,28,0,0,0,0,0,,"대지의 무기 6",,,,,,,,,,,,,,,0xFF01FE,61,9,0,0,0,0,0,
3039,0,6,0,0x0,46,0,0,46,0,0,0,0,0,,"대지의 무기 7",,,,,,,,,,,,,,,0xFF01FE,61,9,0,0,0,0,0,
3040,0,6,0,0x0,48,0,0,48,0,0,0,0,0,,"대지의 무기 7",,,,,,,,,,,,,,,0xFF01FE,61,9,0,0,0,0,0,
3041,0,6,0,0x0,40,0,0,40,0,0,0,0,0,,"대지의 무기 7",,,,,,,,,,,,,,,0xFF01FE,61,9,0,0,0,0,0,
3042,0,6,0,0x0,56,0,0,56,0,0,0,0,0,,"대지의 무기 8",,,,,,,,,,,,,,,0xFF01FE,61,9,0,0,0,0,0,
3043,0,6,0,0x0,60,0,0,60,0,0,0,0,0,,"대지의 무기 8",,,,,,,,,,,,,,,0xFF01FE,61,9,0,0,0,0,0,
3044,0,6,0,0x0,49,0,0,49,0,0,0,0,0,,"대지의 무기 8",,,,,,,,,,,,,,,0xFF01FE,61,9,0,0,0,0,0,
3045,0,5,5,0x0,5,6,0,5,6,0,4,7,0,,"힘 +5 / 체력 +6",,,,,,,,,,,,,,,0xFF01FE,0,0,30546,0,0,0,0,
3046,0,5,5,0x0,4,6,0,4,6,0,5,45,0,,"주문력 +6 / 지능 +4",,,,,,,,,,,,,,,0xFF01FE,0,0,30547,0,0,0,0,
3047,0,5,5,0x0,6,5,0,6,5,0,7,32,0,,"체력 +6 / 치명타 및 주문 극대화 적중도 +5",,,,,,,,,,,,,,,0xFF01FE,0,0,30548,0,0,0,0,
3048,0,5,5,0x0,6,5,0,6,5,0,7,3,0,,"민첩성 +5 / 체력 +6",,,,,,,,,,,,,,,0xFF01FE,0,0,30549,0,0,0,0,
3049,0,5,5,0x0,5,2,0,5,2,0,32,43,0,,"치명타 및 주문 극대화 적중도 +5 / 5초당 마나 회복량 +2",,,,,,,,,,,,,,,0xFF01FE,0,0,30550,0,0,0,0,
3050,0,5,5,0x0,4,6,0,4,6,0,5,45,0,,"주문력 +6 / 지능 +4",,,,,,,,,,,,,,,0xFF01FE,0,0,30551,0,0,0,0,
3051,0,5,5,0x0,6,6,0,6,6,0,7,45,0,,"주문력 +6 / 체력 +6",,,,,,,,,,,,,,,0xFF01FE,0,0,30552,0,0,0,0,
3052,0,5,5,0x0,10,4,0,10,4,0,38,31,0,,"전투력 +10 / 적중도 +4",,,,,,,,,,,,,,,0xFF01FE,0,0,30553,0,0,0,0,
3053,0,5,5,0x0,5,4,0,5,4,0,12,13,0,,"방어 숙련도 +5 / 회피 숙련도 +4",,,,,,,,,,,,,,,0xFF01FE,0,0,30554,0,0,0,0,
3054,0,5,5,0x0,6,6,0,6,6,0,7,45,0,,"주문력 +6 / 체력 +6",,,,,,,,,,,,,,,0xFF01FE,0,0,30555,0,0,0,0,
3055,0,5,5,0x0,5,4,0,5,4,0,3,31,0,,"적중도 +4 / 민첩성 +5",,,,,,,,,,,,,,,0xFF01FE,0,0,30556,0,0,0,0,
3056,0,5,5,0x0,4,5,0,4,5,0,12,14,0,,"무기 막기 숙련도 +5 / 방어 숙련도 +4",,,,,,,,,,,,,,,0xFF01FE,0,0,30558,0,0,0,0,
3057,0,5,5,0x0,5,4,0,5,4,0,4,31,0,,"힘 +5 / 적중도 +4",,,,,,,,,,,,,,,0xFF01FE,0,0,30559,0,0,0,0,
3058,0,5,5,0x0,5,2,0,5,2,0,32,43,0,,"치명타 및 주문 극대화 적중도 +5 / 5초당 마나 회복량 +2",,,,,,,,,,,,,,,0xFF01FE,0,0,30560,0,0,0,0,
3059,0,5,5,0x0,5,2,0,5,2,0,32,43,0,,"치명타 및 주문 극대화 적중도 +5 / 5초당 마나 회복량 +2",,,,,,,,,,,,,,,0xFF01FE,0,0,30562,0,0,0,0,
3060,0,5,5,0x0,5,6,0,5,6,0,13,7,0,,"회피 숙련도 +5 / 체력 +6",,,,,,,,,,,,,,,0xFF01FE,0,0,30563,0,0,0,0,
3061,0,5,5,0x0,5,6,0,5,6,0,31,45,0,,"적중도 +5 / 주문력 +6",,,,,,,,,,,,,,,0xFF01FE,0,0,30564,0,0,0,0,
3062,0,5,5,0x0,6,5,0,6,5,0,32,13,0,,"치명타 및 주문 극대화 적중도 +6 / 회피 숙련도 +5",,,,,,,,,,,,,,,0xFF01FE,0,0,30565,0,0,0,0,
3063,0,5,5,0x0,6,5,0,6,5,0,7,14,0,,"무기 막기 숙련도 +5 / 체력 +6",,,,,,,,,,,,,,,0xFF01FE,0,0,30566,0,0,0,0,
3064,0,5,5,0x0,5,5,0,5,5,0,6,45,0,,"정신력 +5 / 주문력 +5",,,,,,,,,,,,,,,0xFF01FE,0,0,30572,0,0,0,0,
3065,0,5,0,0x0,8,0,0,8,0,0,4,0,0,,"힘 +8",,,,,,,,,,,,,,,0xFF01FE,0,0,30571,0,0,0,0,
3066,0,5,3,0x0,6,0,0,6,0,0,45,31921,0,,"주문력 +6 / 주문 관통력 +5",,,,,,,,,,,,,,,0xFF01FE,0,0,30573,0,0,0,0,
3067,0,5,5,0x0,10,6,0,10,6,0,38,7,0,,"전투력 +10 / 체력 +6",,,,,,,,,,,,,,,0xFF01FE,0,0,30574,0,0,0,0,
3068,0,5,5,0x0,5,4,0,5,4,0,13,31,0,,"회피 숙련도 +5 / 적중도 +4",,,,,,,,,,,,,,,0xFF01FE,0,0,30575,0,0,0,0,
3069,0,5,5,0x0,6,4,0,6,4,0,45,35,9394,,"주문력 +6 / 탄력도 +4",,,,,,,,,,,,,,,0xFF01FE,0,0,30581,0,0,0,0,
3070,0,5,5,0x0,5,8,0,5,8,0,32,38,0,,"전투력 +8 / 치명타 및 주문 극대화 적중도 +5",,,,,,,,,,,,,,,0xFF01FE,0,0,30582,0,0,0,0,
3071,0,5,5,0x0,5,6,0,5,6,0,5,7,0,,"지능 +5 / 체력 +6",,,,,,,,,,,,,,,0xFF01FE,0,0,30583,0,0,0,0,
3072,0,5,5,0x0,5,4,0,5,4,0,4,32,0,,"힘 +5 / 치명타 및 주문 극대화 적중도 +4",,,,,,,,,,,,,,,0xFF01FE,0,0,30584,0,0,0,0,
3073,0,5,5,0x0,4,5,0,4,5,0,3,12,0,,"민첩성 +4 / 방어 숙련도 +5",,,,,,,,,,,,,,,0xFF01FE,0,0,30585,0,0,0,0,
3074,0,5,5,0x0,5,4,0,5,4,0,6,5,0,,"지능 +4 / 정신력 +5",,,,,,,,,,,,,,,0xFF01FE,0,0,30586,0,0,0,0,
3075,0,5,5,0x0,5,4,0,5,4,0,4,12,0,,"힘 +5 / 방어 숙련도 +4",,,,,,,,,,,,,,,0xFF01FE,0,0,30587,0,0,0,0,
3076,0,5,5,0x0,4,6,0,4,6,0,32,45,0,,"치명타 및 주문 극대화 적중도 +4 / 주문력 +6",,,,,,,,,,,,,,,0xFF01FE,0,0,30588,0,0,0,0,
3077,0,5,5,0x0,5,2,0,5,2,0,5,43,0,,"지능 +5 / 5초당 마나 회복량 +2",,,,,,,,,,,,,,,0xFF01FE,0,0,30589,0,0,0,0,
3078,0,5,5,0x0,6,5,0,6,5,0,7,12,0,,"방어 숙련도 +5 / 체력 +6",,,,,,,,,,,,,,,0xFF01FE,0,0,30590,0,0,0,0,
3079,0,5,5,0x0,5,8,0,5,8,0,35,38,0,,"전투력 +8 / 탄력도 +5",,,,,,,,,,,,,,,0xFF01FE,0,0,30591,0,0,0,0,
3080,0,5,5,0x0,6,5,0,6,5,0,7,35,0,,"체력 +6 / 탄력도 +5",,,,,,,,,,,,,,,0xFF01FE,0,0,30592,0,0,0,0,
3081,0,5,5,0x0,4,6,0,4,6,0,32,45,0,,"주문력 +6 / 치명타 및 주문 극대화 적중도 +4",,,,,,,,,,,,,,,0xFF01FE,0,0,30593,0,0,0,0,
3082,0,5,5,0x0,5,2,0,5,2,0,12,43,0,,"방어 숙련도 +5 / 5초당 마나 회복량 +2",,,,,,,,,,,,,,,0xFF01FE,0,0,30594,0,0,0,0,
3083,0,5,5,0x0,4,6,0,4,6,0,6,45,0,,"주문력 +6 / 정신력 +4",,,,,,,,,,,,,,,0xFF01FE,0,0,30600,0,0,0,0,
3084,0,5,5,0x0,5,4,0,5,4,0,13,35,0,,"회피 숙련도 +5 / 탄력도 +4",,,,,,,,,,,,,,,0xFF01FE,0,0,30601,0,0,0,0,
3085,0,5,5,0x0,6,5,0,6,5,0,7,32,0,,"치명타 및 주문 극대화 적중도 +5 / 체력 +6",,,,,,,,,,,,,,,0xFF01FE,0,0,30602,0,0,0,0,
3086,0,5,5,0x0,6,2,0,6,2,0,45,43,0,,"주문력 +6 / 5초당 마나 회복량 +2",,,,,,,,,,,,,,,0xFF01FE,0,0,30603,0,0,0,0,
3087,0,5,5,0x0,5,4,0,5,4,0,4,35,0,,"힘 +5 / 탄력도 +4",,,,,,,,,,,,,,,0xFF01FE,0,0,30604,0,0,0,0,
3088,0,5,5,0x0,5,6,0,5,6,0,31,7,0,,"적중도 +5 / 체력 +6",,,,,,,,,,,,,,,0xFF01FE,0,0,30605,0,0,0,0,
3089,0,5,5,0x0,5,2,0,5,2,0,31,43,0,,"적중도 +5 / 5초당 마나 회복량 +2",,,,,,,,,,,,,,,0xFF01FE,0,0,30606,0,0,0,0,
3090,0,5,5,0x0,5,4,0,5,4,0,14,35,0,,"무기 막기 숙련도 +5 / 탄력도 +4",,,,,,,,,,,,,,,0xFF01FE,0,0,30607,0,0,0,0,
3091,0,3,5,0x0,0,5,0,0,5,0,31921,32,0,,"치명타 및 주문 극대화 적중도 +5 / 주문 관통력 +5",,,,,,,,,,,,,,,0xFF01FE,0,0,30608,0,0,0,0,
3092,0,5,0,0x0,3,0,0,3,0,0,32,0,0,,"치명타 및 주문 극대화 적중도 +3",,,,,,,,,,,,,,,0xFF01FE,0,0,0,0,0,0,0,
3093,0,3,0,0x0,0,0,0,0,0,0,37362,0,0,,"언데드 및 악마에 대한 전투력 +150",,,,,,,,,,,,,,,0xFF01FE,104,0,0,0,0,0,0,
3094,0,5,0,0x0,4,0,0,4,0,0,37,0,0,,"숙련 +4",,,,,,,,,,,,,,,0xFF01FE,0,0,0,0,0,0,0,
3095,0,3,0,0x0,0,0,0,0,0,0,37890,0,0,,"모든 저항력 +8",,,,,,,,,,,,,,,0xFF01FE,0,1,0,0,0,0,70,
3096,0,5,5,0x0,17,16,0,17,16,0,4,5,7,,"힘 +17 / 지능 +16",,,,,,,,,,,,,,,0xFF01FE,0,1,0,0,0,0,70,
3097,0,5,0,0x0,2,0,0,2,0,0,6,0,0,,"정신력 +2",,,,,,,,,,,,,,,0xFF01FE,0,0,0,0,0,0,0,
3098,0,5,0,0x0,2,0,0,2,0,0,45,0,0,,"주문력 +2",,,,,,,,,,,,,,,0xFF01FE,0,0,0,0,0,0,0,
3099,0,5,5,0x0,6,6,0,6,6,0,45,7,0,,"주문력 +6 / 체력 +6",,,,,,,,,,,,,,,0xFF01FE,0,0,31116,0,0,0,0,
3100,0,5,5,0x0,6,6,0,6,6,0,45,7,0,,"주문력 +6 / 체력 +6",,,,,,,,,,,,,,,0xFF01FE,0,0,31117,0,0,0,0,
3101,0,5,5,0x0,10,6,0,10,6,0,38,7,0,,"전투력 +10 / 체력 +6",,,,,,,,,,,,,,,0xFF01FE,0,0,31118,0,0,0,0,
3102,0,1,0,0x0,20,0,0,20,0,0,38616,0,0,,"독",,,,,,,,,,,,,,,0xFF01FE,26,9,0,0,0,0,0,
3103,0,5,0,0x0,8,0,0,8,0,0,4,0,0,,"힘 +8",,,,,,,,,,,,,,,0xFF01FE,0,0,30598,0,0,0,0,
3104,0,5,0,0x0,6,0,0,6,0,0,31,0,0,,"적중도 +6",,,,,,,,,,,,,,,0xFF01FE,0,0,31860,0,0,0,0,
3105,0,5,0,0x0,8,0,0,8,0,0,31,0,0,,"적중도 +8",,,,,,,,,,,,,,,0xFF01FE,0,0,31861,0,0,0,0,
3106,0,5,5,0x0,6,4,0,6,4,0,38,7,0,,"전투력 +6 / 체력 +4",,,,,,,,,,,,,,,0xFF01FE,0,0,31862,0,0,0,0,
3107,0,5,5,0x0,8,6,0,8,6,0,38,7,0,,"전투력 +8 / 체력 +6",,,,,,,,,,,,,,,0xFF01FE,0,0,31863,0,0,0,0,
3108,0,5,5,0x0,6,1,0,6,1,0,38,43,0,,"전투력 +6 / 5초당 마나 회복량 +1",,,,,,,,,,,,,,,0xFF01FE,0,0,31864,0,0,0,0,
3109,0,5,5,0x0,8,2,0,8,2,0,38,43,0,,"전투력 +8 / 5초당 마나 회복량 +2",,,,,,,,,,,,,,,0xFF01FE,0,0,31865,0,0,0,0,
3110,0,5,5,0x0,3,4,0,3,4,0,31,45,0,,"적중도 +3 / 주문력 +4",,,,,,,,,,,,,,,0xFF01FE,0,0,31866,0,0,0,0,
3111,0,5,5,0x0,5,4,0,5,4,0,45,31,0,,"적중도 +4 / 주문력 +5",,,,,,,,,,,,,,,0xFF01FE,0,0,31867,0,0,0,0,
3112,0,5,5,0x0,8,4,4,8,4,4,38,32,20,,"치명타 및 주문 극대화 적중도 +4 / 전투력 +8",,,,,,,,,,,,,,,0xFF01FE,0,0,31868,0,0,0,0,
3113,0,5,5,0x0,6,3,3,6,3,3,38,32,20,,"치명타 및 주문 극대화 적중도 +3 / 전투력 +6",,,,,,,,,,,,,,,0xFF01FE,0,0,31869,0,0,0,0,
3114,0,5,0,0x0,4,0,0,4,0,0,38,0,0,,"전투력 +4",,,,,,,,,,,,,,,0xFF01FE,0,0,0,0,0,0,0,
3115,0,5,0,0x0,10,0,0,10,0,0,4,0,0,,"힘 +10",,,,,,,,,,,,,,,0xFF01FE,0,0,32193,0,0,0,0,
3116,0,5,0,0x0,10,0,0,10,0,0,3,0,0,,"민첩성 +10",,,,,,,,,,,,,,,0xFF01FE,0,0,32194,0,0,0,0,
3117,0,5,0,0x0,12,0,0,12,0,0,45,0,0,,"주문력 +12",,,,,,,,,,,,,,,0xFF01FE,0,0,32195,0,0,0,0,
3118,0,5,0,0x0,12,0,0,12,0,0,45,0,0,,"주문력 +12",,,,,,,,,,,,,,,0xFF01FE,0,0,32196,0,0,0,0,
3119,0,5,0,0x0,20,0,0,20,0,0,38,0,0,,"전투력 +20",,,,,,,,,,,,,,,0xFF01FE,0,0,32197,0,0,0,0,
3120,0,5,0,0x0,10,0,0,10,0,0,13,0,0,,"회피 숙련도 +10",,,,,,,,,,,,,,,0xFF01FE,0,0,32198,0,0,0,0,
3121,0,5,0,0x0,10,0,0,10,0,0,14,0,0,,"무기 막기 숙련도 +10",,,,,,,,,,,,,,,0xFF01FE,0,0,32199,0,0,0,0,
3122,0,5,0,0x0,15,0,0,15,0,0,7,0,0,,"체력 +15",,,,,,,,,,,,,,,0xFF01FE,0,0,32200,0,0,0,0,
3123,0,5,0,0x0,10,0,0,10,0,0,6,0,0,,"정신력 +10",,,,,,,,,,,,,,,0xFF01FE,0,0,32201,0,0,0,0,
3124,0,5,0,0x0,5,0,0,5,0,0,43,0,0,,"5초당 마나 회복량 +5",,,,,,,,,,,,,,,0xFF01FE,0,0,32202,0,0,0,0,
3125,0,3,0,0x0,0,0,0,0,0,0,28680,0,0,,"주문 관통력 +13",,,,,,,,,,,,,,,0xFF01FE,0,0,32203,0,0,0,0,
3126,0,5,0,0x0,10,0,0,10,0,0,5,0,0,,"지능 +10",,,,,,,,,,,,,,,0xFF01FE,0,0,32204,0,0,0,0,
3127,0,5,0,0x0,10,10,0,10,10,0,32,20,0,,"치명타 및 주문 극대화 적중도 +10",,,,,,,,,,,,,,,0xFF01FE,0,0,32205,0,0,0,0,
3128,0,5,0,0x0,10,10,0,10,10,0,31,17,0,,"적중도 +10",,,,,,,,,,,,,,,0xFF01FE,0,0,32206,0,0,0,0,
3129,0,5,0,0x0,10,0,0,10,0,0,32,0,0,,"치명타 및 주문 극대화 적중도 +10",,,,,,,,,,,,,,,0xFF01FE,0,0,32207,0,0,0,0,
3130,0,5,0,0x0,10,0,0,10,0,0,12,0,0,,"방어 숙련도 +10",,,,,,,,,,,,,,,0xFF01FE,0,0,32208,0,0,0,0,
3131,0,5,0,0x0,10,0,0,10,0,0,35,0,0,,"탄력도 +10",,,,,,,,,,,,,,,0xFF01FE,0,0,32209,0,0,0,0,
3132,0,5,0,0x0,10,8,0,10,8,0,31,20,0,,"적중도 +10",,,,,,,,,,,,,,,0xFF01FE,0,0,32210,0,0,0,0,
3133,0,5,5,0x0,5,7,0,5,7,0,4,7,0,,"힘 +5 / 체력 +7",,,,,,,,,,,,,,,0xFF01FE,0,0,32211,0,0,0,0,
3134,0,5,5,0x0,5,7,0,5,7,0,3,7,0,,"민첩성 +5 / 체력 +7",,,,,,,,,,,,,,,0xFF01FE,0,0,32212,0,0,0,0,
3135,0,5,5,0x0,10,7,0,10,7,0,38,7,0,,"전투력 +10 / 체력 +7",,,,,,,,,,,,,,,0xFF01FE,0,0,32213,0,0,0,0,
3136,0,5,5,0x0,10,3,0,10,3,0,38,43,0,,"전투력 +10 / 5초당 마나 회복량 +3",,,,,,,,,,,,,,,0xFF01FE,0,0,32214,0,0,0,0,
3137,0,5,5,0x0,6,7,0,6,7,0,45,7,0,,"주문력 +6 / 체력 +7",,,,,,,,,,,,,,,0xFF01FE,0,0,32215,0,0,0,0,
3138,0,5,5,0x0,6,3,0,6,3,0,45,43,0,,"주문력 +6 / 5초당 마나 회복량 +3",,,,,,,,,,,,,,,0xFF01FE,0,0,32216,0,0,0,0,
3139,0,5,5,0x0,5,5,5,5,5,5,4,32,20,,"치명타 및 주문 극대화 적중도 +5 / 힘 +5",,,,,,,,,,,,,,,0xFF01FE,0,0,32217,0,0,0,0,
3140,0,5,5,0x0,5,6,0,5,6,0,32,45,0,,"치명타 및 주문 극대화 적중도 +5 / 주문력 +6",,,,,,,,,,,,,,,0xFF01FE,0,0,32218,0,0,0,0,
3141,0,5,5,0x0,6,5,0,6,5,0,45,5,0,,"주문력 +6 / 지능 +5",,,,,,,,,,,,,,,0xFF01FE,0,0,32219,0,0,0,0,
3142,0,5,5,0x0,5,5,5,5,5,5,3,31,17,,"적중도 +5 / 민첩성 +5",,,,,,,,,,,,,,,0xFF01FE,0,0,32220,0,0,0,0,
3143,0,5,5,0x0,6,5,0,6,5,0,45,31,0,,"적중도 +5 / 주문력 +6",,,,,,,,,,,,,,,0xFF01FE,0,0,32221,0,0,0,0,
3144,0,5,5,0x0,10,5,5,10,5,5,38,32,20,,"치명타 및 주문 극대화 적중도 +5 / 전투력 +10",,,,,,,,,,,,,,,0xFF01FE,0,0,32222,0,0,0,0,
3145,0,5,5,0x0,5,7,0,5,7,0,12,7,0,,"방어 숙련도 +5 / 체력 +7",,,,,,,,,,,,,,,0xFF01FE,0,0,32223,0,0,0,0,
3146,0,5,3,0x0,5,0,0,5,0,0,32,27516,0,,"치명타 및 주문 극대화 적중도 +5 / 주문 관통력 +6",,,,,,,,,,,,,,,0xFF01FE,0,0,32224,0,0,0,0,
3147,0,5,5,0x0,5,3,0,5,3,0,5,43,0,,"지능 +5 / 5초당 마나 회복량 +3",,,,,,,,,,,,,,,0xFF01FE,0,0,32225,0,0,0,0,
3148,0,5,5,0x0,7,5,5,7,5,5,7,32,20,,"치명타 및 주문 극대화 적중도 +5 / 체력 +7",,,,,,,,,,,,,,,0xFF01FE,0,0,32226,0,0,0,0,
3149,0,5,0,0x0,2,0,0,2,0,0,3,0,0,,"민첩성 +2",,,,,,,,,,,,,,,0xFF01FE,0,0,0,0,0,0,0,
3150,0,5,0,0x0,7,0,0,7,0,0,43,0,0,,"5초당 마나 회복량 +7",,,,,,,,,,,,,,,0xFF01FE,0,0,0,0,0,0,0,
3151,0,5,0,0x0,2,0,0,2,0,0,45,0,0,,"주문력 +2",,,,,,,,,,,,,,,0xFF01FE,0,0,0,0,0,0,0,
3152,0,5,0,0x0,2,0,0,2,0,0,32,0,0,,"치명타 및 주문 극대화 적중도 +2",,,,,,,,,,,,,,,0xFF01FE,0,0,0,0,0,0,0,
3153,0,5,0,0x0,2,0,0,2,0,0,45,0,0,,"주문력 +2",,,,,,,,,,,,,,,0xFF01FE,0,0,0,0,0,0,0,
3154,0,5,3,0x0,12,0,0,12,0,0,3,39957,0,,"민첩성 +12 / 치명타 피해 3%만큼 증가",,,,,,,,,,,,,,,0xFF01FE,0,0,32409,67,0,0,0,
3155,0,3,0,0x0,12,0,0,12,0,0,39958,39958,0,,"일정 확률로 근접 및 원거리 공격 속도 증가",,,,,,,,,,,,,,,0xFF01FE,0,0,32410,65,0,0,0,
3156,0,5,5,0x0,8,6,0,8,6,0,38,7,0,,"전투력 +8 / 체력 +6",,,,,,,,,,,,,,,0xFF01FE,0,0,32634,0,0,0,0,
3157,0,5,5,0x0,4,6,0,4,6,0,5,7,0,,"지능 +4 / 체력 +6",,,,,,,,,,,,,,,0xFF01FE,0,0,32635,0,0,0,0,
3158,0,5,5,0x0,4,5,0,4,5,0,6,45,0,,"주문력 +5 / 정신력 +4",,,,,,,,,,,,,,,0xFF01FE,0,0,32636,0,0,0,0,
3159,0,5,5,0x0,4,8,0,4,8,0,32,38,0,,"전투력 +8 / 치명타 및 주문 극대화 적중도 +4",,,,,,,,,,,,,,,0xFF01FE,0,0,32637,0,0,0,0,
3160,0,5,5,0x0,4,5,0,4,5,0,5,45,0,,"주문력 +5 / 지능 +4",,,,,,,,,,,,,,,0xFF01FE,0,0,32638,0,0,0,0,
3161,0,5,5,0x0,4,4,0,4,4,0,32,7,0,,"체력 +4 / 치명타 및 주문 극대화 적중도 +4",,,,,,,,,,,,,,,0xFF01FE,0,0,32639,0,0,0,0,
3162,0,5,3,0x0,24,0,0,24,0,0,38,40691,0,,"전투력 +24 / 기절에 대한 저항력 5%",,,,,,,,,,,,,,,0xFF01FE,0,0,32640,43,0,0,0,
3163,0,5,3,0x0,14,0,0,14,0,0,45,40706,0,,"주문력 +14 / 기절에 대한 저항력 5%",,,,,,,,,,,,,,,0xFF01FE,0,0,32641,42,0,0,0,
3164,0,5,0,0x0,3,0,0,3,0,0,7,0,0,,"체력 +3",,,,,,,,,,,,,,,0xFF01FE,0,0,0,0,0,0,0,
3197,0,5,0,0x0,20,0,0,20,0,0,38,0,0,,"전투력 +20",,,,,,,,,,,,,,,0xFF01FE,0,0,32735,0,0,0,0,
3198,0,5,0,0x0,5,0,0,5,0,0,45,0,0,,"주문력 +5",,,,,,,,,,,,,,,0xFF01FE,0,0,0,0,0,0,0,
3199,0,4,0,0x0,170,0,0,170,0,0,0,0,0,,"방어도 +170",,,,,,,,,,,,,,,0xFF01FE,0,0,0,0,0,0,0,
3200,0,5,5,0x0,4,5,0,4,5,0,6,45,0,,"정신력 +4 / 주문력 +5",,,,,,,,,,,,,,,0xFF01FE,0,0,0,0,0,0,0,
3201,0,5,5,0x0,3,4,0,3,4,0,6,45,0,,"주문력 +4 / 정신력 +3",,,,,,,,,,,,,,,0xFF01FE,0,0,32833,0,0,0,0,
3202,0,5,5,0x0,4,5,0,4,5,0,6,45,0,,"주문력 +5 / 정신력 +4",,,,,,,,,,,,,,,0xFF01FE,0,0,32836,0,0,0,0,
3204,0,5,0,0x0,3,0,0,3,0,0,32,0,0,,"치명타 및 주문 극대화 적중도 +3",,,,,,,,,,,,,,,0xFF01FE,0,0,0,0,0,0,0,
3205,0,5,0,0x0,3,0,0,3,0,0,32,0,0,,"치명타 및 주문 극대화 적중도 +3",,,,,,,,,,,,,,,0xFF01FE,0,0,0,0,0,0,0,
3206,0,5,0,0x0,8,0,0,8,0,0,3,0,0,,"민첩성 +8",,,,,,,,,,,,,,,0xFF01FE,0,1,33060,0,0,0,0,
3207,0,5,0,0x0,12,0,0,12,0,0,4,0,0,,"힘 +12",,,,,,,,,,,,,,,0xFF01FE,0,0,33130,0,0,0,0,
3208,0,5,0,0x0,24,0,0,24,0,0,38,0,0,,"전투력 +24",,,,,,,,,,,,,,,0xFF01FE,0,1,33131,0,0,0,0,
3209,0,5,0,0x0,12,0,0,12,0,0,3,0,0,,"민첩성 +12",,,,,,,,,,,,,,,0xFF01FE,0,0,33132,0,0,0,0,
3210,0,5,0,0x0,14,0,0,14,0,0,45,0,0,,"주문력 +14",,,,,,,,,,,,,,,0xFF01FE,0,1,33133,0,0,0,0,
3211,0,5,0,0x0,14,0,0,14,0,0,45,0,0,,"주문력 +14",,,,,,,,,,,,,,,0xFF01FE,0,1,33134,0,0,0,0,
3212,0,5,0,0x0,18,0,0,18,0,0,7,0,0,,"체력 +18",,,,,,,,,,,,,,,0xFF01FE,0,1,33135,0,0,0,0,
3213,0,5,0,0x0,6,0,0,6,0,0,43,0,0,,"5초당 마나 회복량 +6",,,,,,,,,,,,,,,0xFF01FE,0,0,33136,0,0,0,0,
3214,0,5,0,0x0,12,0,0,12,0,0,6,0,0,,"정신력 +12",,,,,,,,,,,,,,,0xFF01FE,0,0,33137,0,0,0,0,
3215,0,5,0,0x0,12,0,0,12,0,0,35,0,0,,"탄력도 +12",,,,,,,,,,,,,,,0xFF01FE,0,0,33138,0,0,0,0,
3216,0,5,0,0x0,12,0,0,12,0,0,5,0,0,,"지능 +12",,,,,,,,,,,,,,,0xFF01FE,0,0,33139,0,0,0,0,
3217,0,5,0,0x0,12,0,0,12,0,0,32,0,0,,"치명타 및 주문 극대화 적중도 +12",,,,,,,,,,,,,,,0xFF01FE,0,1,33140,0,0,0,0,
3218,0,5,0,0x0,12,0,0,12,0,0,31,0,0,,"적중도 +12",,,,,,,,,,,,,,,0xFF01FE,0,0,33141,0,0,0,0,
3219,0,5,0,0x0,12,8,0,12,8,0,31,17,0,,"적중도 +12",,,,,,,,,,,,,,,0xFF01FE,0,0,33142,0,0,0,0,
3220,0,5,0,0x0,12,12,0,12,12,0,32,20,0,,"치명타 및 주문 극대화 적중도 +12",,,,,,,,,,,,,,,0xFF01FE,0,1,33143,0,0,0,0,
3221,0,5,0,0x0,12,0,0,12,0,0,12,0,0,,"방어 숙련도 +12",,,,,,,,,,,,,,,0xFF01FE,0,1,33144,0,0,0,0,
3222,0,5,0,0x0,20,0,0,20,0,0,3,0,0,,"민첩성 +20",,,,,,,,,,,,,,,0xFF01FE,125,0,0,0,0,0,0,
3223,0,3,5,0x0,0,15,0,0,15,0,43588,14,0,,"아다만타이트 무기 사슬",,,,,,,,,,,,,,,0xFF01FE,0,1,0,0,0,0,50,
3224,0,5,0,0x0,6,0,0,6,0,0,3,0,0,,"민첩성 +6",,,,,,,,,,,,,,,0xFF01FE,0,0,0,0,0,0,0,
3225,0,1,0,0x0,0,0,0,0,0,0,42976,0,0,,"집행자",,,,,,,,,,,,,,,0xFF01FE,165,0,0,0,0,0,0,
3226,0,5,5,0x0,4,6,0,4,6,0,35,7,0,,"탄력도 +4 / 체력 +6",,,,,,,,,,,,,,,0xFF01FE,0,0,33782,0,0,0,0,
3227,0,5,0,0x0,10,0,0,10,0,0,32,0,0,,"치명타 및 주문 극대화 적중도 +10",,,,,,,,,,,,,,,0xFF01FE,0,0,0,0,0,0,0,
3228,0,5,0,0x0,34,0,0,34,0,0,38,0,0,,"전투력 +34",,,,,,,,,,,,,,,0xFF01FE,0,0,0,0,0,0,0,
3229,0,5,0,0x0,12,0,0,12,0,0,35,0,0,,"탄력도 +12",,,,,,,,,,,,,,,0xFF01FE,0,0,0,0,0,0,0,
3230,0,4,0,0x0,20,0,0,20,0,0,4,0,0,,"냉기 저항력 +20",,,,,,,,,,,,,,,0xFF01FE,0,0,0,0,0,0,0,
3231,0,5,0,0x0,15,0,0,15,0,0,37,0,0,,"숙련 +15",,,,,,,,,,,,,,,0xFF01FE,0,0,0,0,0,0,0,
3232,0,3,5,0x0,0,15,0,0,15,0,13889,7,0,,"체력 +15 / 최하급 속도 증가",,,,,,,,,,,,,,,0xFF01FE,0,0,0,0,0,0,0,
3233,0,5,0,0x0,250,0,0,250,0,0,0,0,0,,"마나 +250",,,,,,,,,,,,,,,0xFF01FE,0,0,0,0,0,0,0,
3234,0,5,0,0x0,20,0,0,20,0,0,31,0,0,,"적중도 +20",,,,,,,,,,,,,,,0xFF01FE,0,0,0,0,0,0,0,
3235,0,3,0,0x0,0,0,0,0,0,0,44491,0,0,,"모든 정항력 +12",,,,,,,,,,,,,,,0xFF01FE,0,0,0,0,0,0,0,
3236,0,5,0,0x0,200,0,0,200,0,0,1,0,0,,"생명력 +200",,,,,,,,,,,,,,,0xFF01FE,0,0,0,0,0,0,0,
3237,0,2,0,0x0,10,0,0,10,0,0,0,0,0,,"무기 공격력 +10",,,,,,,,,,,,,,,0xFF01FE,2,0,0,0,0,0,0,
3238,0,3,0,0x0,0,0,0,0,0,0,44507,0,0,,"채집가",,,,,,,,,,,,,,,0xFF01FE,0,0,0,0,0,0,0,
3239,0,1,0,0x0,0,0,0,0,0,0,44525,0,0,,"쇄빙",,,,,,,,,,,,,,,0xFF01FE,25,0,0,0,0,0,0,
3240,0,5,0,0x0,23,0,0,23,0,0,45,0,0,,"주문력 +23",,,,,,,,,,,,,,,0xFF01FE,0,0,0,0,0,0,0,
3241,0,1,0,0x0,0,0,0,0,0,0,44578,0,0,,"생명의 수호",,,,,,,,,,,,,,,0xFF01FE,103,0,0,0,0,0,0,
3242,0,3,0,0x0,0,0,0,0,0,0,18676,0,0,,"모든 저항력 +5",,,,,,,,,,,,,,,0xFF01FE,0,0,34142,0,0,0,0,
3243,0,3,0,0x0,0,0,0,0,0,0,44001,0,0,,"주문 관통력 +35",,,,,,,,,,,,,,,0xFF01FE,0,0,0,0,0,0,0,
3244,0,5,5,0x0,7,7,0,7,7,0,46,43,0,,"5초당 생명력 및 마나 회복량 +7",,,,,,,,,,,,,,,0xFF01FE,0,0,0,0,0,0,0,
3245,0,5,0,0x0,20,0,0,20,0,0,35,0,0,,"탄력도 +20",,,,,,,,,,,,,,,0xFF01FE,0,0,0,0,0,0,0,
3246,0,5,0,0x0,28,0,0,28,0,0,45,0,0,,"주문력 +28",,,,,,,,,,,,,,,0xFF01FE,0,0,0,0,0,0,0,
3247,0,3,0,0x0,0,0,0,0,0,0,44594,0,0,,"언데드에 대한 전투력 +140",,,,,,,,,,,,,,,0xFF01FE,31,0,0,0,0,0,0,
3248,0,5,0,0x0,18,0,0,18,0,0,37,0,0,,"숙련 +18",,,,,,,,,,,,,,,0xFF01FE,0,0,0,0,0,0,0,
3249,0,5,0,0x0,16,0,0,16,0,0,32,0,0,,"치명타 및 주문 극대화 적중도 +16",,,,,,,,,,,,,,,0xFF01FE,0,0,0,0,0,0,0,
3250,0,3,5,0x0,0,15,0,0,15,0,44615,7,0,,"극지방랑자",,,,,,,,,,,,,,,0xFF01FE,0,0,0,0,0,0,0,
3251,0,1,0,0x0,0,0,0,0,0,0,44622,0,0,,"거인학살자",,,,,,,,,,,,,,,0xFF01FE,25,0,0,0,0,0,0,
3252,0,3,0,0x0,0,0,0,0,0,0,44624,0,0,,"모든 능력치 +8",,,,,,,,,,,,,,,0xFF01FE,0,0,0,0,0,0,0,
3253,0,3,5,0x0,0,10,0,0,10,0,25063,14,0,,"위협 수준 2%만큼 증가 / 무기 막기 숙련도 +10",,,,,,,,,,,,,,,0xFF01FE,0,0,0,0,0,0,0,
3254,0,3,0,0x0,0,0,0,0,0,0,44627,0,0,,"모든 능력치 +4",,,,,,,,,,,,,,,0xFF01FE,0,0,34143,0,0,0,0,
3255,0,5,0,0x0,55,0,0,55,0,0,45,0,0,,"주문력 +55",,,,,,,,,,,,,,,0xFF01FE,0,0,0,0,0,0,0,
3256,0,3,5,0x0,0,10,0,0,10,0,13840,3,0,,"은신 향상 / 민첩성 +10",,,,,,,,,,,,,,,0xFF01FE,0,0,0,0,0,0,0,
3257,0,5,0,0x0,54,0,0,54,0,0,45,0,0,,"주문력 +54",,,,,,,,,,,,,,,0xFF01FE,0,0,0,0,0,0,0,
3258,0,5,0,0x0,18,0,0,18,0,0,45,39508,0,,"주문력 +18",,,,,,,,,,,,,,,0xFF01FE,0,1,0,0,0,0,0,
3259,0,5,0,0x0,22,0,0,22,0,0,7,0,0,,"체력 +22",,,,,,,,,,,,,,,0xFF01FE,0,1,0,0,0,0,0,
3260,0,4,0,0x0,240,0,0,240,0,0,0,0,0,,"방어도 +240",,,,,,,,,,,,,,,0xFF01FE,0,0,0,0,0,0,0,
3261,0,5,3,0x0,12,0,0,12,0,0,32,44797,0,,"치명타 및 주문 극대화 적중도 +12 / 치명타 피해 3%만큼 증가",,,,,,,,,,,,,,,0xFF01FE,0,0,34220,81,0,0,0,
3262,0,5,0,0x0,15,0,0,15,0,0,7,0,0,,"체력 +15",,,,,,,,,,,,,,,0xFF01FE,0,0,34256,0,0,0,0,
3263,0,5,0,0x0,4,0,0,4,0,0,32,0,0,,"치명타 및 주문 극대화 적중도 +4",,,,,,,,,,,,,,,0xFF01FE,0,0,0,0,0,0,0,
3264,0,3,0,0x0,0,0,0,0,0,0,45335,0,0,,"방어도 +150 / 이동 속도 10% 감소",,,,,,,,,,,,,,,0xFF01FE,0,0,34627,0,0,0,0,
3265,0,3,0,0x0,100,0,0,100,0,0,45396,0,0,,"축복받은 무기 강화제",,,,,,,,,,,,,,,0xFF01FE,42,9,0,0,0,0,0,
3266,0,3,0,0x0,100,0,0,100,0,0,45398,0,0,,"정의의 무기 강화제",,,,,,,,,,,,,,,0xFF01FE,31,9,0,0,0,0,0,
3267,0,5,0,0x0,4,0,0,4,0,0,36,0,0,,"가속도 +4",,,,,,,,,,,,,,,0xFF01FE,0,0,0,0,0,0,0,
3268,0,5,0,0x0,15,0,0,15,0,0,7,0,0,,"체력 +15",,,,,,,,,,,,,,,0xFF01FE,0,0,34831,0,0,0,0,
3269,0,3,0,0x0,0,0,0,0,0,0,45698,0,0,,"낚시 숙련도 +3",,,,,,,,,,,,,,,0xFF01FE,0,0,0,0,0,0,0,
3270,0,5,0,0x0,8,0,0,8,0,0,36,0,0,,"가속도 +8",,,,,,,,,,,,,,,0xFF01FE,0,0,35315,0,0,0,0,
3271,0,5,5,0x0,4,5,0,4,5,0,36,45,0,,"가속도 +4 / 주문력 +5",,,,,,,,,,,,,,,0xFF01FE,0,0,35316,0,0,0,0,
3272,0,5,5,0x0,6,4,0,6,4,0,7,36,0,,"가속도 +4 / 체력 +6",,,,,,,,,,,,,,,0xFF01FE,0,0,35318,0,0,0,0,
3273,0,1,3,0x0,0,0,0,0,0,0,46579,46662,0,,"혹한",,,,,,,,,,,,,,,0xFF01FE,166,0,0,0,0,0,0,
3274,0,5,3,0x0,12,0,0,12,0,0,12,55283,0,,"방어 숙련도 +12 / 방패 피해 방어량 +5%",,,,,,,,,,,,,,,0xFF01FE,0,0,35501,121,0,0,0,
3275,0,5,3,0x0,14,0,0,14,0,0,45,46600,0,,"주문력 +14 / 지능 +2%",,,,,,,,,,,,,,,0xFF01FE,0,0,35503,122,0,0,0,
3276,0,5,0,0x0,20,0,0,20,0,0,38,0,0,,"전투력 +20",,,,,,,,,,,,,,,0xFF01FE,0,0,35487,0,0,0,0,
3277,0,5,0,0x0,12,0,0,12,0,0,45,0,0,,"주문력 +12",,,,,,,,,,,,,,,0xFF01FE,0,0,35488,0,0,0,0,
3278,0,5,0,0x0,12,0,0,12,0,0,45,0,0,,"주문력 +12",,,,,,,,,,,,,,,0xFF01FE,0,0,35489,0,0,0,0,
3279,0,5,0,0x0,3,0,0,3,0,0,45,0,0,,"주문력 +3",,,,,,,,,,,,,,,0xFF01FE,0,1,0,0,0,0,0,
3280,0,5,5,0x0,4,6,0,4,6,0,13,7,0,,"회피 숙련도 +4 / 체력 +6",,,,,,,,,,,,,,,0xFF01FE,0,0,35707,0,0,0,0,
3281,0,5,0,0x0,20,0,0,20,0,0,38,0,0,,"전투력 +20",,,,,,,,,,,,,,,0xFF01FE,0,0,35487,0,0,0,0,
3282,0,5,0,0x0,12,0,0,12,0,0,45,0,0,,"주문력 +12",,,,,,,,,,,,,,,0xFF01FE,0,0,35488,0,0,0,0,
3283,0,5,0,0x0,12,0,0,12,0,0,45,0,0,,"주문력 +12",,,,,,,,,,,,,,,0xFF01FE,0,0,35489,0,0,0,0,
3284,0,5,5,0x0,7,5,0,7,5,0,7,35,0,,"탄력도 +5 / 체력 +7",,,,,,,,,,,,,,,0xFF01FE,0,0,35758,0,0,0,0,
3285,0,5,5,0x0,7,5,0,7,5,0,7,36,0,,"가속도 +5 / 체력 +7",,,,,,,,,,,,,,,0xFF01FE,0,0,35759,0,0,0,0,
3286,0,5,5,0x0,5,6,0,5,6,0,36,45,0,,"가속도 +5 / 주문력 +6",,,,,,,,,,,,,,,0xFF01FE,0,0,35760,0,0,0,0,
3287,0,5,0,0x0,10,0,0,10,0,0,36,0,0,,"가속도 +10",,,,,,,,,,,,,,,0xFF01FE,0,0,35761,0,0,0,0,
3288,0,0,0,0x0,0,0,0,0,0,0,0,0,0,,"말채찍 마법부여 Test용",,,,,,,,,,,,,,,0xFF01FE,0,0,0,0,0,0,0,
3289,0,0,0,0x0,0,0,0,0,0,0,0,0,0,,"탈것 속도 +10%",,,,,,,,,,,,,,,0xFF01FE,0,1,0,0,0,0,0,
3290,0,7,0,0x0,0,0,0,0,0,0,52641,0,0,,"용수철 장착식 망토 확대기",,,,,,,,,,,,,,,0xFF01FE,0,0,0,0,0,0,0,
3291,2,7,0,0x0,0,0,0,0,0,0,47181,0,0,,"사용 횟수 Test용",,,,,,,,,,,,,,,0xFF01FE,0,0,0,0,0,0,0,
3292,0,5,0,0x0,68,0,0,68,0,0,38,0,0,,"전투력 +68",,,,,,,,,,,,,,,0xFF01FE,0,0,36766,0,755,350,0,
3293,0,5,0,0x0,51,0,0,51,0,0,7,0,0,,"체력 +51",,,,,,,,,,,,,,,0xFF01FE,0,0,36767,0,755,350,0,
3294,0,4,0,0x0,225,0,0,225,0,0,0,0,0,,"방어도 +225",,,,,,,,,,,,,,,0xFF01FE,0,0,0,0,0,0,0,
3295,0,5,0,0x0,16,20,20,16,20,20,36,29,30,,"적중도 +16",,,,,,,,,,,,,,,0xFF01FE,0,1,0,0,333,400,0,
3296,0,3,5,0x0,0,10,0,0,10,0,25070,6,0,,"정신력 +10 / 위협 수준 2%만큼 감소",,,,,,,,,,,,,,,0xFF01FE,0,0,0,0,0,0,0,
3297,0,5,0,0x0,275,0,0,275,0,0,1,0,0,,"생명력 +275",,,,,,,,,,,,,,,0xFF01FE,0,0,0,0,0,0,0,
3298,0,5,0,0x0,19,0,0,19,0,0,43,0,0,,"특급 마나 오일",,,,,,,,,,,,,,,0xFF01FE,0,0,0,0,0,0,0,
3299,0,5,0,0x0,56,0,0,56,0,0,45,0,0,,"특급 마법사 오일",,,,,,,,,,,,,,,0xFF01FE,0,0,0,0,0,0,0,
3300,0,5,0,0x0,19,0,0,19,0,0,45,0,0,,"주문력 +19",,,,,,,,,,,,,,,0xFF01FE,0,0,0,0,0,0,0,
3301,0,5,0,0x0,6,0,0,6,0,0,32,0,0,,"치명타 및 주문 극대화 적중도 +6",,,,,,,,,,,,,,,0xFF01FE,0,0,0,0,0,0,0,
3302,0,5,0,0x0,8,0,0,8,0,0,12,0,0,,"방어 숙련도 +8",,,,,,,,,,,,,,,0xFF01FE,0,0,0,0,0,0,0,
3303,0,5,0,0x0,8,0,0,8,0,0,36,0,0,,"가속도 +8",,,,,,,,,,,,,,,0xFF01FE,0,0,0,0,0,0,0,
3304,0,5,0,0x0,8,0,0,8,0,0,13,0,0,,"회피 숙련도 +8",,,,,,,,,,,,,,,0xFF01FE,0,0,0,0,0,0,0,
3305,0,5,0,0x0,12,0,0,12,0,0,7,0,0,,"체력 +12",,,,,,,,,,,,,,,0xFF01FE,0,0,0,0,0,0,0,
3306,0,5,0,0x0,2,0,0,2,0,0,43,0,0,,"5초당 마나 회복량 +2",,,,,,,,,,,,,,,0xFF01FE,0,0,0,0,0,0,0,
3307,0,5,0,0x0,9,0,0,9,0,0,7,0,0,,"체력 +9",,,,,,,,,,,,,,,0xFF01FE,0,0,0,0,0,0,0,
3308,0,5,0,0x0,4,0,0,4,0,0,36,0,0,,"가속도 +4",,,,,,,,,,,,,,,0xFF01FE,0,0,0,0,0,0,0,
3309,0,5,0,0x0,6,0,0,6,0,0,36,0,0,,"가속도 +6",,,,,,,,,,,,,,,0xFF01FE,0,0,0,0,0,0,0,
3310,0,5,0,0x0,6,0,0,6,0,0,5,0,0,,"지능 +6",,,,,,,,,,,,,,,0xFF01FE,0,0,0,0,0,0,0,
3311,0,5,0,0x0,6,0,0,6,0,0,6,0,0,,"정신력 +6",,,,,,,,,,,,,,,0xFF01FE,0,0,0,0,0,0,0,
3312,0,5,0,0x0,8,0,0,8,0,0,4,0,0,,"힘 +8",,,,,,,,,,,,,,,0xFF01FE,0,0,0,0,0,0,0,
3313,0,5,0,0x0,8,0,0,8,0,0,3,0,0,,"민첩성 +8",,,,,,,,,,,,,,,0xFF01FE,0,0,0,0,0,0,0,
3314,0,5,0,0x0,8,0,0,8,0,0,32,0,0,,"치명타 및 주문 극대화 적중도 +8",,,,,,,,,,,,,,,0xFF01FE,0,0,0,0,0,0,0,
3315,0,0,0,0x0,0,0,0,0,0,0,0,0,0,,"탈것 속도 +3%",,,,,,,,,,,,,,,0xFF01FE,0,1,0,0,0,0,0,
3316,0,5,0,0x0,6,0,0,6,0,0,32,0,0,,"치명타 및 주문 극대화 적중도 +6",,,,,,,,,,,,,,,0xFF01FE,0,0,0,0,0,0,0,
3317,0,5,0,0x0,21,0,0,21,0,0,7,0,0,,"체력 +21",,,,,,,,,,,,,,,0xFF01FE,0,0,37430,0,0,0,0,
3318,0,5,5,0x0,6,5,0,6,5,0,45,6,0,,"주문력 +6 / 정신력 +5",,,,,,,,,,,,,,,0xFF01FE,0,0,37503,0,0,0,0,
3319,0,8,0,0x0,1,0,0,1,0,0,0,0,0,,"소켓 추가 마법부여 Test용",,,,,,,,,,,,,,,0xFF01FE,0,0,0,0,164,50,0,
3320,0,4,0,0x0,10,0,0,10,0,0,0,0,0,,"숙련 요구 마법부여 Test용",,,,,,,,,,,,,,,0xFF01FE,0,0,0,0,164,50,0,
3321,0,4,0,0x0,150,0,0,150,0,0,0,0,0,,"방어도 +150",,,,,,,,,,,,,,,0xFF01FE,0,0,38292,0,164,50,0,
3322,0,3,0,0x0,100,0,0,100,0,0,50401,0,0,,"얼어붙은 룬 무기",,,,,,,,,,,,,,,0xFF01FE,1,9,0,0,0,0,0,
3324,0,5,0,0x0,10,0,0,10,0,0,32,0,0,,"치명타 및 주문 극대화 적중도 +10",,,,,,,,,,,,,,,0xFF01FE,0,0,34835,0,0,0,0,
3325,0,5,5,0x0,45,15,0,45,15,0,7,3,0,,"체력 +45 / 민첩성 +15",,,,,,,,,,,,,,,0xFF01FE,0,0,0,0,0,0,70,
3326,0,5,5,0x0,15,55,0,5,55,0,32,38,0,,"전투력 +55 / 치명타 및 주문 극대화 적중도 +15",,,,,,,,,,,,,,,0xFF01FE,0,1,0,0,0,0,70,
3327,0,5,5,0x0,55,22,0,55,22,0,7,3,0,,"체력 +55 / 민첩성 +22",,,,,,,,,,,,,,,0xFF01FE,0,1,0,0,0,0,65,
3328,0,5,5,0x0,22,75,0,22,75,0,32,38,0,,"전투력 +75 / 치명타 및 주문 극대화 적중도 +22",,,,,,,,,,,,,,,0xFF01FE,0,1,0,0,0,0,65,
3329,0,5,0,0x0,12,0,0,12,0,0,7,0,0,,"체력 +12",,,,,,,,,,,,,,,0xFF01FE,0,0,0,0,0,0,70,
3330,0,5,0,0x0,18,0,0,18,0,0,7,0,0,,"체력 +18",,,,,,,,,,,,,,,0xFF01FE,0,0,0,0,0,0,70,
3331,0,5,5,0x0,72,35,0,72,35,0,7,3,0,,"체력 +72 / 민첩성 +35",,,,,,,,,,,,,,,0xFF01FE,0,1,0,0,0,0,70,
3332,0,5,5,0x0,36,100,0,36,100,0,32,38,0,,"천투력 +100 / 치명타 및 주문 극대화 적중도 +36",,,,,,,,,,,,,,,0xFF01FE,0,1,0,0,0,0,70,
3333,0,5,0,0x0,0,0,0,0,0,0,0,0,0,,"QA Test용 보라색 보석 마법부여",,,,,,,,,,,,,,,0xFF01FE,0,0,38498,0,0,0,0,
3334,0,3,0,0x0,1,0,0,1,0,0,33153,28735,0,,"노스렌드 비행",,,,,,,,,,,,,,,0xFF01FE,0,0,38538,0,0,0,0,
3335,0,5,0,0x0,20,0,0,20,0,0,38,0,0,,"전투력 +20",,,,,,,,,,,,,,,0xFF01FE,0,0,38545,0,0,0,0,
3336,0,5,0,0x0,10,0,0,10,0,0,32,0,0,,"치명타 및 주문 극대화 적중도 +10",,,,,,,,,,,,,,,0xFF01FE,0,0,38546,0,0,0,0,
3337,0,5,5,0x0,10,5,0,10,5,0,38,32,0,,"전투력 +10 / 치명타 및 주문 극대화 적중도 +5",,,,,,,,,,,,,,,0xFF01FE,0,0,38547,0,0,0,0,
3338,0,5,5,0x0,6,5,0,6,5,0,45,32,0,,"주문력 +6 / 치명타 및 주문 극대화 적중도 +5",,,,,,,,,,,,,,,0xFF01FE,0,0,38548,0,0,0,0,
3339,0,5,0,0x0,12,0,0,12,0,0,45,0,0,,"주문력 +12",,,,,,,,,,,,,,,0xFF01FE,0,0,38549,0,0,0,0,
3340,0,5,0,0x0,10,0,0,10,0,0,32,0,0,,"치명타 및 주문 극대화 적중도 +10",,,,,,,,,,,,,,,0xFF01FE,0,0,38550,0,0,0,0,
3341,0,3,0,0x0,100,0,0,100,0,0,51385,0,0,,"얼어붙은 룬 무기 2",,,,,,,,,,,,,,,0xFF01FE,1,9,0,0,0,0,0,
3342,0,3,0,0x0,100,0,0,100,0,0,51386,0,0,,"얼어붙은 룬 무기 3",,,,,,,,,,,,,,,0xFF01FE,1,9,0,0,0,0,0,
3343,0,3,0,0x0,100,0,0,100,0,0,51387,0,0,,"얼어붙은 룬 무기 4",,,,,,,,,,,,,,,0xFF01FE,1,9,0,0,0,0,0,
3344,0,3,0,0x0,100,0,0,100,0,0,51388,0,0,,"얼어붙은 룬 무기 5",,,,,,,,,,,,,,,0xFF01FE,1,9,0,0,0,0,0,
3345,0,3,0,0x0,20,0,0,20,0,0,51940,0,0,,"대지의 생명 1",,,,,,,,,,,,,,,0xFF01FE,106,9,0,0,0,0,0,
3346,0,3,0,0x0,20,0,0,20,0,0,51989,0,0,,"대지의 생명 2",,,,,,,,,,,,,,,0xFF01FE,106,9,0,0,0,0,0,
3347,0,3,0,0x0,20,0,0,20,0,0,52004,0,0,,"대지의 생명 3",,,,,,,,,,,,,,,0xFF01FE,106,9,0,0,0,0,0,
3348,0,3,0,0x0,20,0,0,20,0,0,52005,0,0,,"대지의 생명 4",,,,,,,,,,,,,,,0xFF01FE,106,9,0,0,0,0,0,
3349,0,3,0,0x0,20,0,0,20,0,0,52007,0,0,,"대지의 생명 5",,,,,,,,,,,,,,,0xFF01FE,106,9,0,0,0,0,0,
3350,0,3,0,0x0,20,0,0,20,0,0,52008,0,0,,"대지의 생명 6",,,,,,,,,,,,,,,0xFF01FE,106,9,0,0,0,0,0,
3351,0,5,0,0x0,6,0,0,6,0,0,31,0,0,,"적중도 +6",,,,,,,,,,,,,,,0xFF01FE,0,0,0,0,0,0,0,
3352,0,5,0,0x0,8,0,0,8,0,0,6,0,0,,"정신력 +8",,,,,,,,,,,,,,,0xFF01FE,0,0,0,0,0,0,0,
3353,0,5,0,0x0,8,0,0,8,0,0,5,0,0,,"지능 +8",,,,,,,,,,,,,,,0xFF01FE,0,0,0,0,0,0,0,
3354,0,5,0,0x0,12,0,0,12,0,0,7,0,0,,"체력 +12",,,,,,,,,,,,,,,0xFF01FE,0,0,0,0,0,0,0,
3355,0,5,0,0x0,6,0,0,6,0,0,3,0,0,,"민첩성 +6",,,,,,,,,,,,,,,0xFF01FE,0,0,0,0,0,0,0,
3356,0,5,0,0x0,12,0,0,12,0,0,38,0,0,,"전투력 +12",,,,,,,,,,,,,,,0xFF01FE,0,0,0,0,0,0,0,
3357,0,5,0,0x0,6,0,0,6,0,0,4,0,0,,"힘 +6",,,,,,,,,,,,,,,0xFF01FE,0,0,0,0,0,0,0,
3358,0,5,0,0x0,6,0,0,6,0,0,13,0,0,,"회피 숙련도 +6",,,,,,,,,,,,,,,0xFF01FE,0,0,0,0,0,0,0,
3359,0,5,0,0x0,4,0,0,4,0,0,14,0,0,,"무기 막기 숙련도 +4",,,,,,,,,,,,,,,0xFF01FE,0,0,0,0,0,0,0,
3360,0,5,0,0x0,8,0,0,8,0,0,14,0,0,,"무기 막기 숙련도 +8",,,,,,,,,,,,,,,0xFF01FE,0,0,0,0,0,0,0,
3361,0,5,0,0x0,6,0,0,6,0,0,15,0,0,,"방패 막기 숙련도 +6",,,,,,,,,,,,,,,0xFF01FE,0,0,0,0,0,0,0,
3362,0,5,0,0x0,6,0,0,6,0,0,37,0,0,,"숙련 +6",,,,,,,,,,,,,,,0xFF01FE,0,0,0,0,0,0,0,
3363,0,3,0,0x0,0,0,0,0,0,0,23515,0,0,,"방패 피해 방어량 +9",,,,,,,,,,,,,,,0xFF01FE,0,0,0,0,0,0,0,
3364,0,0,0,0x0,0,0,0,0,0,0,0,0,0,,"룬 무기 강화",,,,,,,,,,,,,,,0xFF01FE,173,0,0,0,0,0,0,
3365,0,3,3,0x0,0,0,0,0,0,0,53387,43588,0,,"검분쇄자의 룬",,,,,,,,,,,,,,,0xFF01FE,156,1,0,0,776,0,0,
3366,0,1,0,0x0,100,0,0,100,0,0,56903,0,0,,"리치 파멸의 룬",,,,,,,,,,,,,,,0xFF01FE,25,1,0,0,776,0,0,
3367,0,3,3,0x0,0,0,0,0,0,0,53362,60209,0,,"주문분쇄자의 룬",,,,,,,,,,,,,,,0xFF01FE,161,1,0,0,776,0,0,
3368,0,1,0,0x0,0,0,0,0,0,0,53365,0,0,,"타락한 성전사의 룬",,,,,,,,,,,,,,,0xFF01FE,160,1,0,0,776,0,0,
3369,0,1,0,0x0,0,0,0,0,0,0,53386,0,0,,"잿더미 빙하의 룬",,,,,,,,,,,,,,,0xFF01FE,166,1,0,0,776,0,0,
3370,0,1,1,0x0,100,100,0,100,100,0,50401,51714,0,,"칼날얼음의 룬",,,,,,,,,,,,,,,0xFF01FE,1,1,0,0,776,0,0,
3371,0,5,0,0x0,12,0,0,12,0,0,4,0,0,,"힘 +12",,,,,,,,,,,,,,,0xFF01FE,0,0,39900,0,0,0,0,
3374,0,5,0,0x0,12,0,0,12,0,0,3,0,0,,"민첩성 +12",,,,,,,,,,,,,,,0xFF01FE,0,0,39905,0,0,0,0,
3375,0,5,0,0x0,24,0,0,24,0,0,38,0,0,,"전투력 +24",,,,,,,,,,,,,,,0xFF01FE,0,0,39906,0,0,0,0,
3376,0,5,0,0x0,12,0,0,12,0,0,13,0,0,,"회피 숙련도 +12",,,,,,,,,,,,,,,0xFF01FE,0,0,39907,0,0,0,0,
3377,0,5,0,0x0,12,0,0,12,0,0,14,0,0,,"무기 막기 숙련도 +12",,,,,,,,,,,,,,,0xFF01FE,0,0,39908,0,0,0,0,
3378,0,5,0,0x0,12,0,0,12,0,0,44,0,0,,"방어구 관통력 +12",,,,,,,,,,,,,,,0xFF01FE,0,0,39909,0,0,0,0,
3379,0,5,0,0x0,12,0,0,12,0,0,37,0,0,,"숙련 +12",,,,,,,,,,,,,,,0xFF01FE,0,0,39910,0,0,0,0,
3380,0,5,0,0x0,14,0,0,14,0,0,45,0,0,,"주문력 +14",,,,,,,,,,,,,,,0xFF01FE,0,0,39911,0,0,0,0,
3381,0,5,0,0x0,12,0,0,12,0,0,5,0,0,,"지능 +12",,,,,,,,,,,,,,,0xFF01FE,0,0,39912,0,0,0,0,
3382,0,5,0,0x0,12,0,0,12,0,0,32,0,0,,"치명타 및 주문 극대화 적중도 +12",,,,,,,,,,,,,,,0xFF01FE,0,0,39914,0,0,0,0,
3383,0,5,0,0x0,12,0,0,12,0,0,31,0,0,,"적중도 +12",,,,,,,,,,,,,,,0xFF01FE,0,0,39915,0,0,0,0,
3384,0,5,0,0x0,12,0,0,12,0,0,12,0,0,,"방어 숙련도 +12",,,,,,,,,,,,,,,0xFF01FE,0,0,39916,0,0,0,0,
3385,0,5,0,0x0,12,0,0,12,0,0,35,0,0,,"탄력도 +12",,,,,,,,,,,,,,,0xFF01FE,0,0,39917,0,0,0,0,
3386,0,5,0,0x0,12,0,0,12,0,0,36,0,0,,"가속도 +12",,,,,,,,,,,,,,,0xFF01FE,0,0,39918,0,0,0,0,
3387,0,5,0,0x0,18,0,0,18,0,0,7,0,0,,"체력 +18",,,,,,,,,,,,,,,0xFF01FE,0,0,39919,0,0,0,0,
3388,0,5,0,0x0,12,0,0,12,0,0,6,0,0,,"정신력 +12",,,,,,,,,,,,,,,0xFF01FE,0,0,39920,0,0,0,0,
3389,0,5,0,0x0,6,0,0,6,0,0,43,0,0,,"5초당 마나 회복량 +6",,,,,,,,,,,,,,,0xFF01FE,0,0,39927,0,0,0,0,
3390,0,3,0,0x0,12,0,0,12,0,0,28869,0,0,,"주문 관통력 +15",,,,,,,,,,,,,,,0xFF01FE,0,0,39932,0,0,0,0,
3391,0,5,5,0x0,6,9,0,6,9,0,44,7,0,,"방어구 관통력 +6 / 체력 +9",,,,,,,,,,,,,,,0xFF01FE,0,0,39933,0,0,0,0,
3392,0,5,5,0x0,6,9,0,6,9,0,4,7,0,,"힘 +6 / 체력 +9",,,,,,,,,,,,,,,0xFF01FE,0,0,39934,0,0,0,0,
3393,0,5,5,0x0,6,9,0,6,9,0,3,7,0,,"민첩성 +6 / 체력 +9",,,,,,,,,,,,,,,0xFF01FE,0,0,39935,0,0,0,0,
3394,0,5,5,0x0,7,9,0,7,9,0,45,7,0,,"주문력 +7 / 체력 +9",,,,,,,,,,,,,,,0xFF01FE,0,0,39936,0,0,0,0,
3395,0,5,5,0x0,12,9,0,12,9,0,38,7,0,,"전투력 +12 / 체력 +9",,,,,,,,,,,,,,,0xFF01FE,0,0,39937,0,0,0,0,
3396,0,5,5,0x0,6,9,0,6,9,0,13,7,0,,"회피 숙련도 +6 / 체력 9",,,,,,,,,,,,,,,0xFF01FE,0,0,39938,0,0,0,0,
3397,0,5,5,0x0,6,9,0,6,9,0,14,7,0,,"무기 막기 숙련도 +6 / 체력 +9",,,,,,,,,,,,,,,0xFF01FE,0,0,39939,0,0,0,0,
3398,0,5,5,0x0,6,9,0,6,9,0,37,7,0,,"숙련 +6 / 체력 +9",,,,,,,,,,,,,,,0xFF01FE,0,0,39940,0,0,0,0,
3399,0,5,5,0x0,7,6,0,7,6,0,45,6,0,,"주문력 +7 / 정신력 +6",,,,,,,,,,,,,,,0xFF01FE,0,0,39941,0,0,0,0,
3400,0,5,5,0x0,6,3,0,6,3,0,3,43,0,,"민첩성 +6 / 5초당 마나 회복량 +3",,,,,,,,,,,,,,,0xFF01FE,0,0,39942,0,0,0,0,
3401,0,5,5,0x0,7,3,0,7,3,0,45,43,0,,"주문력 +7 / 5초당 마나 회복량 +3",,,,,,,,,,,,,,,0xFF01FE,0,0,39943,0,0,0,0,
3402,0,5,5,0x0,12,3,0,12,3,0,38,43,0,,"전투력 +12 / 5초당 마나 회복량 +3",,,,,,,,,,,,,,,0xFF01FE,0,0,39944,0,0,0,0,
3403,0,5,3,0x0,7,6,0,7,6,0,45,31926,0,,"주문력 +7 / 주문 관통력 +8",,,,,,,,,,,,,,,0xFF01FE,0,0,39945,0,0,0,0,
3404,0,5,5,0x0,7,6,0,7,6,0,45,5,0,,"주문력 +7 / 지능 +6",,,,,,,,,,,,,,,0xFF01FE,0,0,39946,0,0,0,0,
3405,0,5,5,0x0,6,6,0,6,6,0,4,32,0,,"힘 +6 / 치명타 및 주문 극대화 적중도 +6",,,,,,,,,,,,,,,0xFF01FE,0,0,39947,0,0,0,0,
3406,0,5,5,0x0,6,6,0,6,6,0,3,31,0,,"민첩성 +6 / 적중도 +6",,,,,,,,,,,,,,,0xFF01FE,0,0,39953,0,0,0,0,
3407,0,5,5,0x0,6,6,0,6,6,0,4,12,0,,"힘 +6 / 방어 숙련도 +6",,,,,,,,,,,,,,,0xFF01FE,0,0,39949,0,0,0,0,
3408,0,5,5,0x0,6,6,0,6,6,0,4,35,0,,"힘 +6 / 탄력도 +6",,,,,,,,,,,,,,,0xFF01FE,0,0,39950,0,0,0,0,
3409,0,5,5,0x0,6,6,0,6,6,0,4,36,0,,"힘 +6 / 가속도 +6",,,,,,,,,,,,,,,0xFF01FE,0,0,39951,0,0,0,0,
3410,0,5,5,0x0,6,6,0,6,6,0,3,32,0,,"민첩성 +6 / 치명타 및 주문 극대화 적중도 +6",,,,,,,,,,,,,,,0xFF01FE,0,0,39952,0,0,0,0,
3411,0,5,5,0x0,6,6,0,6,6,0,4,31,0,,"힘 +6 / 적중도 +6",,,,,,,,,,,,,,,0xFF01FE,0,0,39948,0,0,0,0,
3412,0,5,5,0x0,6,6,0,6,6,0,3,35,0,,"민첩성 +6 / 탄력도 +6",,,,,,,,,,,,,,,0xFF01FE,0,0,39954,0,0,0,0,
3413,0,5,5,0x0,6,6,0,6,6,0,3,36,0,,"민첩성 +6 / 가속도 +6",,,,,,,,,,,,,,,0xFF01FE,0,0,39955,0,0,0,0,
3414,0,5,5,0x0,7,6,0,7,6,0,45,32,0,,"주문력 +7 / 치명타 및 주문 극대화 적중도 +6",,,,,,,,,,,,,,,0xFF01FE,0,0,39956,0,0,0,0,
3415,0,5,5,0x0,7,6,0,7,6,0,45,31,0,,"주문력 +7 / 적중도 +6",,,,,,,,,,,,,,,0xFF01FE,0,0,39957,0,0,0,0,
3416,0,5,5,0x0,7,6,0,7,6,0,45,35,0,,"주문력 +7 / 탄력도 +6",,,,,,,,,,,,,,,0xFF01FE,0,0,39958,0,0,0,0,
3417,0,5,5,0x0,7,6,0,7,6,0,45,36,0,,"주문력 +7 / 가속도 +6",,,,,,,,,,,,,,,0xFF01FE,0,0,39959,0,0,0,0,
3418,0,5,5,0x0,6,6,0,6,6,0,13,12,0,,"회피 숙련도 +6 / 방어 숙련도 +6",,,,,,,,,,,,,,,0xFF01FE,0,0,39964,0,0,0,0,
3419,0,5,5,0x0,6,6,0,6,6,0,14,12,0,,"무기 막기 숙련도 +6 / 방어 숙련도 +6",,,,,,,,,,,,,,,0xFF01FE,0,0,39965,0,0,0,0,
3420,0,5,5,0x0,6,6,0,6,6,0,37,31,0,,"숙련 +6 / 적중도 +6",,,,,,,,,,,,,,,0xFF01FE,0,0,39966,0,0,0,0,
3421,0,5,5,0x0,6,6,0,6,6,0,37,12,0,,"숙련 +6 / 방어 숙련도 +6",,,,,,,,,,,,,,,0xFF01FE,0,0,39967,0,0,0,0,
3422,0,5,5,0x0,12,6,0,12,6,0,38,32,0,,"전투력 +12 / 치명타 및 주문 극대화 적중도 +6",,,,,,,,,,,,,,,0xFF01FE,0,0,39960,0,0,0,0,
3423,0,5,5,0x0,12,6,0,12,6,0,38,31,0,,"전투력 +12 / 적중도 +6",,,,,,,,,,,,,,,0xFF01FE,0,0,39961,0,0,0,0,
3424,0,5,5,0x0,12,6,0,12,6,0,38,35,0,,"전투력 +12 / 탄력도 +6",,,,,,,,,,,,,,,0xFF01FE,0,0,39962,0,0,0,0,
3426,0,5,5,0x0,12,6,0,12,6,0,38,36,0,,"전투력 +12 / 가속도 +6",,,,,,,,,,,,,,,0xFF01FE,0,0,39963,0,0,0,0,
3427,0,5,5,0x0,6,9,0,6,9,0,5,7,0,,"지능 +6 / 체력 +9",,,,,,,,,,,,,,,0xFF01FE,0,0,39968,0,0,0,0,
3428,0,5,5,0x0,6,9,0,6,9,0,32,7,0,,"치명타 및 주문 극대화 적중도 +6 / 체력 +9",,,,,,,,,,,,,,,0xFF01FE,0,0,39974,0,0,0,0,
3429,0,5,5,0x0,6,9,0,6,9,0,31,7,0,,"적중도 +6 / 체력 +9",,,,,,,,,,,,,,,0xFF01FE,0,0,39975,0,0,0,0,
3430,0,5,5,0x0,6,9,0,6,9,0,12,7,0,,"방어 숙련도 +6 / 체력 +9",,,,,,,,,,,,,,,0xFF01FE,0,0,39976,0,0,0,0,
3431,0,5,5,0x0,6,9,0,6,9,0,35,7,0,,"탄력도 +6 / 체력 +9",,,,,,,,,,,,,,,0xFF01FE,0,0,39977,0,0,0,0,
3432,0,5,5,0x0,6,9,0,6,9,0,36,7,0,,"가속도 +6 / 체력 +9",,,,,,,,,,,,,,,0xFF01FE,0,0,39978,0,0,0,0,
3433,0,5,5,0x0,6,6,0,6,6,0,5,6,0,,"지능 +6 / 정신력 +6",,,,,,,,,,,,,,,0xFF01FE,0,0,39979,0,0,0,0,
3434,0,5,5,0x0,6,6,0,6,6,0,32,6,0,,"치명타 및 주문 극대화 적중도 +6 / 정신력 +6",,,,,,,,,,,,,,,0xFF01FE,0,0,39980,0,0,0,0,
3435,0,5,5,0x0,6,6,0,6,6,0,31,6,0,,"적중도 +6 / 정신력 +6",,,,,,,,,,,,,,,0xFF01FE,0,0,39981,0,0,0,0,
3436,0,5,5,0x0,6,6,0,6,6,0,35,6,0,,"탄력도 +6 / 정신력 +6",,,,,,,,,,,,,,,0xFF01FE,0,0,39982,0,0,0,0,
3437,0,5,5,0x0,6,6,0,6,6,0,36,6,0,,"가속도 +6 / 정신력 +6",,,,,,,,,,,,,,,0xFF01FE,0,0,39983,0,0,0,0,
3438,0,5,5,0x0,6,3,0,6,3,0,5,43,0,,"지능 +6 / 5초당 마나 회복량 +3",,,,,,,,,,,,,,,0xFF01FE,0,0,39984,0,0,0,0,
3439,0,5,5,0x0,6,3,0,6,3,0,32,43,0,,"치명타 및 주문 극대화 적중도 +6 / 5초당 마나 회복량 +3",,,,,,,,,,,,,,,0xFF01FE,0,0,39985,0,0,0,0,
3440,0,5,5,0x0,6,3,0,6,3,0,31,43,0,,"적중도 +6 / 5초당 마나 회복량 +3",,,,,,,,,,,,,,,0xFF01FE,0,0,39986,0,0,0,0,
3441,0,5,5,0x0,6,3,0,6,3,0,35,43,0,,"탄력도 +6 / 5초당 마나 회복량 +3",,,,,,,,,,,,,,,0xFF01FE,0,0,39988,0,0,0,0,
3442,0,5,5,0x0,6,3,0,6,3,0,36,43,0,,"가속도 +6 / 5초당 마나 회복량 +3",,,,,,,,,,,,,,,0xFF01FE,0,0,39989,0,0,0,0,
3443,0,5,3,0x0,6,6,0,6,6,0,32,31926,0,,"치명타 및 주문 극대화 적중도 +6 / 주문 관통력 +8",,,,,,,,,,,,,,,0xFF01FE,0,0,39990,0,0,0,0,
3444,0,5,3,0x0,6,6,0,6,6,0,31,31926,0,,"적중도 +6 / 주문 관통력 +8",,,,,,,,,,,,,,,0xFF01FE,0,0,39991,0,0,0,0,
3445,0,5,3,0x0,6,6,0,6,6,0,36,31926,0,,"가속도 +6 / 주문 관통력 +8",,,,,,,,,,,,,,,0xFF01FE,0,0,39992,0,0,0,0,
3446,0,5,0,0x0,16,0,0,16,0,0,4,0,0,,"힘 +16",,,,,,,,,,,,,,,0xFF01FE,0,0,39996,0,0,0,0,
3447,0,5,0,0x0,16,0,0,16,0,0,3,0,0,,"민첩성 +16",,,,,,,,,,,,,,,0xFF01FE,0,0,39997,0,0,0,0,
3448,0,5,0,0x0,19,0,0,19,0,0,45,0,0,,"주문력 +19",,,,,,,,,,,,,,,0xFF01FE,0,0,39998,0,0,0,0,
3449,0,5,0,0x0,32,0,0,32,0,0,38,0,0,,"전투력 +32",,,,,,,,,,,,,,,0xFF01FE,0,0,39999,0,0,0,0,
3450,0,5,0,0x0,16,0,0,16,0,0,13,0,0,,"회피 숙련도 +16",,,,,,,,,,,,,,,0xFF01FE,0,0,40000,0,0,0,0,
3451,0,5,0,0x0,16,0,0,16,0,0,14,0,0,,"무기 막기 숙련도 +16",,,,,,,,,,,,,,,0xFF01FE,0,0,40001,0,0,0,0,
3452,0,5,0,0x0,16,0,0,16,0,0,44,0,0,,"방어구 관통력 +16",,,,,,,,,,,,,,,0xFF01FE,0,0,40002,0,0,0,0,
3453,0,5,0,0x0,16,0,0,16,0,0,37,0,0,,"숙련 +16",,,,,,,,,,,,,,,0xFF01FE,0,0,40003,0,0,0,0,
3454,0,5,0,0x0,24,0,0,24,0,0,7,0,0,,"체력 +24",,,,,,,,,,,,,,,0xFF01FE,0,0,40008,0,0,0,0,
3455,0,5,0,0x0,16,0,0,16,0,0,6,0,0,,"정신력 +16",,,,,,,,,,,,,,,0xFF01FE,0,0,40009,0,0,0,0,
3456,0,5,0,0x0,8,0,0,8,0,0,43,0,0,,"5초당 마나 회복량 +8",,,,,,,,,,,,,,,0xFF01FE,0,0,40010,0,0,0,0,
3457,0,3,0,0x0,16,0,0,16,0,0,26283,0,0,,"주문 관통력 +20",,,,,,,,,,,,,,,0xFF01FE,0,0,40011,0,0,0,0,
3458,0,5,0,0x0,16,0,0,16,0,0,5,0,0,,"지능 +16",,,,,,,,,,,,,,,0xFF01FE,0,0,40012,0,0,0,0,
3459,0,5,0,0x0,16,0,0,16,0,0,32,0,0,,"치명타 및 주문 극대화 적중도 +16",,,,,,,,,,,,,,,0xFF01FE,0,0,40013,0,0,0,0,
3460,0,5,0,0x0,16,0,0,16,0,0,31,0,0,,"적중도 +16",,,,,,,,,,,,,,,0xFF01FE,0,0,40014,0,0,0,0,
3461,0,5,0,0x0,16,0,0,16,0,0,12,0,0,,"방어 숙련도 +16",,,,,,,,,,,,,,,0xFF01FE,0,0,40015,0,0,0,0,
3462,0,5,0,0x0,16,0,0,16,0,0,35,0,0,,"탄력도 +16",,,,,,,,,,,,,,,0xFF01FE,0,0,40016,0,0,0,0,
3463,0,5,0,0x0,16,0,0,16,0,0,36,0,0,,"가속도 +16",,,,,,,,,,,,,,,0xFF01FE,0,0,40017,0,0,0,0,
3464,0,5,5,0x0,8,12,0,8,12,0,4,7,0,,"힘 +8 / 체력 +12",,,,,,,,,,,,,,,0xFF01FE,0,0,40022,0,0,0,0,
3465,0,5,5,0x0,8,12,0,8,12,0,3,7,0,,"민첩성 +8 / 체력 +12",,,,,,,,,,,,,,,0xFF01FE,0,0,40023,0,0,0,0,
3466,0,5,5,0x0,9,12,0,9,12,0,45,7,0,,"주문력 +9 / 체력 +12",,,,,,,,,,,,,,,0xFF01FE,0,0,40025,0,0,0,0,
3467,0,5,5,0x0,16,12,0,16,12,0,38,7,0,,"전투력 +16 / 체력 +12",,,,,,,,,,,,,,,0xFF01FE,0,0,40029,0,0,0,0,
3468,0,5,5,0x0,8,12,0,8,12,0,13,7,0,,"회피 숙련도 +8 / 체력 +12",,,,,,,,,,,,,,,0xFF01FE,0,0,40031,0,0,0,0,
3469,0,5,5,0x0,8,12,0,8,12,0,14,7,0,,"무기 막기 숙련도 +8 / 체력 +12",,,,,,,,,,,,,,,0xFF01FE,0,0,40032,0,0,0,0,
3470,0,5,5,0x0,8,12,0,8,12,0,44,7,0,,"방어구 관통력 +8 / 체력 +12",,,,,,,,,,,,,,,0xFF01FE,0,0,40033,0,0,0,0,
3471,0,5,5,0x0,8,12,0,8,12,0,37,7,0,,"숙련 +8 / 체력 +12",,,,,,,,,,,,,,,0xFF01FE,0,0,40034,0,0,0,0,
3472,0,5,5,0x0,9,8,0,9,8,0,45,6,0,,"주문력 +9 / 정신력 +8",,,,,,,,,,,,,,,0xFF01FE,0,0,40026,0,0,0,0,
3473,0,5,5,0x0,9,4,0,9,4,0,45,43,0,,"주문력 +9 / 5초당 마나 회복량 +4",,,,,,,,,,,,,,,0xFF01FE,0,0,40027,0,0,0,0,
3474,0,5,5,0x0,8,4,0,8,4,0,3,43,0,,"민첩성 +8 / 5초당 마나 회복량 +4",,,,,,,,,,,,,,,0xFF01FE,0,0,40024,0,0,0,0,
3475,0,5,5,0x0,16,4,0,16,4,0,38,43,0,,"전투력 +16 / 5초당 마나 회복량 +4",,,,,,,,,,,,,,,0xFF01FE,0,0,40030,0,0,0,0,
3476,0,5,3,0x0,9,8,0,9,8,0,45,25975,0,,"주문력 +9 / 주문 관통력 +10",,,,,,,,,,,,,,,0xFF01FE,0,0,40028,0,0,0,0,
3477,0,5,5,0x0,8,8,0,8,8,0,4,32,0,,"힘 +8 / 치명타 및 주문 극대화 적중도 +8",,,,,,,,,,,,,,,0xFF01FE,0,0,40037,0,0,0,0,
3478,0,5,5,0x0,8,8,0,8,8,0,4,31,0,,"힘 +8 / 적중도 +8",,,,,,,,,,,,,,,0xFF01FE,0,0,40038,0,0,0,0,
3479,0,5,5,0x0,8,8,0,8,8,0,4,12,0,,"힘 +8 / 방어 숙련도 +8",,,,,,,,,,,,,,,0xFF01FE,0,0,40039,0,0,0,0,
3480,0,5,5,0x0,8,8,0,8,8,0,4,35,0,,"힘 +8 / 탄력도 +8",,,,,,,,,,,,,,,0xFF01FE,0,0,40040,0,0,0,0,
3481,0,5,5,0x0,8,8,0,8,8,0,4,36,0,,"힘 +8 / 가속도 +8",,,,,,,,,,,,,,,0xFF01FE,0,0,40041,0,0,0,0,
3482,0,5,5,0x0,8,8,0,8,8,0,3,32,0,,"민첩성 +8 / 치명타 및 주문 극대화 적중도 +8",,,,,,,,,,,,,,,0xFF01FE,0,0,40043,0,0,0,0,
3483,0,5,5,0x0,8,8,0,8,8,0,3,31,0,,"민첩성 +8 / 적중도 +8",,,,,,,,,,,,,,,0xFF01FE,0,0,40044,0,0,0,0,
3484,0,5,5,0x0,8,8,0,8,8,0,3,35,0,,"민첩성 +8 / 탄력도 +8",,,,,,,,,,,,,,,0xFF01FE,0,0,40045,0,0,0,0,
3485,0,5,5,0x0,8,8,0,8,8,0,3,36,0,,"민첩성 +8 / 가속도 +8",,,,,,,,,,,,,,,0xFF01FE,0,0,40046,0,0,0,0,
3486,0,5,5,0x0,9,8,0,9,8,0,45,5,0,,"주문력 +9 / 지능 +8",,,,,,,,,,,,,,,0xFF01FE,0,0,40047,0,0,0,0,
3487,0,5,5,0x0,9,8,0,9,8,0,45,32,0,,"주문력 +9 / 치명타 및 주문 극대화 적중도 +8",,,,,,,,,,,,,,,0xFF01FE,0,0,40048,0,0,0,0,
3488,0,5,5,0x0,9,8,0,9,8,0,45,31,0,,"주문력 +9 / 적중도 +8",,,,,,,,,,,,,,,0xFF01FE,0,0,40049,0,0,0,0,
3489,0,5,5,0x0,9,8,0,9,8,0,45,35,0,,"주문력 +9 / 탄력도 +8",,,,,,,,,,,,,,,0xFF01FE,0,0,40050,0,0,0,0,
3490,0,5,5,0x0,9,8,0,9,8,0,45,36,0,,"주문력 +9 / 가속도 +8",,,,,,,,,,,,,,,0xFF01FE,0,0,40051,0,0,0,0,
3491,0,5,5,0x0,16,8,0,16,8,0,38,32,0,,"전투력 +16 / 치명타 및 주문 극대화 적중도 +8",,,,,,,,,,,,,,,0xFF01FE,0,0,40052,0,0,0,0,
3492,0,5,5,0x0,16,8,0,16,8,0,38,31,0,,"전투력 +16 / 적중도 +8",,,,,,,,,,,,,,,0xFF01FE,0,0,40053,0,0,0,0,
3493,0,5,5,0x0,16,8,0,16,8,0,38,35,0,,"전투력 +16 / 탄력도 +8",,,,,,,,,,,,,,,0xFF01FE,0,0,40054,0,0,0,0,
3494,0,5,5,0x0,16,8,0,16,8,0,38,36,0,,"전투력 +16 / 가속도 +8",,,,,,,,,,,,,,,0xFF01FE,0,0,40055,0,0,0,0,
3495,0,5,5,0x0,8,8,0,8,8,0,13,12,0,,"회피 숙련도 +8 / 방어 숙련도 +8",,,,,,,,,,,,,,,0xFF01FE,0,0,40056,0,0,0,0,
3496,0,5,5,0x0,8,8,0,8,8,0,14,12,0,,"무기 막기 숙련도 +8 / 방어 숙련도 +8",,,,,,,,,,,,,,,0xFF01FE,0,0,40057,0,0,0,0,
3497,0,5,5,0x0,8,8,0,8,8,0,37,31,0,,"숙련 +8 / 적중도 +8",,,,,,,,,,,,,,,0xFF01FE,0,0,40058,0,0,0,0,
3498,0,5,5,0x0,8,8,0,8,8,0,37,12,0,,"숙련 +8 / 방어 숙련도 +8",,,,,,,,,,,,,,,0xFF01FE,0,0,40059,0,0,0,0,
3499,0,5,5,0x0,8,12,0,8,12,0,5,7,0,,"지능 +8 / 체력 +12",,,,,,,,,,,,,,,0xFF01FE,0,0,40085,0,0,0,0,
3500,0,5,5,0x0,8,12,0,8,12,0,32,7,0,,"치명타 및 주문 극대화 적중도 +8 / 체력 +12",,,,,,,,,,,,,,,0xFF01FE,0,0,40086,0,0,0,0,
3501,0,5,5,0x0,8,12,0,8,12,0,31,7,0,,"적중도 +8 / 체력 +12",,,,,,,,,,,,,,,0xFF01FE,0,0,40088,0,0,0,0,
3502,0,5,5,0x0,8,12,0,8,12,0,12,7,0,,"방어 숙련도 +8 / 체력 +12",,,,,,,,,,,,,,,0xFF01FE,0,0,40089,0,0,0,0,
3503,0,5,5,0x0,8,12,0,8,12,0,35,7,0,,"탄력도 +8 / 체력 +12",,,,,,,,,,,,,,,0xFF01FE,0,0,40090,0,0,0,0,
3504,0,5,5,0x0,8,12,0,8,12,0,36,7,0,,"가속도 +8 / 체력 +12",,,,,,,,,,,,,,,0xFF01FE,0,0,40091,0,0,0,0,
3505,0,5,5,0x0,8,8,0,8,8,0,5,6,0,,"지능 +8 / 정신력 +8",,,,,,,,,,,,,,,0xFF01FE,0,0,40092,0,0,0,0,
3506,0,5,5,0x0,8,8,0,8,8,0,32,6,0,,"치명타 및 주문 극대화 적중도 +8 / 정신력 +8",,,,,,,,,,,,,,,0xFF01FE,0,0,40095,0,0,0,0,
3507,0,5,5,0x0,8,8,0,8,8,0,31,6,0,,"적중도 +8 / 정신력 +8",,,,,,,,,,,,,,,0xFF01FE,0,0,40099,0,0,0,0,
3508,0,5,5,0x0,8,8,0,8,8,0,35,6,0,,"탄력도 +8 / 정신력 +8",,,,,,,,,,,,,,,0xFF01FE,0,0,40102,0,0,0,0,
3509,0,5,5,0x0,8,8,0,8,8,0,36,6,0,,"가속도 +8 / 정신력 +8",,,,,,,,,,,,,,,0xFF01FE,0,0,40104,0,0,0,0,
3510,0,5,5,0x0,8,4,0,8,4,0,5,43,0,,"지능 +8 / 5초당 마나 회복량 +4",,,,,,,,,,,,,,,0xFF01FE,0,0,40094,0,0,0,0,
3511,0,5,5,0x0,8,4,0,8,4,0,32,43,0,,"치명타 및 주문 극대화 적중도 +8 / 5초당 마나 회복량 +4",,,,,,,,,,,,,,,0xFF01FE,0,0,40096,0,0,0,0,
3512,0,5,5,0x0,8,4,0,8,4,0,31,43,0,,"적중도 +8 / 5초당 마나 회복량 +4",,,,,,,,,,,,,,,0xFF01FE,0,0,40100,0,0,0,0,
3513,0,5,5,0x0,8,4,0,8,4,0,35,43,0,,"탄력도 +8 / 5초당 마나 회복량 +4",,,,,,,,,,,,,,,0xFF01FE,0,0,40103,0,0,0,0,
3514,0,5,5,0x0,8,4,0,8,4,0,36,43,0,,"가속도 +8 / 5초당 마나 회복량 +4",,,,,,,,,,,,,,,0xFF01FE,0,0,40105,0,0,0,0,
3515,0,5,3,0x0,8,8,0,8,8,0,32,25975,0,,"치명타 및 주문 극대화 적중도 +8 / 주문 관통력 +10",,,,,,,,,,,,,,,0xFF01FE,0,0,40098,0,0,0,0,
3516,0,5,3,0x0,8,8,0,8,8,0,31,25975,0,,"적중도 +8 / 주문 관통력 +10",,,,,,,,,,,,,,,0xFF01FE,0,0,40101,0,0,0,0,
3517,0,5,3,0x0,8,8,0,8,8,0,36,25975,0,,"가속도 +8 / 주문 관통력 +10",,,,,,,,,,,,,,,0xFF01FE,0,0,40106,0,0,0,0,
3518,0,5,0,0x0,20,0,0,20,0,0,4,0,0,,"힘 +20",,,,,,,,,,,,,,,0xFF01FE,0,0,40111,0,0,0,0,
3519,0,5,0,0x0,20,0,0,20,0,0,3,0,0,,"민첩성 +20",,,,,,,,,,,,,,,0xFF01FE,0,0,40112,0,0,0,0,
3520,0,5,0,0x0,23,0,0,23,0,0,45,0,0,,"주문력 +23",,,,,,,,,,,,,,,0xFF01FE,0,0,40113,0,0,0,0,
3521,0,5,0,0x0,40,0,0,40,0,0,38,0,0,,"전투력 +40",,,,,,,,,,,,,,,0xFF01FE,0,0,40114,0,0,0,0,
3522,0,5,0,0x0,20,0,0,20,0,0,13,0,0,,"회피 숙련도 +20",,,,,,,,,,,,,,,0xFF01FE,0,0,40115,0,0,0,0,
3523,0,5,0,0x0,20,0,0,20,0,0,14,0,0,,"무기 막기 숙련도 +20",,,,,,,,,,,,,,,0xFF01FE,0,0,40116,0,0,0,0,
3524,0,5,0,0x0,20,0,0,20,0,0,37,0,0,,"숙련도 +20",,,,,,,,,,,,,,,0xFF01FE,0,0,40118,0,0,0,0,
3525,0,5,0,0x0,20,0,0,20,0,0,44,0,0,,"방어구 관통력 + 20",,,,,,,,,,,,,,,0xFF01FE,0,0,40117,0,0,0,0,
3526,0,5,0,0x0,20,0,0,20,0,0,5,0,0,,"지능 +20",,,,,,,,,,,,,,,0xFF01FE,0,0,40123,0,0,0,0,
3527,0,5,0,0x0,20,0,0,20,0,0,32,0,0,,"치명타 및 주문 극대화 적중도 +20",,,,,,,,,,,,,,,0xFF01FE,0,0,40124,0,0,0,0,
3528,0,5,0,0x0,20,0,0,20,0,0,31,0,0,,"적중도 +20",,,,,,,,,,,,,,,0xFF01FE,0,0,40125,0,0,0,0,
3529,0,5,0,0x0,20,0,0,20,0,0,12,0,0,,"방어 숙련도 +20",,,,,,,,,,,,,,,0xFF01FE,0,0,40126,0,0,0,0,
3530,0,5,0,0x0,20,0,0,20,0,0,35,0,0,,"탄력도 +20",,,,,,,,,,,,,,,0xFF01FE,0,0,40127,0,0,0,0,
3531,0,5,0,0x0,20,0,0,20,0,0,36,0,0,,"가속도 +20",,,,,,,,,,,,,,,0xFF01FE,0,0,40128,0,0,0,0,
3532,0,5,0,0x0,30,0,0,30,0,0,7,0,0,,"체력 +30",,,,,,,,,,,,,,,0xFF01FE,0,0,40119,0,0,0,0,
3533,0,5,0,0x0,20,0,0,20,0,0,6,0,0,,"정신력 +20",,,,,,,,,,,,,,,0xFF01FE,0,0,40120,0,0,0,0,
3534,0,5,0,0x0,10,0,0,10,0,0,43,0,0,,"5초당 마나 회복량 +10",,,,,,,,,,,,,,,0xFF01FE,0,0,40121,0,0,0,0,
3535,0,3,0,0x0,20,0,0,20,0,0,28799,0,0,,"주문 관통력 +25",,,,,,,,,,,,,,,0xFF01FE,0,0,40122,0,0,0,0,
3536,0,5,5,0x0,10,15,0,10,15,0,4,7,0,,"힘 +10 / 체력 +15",,,,,,,,,,,,,,,0xFF01FE,0,0,40129,0,0,0,0,
3537,0,5,5,0x0,10,15,0,10,15,0,3,7,0,,"민첩성 +10 / 체력 +15",,,,,,,,,,,,,,,0xFF01FE,0,0,40130,0,0,0,0,
3538,0,5,5,0x0,12,15,0,12,15,0,45,7,0,,"주문력 +12 / 체력 +15",,,,,,,,,,,,,,,0xFF01FE,0,0,40132,0,0,0,0,
3539,0,5,5,0x0,20,15,0,20,15,0,38,7,0,,"전투력 +20 / 체력 +15",,,,,,,,,,,,,,,0xFF01FE,0,0,40136,0,0,0,0,
3540,0,5,5,0x0,10,15,0,10,15,0,13,7,0,,"회피 숙련도 +10 / 체력 +15",,,,,,,,,,,,,,,0xFF01FE,0,0,40138,0,0,0,0,
3541,0,5,5,0x0,10,15,0,10,15,0,14,7,0,,"무기 막기 숙련도 +10 / 체력 +15",,,,,,,,,,,,,,,0xFF01FE,0,0,40139,0,0,0,0,
3542,0,5,5,0x0,10,15,0,10,15,0,37,7,0,,"숙련 +10 / 체력 +15",,,,,,,,,,,,,,,0xFF01FE,0,0,40141,0,0,0,0,
3543,0,5,5,0x0,10,15,0,10,15,0,44,7,0,,"방어구 관통력 +10 / 체력 +15",,,,,,,,,,,,,,,0xFF01FE,0,0,40140,0,0,0,0,
3544,0,5,5,0x0,10,5,0,10,5,0,3,43,0,,"민첩성 +10 / 5초당 마나 회복량 +5",,,,,,,,,,,,,,,0xFF01FE,0,0,40131,0,0,0,0,
3545,0,5,5,0x0,12,10,0,12,10,0,45,6,0,,"주문력 +12 / 정신력 +10",,,,,,,,,,,,,,,0xFF01FE,0,0,40133,0,0,0,0,
3546,0,5,5,0x0,12,5,0,12,5,0,45,43,0,,"주문력 +12 / 5초당 마나 회복량 +5",,,,,,,,,,,,,,,0xFF01FE,0,0,40134,0,0,0,0,
3547,0,5,5,0x0,20,5,0,20,5,0,38,43,0,,"전투력 +20 / 5초당 마나 회복량 +5",,,,,,,,,,,,,,,0xFF01FE,0,0,40137,0,0,0,0,
3548,0,5,3,0x0,12,10,0,12,10,0,45,28680,0,,"주문력 +12 / 주문 관통력 +13",,,,,,,,,,,,,,,0xFF01FE,0,0,40135,0,0,0,0,
3549,0,5,5,0x0,10,10,0,10,10,0,4,32,0,,"힘 +10 / 치명타 및 주문 극대화 적중도 +10",,,,,,,,,,,,,,,0xFF01FE,0,0,40142,0,0,0,0,
3550,0,5,5,0x0,10,10,0,10,10,0,4,31,0,,"힘 +10 / 적중도 +10",,,,,,,,,,,,,,,0xFF01FE,0,0,40143,0,0,0,0,
3551,0,5,5,0x0,10,10,0,10,10,0,4,12,0,,"힘 +10 / 방어 숙련도 +10",,,,,,,,,,,,,,,0xFF01FE,0,0,40144,0,0,0,0,
3552,0,5,5,0x0,10,10,0,10,10,0,4,35,0,,"힘 +10 / 탄력도 +10",,,,,,,,,,,,,,,0xFF01FE,0,0,40145,0,0,0,0,
3553,0,5,5,0x0,10,10,0,10,10,0,4,36,0,,"힘 +10 / 가속도 +10",,,,,,,,,,,,,,,0xFF01FE,0,0,40146,0,0,0,0,
3554,0,5,5,0x0,10,10,0,10,10,0,3,32,0,,"민첩성 +10 / 치명타 및 주문 극대화 적중도 +10",,,,,,,,,,,,,,,0xFF01FE,0,0,40147,0,0,0,0,
3555,0,5,5,0x0,10,10,0,10,10,0,3,31,0,,"민첩성 +10 / 적중도 +10",,,,,,,,,,,,,,,0xFF01FE,0,0,40148,0,0,0,0,
3556,0,5,5,0x0,10,10,0,10,10,0,3,35,0,,"민첩성 +10 / 탄력도 +10",,,,,,,,,,,,,,,0xFF01FE,0,0,40149,0,0,0,0,
3557,0,5,5,0x0,10,10,0,10,10,0,3,36,0,,"민첩성 +10 / 가속도 +10",,,,,,,,,,,,,,,0xFF01FE,0,0,40150,0,0,0,0,
3558,0,5,5,0x0,12,10,0,12,10,0,45,5,0,,"주문력 +12 / 지능 +10",,,,,,,,,,,,,,,0xFF01FE,0,0,40151,0,0,0,0,
3559,0,5,5,0x0,12,10,0,12,10,0,45,32,0,,"주문력 +12 / 치명타 및 주문 극대화 적중도 +10",,,,,,,,,,,,,,,0xFF01FE,0,0,40152,0,0,0,0,
3560,0,5,5,0x0,12,10,0,12,10,0,45,31,0,,"주문력 +12 / 적중도 +10",,,,,,,,,,,,,,,0xFF01FE,0,0,40153,0,0,0,0,
3561,0,5,5,0x0,12,10,0,12,10,0,45,35,0,,"주문력 +12 / 탄력도 +10",,,,,,,,,,,,,,,0xFF01FE,0,0,40154,0,0,0,0,
3563,0,5,5,0x0,12,10,0,12,10,0,45,36,0,,"주문력 +12 / 가속도 +10",,,,,,,,,,,,,,,0xFF01FE,0,0,40155,0,0,0,0,
3564,0,5,5,0x0,20,10,0,20,10,0,38,32,0,,"전투력 +20 / 치명타 및 주문 극대화 적중도 +10",,,,,,,,,,,,,,,0xFF01FE,0,0,40156,0,0,0,0,
3565,0,5,5,0x0,20,10,0,20,10,0,38,31,0,,"전투력 +20 / 적중도 +10",,,,,,,,,,,,,,,0xFF01FE,0,0,40157,0,0,0,0,
3566,0,5,5,0x0,20,10,0,20,10,0,38,35,0,,"전투력 +20 / 탄력도 +10",,,,,,,,,,,,,,,0xFF01FE,0,0,40158,0,0,0,0,
3567,0,5,5,0x0,20,10,0,20,10,0,38,36,0,,"전투력 +20 / 가속도 +10",,,,,,,,,,,,,,,0xFF01FE,0,0,40159,0,0,0,0,
3568,0,5,5,0x0,10,10,0,10,10,0,13,12,0,,"회피 숙련도 +10 / 방어 숙련도 +10",,,,,,,,,,,,,,,0xFF01FE,0,0,40160,0,0,0,0,
3569,0,5,5,0x0,10,10,0,10,10,0,14,12,0,,"무기 막기 숙련도 +10 / 방어 숙련도 +10",,,,,,,,,,,,,,,0xFF01FE,0,0,40161,0,0,0,0,
3570,0,5,5,0x0,10,10,0,10,10,0,37,31,0,,"숙련 +10 / 적중도 +10",,,,,,,,,,,,,,,0xFF01FE,0,0,40162,0,0,0,0,
3571,0,5,5,0x0,10,10,0,10,10,0,37,12,0,,"숙련 +10 / 방어 숙련도 +10",,,,,,,,,,,,,,,0xFF01FE,0,0,40163,0,0,0,0,
3572,0,5,5,0x0,10,15,0,10,15,0,5,7,0,,"지능 +10 / 체력 +15",,,,,,,,,,,,,,,0xFF01FE,0,0,40164,0,0,0,0,
3573,0,5,5,0x0,10,15,0,10,15,0,32,7,0,,"치명타 및 주문 극대화 적중도 +10 / 체력 +15",,,,,,,,,,,,,,,0xFF01FE,0,0,40165,0,0,0,0,
3574,0,5,5,0x0,10,15,0,10,15,0,31,7,0,,"적중도 +10 / 체력 +15",,,,,,,,,,,,,,,0xFF01FE,0,0,40166,0,0,0,0,
3575,0,5,5,0x0,10,15,0,10,15,0,12,7,0,,"방어 숙련도 +10 / 체력 +15",,,,,,,,,,,,,,,0xFF01FE,0,0,40167,0,0,0,0,
3576,0,5,5,0x0,10,15,0,10,15,0,35,7,0,,"탄력도 +10 / 체력 +15",,,,,,,,,,,,,,,0xFF01FE,0,0,40168,0,0,0,0,
3577,0,5,5,0x0,10,15,0,10,15,0,36,7,0,,"가속도 +10 / 체력 +15",,,,,,,,,,,,,,,0xFF01FE,0,0,40169,0,0,0,0,
3578,0,5,5,0x0,10,10,0,10,10,0,5,6,0,,"지능 +10 / 정신력 +10",,,,,,,,,,,,,,,0xFF01FE,0,0,40170,0,0,0,0,
3579,0,5,5,0x0,10,10,0,10,10,0,32,6,0,,"치명타 및 주문 극대화 적중도 +10 / 정신력 +10",,,,,,,,,,,,,,,0xFF01FE,0,0,40171,0,0,0,0,
3580,0,5,5,0x0,10,10,0,10,10,0,31,6,0,,"적중도 +10 / 정신력 +10",,,,,,,,,,,,,,,0xFF01FE,0,0,40172,0,0,0,0,
3581,0,5,5,0x0,10,10,0,10,10,0,35,6,0,,"탄력도 +10 / 정신력 +10",,,,,,,,,,,,,,,0xFF01FE,0,0,40173,0,0,0,0,
3582,0,5,5,0x0,10,10,0,10,10,0,36,6,0,,"가속도 +10 / 정신력 +10",,,,,,,,,,,,,,,0xFF01FE,0,0,40174,0,0,0,0,
3583,0,5,5,0x0,10,5,0,10,5,0,5,43,0,,"지능 +10 / 5초당 마나 회복량 +5",,,,,,,,,,,,,,,0xFF01FE,0,0,40175,0,0,0,0,
3584,0,5,5,0x0,10,5,0,10,5,0,32,43,0,,"치명타 및 주문 극대화 적중도 +10 / 5초당 마나 회복량 +5",,,,,,,,,,,,,,,0xFF01FE,0,0,40176,0,0,0,0,
3585,0,5,5,0x0,10,5,0,10,5,0,31,43,0,,"적중도 +10 / 5초당 마나 회복량 +5",,,,,,,,,,,,,,,0xFF01FE,0,0,40177,0,0,0,0,
3586,0,5,5,0x0,10,5,0,10,5,0,35,43,0,,"탄력도 +10 / 5초당 마나 회복량 +5",,,,,,,,,,,,,,,0xFF01FE,0,0,40178,0,0,0,0,
3587,0,5,5,0x0,10,5,0,10,5,0,36,43,0,,"가속도 +10 / 5초당 마나 회복량 +5",,,,,,,,,,,,,,,0xFF01FE,0,0,40179,0,0,0,0,
3588,0,5,3,0x0,10,10,0,10,10,0,32,28680,0,,"치명타 및 주문 극대화 적중도 +10 / 주문 관통력 +13",,,,,,,,,,,,,,,0xFF01FE,0,0,40180,0,0,0,0,
3589,0,5,3,0x0,10,10,0,10,10,0,31,28680,0,,"적중도 +10 / 주문 관통력 +13",,,,,,,,,,,,,,,0xFF01FE,0,0,40181,0,0,0,0,
3590,0,5,3,0x0,10,10,0,10,10,0,36,28680,0,,"가속도 +10 / 주문 관통력 +13",,,,,,,,,,,,,,,0xFF01FE,0,0,40182,0,0,0,0,
3591,0,5,5,0x0,4,2,0,4,2,0,5,43,0,,"지능 +4 / 5초당 마나 회복량 +2 Test용",,,,,,,,,,,,,,,0xFF01FE,0,0,40232,0,165,100,0,
3592,0,3,0,0x0,0,0,0,0,0,0,54288,0,0,,"언데드에 대한 주문력 +100",,,,,,,,,,,,,,,0xFF01FE,0,0,0,0,0,0,0,
3593,0,3,0,0x0,0,0,0,0,0,0,54289,0,0,,"언데드에 대한 전투력 +170",,,,,,,,,,,,,,,0xFF01FE,0,0,0,0,0,0,0,
3594,0,3,3,0x0,0,0,0,0,0,0,54448,43588,0,,"검파괴자의 룬",,,,,,,,,,,,,,,0xFF01FE,156,1,0,0,776,0,0,
3595,0,3,3,0x0,0,0,0,0,0,0,54449,60209,0,,"주문파괴자의 룬",,,,,,,,,,,,,,,0xFF01FE,161,1,0,0,776,0,0,
3596,0,5,0,0x0,5,0,0,5,0,0,45,0,0,,"주문력 +5",,,,,,,,,,,,,,,0xFF01FE,0,0,0,0,0,0,0,
3597,0,3,0,0x0,0,0,0,0,0,0,54718,0,0,,"지배자의 화염석",,,,,,,,,,,,,,,0xFF01FE,0,1,0,0,0,0,0,
3599,0,7,0,0x0,0,0,0,0,0,0,54735,0,0,,"전기 충격 생성기",,,,,,,,,,,,,,,0xFF01FE,0,1,0,0,202,350,0,
3600,0,5,0,0x0,6,0,0,6,0,0,35,0,0,,"탄력도 +6",,,,,,,,,,,,,,,0xFF01FE,0,0,0,0,0,0,0,
3601,0,7,0,0x0,0,0,0,0,0,0,67890,30645,0,,"파편 폭탄 허리띠",,,,,,,,,,,,,,,0xFF01FE,0,1,0,0,202,350,0,
3602,0,5,0,0x0,7,0,0,7,0,0,45,0,0,,"주문력 +7",,,,,,,,,,,,,,,0xFF01FE,0,0,0,0,0,0,0,
3603,0,7,0,0x0,0,0,0,0,0,0,54757,0,0,,"불덩이 로켓 발사기",,,,,,,,,,,,,,,0xFF01FE,0,1,0,0,202,400,0,
3604,0,7,0,0x0,0,1,0,0,1,0,54758,0,0,,"번개 가속기",,,,,,,,,,,,,,,0xFF01FE,0,1,0,0,202,400,0,
3605,0,7,5,0x0,0,23,0,0,23,0,55001,3,0,,"신축성 내피",,,,,,,,,,,,,,,0xFF01FE,0,1,0,0,202,350,0,
3606,0,7,5,0x0,0,24,0,0,24,0,55004,32,31,,"치명타 및 주문 극대화 적중도 +24",,,,,,,,,,,,,,,0xFF01FE,0,1,0,0,202,400,0,
3607,0,5,0,0x0,40,0,0,40,0,0,29,0,0,,"원거리 가속도 +40",,,,,,,,,,,,,,,0xFF01FE,0,1,0,0,0,0,70,
3608,0,5,0,0x0,40,0,0,40,0,0,20,0,0,,"원거리 치명타 적중도 +40",,,,,,,,,,,,,,,0xFF01FE,0,1,0,0,0,0,70,
3609,0,3,0,0x0,0,0,0,0,0,0,55146,0,0,,"하급 화염석",,,,,,,,,,,,,,,0xFF01FE,0,1,0,0,0,0,0,
3610,0,3,0,0x0,0,0,0,0,0,0,55147,0,0,,"화염석",,,,,,,,,,,,,,,0xFF01FE,0,1,0,0,0,0,0,
3611,0,3,0,0x0,0,0,0,0,0,0,55148,0,0,,"상급 화염석",,,,,,,,,,,,,,,0xFF01FE,0,1,0,0,0,0,0,
3612,0,3,0,0x0,0,0,0,0,0,0,55149,0,0,,"일급 화염석",,,,,,,,,,,,,,,0xFF01FE,0,1,0,0,0,0,0,
3613,0,3,1,0x0,0,0,0,0,0,0,55150,55157,0,,"지옥의 화염석",,,,,,,,,,,,,,,0xFF01FE,0,1,0,0,0,0,0,
3614,0,3,0,0x0,0,0,0,0,0,0,55151,0,0,,"호화로운 화염석",,,,,,,,,,,,,,,0xFF01FE,0,1,0,0,0,0,0,
3615,0,3,0,0x0,0,0,0,0,0,0,55172,17809,0,,"주문석",,,,,,,,,,,,,,,0xFF01FE,0,1,0,0,0,0,0,
3616,0,3,0,0x0,0,0,0,0,0,0,55176,17809,0,,"상급 주문석",,,,,,,,,,,,,,,0xFF01FE,0,1,0,0,0,0,0,
3617,0,3,0,0x0,0,0,0,0,0,0,55180,17809,0,,"일급 주문석",,,,,,,,,,,,,,,0xFF01FE,0,1,0,0,0,0,0,
3618,0,3,0,0x0,0,0,0,0,0,0,55189,17809,0,,"지배자의 주문석",,,,,,,,,,,,,,,0xFF01FE,0,1,0,0,0,0,0,
3619,0,3,0,0x0,0,0,0,0,0,0,55191,17809,0,,"악마의 주문석",,,,,,,,,,,,,,,0xFF01FE,0,1,0,0,0,0,0,
3620,0,3,0,0x0,0,0,0,0,0,0,55195,17809,0,,"호화로운 주문석",,,,,,,,,,,,,,,0xFF01FE,0,1,0,0,0,0,0,
3621,0,5,3,0x0,21,0,0,21,0,0,32,44797,0,,"치명타 및 주문 극대화 적중도 +21 / 치명타 피해 3%만큼 증가",,,,,,,,,,,,,,,0xFF01FE,0,0,41285,142,0,0,0,
3622,0,5,3,0x0,25,0,0,25,0,0,32,11818,0,,"치명타 및 주문 극대화 적중도 +25 / 1% 확률로 주문 반사",,,,,,,,,,,,,,,0xFF01FE,0,0,41307,143,0,0,0,
3623,0,5,3,0x0,25,0,0,25,0,0,45,55275,0,,"주문력 +25 / 지능 +2%",,,,,,,,,,,,,,,0xFF01FE,0,0,41333,144,0,0,0,
3624,0,5,3,0x0,21,0,0,21,0,0,32,55378,0,,"치명타 및 주문 극대화 적중도 +21 / 덫, 이동 불가에 대한 저항력 +10%",,,,,,,,,,,,,,,0xFF01FE,0,0,41335,145,0,0,0,
3625,0,5,3,0x0,42,0,0,42,0,0,38,23990,0,,"전투력 +42 / 최하급 달리기 속도 증가",,,,,,,,,,,,,,,0xFF01FE,0,0,41339,150,0,0,0,
3626,0,5,3,0x0,25,0,0,25,0,0,45,32842,0,,"주문력 +25 / 위협 수준 2%만큼 감소",,,,,,,,,,,,,,,0xFF01FE,0,0,41395,141,0,0,0,
3627,0,5,3,0x0,21,0,0,21,0,0,5,55381,0,,"지능 +21 / 주문 시전 시 일정 확률로 마나 회복",,,,,,,,,,,,,,,0xFF01FE,0,0,41401,147,0,0,0,
3628,0,5,3,0x0,21,0,0,21,0,0,3,39957,0,,"민첩성 +21 / 치명타 피해 3%만큼 증가",,,,,,,,,,,,,,,0xFF01FE,0,0,41398,149,0,0,0,
3630,0,5,3,0x0,21,0,0,21,0,0,12,32844,0,,"방어 숙련도 +21 / 공격 받을 시 일정 확률로 생명력 회복",,,,,,,,,,,,,,,0xFF01FE,0,0,0,0,0,0,0,
3631,0,5,3,0x0,21,0,0,21,0,0,12,55283,0,,"방어 숙련도 +21 / 방패 피해 방어량 +5%",,,,,,,,,,,,,,,0xFF01FE,0,0,41396,146,0,0,0,
3632,0,5,3,0x0,25,0,0,25,0,0,45,23990,0,,"주문력 +25 / 최하급 달리기 속도 증가",,,,,,,,,,,,,,,0xFF01FE,0,0,41375,192,0,0,0,
3633,0,5,3,0x0,11,0,0,11,0,0,43,55256,0,,"5초당 마나 회복량 +11 / 치유 주문 극대화 효과 3%만큼 증가",,,,,,,,,,,,,,,0xFF01FE,0,0,41376,161,0,0,0,
3634,0,5,3,0x0,32,0,0,32,0,0,7,55345,0,,"체력 +32 / 받는 주문 피해 2%만큼 감소",,,,,,,,,,,,,,,0xFF01FE,0,0,41377,154,0,0,0,
3635,0,5,3,0x0,25,0,0,25,0,0,45,55366,0,,"주문력 +25 / 침묵 지속시간 10%만큼 감소",,,,,,,,,,,,,,,0xFF01FE,0,0,41378,155,0,0,0,
3636,0,5,3,0x0,21,0,0,21,0,0,32,55357,0,,"치명타 및 주문 극대화 적중도 +21 / 공포 지속시간 10%만큼 감소",,,,,,,,,,,,,,,0xFF01FE,0,0,41379,156,0,0,0,
3637,0,5,3,0x0,32,0,0,32,0,0,7,55344,0,,"체력 +32 / 아이템에 의한 방어도 2%만큼 증가",,,,,,,,,,,,,,,0xFF01FE,0,0,41380,152,0,0,0,
3638,0,5,3,0x0,42,0,0,42,0,0,38,55358,0,,"전투력 +42 / 기절 지속시간 10%만큼 감소",,,,,,,,,,,,,,,0xFF01FE,0,0,41381,158,0,0,0,
3639,0,5,3,0x0,25,0,0,25,0,0,45,55358,0,,"주문력 +25 / 기절 지속시간 10%만큼 감소",,,,,,,,,,,,,,,0xFF01FE,0,0,41382,159,0,0,0,
3640,0,5,3,0x0,42,0,0,42,0,0,38,61356,0,,"전투력 +42 / 치명타 적중 시 일정 확률로 생명력 회복",,,,,,,,,,,,,,,0xFF01FE,0,0,41385,157,0,0,0,
3641,0,5,3,0x0,21,0,0,21,0,0,32,55337,0,,"치명타 및 주문 극대화 적중도 +21 / 마나 +2%",,,,,,,,,,,,,,,0xFF01FE,0,0,41389,153,0,0,0,
3642,0,5,3,0x0,32,0,0,32,0,0,7,55358,0,,"체력 +32 / 기절 지속시간 10%만큼 감소",,,,,,,,,,,,,,,0xFF01FE,0,0,41397,148,0,0,0,
3643,0,3,0,0x0,16,0,0,16,0,0,55380,39958,0,,"일정 확률로 근접 및 원거리 공격 속도 증가",,,,,,,,,,,,,,,0xFF01FE,0,0,41400,151,0,0,0,
3644,0,5,0,0x0,14,0,0,14,0,0,3,0,0,,"민첩성 +14",,,,,,,,,,,,,,,0xFF01FE,0,0,41434,0,0,0,0,
3646,0,5,0,0x0,14,0,0,14,0,0,13,0,0,,"회피 숙련도 +14",,,,,,,,,,,,,,,0xFF01FE,0,0,41439,0,0,0,0,
3647,0,5,0,0x0,14,0,0,14,0,0,37,0,0,,"숙련 +14",,,,,,,,,,,,,,,0xFF01FE,0,0,41437,0,0,0,0,
3648,0,5,0,0x0,14,0,0,14,0,0,14,0,0,,"무기 막기 숙련도 +14",,,,,,,,,,,,,,,0xFF01FE,0,0,41435,0,0,0,0,
3649,0,5,0,0x0,14,0,0,14,0,0,4,0,0,,"힘 +14",,,,,,,,,,,,,,,0xFF01FE,0,0,41432,0,0,0,0,
3650,0,5,0,0x0,16,0,0,16,0,0,45,0,0,,"주문력 +16",,,,,,,,,,,,,,,0xFF01FE,0,0,41438,0,0,0,0,
3651,0,5,0,0x0,28,0,0,28,0,0,38,0,0,,"전투력 +28",,,,,,,,,,,,,,,0xFF01FE,0,0,41433,0,0,0,0,
3652,0,5,0,0x0,14,0,0,14,0,0,44,0,0,,"방어구 관통력 +14",,,,,,,,,,,,,,,0xFF01FE,0,0,41436,0,0,0,0,
3653,0,5,0,0x0,14,0,0,14,0,0,6,0,0,,"정신력 +14",,,,,,,,,,,,,,,0xFF01FE,0,0,41442,0,0,0,0,
3654,0,5,0,0x0,7,0,0,7,0,0,43,0,0,,"5초당 마나 회복량 +7",,,,,,,,,,,,,,,0xFF01FE,0,0,41440,0,0,0,0,
3655,0,5,0,0x0,21,0,0,21,0,0,7,0,0,,"체력 +21",,,,,,,,,,,,,,,0xFF01FE,0,0,41441,0,0,0,0,
3656,0,3,0,0x0,14,0,0,14,0,0,33491,0,0,,"주문 관통력 +18",,,,,,,,,,,,,,,0xFF01FE,0,0,41443,0,0,0,0,
3657,0,5,0,0x0,14,0,0,14,0,0,32,0,0,,"치명타 및 주문 극대화 적중도 +14",,,,,,,,,,,,,,,0xFF01FE,0,0,41448,0,0,0,0,
3658,0,5,0,0x0,14,0,0,14,0,0,12,0,0,,"방어 숙련도 +14",,,,,,,,,,,,,,,0xFF01FE,0,0,41449,0,0,0,0,
3659,0,5,0,0x0,14,0,0,14,0,0,36,0,0,,"가속도 +14",,,,,,,,,,,,,,,0xFF01FE,0,0,41446,0,0,0,0,
3660,0,5,0,0x0,14,0,0,14,0,0,31,0,0,,"적중도 +14",,,,,,,,,,,,,,,0xFF01FE,0,0,41447,0,0,0,0,
3661,0,5,0,0x0,14,0,0,14,0,0,5,0,0,,"지능 +14",,,,,,,,,,,,,,,0xFF01FE,0,0,41444,0,0,0,0,
3662,0,5,0,0x0,14,0,0,14,0,0,35,0,0,,"탄력도 +14",,,,,,,,,,,,,,,0xFF01FE,0,0,41445,0,0,0,0,
3663,0,5,5,0x0,14,4,0,14,4,0,38,43,0,,"전투력 +14 / 5초당 마나 회복량 +4",,,,,,,,,,,,,,,0xFF01FE,0,0,41454,0,0,0,0,
3664,0,5,5,0x0,14,11,0,14,11,0,38,7,0,,"전투력 +14 / 체력 +11",,,,,,,,,,,,,,,0xFF01FE,0,0,41450,0,0,0,0,
3665,0,3,5,0x0,7,11,0,7,11,0,43901,7,0,,"방어구 관통력 +7 / 체력 +11",,,,,,,,,,,,,,,0xFF01FE,0,0,41456,0,0,0,0,
3666,0,5,5,0x0,7,4,0,7,4,0,3,43,0,,"민첩성 +7 / 5초당 마나 회복량 +4",,,,,,,,,,,,,,,0xFF01FE,0,0,41462,0,0,0,0,
3667,0,5,5,0x0,7,11,0,7,11,0,3,7,0,,"민첩성 +7 / 체력 +11",,,,,,,,,,,,,,,0xFF01FE,0,0,41460,0,0,0,0,
3668,0,5,5,0x0,7,11,0,7,11,0,13,7,0,,"회피 숙련도 +7 / 체력 +11",,,,,,,,,,,,,,,0xFF01FE,0,0,41458,0,0,0,0,
3669,0,5,5,0x0,7,11,0,7,11,0,37,7,0,,"숙련 +7 / 체력 +11",,,,,,,,,,,,,,,0xFF01FE,0,0,41453,0,0,0,0,
3670,0,5,5,0x0,7,11,0,7,11,0,14,7,0,,"무기 막기 숙련도 +7 / 체력 +11",,,,,,,,,,,,,,,0xFF01FE,0,0,41451,0,0,0,0,
3671,0,5,5,0x0,7,11,0,7,11,0,4,7,0,,"힘 +7 / 체력 +11",,,,,,,,,,,,,,,0xFF01FE,0,0,41461,0,0,0,0,
3672,0,5,5,0x0,8,4,0,8,4,0,45,43,0,,"주문력 +8 / 5초당 마나 회복량 +4",,,,,,,,,,,,,,,0xFF01FE,0,0,41459,0,0,0,0,
3673,0,5,5,0x0,8,7,0,8,7,0,45,6,0,,"주문력 +8 / 정신력 +7",,,,,,,,,,,,,,,0xFF01FE,0,0,41457,0,0,0,0,
3674,0,5,3,0x0,8,7,0,8,7,0,45,55478,0,,"주문력 +8 / 주문 관통력 +9",,,,,,,,,,,,,,,0xFF01FE,0,0,41455,0,0,0,0,
3675,0,5,5,0x0,8,11,0,8,11,0,45,7,0,,"주문력 +8 / 체력 +11",,,,,,,,,,,,,,,0xFF01FE,0,0,41452,0,0,0,0,
3676,0,5,5,0x0,14,7,0,14,7,0,38,32,0,,"전투력 +14 / 치명타 및 주문 극대화 적중도 +7",,,,,,,,,,,,,,,0xFF01FE,0,0,0,0,0,0,0,
3677,0,5,5,0x0,7,7,0,7,7,0,3,36,0,,"민첩성 +7 / 가속도 +7",,,,,,,,,,,,,,,0xFF01FE,0,0,41485,0,0,0,0,
3678,0,5,5,0x0,14,7,0,14,7,0,38,36,0,,"전투력 +14 / 가속도 +7",,,,,,,,,,,,,,,0xFF01FE,0,0,41501,0,0,0,0,
3679,0,5,5,0x0,14,7,0,14,7,0,38,31,0,,"전투력 +14 / 적중도 +7",,,,,,,,,,,,,,,0xFF01FE,0,0,41496,0,0,0,0,
3680,0,5,5,0x0,14,7,0,14,7,0,38,35,0,,"전투력 +14 / 탄력도 +7",,,,,,,,,,,,,,,0xFF01FE,0,0,41487,0,0,0,0,
3681,0,5,5,0x0,7,7,0,7,7,0,4,32,0,,"힘 +7 / 치명타 및 주문 극대화 적중도 +7",,,,,,,,,,,,,,,0xFF01FE,0,0,41492,0,0,0,0,
3682,0,5,5,0x0,7,7,0,7,7,0,4,31,0,,"힘 +7 / 적중도 +7",,,,,,,,,,,,,,,0xFF01FE,0,0,41488,0,0,0,0,
3683,0,5,5,0x0,7,7,0,7,7,0,4,12,0,,"힘 +7 / 방어 숙련도 +7",,,,,,,,,,,,,,,0xFF01FE,0,0,41483,0,0,0,0,
3684,0,5,5,0x0,7,7,0,7,7,0,4,35,0,,"힘 +7 / 탄력도 +7",,,,,,,,,,,,,,,0xFF01FE,0,0,41499,0,0,0,0,
3685,0,5,5,0x0,7,7,0,7,7,0,4,36,0,,"힘 +7 / 가속도 +7",,,,,,,,,,,,,,,0xFF01FE,0,0,41489,0,0,0,0,
3686,0,5,5,0x0,7,7,0,7,7,0,3,32,0,,"민첩성 +7 / 치명타 및 주문 극대화 적중도 +7",,,,,,,,,,,,,,,0xFF01FE,0,0,41484,0,0,0,0,
3687,0,5,5,0x0,7,7,0,7,7,0,3,31,0,,"민첩성 +7 / 적중도 +7",,,,,,,,,,,,,,,0xFF01FE,0,0,41491,0,0,0,0,
3688,0,5,5,0x0,7,7,0,7,7,0,3,35,0,,"민첩성 +7 / 탄력도 +7",,,,,,,,,,,,,,,0xFF01FE,0,0,41493,0,0,0,0,
3689,0,5,5,0x0,8,7,0,8,7,0,45,5,0,,"주문력 +8 / 지능 +7",,,,,,,,,,,,,,,0xFF01FE,0,0,41494,0,0,0,0,
3690,0,5,5,0x0,8,7,0,8,7,0,45,32,0,,"주문력 +8 / 치명타 및 주문 극대화 적중도 +7",,,,,,,,,,,,,,,0xFF01FE,0,0,41495,0,0,0,0,
3691,0,5,5,0x0,8,7,0,8,7,0,45,31,0,,"주문력 +8 / 적중도 +7",,,,,,,,,,,,,,,0xFF01FE,0,0,41502,0,0,0,0,
3692,0,5,5,0x0,8,7,0,8,7,0,45,35,0,,"주문력 +8 / 탄력도 +7",,,,,,,,,,,,,,,0xFF01FE,0,0,41486,0,0,0,0,
3693,0,5,5,0x0,8,7,0,8,7,0,45,36,0,,"주문력 +8 / 가속도 +7",,,,,,,,,,,,,,,0xFF01FE,0,0,41497,0,0,0,0,
3694,0,5,5,0x0,7,7,0,7,7,0,13,12,0,,"회피 숙련도 +7 / 방어 숙련도 +7",,,,,,,,,,,,,,,0xFF01FE,0,0,41500,0,0,0,0,
3695,0,5,5,0x0,7,7,0,7,7,0,14,12,0,,"무기 막기 숙련도 +7 / 방어 숙련도 +7",,,,,,,,,,,,,,,0xFF01FE,0,0,41490,0,0,0,0,
3696,0,5,5,0x0,7,7,0,7,7,0,37,31,0,,"숙련 +7 / 적중도 +7",,,,,,,,,,,,,,,0xFF01FE,0,0,41482,0,0,0,0,
3697,0,5,5,0x0,7,7,0,7,7,0,37,12,0,,"숙련 +7 / 방어 숙련도 +7",,,,,,,,,,,,,,,0xFF01FE,0,0,41498,0,0,0,0,
3698,0,5,5,0x0,7,7,0,7,7,0,32,6,0,,"치명타 및 주문 극대화 적중도 +7 / 정신력 +7",,,,,,,,,,,,,,,0xFF01FE,0,0,41470,0,0,0,0,
3699,0,5,5,0x0,7,11,0,7,11,0,32,7,0,,"치명타 및 주문 극대화 적중도 +7 / 체력 +11",,,,,,,,,,,,,,,0xFF01FE,0,0,41468,0,0,0,0,
3700,0,5,5,0x0,7,11,0,7,11,0,12,7,0,,"방어 숙련도 +7 / 체력 +11",,,,,,,,,,,,,,,0xFF01FE,0,0,41464,0,0,0,0,
3701,0,5,5,0x0,7,7,0,7,7,0,36,6,0,,"가속도 +7 / 정신력 +7",,,,,,,,,,,,,,,0xFF01FE,0,0,41467,0,0,0,0,
3702,0,5,5,0x0,7,11,0,7,11,0,36,7,0,,"가속도 +7 / 체력 +11",,,,,,,,,,,,,,,0xFF01FE,0,0,41466,0,0,0,0,
3703,0,5,5,0x0,7,7,0,7,7,0,31,6,0,,"적중도 +7 / 정신력 +7",,,,,,,,,,,,,,,0xFF01FE,0,0,41475,0,0,0,0,
3704,0,5,5,0x0,7,11,0,7,11,0,31,7,0,,"적중도 +7 / 체력 +11",,,,,,,,,,,,,,,0xFF01FE,0,0,41481,0,0,0,0,
3705,0,5,5,0x0,7,7,0,7,7,0,5,6,0,,"지능 +7 / 정신력 +7",,,,,,,,,,,,,,,0xFF01FE,0,0,41473,0,0,0,0,
3706,0,5,5,0x0,7,11,0,7,11,0,5,7,0,,"지능 +7 / 체력 +11",,,,,,,,,,,,,,,0xFF01FE,0,0,41479,0,0,0,0,
3707,0,5,5,0x0,7,7,0,7,7,0,35,6,0,,"탄력도 +7 / 정신력 +7",,,,,,,,,,,,,,,0xFF01FE,0,0,41480,0,0,0,0,
3708,0,5,5,0x0,7,11,0,7,11,0,35,7,0,,"탄력도 +7 / 체력 +11",,,,,,,,,,,,,,,0xFF01FE,0,0,41476,0,0,0,0,
3709,0,5,3,0x0,7,7,0,7,7,0,32,55478,0,,"치명타 및 주문 극대화 적중도 +7 / 주문 관통력 +9",,,,,,,,,,,,,,,0xFF01FE,0,0,41472,0,0,0,0,
3710,0,5,5,0x0,7,4,0,7,4,0,32,43,0,,"치명타 및 주문 극대화 적중도 +7 / 5초당 마나 회복량 +4",,,,,,,,,,,,,,,0xFF01FE,0,0,41477,0,0,0,0,
3711,0,5,5,0x0,7,4,0,7,4,0,5,43,0,,"지능 +7 / 5초당 마나 회복량 +4",,,,,,,,,,,,,,,0xFF01FE,0,0,41463,0,0,0,0,
3712,0,5,5,0x0,7,4,0,7,4,0,31,43,0,,"적중도 +7 / 5초당 마나 회복량 +4",,,,,,,,,,,,,,,0xFF01FE,0,0,41469,0,0,0,0,
3713,0,5,5,0x0,7,4,0,7,4,0,35,43,0,,"탄력도 +7 / 5초당 마나 회복량 +4",,,,,,,,,,,,,,,0xFF01FE,0,0,41471,0,0,0,0,
3714,0,5,5,0x0,7,4,0,7,4,0,36,43,0,,"가속도 +7 / 5초당 마나 회복량 +4",,,,,,,,,,,,,,,0xFF01FE,0,0,41465,0,0,0,0,
3715,0,5,3,0x0,7,7,0,7,7,0,31,55478,0,,"적중도 +7 / 주문 관통력 +9",,,,,,,,,,,,,,,0xFF01FE,0,0,41478,0,0,0,0,
3716,0,5,3,0x0,7,7,0,7,7,0,36,55478,0,,"가속도 +7 / 주문 관통력 +9",,,,,,,,,,,,,,,0xFF01FE,0,0,41474,0,0,0,0,
3717,0,8,0,0x0,1,0,0,1,0,0,0,0,0,,"팔보호구 보석 홈",,,,,,,,,,,,,,,0xFF01FE,0,1,0,0,164,400,0,
3718,0,5,5,0x0,35,12,0,35,12,0,45,6,0,,"주문력 +35 / 정신력 +12",,,,,,,,,,,,,,,0xFF01FE,0,1,0,0,0,0,70,
3719,0,5,5,0x0,50,20,0,50,20,0,45,6,0,,"주문력 +50 / 정신력 +20",,,,,,,,,,,,,,,0xFF01FE,0,1,0,0,0,0,70,
3720,0,5,5,0x0,35,20,0,35,20,0,45,7,0,,"주문력 +35 / 체력 +20",,,,,,,,,,,,,,,0xFF01FE,0,1,0,0,0,0,70,
3721,0,5,5,0x0,50,30,0,50,30,0,45,7,0,,"주문력 +50 / 체력 +30",,,,,,,,,,,,,,,0xFF01FE,0,1,0,0,0,0,70,
3722,0,3,5,0x0,0,1,0,0,1,0,55640,6,0,,"빛매듭 자수",,,,,,,,,,,,,,,0xFF01FE,0,1,0,0,197,400,0,
3723,0,8,0,0x0,1,0,0,1,0,0,0,0,0,,"장갑 보석 홈",,,,,,,,,,,,,,,0xFF01FE,0,1,0,0,164,400,0,
3726,0,5,0,0x0,0,0,0,0,0,0,36,0,0,,"가속도 +$i",,,,,,,,,,,,,,,0xFF01FE,0,0,0,0,0,0,0,
3727,0,5,0,0x0,0,0,0,0,0,0,31,0,0,,"적중도 +$i",,,,,,,,,,,,,,,0xFF01FE,0,0,0,0,0,0,0,
3728,0,3,5,0x0,0,1,0,0,1,0,55768,6,0,,"암흑빛 자수",,,,,,,,,,,,,,,0xFF01FE,0,1,0,0,197,400,0,
3729,0,8,0,0x0,1,0,0,1,0,0,0,0,0,,"허리띠 보석 홈",,,,,,,,,,,,,,,0xFF01FE,0,1,0,0,0,0,70,
3730,0,3,5,0x0,0,1,0,0,1,0,55776,6,0,,"칼날 자수",,,,,,,,,,,,,,,0xFF01FE,0,1,0,0,197,400,0,
3731,0,3,5,0x0,0,28,0,0,28,0,43588,31,0,,"티타늄 무기 사슬",,,,,,,,,,,,,,,0xFF01FE,159,1,0,0,0,0,0,
3732,0,5,0,0x0,34,0,0,34,0,0,4,0,0,,"힘 +34",,,,,,,,,,,,,,,0xFF01FE,0,0,42142,0,755,350,0,
3733,0,5,0,0x0,34,0,0,34,0,0,3,0,0,,"민첩성 +34",,,,,,,,,,,,,,,0xFF01FE,0,0,42143,0,755,350,0,
3734,0,5,0,0x0,39,0,0,39,0,0,45,0,0,,"주문력 +39",,,,,,,,,,,,,,,0xFF01FE,0,0,42144,0,755,350,0,
3735,0,5,0,0x0,34,0,0,34,0,0,6,0,0,,"정신력 +34",,,,,,,,,,,,,,,0xFF01FE,0,0,42145,0,755,350,0,
3736,0,5,0,0x0,17,0,0,17,0,0,43,0,0,,"5초당 마나 회복량 +17",,,,,,,,,,,,,,,0xFF01FE,0,0,42146,0,755,350,0,
3737,0,5,0,0x0,34,0,0,34,0,0,5,0,0,,"지능 +34",,,,,,,,,,,,,,,0xFF01FE,0,0,42148,0,755,350,0,
3738,0,5,0,0x0,34,0,0,34,0,0,32,0,0,,"치명타 및 주문 극대화 적중도 +34",,,,,,,,,,,,,,,0xFF01FE,0,0,42149,0,755,350,0,
3739,0,5,0,0x0,34,0,0,34,0,0,36,0,0,,"가속도 +34",,,,,,,,,,,,,,,0xFF01FE,0,0,42150,0,755,350,0,
3740,0,5,0,0x0,34,0,0,34,0,0,13,0,0,,"회피 숙련도 +34",,,,,,,,,,,,,,,0xFF01FE,0,0,42151,0,755,350,0,
3741,0,5,0,0x0,34,0,0,34,0,0,14,0,0,,"무기 막기 숙련도 +34",,,,,,,,,,,,,,,0xFF01FE,0,0,42152,0,755,350,0,
3742,0,5,0,0x0,34,0,0,34,0,0,31,0,0,,"적중도 +34",,,,,,,,,,,,,,,0xFF01FE,0,0,42156,0,755,350,0,
3743,0,5,0,0x0,34,0,0,34,0,0,12,0,0,,"방어 숙련도 +34",,,,,,,,,,,,,,,0xFF01FE,0,0,42157,0,755,350,0,
3744,0,5,0,0x0,34,0,0,34,0,0,35,0,0,,"탄력도 +34",,,,,,,,,,,,,,,0xFF01FE,0,0,42158,0,755,350,0,
3745,0,5,0,0x0,34,0,0,34,0,0,44,0,0,,"방어구 관통력 +34",,,,,,,,,,,,,,,0xFF01FE,0,0,42153,0,755,350,0,
3746,0,5,0,0x0,34,0,0,34,0,0,37,0,0,,"숙련 +34",,,,,,,,,,,,,,,0xFF01FE,0,0,42154,0,755,350,0,
3747,0,3,0,0x0,43,0,0,43,0,0,46055,0,0,,"주문 관통력 +43",,,,,,,,,,,,,,,0xFF01FE,0,0,42155,0,755,350,0,
3748,0,3,0,0x0,0,0,0,0,0,0,56355,0,0,,"티타늄 스파이크 (45-67)",,,,,,,,,,,,,,,0xFF01FE,0,1,0,0,0,0,70,
3749,0,3,0,0x0,0,7,0,0,7,0,56527,6,0,,"모든 능력치 +4",,,,,,,,,,,,,,,0xFF01FE,0,0,42701,0,0,0,0,
3750,0,3,0,0x0,0,0,0,0,0,0,56529,0,0,,"모든 능력치 +6",,,,,,,,,,,,,,,0xFF01FE,0,0,42702,0,0,0,0,
3751,0,5,0,0x0,6,0,0,6,0,0,12,0,0,,"방어 숙련도 +6",,,,,,,,,,,,,,,0xFF01FE,0,0,0,0,0,0,0,
3752,0,5,0,0x0,5,0,0,5,0,0,45,0,0,,"주문력 +5",,,,,,,,,,,,,,,0xFF01FE,0,0,0,0,0,0,0,
3753,0,5,0,0x0,9,0,0,9,0,0,45,0,0,,"주문력 +9",,,,,,,,,,,,,,,0xFF01FE,0,0,0,0,0,0,0,
3754,0,5,5,0x5,24,10,10,24,10,10,38,31,7,,"전투력 +24 / 체력 +10 / 적중도 +10",,,,,,,,,,,,,,,0xFF01FE,0,1,0,0,0,0,60,
3755,0,5,5,0x0,28,12,0,28,12,0,38,13,0,,"전투력 +28 / 회피 숙련도 +12",,,,,,,,,,,,,,,0xFF01FE,0,1,0,0,0,0,60,
3756,0,5,0,0x0,130,0,0,130,0,0,38,0,0,,"전투력 +130",,,,,,,,,,,,,,,0xFF01FE,0,1,0,0,165,400,0,
3757,0,5,0,0x0,102,0,0,102,0,0,7,0,0,,"체력 +102",,,,,,,,,,,,,,,0xFF01FE,0,1,0,0,165,400,0,
3758,0,5,0,0x0,76,0,0,76,0,0,45,0,0,,"주문력 +76",,,,,,,,,,,,,,,0xFF01FE,0,1,0,0,165,400,0,
3759,0,4,0,0x0,70,0,0,70,0,0,2,0,0,,"화염 저항력 +70",,,,,,,,,,,,,,,0xFF01FE,0,1,0,0,165,400,0,
3760,0,4,0,0x0,70,0,0,70,0,0,4,0,0,,"냉기 저항력 +70",,,,,,,,,,,,,,,0xFF01FE,0,1,0,0,165,400,0,
3761,0,4,0,0x0,70,0,0,70,0,0,5,0,0,,"암흑 저항력 +70",,,,,,,,,,,,,,,0xFF01FE,0,1,0,0,165,400,0,
3762,0,4,0,0x0,70,0,0,70,0,0,3,0,0,,"자연 저항력 +70",,,,,,,,,,,,,,,0xFF01FE,0,1,0,0,165,400,0,
3763,0,4,0,0x0,70,0,0,70,0,0,6,0,0,,"비전 저항력 +70",,,,,,,,,,,,,,,0xFF01FE,0,1,0,0,165,400,0,
3764,0,5,0,0x0,12,0,0,12,0,0,38,0,0,,"전투력 +12",,,,,,,,,,,,,,,0xFF01FE,0,0,0,0,0,0,0,
3765,0,5,0,0x0,4,0,0,4,0,0,44,0,0,,"방어구 관통력 +4",,,,,,,,,,,,,,,0xFF01FE,0,0,0,0,0,0,0,
3766,0,5,0,0x0,12,0,0,12,0,0,7,0,0,,"체력 +12",,,,,,,,,,,,,,,0xFF01FE,0,0,0,0,0,0,0,
3767,0,5,5,0x0,14,7,0,14,7,0,38,32,0,,"전투력 +14 / 치명타 및 주문 극대화 적중도 +7",,,,,,,,,,,,,,,0xFF01FE,0,0,41429,0,0,0,0,
3768,0,1,0,0x0,100,0,0,100,0,0,57964,0,0,,"순간 효과 독 VIII",,,,,,,,,,,,,,,0xFF01FE,26,9,0,0,0,0,0,
3769,0,1,0,0x0,100,0,0,100,0,0,57965,0,0,,"순간 효과 독 IX",,,,,,,,,,,,,,,0xFF01FE,26,9,0,0,0,0,0,
3770,0,1,0,0x0,30,0,0,30,0,0,57969,0,0,,"맹독 VIII",,,,,,,,,,,,,,,0xFF01FE,26,9,0,0,0,0,0,
3771,0,1,0,0x0,30,0,0,30,0,0,57970,0,0,,"맹독 IX",,,,,,,,,,,,,,,0xFF01FE,26,9,0,0,0,0,0,
3772,0,1,0,0x0,100,0,0,100,0,0,57974,0,0,,"상처 감염 독 VI",,,,,,,,,,,,,,,0xFF01FE,26,9,0,0,0,0,0,
3773,0,1,0,0x0,100,0,0,100,0,0,57975,0,0,,"상처 감염 독 VII",,,,,,,,,,,,,,,0xFF01FE,26,9,0,0,0,0,0,
3774,0,1,0,0x0,50,0,0,50,0,0,57981,0,0,,"정신 마취 독 II",,,,,,,,,,,,,,,0xFF01FE,26,9,0,0,0,0,0,
3775,0,5,5,0x0,30,15,0,30,15,0,45,32,0,,"주문력 +30 / 치명타 및 주문 극대화 적중도 +15",,,,,,,,,,,,,,,0xFF01FE,0,1,0,0,0,0,80,
3776,0,5,5,0x0,45,15,0,45,15,0,38,32,0,,"전투력 +45 / 치명타 및 주문 극대화 적중도 +15",,,,,,,,,,,,,,,0xFF01FE,0,1,0,0,0,0,80,
3777,0,5,5,0x0,20,15,0,20,15,0,12,13,0,,"방어 숙련도 +20 / 회피 숙련도 +15",,,,,,,,,,,,,,,0xFF01FE,0,1,0,0,0,0,80,
3778,0,5,0,0x0,8,0,0,8,0,0,37,0,0,,"숙련 +8",,,,,,,,,,,,,,,0xFF01FE,0,0,0,0,0,0,0,
3779,0,3,0,0x0,100,0,0,100,0,0,58784,0,0,,"불꽃의 무기 8",,,,,,,,,,,,,,,0xFF01FE,32,9,0,0,0,0,0,
3780,0,3,0,0x0,100,0,0,100,0,0,58791,0,0,,"불꽃의 무기 9",,,,,,,,,,,,,,,0xFF01FE,32,9,0,0,0,0,0,
3781,0,3,0,0x0,100,0,0,100,0,0,58792,0,0,,"불꽃의 무기 10",,,,,,,,,,,,,,,0xFF01FE,32,9,0,0,0,0,0,
3782,0,1,0,0x0,0,0,0,0,0,0,58797,0,0,,"냉기의 무기 7",,,,,,,,,,,,,,,0xFF01FE,33,9,0,0,0,0,0,
3783,0,1,0,0x0,0,0,0,0,0,0,58798,0,0,,"냉기의 무기 8",,,,,,,,,,,,,,,0xFF01FE,33,9,0,0,0,0,0,
3784,0,1,0,0x0,0,0,0,0,0,0,58799,0,0,,"냉기의 무기 9",,,,,,,,,,,,,,,0xFF01FE,33,9,0,0,0,0,0,
3785,0,3,0,0x0,20,0,0,20,0,0,33757,0,0,,"질풍의 무기 6",,,,,,,,,,,,,,,0xFF01FE,81,9,0,0,0,0,0,
3786,0,3,0,0x0,20,0,0,20,0,0,33757,0,0,,"질풍의 무기 7",,,,,,,,,,,,,,,0xFF01FE,81,9,0,0,0,0,0,
3787,0,3,0,0x0,20,0,0,20,0,0,33757,0,0,,"질풍의 무기 8",,,,,,,,,,,,,,,0xFF01FE,81,9,0,0,0,0,0,
3788,0,5,5,0x0,25,25,0,25,25,0,31,32,0,,"적중도 +25 / 치명타 및 주문 극대화 적중도 +25",,,,,,,,,,,,,,,0xFF01FE,2,0,0,0,0,0,0,
3789,0,1,0,0x0,0,0,0,0,0,0,59620,0,0,,"광폭화",,,,,,,,,,,,,,,0xFF01FE,178,0,0,0,0,0,0,
3790,0,3,0,0x0,0,0,0,0,0,0,59630,0,0,,"검은 마력",,,,,,,,,,,,,,,0xFF01FE,161,0,0,0,0,0,0,
3791,0,5,0,0x0,30,0,0,30,0,0,7,0,0,,"체력 +30",,,,,,,,,,,,,,,0xFF01FE,0,1,0,0,333,400,0,
3792,0,5,0,0x0,20,0,0,20,0,0,35,0,0,,"탄력도 +20",,,,,,,,,,,,,,,0xFF01FE,0,0,44066,0,0,0,0,
3793,0,5,5,0x0,40,15,0,40,15,0,38,35,0,,"전투력 +40 / 탄력도 +15",,,,,,,,,,,,,,,0xFF01FE,0,1,0,0,0,0,80,
3794,0,5,5,0x0,23,15,0,23,15,0,45,35,0,,"주문력 +23 / 탄력도 +15",,,,,,,,,,,,,,,0xFF01FE,0,1,0,0,0,0,80,
3795,0,5,5,0x0,50,20,0,50,20,0,38,35,7,,"전투력 +50 / 탄력도 +20",,,,,,,,,,,,,,,0xFF01FE,0,1,0,0,0,0,80,
3796,0,5,5,0x0,29,20,0,29,20,0,45,35,7,,"주문력 + 29 / 탄력도 +20",,,,,,,,,,,,,,,0xFF01FE,0,1,0,0,0,0,0,
3797,0,5,5,0x0,29,20,0,29,20,0,45,35,7,,"주문력 +29 / 탄력도 + 20",,,,,,,,,,,,,,,0xFF01FE,0,1,0,0,0,0,80,
3798,0,5,3,0x0,34,0,0,34,0,0,38,23990,0,,"전투력 +34 / 최하급 달리기 속도 증가",,,,,,,,,,,,,,,0xFF01FE,0,0,44076,191,0,0,0,
3799,0,5,3,0x0,20,0,0,20,0,0,45,23990,0,,"주문력 +20 / 최하급 달리기 속도 증가",,,,,,,,,,,,,,,0xFF01FE,0,0,44078,193,0,0,0,
3800,0,5,3,0x0,17,0,0,17,0,0,32,55357,0,,"치명타 및 주문 극대화 적중도 +17 / 공포 지속시간 10%만큼 감소",,,,,,,,,,,,,,,0xFF01FE,0,0,44082,189,0,0,0,
3801,0,5,3,0x0,17,0,0,17,0,0,32,55378,0,,"치명타 및 주문 극대화 적중도 +17 / 덫, 이동 불가에 대한 저항력 +10%",,,,,,,,,,,,,,,0xFF01FE,0,0,44081,181,0,0,0,
3802,0,5,3,0x0,20,0,0,20,0,0,45,55366,0,,"주문력 + 20 / 침묵 지속시간 10%만큼 감소",,,,,,,,,,,,,,,0xFF01FE,0,0,44084,182,0,0,0,
3803,0,5,3,0x0,34,0,0,34,0,0,38,55358,0,,"전투력 +34 / 기절 지속시간 10%만큼 감소",,,,,,,,,,,,,,,0xFF01FE,0,0,44087,190,0,0,0,
3804,0,5,3,0x0,26,0,0,26,0,0,7,55358,0,,"체력 +26 / 기절 지속시간 10%만큼 감소",,,,,,,,,,,,,,,0xFF01FE,0,0,44088,188,0,0,0,
3805,0,5,3,0x0,20,0,0,20,0,0,45,55358,0,,"주문력 +20 /기절 지속시간 10%만큼 감소",,,,,,,,,,,,,,,0xFF01FE,0,0,44089,194,0,0,0,
3806,0,5,5,0x0,18,10,0,18,10,0,45,32,0,,"주문력 +18 / 치명타 및 주문 극대화 적중도 +10",,,,,,,,,,,,,,,0xFF01FE,0,1,0,0,0,0,80,
3807,0,5,5,0x0,18,5,0,18,5,0,45,43,0,,"주문력 +18 / 5초당 마나 회복량 +5",,,,,,,,,,,,,,,0xFF01FE,0,1,0,0,0,0,80,
3808,0,5,5,0x0,40,15,0,40,15,0,38,32,0,,"전투력 +40 / 치명타 및 주문 극대화 적중도 +15",,,,,,,,,,,,,,,0xFF01FE,0,1,0,0,0,0,80,
3809,0,5,5,0x0,24,8,0,24,8,0,45,43,0,,"주문력 +24 / 5초당 마나 회복량 +8",,,,,,,,,,,,,,,0xFF01FE,0,1,0,0,0,0,80,
3810,0,5,5,0x0,24,15,0,24,10,0,45,32,0,,"주문력 +24 / 치명타 및 주문 극대화 적중도 +15",,,,,,,,,,,,,,,0xFF01FE,0,1,0,0,0,0,80,
3811,0,5,5,0x0,20,15,0,20,15,0,13,12,0,,"회피 숙련도 +20 / 방어 숙련도 +15",,,,,,,,,,,,,,,0xFF01FE,0,1,0,0,0,0,80,
3812,0,4,5,0x0,25,30,0,25,30,0,4,7,0,,"냉기 저항력 +25 / 체력 +30",,,,,,,,,,,,,,,0xFF01FE,0,1,0,0,0,0,80,
3813,0,4,5,0x0,25,30,0,25,30,0,3,7,0,,"자연 저항력 +25 / 체력 +30",,,,,,,,,,,,,,,0xFF01FE,0,1,0,0,0,0,80,
3814,0,4,5,0x0,25,30,0,25,30,0,5,7,0,,"암흑 저항력 +25 / 체력 +30",,,,,,,,,,,,,,,0xFF01FE,0,1,0,0,0,0,80,
3815,0,4,5,0x0,25,30,0,25,30,0,6,7,0,,"비전 저항력 +25 / 체력 +30",,,,,,,,,,,,,,,0xFF01FE,0,1,0,0,0,0,80,
3816,0,4,5,0x0,25,30,0,25,30,0,2,7,0,,"화염 저항력 +25 / 체력 +30",,,,,,,,,,,,,,,0xFF01FE,0,1,0,0,0,0,80,
3817,0,5,5,0x0,50,20,0,50,20,0,38,32,7,,"전투력 +50 / 치명타 및 주문 극대화 적중도 +20",,,,,,,,,,,,,,,0xFF01FE,0,1,0,0,0,0,80,
3818,0,5,5,0x0,37,20,0,37,20,0,7,12,0,,"체력 +37 / 방어 숙련도 +20",,,,,,,,,,,,,,,0xFF01FE,0,1,0,0,0,0,80,
3819,0,5,5,0x0,30,10,0,30,10,0,45,43,7,,"주문력 +30 / 5초당 마나 회복량 +10",,,,,,,,,,,,,,,0xFF01FE,0,1,0,0,0,0,80,
3820,0,5,5,0x0,30,20,0,30,20,0,45,32,7,,"주문력 +30 / 치명타 및 주문 극대화 적중도 +20",,,,,,,,,,,,,,,0xFF01FE,0,1,0,0,0,0,80,
3821,0,5,0,0x0,8,0,0,8,0,0,35,0,0,,"탄력도 +8",,,,,,,,,,,,,,,0xFF01FE,0,0,0,0,0,0,0,
3822,0,5,5,0x0,55,22,0,55,22,0,7,3,0,,"체력 +55 / 민첩성 +22",,,,,,,,,,,,,,,0xFF01FE,0,1,0,0,0,0,80,
3823,0,5,5,0x0,22,75,0,22,75,0,32,38,0,,"전투력 +75 / 치명타 및 주문 극대화 적중도 +22",,,,,,,,,,,,,,,0xFF01FE,0,1,0,0,0,0,80,
3824,0,5,0,0x0,24,0,0,24,0,0,38,0,0,,"전투력 +24",,,,,,,,,,,,,,,0xFF01FE,0,0,0,0,0,0,0,
3825,0,5,0,0x0,15,0,0,15,0,0,36,0,0,,"가속도 +15",,,,,,,,,,,,,,,0xFF01FE,0,0,0,0,0,0,0,
3826,0,5,5,0x0,12,12,0,12,12,0,31,32,0,,"적중도 +12 / 치명타 및 주문 극대화 적중도 +12",,,,,,,,,,,,,,,0xFF01FE,0,0,0,0,0,0,0,
3827,0,5,0,0x0,110,0,0,110,0,0,38,0,0,,"전투력 +110",,,,,,,,,,,,,,,0xFF01FE,178,0,0,0,0,0,0,
3828,0,5,0,0x0,85,0,0,85,0,0,38,0,0,,"전투력 +85",,,,,,,,,,,,,,,0xFF01FE,101,0,0,0,0,0,0,
3829,0,5,0,0x0,35,0,0,35,0,0,38,0,0,,"전투력 +35",,,,,,,,,,,,,,,0xFF01FE,0,0,0,0,0,0,0,
3830,0,5,0,0x0,50,0,0,50,0,0,45,0,0,,"주문력 +50",,,,,,,,,,,,,,,0xFF01FE,103,0,0,0,0,0,0,
3831,0,5,0,0x0,23,20,20,23,20,20,36,29,30,,"가속도 +23",,,,,,,,,,,,,,,0xFF01FE,0,0,0,0,0,0,0,
3832,0,3,0,0x0,0,0,0,0,0,0,60694,0,0,,"모든 능력치 +10",,,,,,,,,,,,,,,0xFF01FE,0,0,0,0,0,0,0,
3833,0,5,0,0x0,65,0,0,65,0,0,38,0,0,,"전투력 +65",,,,,,,,,,,,,,,0xFF01FE,29,0,0,0,0,0,0,
3834,0,5,0,0x0,63,0,0,63,0,0,45,0,0,,"주문력 +63",,,,,,,,,,,,,,,0xFF01FE,160,0,0,0,0,0,0,
3835,0,5,5,0x0,120,15,0,120,15,0,38,32,0,,"전투력 +120 / 치명타 및 주문 극대화 적중도 +15",,,,,,,,,,,,,,,0xFF01FE,0,1,0,0,773,400,0,
3836,0,5,5,0x0,70,8,0,70,8,0,45,43,0,,"주문력 +70 / 5초당 마나 회복량 +8",,,,,,,,,,,,,,,0xFF01FE,0,1,0,0,773,400,0,
3837,0,5,5,0x0,60,15,0,60,15,0,13,12,0,,"회피 숙련도 +60 / 방어 숙련도 +15",,,,,,,,,,,,,,,0xFF01FE,0,1,0,0,773,400,0,
3838,0,5,5,0x0,70,15,0,70,15,0,45,32,0,,"주문력 +70 / 치명타 및 주문 극대화 적중도 +15",,,,,,,,,,,,,,,0xFF01FE,0,1,0,0,773,400,0,
3839,0,5,0,0x0,40,0,0,40,0,0,38,0,0,,"전투력 +40",,,,,,,,,,,,,,,0xFF01FE,0,1,0,0,333,400,0,
3840,0,5,0,0x0,23,0,0,23,0,0,45,0,0,,"주문력 +23",,,,,,,,,,,,,,,0xFF01FE,0,1,0,0,333,400,0,
3841,0,5,0,0x0,23,0,0,23,0,0,45,0,0,,"주문력 +23",,,,,,,,,,,,,,,0xFF01FE,0,0,0,0,0,0,0,
3842,0,5,5,0x0,30,25,0,30,25,0,7,35,7,,"체력 +30 / 탄력도 +25",,,,,,,,,,,,,,,0xFF01FE,0,1,0,0,0,0,80,
3843,0,2,0,0x0,15,0,0,15,0,0,0,0,0,,"조준경 (공격력 +15)",,,,,,,,,,,,,,,0xFF01FE,0,1,0,0,0,0,70,
3844,0,5,0,0x0,45,0,0,45,0,0,6,0,0,,"정신력 +45",,,,,,,,,,,,,,,0xFF01FE,159,0,0,0,0,0,0,
3845,0,5,0,0x0,50,0,0,50,0,0,38,0,0,,"전투력 +50",,,,,,,,,,,,,,,0xFF01FE,0,0,0,0,0,0,0,
3846,0,5,0,0x0,40,0,0,40,0,0,45,18031,0,,"주문력 +40",,,,,,,,,,,,,,,0xFF01FE,102,0,0,0,0,0,0,
3847,0,3,0,0x0,0,0,0,0,0,0,62157,0,0,,"돌가죽 가고일의 룬",,,,,,,,,,,,,,,0xFF01FE,159,1,0,0,776,0,0,
3848,0,8,0,0x0,1,0,0,1,0,0,0,0,0,,"지팡이 보석 홈",,,,,,,,,,,,,,,0xFF01FE,0,0,0,0,0,0,0,
3849,0,5,3,0x0,81,0,0,81,0,0,48,43588,0,,"티타늄 도금",,,,,,,,,,,,,,,0xFF01FE,0,1,0,0,0,0,70,
3850,0,5,0,0x0,40,0,0,40,0,0,7,0,0,,"체력 +40",,,,,,,,,,,,,,,0xFF01FE,0,0,0,0,0,0,0,
3851,0,5,0,0x0,50,0,0,50,0,0,7,0,0,,"체력 +50",,,,,,,,,,,,,,,0xFF01FE,29,0,0,0,0,0,0,
3852,0,5,5,0x0,30,15,0,30,15,0,7,35,0,,"체력 +30 / 탄력도 +15",,,,,,,,,,,,,,,0xFF01FE,0,1,0,0,0,0,70,
3853,0,5,5,0x0,40,28,0,40,28,0,35,7,0,,"탄력도 +40 / 체력 +28",,,,,,,,,,,,,,,0xFF01FE,0,1,0,0,0,0,80,
3854,0,5,0,0x0,81,0,0,81,0,0,45,33027,0,,"주문력 +81",,,,,,,,,,,,,,,0xFF01FE,172,0,0,0,0,0,0,
3855,0,5,0,0x0,69,0,0,69,0,0,45,33027,0,,"주문력 +69",,,,,,,,,,,,,,,0xFF01FE,128,0,0,0,0,0,0,
3856,0,5,0,0x0,100,0,0,100,0,0,3,0,0,,"민첩성 +100",,,,,,,,,,,,,,,0xFF01FE,0,0,0,0,165,400,0,
3857,0,5,0,0x0,6,0,0,6,0,0,12,0,0,,"방어 숙련도 +6",,,,,,,,,,,,,,,0xFF01FE,0,0,0,0,0,0,0,
3858,0,5,0,0x0,5,0,0,5,0,0,31,0,0,,"적중도 +5",,,,,,,,,,,,,,,0xFF01FE,0,0,0,0,0,0,0,
3859,0,7,5,0x0,0,27,0,0,27,0,55001,45,0,,"주문력 +27",,,,,,,,,,,,,,,0xFF01FE,0,1,0,0,202,350,0,
3860,0,4,0,0x0,885,0,0,885,0,0,0,0,0,,"방어도 +885",,,,,,,,,,,,,,,0xFF01FE,0,1,0,0,202,400,0,
3861,0,5,0,0x0,20,0,0,20,0,0,4,0,0,,"힘 +20",,,,,,,,,,,,,,,0xFF01FE,0,0,45862,0,0,0,0,
3862,0,5,0,0x0,20,0,0,20,0,0,3,0,0,,"민첩성 +20",,,,,,,,,,,,,,,0xFF01FE,0,0,45879,0,0,0,0,
3863,0,5,0,0x0,30,0,0,30,0,0,7,0,0,,"체력 +30",,,,,,,,,,,,,,,0xFF01FE,0,0,45880,0,0,0,0,
3864,0,5,0,0x0,20,0,0,20,0,0,6,0,0,,"정신력 +20",,,,,,,,,,,,,,,0xFF01FE,0,0,45881,0,0,0,0,
3865,0,5,0,0x0,20,0,0,20,0,0,5,0,0,,"지능 +20",,,,,,,,,,,,,,,0xFF01FE,0,0,45882,0,0,0,0,
3866,0,5,0,0x0,23,0,0,23,0,0,45,0,0,,"주문력 +23",,,,,,,,,,,,,,,0xFF01FE,0,0,45883,0,0,0,0,
3867,0,5,0,0x0,20,0,0,20,0,0,31,0,0,,"적중도 +20",,,,,,,,,,,,,,,0xFF01FE,0,0,45987,0,0,0,0,
3868,0,3,0,0x0,0,0,0,0,0,0,8085,0,0,,"미끼 (낚시 숙련도 +100)",,,,,,,,,,,,,,,0xFF01FE,0,0,0,0,0,0,0,
3869,0,1,0,0x0,0,0,0,0,0,0,64440,0,0,,"검 수호",,,,,,,,,,,,,,,0xFF01FE,186,0,0,0,0,0,75,
3870,0,3,0,0x0,0,0,0,0,0,0,64571,0,0,,"피 흡수",,,,,,,,,,,,,,,0xFF01FE,164,0,0,0,0,0,75,
3871,0,5,0,0x0,6,0,0,6,0,0,14,0,0,,"무기 막기 숙련도 +6",,,,,,,,,,,,,,,0xFF01FE,0,0,0,0,0,0,0,
3872,0,5,5,0x0,50,20,0,50,20,0,45,6,0,,"주문력 +50 / 정신력 +20",,,,,,,,,,,,,,,0xFF01FE,0,1,0,0,0,0,65,
3873,0,5,5,0x0,50,30,0,50,30,0,45,7,0,,"주문력 +50 / 체력 +30",,,,,,,,,,,,,,,0xFF01FE,0,1,0,0,0,0,65,
3874,0,5,0,0x0,130,0,0,130,0,0,38,0,0,,"전투력 +130",,,,,,,,,,,,,,,0xFF01FE,0,1,0,0,165,450,0,
3875,0,5,5,0x0,30,10,0,30,10,0,38,32,0,,"전투력 +30 / 치명타 및 주문 극대화 적중도 +10",,,,,,,,,,,,,,,0xFF01FE,0,1,0,0,0,0,80,
3876,0,5,5,0x0,15,10,0,15,10,0,13,12,0,,"회피 숙련도 +15 / 방어 숙련도 +10",,,,,,,,,,,,,,,0xFF01FE,0,1,0,0,0,0,80,
3877,0,5,0,0x0,16,0,0,16,0,0,38,0,0,,"전투력 +16",,,,,,,,,,,,,,,0xFF01FE,0,0,0,0,0,0,0,
3878,0,7,0,0x5,0,0,45,0,0,45,67799,0,7,,"정신 증폭 접시",,,,,,,,,,,,,,,0xFF01FE,0,1,0,0,202,350,0,
3879,0,3,0,0x0,0,0,0,0,0,0,68251,0,0,,"모든 능력치 +10",,,,,,,,,,,,,,,0xFF01FE,0,0,49110,0,0,0,0,
3880,0,5,0,0x0,6,0,0,6,0,0,44,0,0,,"방어구 관통력 +6",,,,,,,,,,,,,,,0xFF01FE,0,0,0,0,0,0,0,
3881,0,5,0,0x0,17,0,0,20,0,0,43,0,0,,"5초당 마나 회복량 +17",,,,,,,,,,,,,,,0xFF01FE,0,0,0,0,755,350,0,
3882,0,5,0,0x0,8,0,0,8,0,0,44,0,0,,"방어구 관통력 + 8",,,,,,,,,,,,,,,0xFF01FE,0,0,0,0,0,0,0,
3883,0,3,0,0x0,0,0,0,0,0,0,70163,0,0,,"네루비안 등껍질의 룬",,,,,,,,,,,,,,,0xFF01FE,159,1,0,0,776,0,0,
3884,0,3,0,0x0,0,0,0,0,0,0,200001,0,0,,"모든 능력치 +1",,,,,,,,,,,,,,,0xFF01FE,0,0,0,0,0,0,0,
3885,0,3,0,0x0,0,0,0,0,0,0,200002,0,0,,"모든 능력치 +2",,,,,,,,,,,,,,,0xFF01FE,0,0,0,0,0,0,0,
3886,0,3,0,0x0,0,0,0,0,0,0,200003,0,0,,"모든 능력치 +3",,,,,,,,,,,,,,,0xFF01FE,0,0,0,0,0,0,0,
3887,0,3,0,0x0,0,0,0,0,0,0,200004,0,0,,"모든 능력치 +4",,,,,,,,,,,,,,,0xFF01FE,0,0,0,0,0,0,0,
3888,0,3,0,0x0,0,0,0,0,0,0,200005,0,0,,"모든 능력치 +5",,,,,,,,,,,,,,,0xFF01FE,0,0,0,0,0,0,0,
3889,0,3,0,0x0,0,0,0,0,0,0,200006,0,0,,"모든 능력치 +6",,,,,,,,,,,,,,,0xFF01FE,0,0,0,0,0,0,0,
3890,0,3,0,0x0,0,0,0,0,0,0,200007,0,0,,"모든 능력치 +7",,,,,,,,,,,,,,,0xFF01FE,0,0,0,0,0,0,0,
3891,0,3,0,0x0,0,0,0,0,0,0,200008,0,0,,"모든 능력치 +8",,,,,,,,,,,,,,,0xFF01FE,0,0,0,0,0,0,0,
3892,0,3,0,0x0,0,0,0,0,0,0,200009,0,0,,"모든 능력치 +9",,,,,,,,,,,,,,,0xFF01FE,0,0,0,0,0,0,0,
3893,0,3,0,0x0,0,0,0,0,0,0,200010,0,0,,"모든 능력치 +10",,,,,,,,,,,,,,,0xFF01FE,0,0,0,0,0,0,0,
3894,0,3,0,0x0,0,0,0,0,0,0,200011,0,0,,"모든 능력치 +11",,,,,,,,,,,,,,,0xFF01FE,0,0,0,0,0,0,0,
3895,0,3,0,0x0,0,0,0,0,0,0,200012,0,0,,"모든 능력치 +12",,,,,,,,,,,,,,,0xFF01FE,0,0,0,0,0,0,0,
3896,0,3,0,0x0,0,0,0,0,0,0,200013,0,0,,"모든 능력치 +13",,,,,,,,,,,,,,,0xFF01FE,0,0,0,0,0,0,0,
3897,0,3,0,0x0,0,0,0,0,0,0,200014,0,0,,"모든 능력치 +14",,,,,,,,,,,,,,,0xFF01FE,0,0,0,0,0,0,0,
3898,0,3,0,0x0,0,0,0,0,0,0,200015,0,0,,"모든 능력치 +15",,,,,,,,,,,,,,,0xFF01FE,0,0,0,0,0,0,0,
3899,0,3,0,0x0,0,0,0,0,0,0,200016,0,0,,"모든 능력치 +16",,,,,,,,,,,,,,,0xFF01FE,0,0,0,0,0,0,0,
3900,0,3,0,0x0,0,0,0,0,0,0,200017,0,0,,"모든 능력치 +17",,,,,,,,,,,,,,,0xFF01FE,0,0,0,0,0,0,0,
3901,0,3,0,0x0,0,0,0,0,0,0,200018,0,0,,"모든 능력치 +18",,,,,,,,,,,,,,,0xFF01FE,0,0,0,0,0,0,0,
3902,0,3,0,0x0,0,0,0,0,0,0,200019,0,0,,"모든 능력치 +19",,,,,,,,,,,,,,,0xFF01FE,0,0,0,0,0,0,0,
3903,0,3,0,0x0,0,0,0,0,0,0,200020,0,0,,"모든 능력치 +20",,,,,,,,,,,,,,,0xFF01FE,0,0,0,0,0,0,0,
3904,0,3,0,0x0,0,0,0,0,0,0,200021,0,0,,"모든 능력치 +21",,,,,,,,,,,,,,,0xFF01FE,0,0,0,0,0,0,0,
3905,0,3,0,0x0,0,0,0,0,0,0,200022,0,0,,"모든 능력치 +22",,,,,,,,,,,,,,,0xFF01FE,0,0,0,0,0,0,0,
3906,0,3,0,0x0,0,0,0,0,0,0,200023,0,0,,"모든 능력치 +23",,,,,,,,,,,,,,,0xFF01FE,0,0,0,0,0,0,0,
3907,0,3,0,0x0,0,0,0,0,0,0,200024,0,0,,"모든 능력치 +24",,,,,,,,,,,,,,,0xFF01FE,0,0,0,0,0,0,0,
3908,0,3,0,0x0,0,0,0,0,0,0,200025,0,0,,"모든 능력치 +25",,,,,,,,,,,,,,,0xFF01FE,0,0,0,0,0,0,0,
3909,0,3,0,0x0,0,0,0,0,0,0,200026,0,0,,"모든 능력치 +26",,,,,,,,,,,,,,,0xFF01FE,0,0,0,0,0,0,0,
3910,0,3,0,0x0,0,0,0,0,0,0,200027,0,0,,"모든 능력치 +27",,,,,,,,,,,,,,,0xFF01FE,0,0,0,0,0,0,0,
3911,0,3,0,0x0,0,0,0,0,0,0,200028,0,0,,"모든 능력치 +28",,,,,,,,,,,,,,,0xFF01FE,0,0,0,0,0,0,0,
3912,0,3,0,0x0,0,0,0,0,0,0,200029,0,0,,"모든 능력치 +29",,,,,,,,,,,,,,,0xFF01FE,0,0,0,0,0,0,0,
3913,0,3,0,0x0,0,0,0,0,0,0,200030,0,0,,"모든 능력치 +30",,,,,,,,,,,,,,,0xFF01FE,0,0,0,0,0,0,0,
3914,0,3,0,0x0,0,0,0,0,0,0,200031,0,0,,"모든 능력치 +31",,,,,,,,,,,,,,,0xFF01FE,0,0,0,0,0,0,0,
3915,0,3,0,0x0,0,0,0,0,0,0,200032,0,0,,"모든 능력치 +32",,,,,,,,,,,,,,,0xFF01FE,0,0,0,0,0,0,0,
3916,0,3,0,0x0,0,0,0,0,0,0,200033,0,0,,"모든 능력치 +33",,,,,,,,,,,,,,,0xFF01FE,0,0,0,0,0,0,0,
3917,0,3,0,0x0,0,0,0,0,0,0,200034,0,0,,"모든 능력치 +34",,,,,,,,,,,,,,,0xFF01FE,0,0,0,0,0,0,0,
3918,0,3,0,0x0,0,0,0,0,0,0,200035,0,0,,"모든 능력치 +35",,,,,,,,,,,,,,,0xFF01FE,0,0,0,0,0,0,0,
3919,0,3,0,0x0,0,0,0,0,0,0,200036,0,0,,"모든 능력치 +36",,,,,,,,,,,,,,,0xFF01FE,0,0,0,0,0,0,0,
3920,0,3,0,0x0,0,0,0,0,0,0,200037,0,0,,"모든 능력치 +37",,,,,,,,,,,,,,,0xFF01FE,0,0,0,0,0,0,0,
3921,0,3,0,0x0,0,0,0,0,0,0,200038,0,0,,"모든 능력치 +38",,,,,,,,,,,,,,,0xFF01FE,0,0,0,0,0,0,0,
3922,0,3,0,0x0,0,0,0,0,0,0,200039,0,0,,"모든 능력치 +39",,,,,,,,,,,,,,,0xFF01FE,0,0,0,0,0,0,0,
3923,0,3,0,0x0,0,0,0,0,0,0,200040,0,0,,"모든 능력치 +40",,,,,,,,,,,,,,,0xFF01FE,0,0,0,0,0,0,0,
3924,0,3,0,0x0,0,0,0,0,0,0,200041,0,0,,"모든 능력치 +41",,,,,,,,,,,,,,,0xFF01FE,0,0,0,0,0,0,0,
3925,0,3,0,0x0,0,0,0,0,0,0,200042,0,0,,"모든 능력치 +42",,,,,,,,,,,,,,,0xFF01FE,0,0,0,0,0,0,0,
3926,0,3,0,0x0,0,0,0,0,0,0,200043,0,0,,"모든 능력치 +43",,,,,,,,,,,,,,,0xFF01FE,0,0,0,0,0,0,0,
3927,0,3,0,0x0,0,0,0,0,0,0,200044,0,0,,"모든 능력치 +44",,,,,,,,,,,,,,,0xFF01FE,0,0,0,0,0,0,0,
3928,0,3,0,0x0,0,0,0,0,0,0,200045,0,0,,"모든 능력치 +45",,,,,,,,,,,,,,,0xFF01FE,0,0,0,0,0,0,0,
3929,0,3,0,0x0,0,0,0,0,0,0,200046,0,0,,"모든 능력치 +46",,,,,,,,,,,,,,,0xFF01FE,0,0,0,0,0,0,0,
3930,0,3,0,0x0,0,0,0,0,0,0,200047,0,0,,"모든 능력치 +47",,,,,,,,,,,,,,,0xFF01FE,0,0,0,0,0,0,0,
3931,0,3,0,0x0,0,0,0,0,0,0,200048,0,0,,"모든 능력치 +48",,,,,,,,,,,,,,,0xFF01FE,0,0,0,0,0,0,0,
3932,0,3,0,0x0,0,0,0,0,0,0,200049,0,0,,"모든 능력치 +49",,,,,,,,,,,,,,,0xFF01FE,0,0,0,0,0,0,0,
3933,0,3,0,0x0,0,0,0,0,0,0,200050,0,0,,"모든 능력치 +50",,,,,,,,,,,,,,,0xFF01FE,0,0,0,0,0,0,0,
3934,0,3,0,0x0,0,0,0,0,0,0,200051,0,0,,"모든 능력치 +51",,,,,,,,,,,,,,,0xFF01FE,0,0,0,0,0,0,0,
3935,0,3,0,0x0,0,0,0,0,0,0,200052,0,0,,"모든 능력치 +52",,,,,,,,,,,,,,,0xFF01FE,0,0,0,0,0,0,0,
3936,0,3,0,0x0,0,0,0,0,0,0,200053,0,0,,"모든 능력치 +53",,,,,,,,,,,,,,,0xFF01FE,0,0,0,0,0,0,0,
3937,0,3,0,0x0,0,0,0,0,0,0,200054,0,0,,"모든 능력치 +54",,,,,,,,,,,,,,,0xFF01FE,0,0,0,0,0,0,0,
3938,0,3,0,0x0,0,0,0,0,0,0,200055,0,0,,"모든 능력치 +55",,,,,,,,,,,,,,,0xFF01FE,0,0,0,0,0,0,0,
3939,0,3,0,0x0,0,0,0,0,0,0,200056,0,0,,"모든 능력치 +56",,,,,,,,,,,,,,,0xFF01FE,0,0,0,0,0,0,0,
3940,0,3,0,0x0,0,0,0,0,0,0,200057,0,0,,"모든 능력치 +57",,,,,,,,,,,,,,,0xFF01FE,0,0,0,0,0,0,0,
3941,0,3,0,0x0,0,0,0,0,0,0,200058,0,0,,"모든 능력치 +58",,,,,,,,,,,,,,,0xFF01FE,0,0,0,0,0,0,0,
3942,0,3,0,0x0,0,0,0,0,0,0,200059,0,0,,"모든 능력치 +59",,,,,,,,,,,,,,,0xFF01FE,0,0,0,0,0,0,0,
3943,0,3,0,0x0,0,0,0,0,0,0,200060,0,0,,"모든 능력치 +60",,,,,,,,,,,,,,,0xFF01FE,0,0,0,0,0,0,0,
3944,0,3,0,0x0,0,0,0,0,0,0,200061,0,0,,"모든 능력치 +61",,,,,,,,,,,,,,,0xFF01FE,0,0,0,0,0,0,0,
3945,0,3,0,0x0,0,0,0,0,0,0,200062,0,0,,"모든 능력치 +62",,,,,,,,,,,,,,,0xFF01FE,0,0,0,0,0,0,0,
3946,0,3,0,0x0,0,0,0,0,0,0,200063,0,0,,"모든 능력치 +63",,,,,,,,,,,,,,,0xFF01FE,0,0,0,0,0,0,0,
3947,0,3,0,0x0,0,0,0,0,0,0,200064,0,0,,"모든 능력치 +64",,,,,,,,,,,,,,,0xFF01FE,0,0,0,0,0,0,0,
3948,0,3,0,0x0,0,0,0,0,0,0,200065,0,0,,"모든 능력치 +65",,,,,,,,,,,,,,,0xFF01FE,0,0,0,0,0,0,0,
3949,0,3,0,0x0,0,0,0,0,0,0,200066,0,0,,"모든 능력치 +66",,,,,,,,,,,,,,,0xFF01FE,0,0,0,0,0,0,0,
3950,0,3,0,0x0,0,0,0,0,0,0,200067,0,0,,"모든 능력치 +67",,,,,,,,,,,,,,,0xFF01FE,0,0,0,0,0,0,0,
3951,0,3,0,0x0,0,0,0,0,0,0,200068,0,0,,"모든 능력치 +68",,,,,,,,,,,,,,,0xFF01FE,0,0,0,0,0,0,0,
3952,0,3,0,0x0,0,0,0,0,0,0,200069,0,0,,"모든 능력치 +69",,,,,,,,,,,,,,,0xFF01FE,0,0,0,0,0,0,0,
3953,0,3,0,0x0,0,0,0,0,0,0,200070,0,0,,"모든 능력치 +70",,,,,,,,,,,,,,,0xFF01FE,0,0,0,0,0,0,0,
3954,0,3,0,0x0,0,0,0,0,0,0,200071,0,0,,"모든 능력치 +71",,,,,,,,,,,,,,,0xFF01FE,0,0,0,0,0,0,0,
3955,0,3,0,0x0,0,0,0,0,0,0,200072,0,0,,"모든 능력치 +72",,,,,,,,,,,,,,,0xFF01FE,0,0,0,0,0,0,0,
3956,0,3,0,0x0,0,0,0,0,0,0,200073,0,0,,"모든 능력치 +73",,,,,,,,,,,,,,,0xFF01FE,0,0,0,0,0,0,0,
3957,0,3,0,0x0,0,0,0,0,0,0,200074,0,0,,"모든 능력치 +74",,,,,,,,,,,,,,,0xFF01FE,0,0,0,0,0,0,0,
3958,0,3,0,0x0,0,0,0,0,0,0,200075,0,0,,"모든 능력치 +75",,,,,,,,,,,,,,,0xFF01FE,0,0,0,0,0,0,0,
3959,0,3,0,0x0,0,0,0,0,0,0,200076,0,0,,"모든 능력치 +76",,,,,,,,,,,,,,,0xFF01FE,0,0,0,0,0,0,0,
3960,0,3,0,0x0,0,0,0,0,0,0,200077,0,0,,"모든 능력치 +77",,,,,,,,,,,,,,,0xFF01FE,0,0,0,0,0,0,0,
3961,0,3,0,0x0,0,0,0,0,0,0,200078,0,0,,"모든 능력치 +78",,,,,,,,,,,,,,,0xFF01FE,0,0,0,0,0,0,0,
3962,0,3,0,0x0,0,0,0,0,0,0,200079,0,0,,"모든 능력치 +79",,,,,,,,,,,,,,,0xFF01FE,0,0,0,0,0,0,0,
3963,0,3,0,0x0,0,0,0,0,0,0,200080,0,0,,"모든 능력치 +80",,,,,,,,,,,,,,,0xFF01FE,0,0,0,0,0,0,0,
3964,0,3,0,0x0,0,0,0,0,0,0,200081,0,0,,"모든 능력치 +81",,,,,,,,,,,,,,,0xFF01FE,0,0,0,0,0,0,0,
3965,0,3,0,0x0,0,0,0,0,0,0,200082,0,0,,"모든 능력치 +82",,,,,,,,,,,,,,,0xFF01FE,0,0,0,0,0,0,0,
3966,0,3,0,0x0,0,0,0,0,0,0,200083,0,0,,"모든 능력치 +83",,,,,,,,,,,,,,,0xFF01FE,0,0,0,0,0,0,0,
3967,0,3,0,0x0,0,0,0,0,0,0,200084,0,0,,"모든 능력치 +84",,,,,,,,,,,,,,,0xFF01FE,0,0,0,0,0,0,0,
3968,0,3,0,0x0,0,0,0,0,0,0,200085,0,0,,"모든 능력치 +85",,,,,,,,,,,,,,,0xFF01FE,0,0,0,0,0,0,0,
3969,0,3,0,0x0,0,0,0,0,0,0,200086,0,0,,"모든 능력치 +86",,,,,,,,,,,,,,,0xFF01FE,0,0,0,0,0,0,0,
3970,0,3,0,0x0,0,0,0,0,0,0,200087,0,0,,"모든 능력치 +87",,,,,,,,,,,,,,,0xFF01FE,0,0,0,0,0,0,0,
3971,0,3,0,0x0,0,0,0,0,0,0,200088,0,0,,"모든 능력치 +88",,,,,,,,,,,,,,,0xFF01FE,0,0,0,0,0,0,0,
3972,0,3,0,0x0,0,0,0,0,0,0,200089,0,0,,"모든 능력치 +89",,,,,,,,,,,,,,,0xFF01FE,0,0,0,0,0,0,0,
3973,0,3,0,0x0,0,0,0,0,0,0,200090,0,0,,"모든 능력치 +90",,,,,,,,,,,,,,,0xFF01FE,0,0,0,0,0,0,0,
3974,0,3,0,0x0,0,0,0,0,0,0,200091,0,0,,"모든 능력치 +91",,,,,,,,,,,,,,,0xFF01FE,0,0,0,0,0,0,0,
3975,0,3,0,0x0,0,0,0,0,0,0,200092,0,0,,"모든 능력치 +92",,,,,,,,,,,,,,,0xFF01FE,0,0,0,0,0,0,0,
3976,0,3,0,0x0,0,0,0,0,0,0,200093,0,0,,"모든 능력치 +93",,,,,,,,,,,,,,,0xFF01FE,0,0,0,0,0,0,0,
3977,0,3,0,0x0,0,0,0,0,0,0,200094,0,0,,"모든 능력치 +94",,,,,,,,,,,,,,,0xFF01FE,0,0,0,0,0,0,0,
3978,0,3,0,0x0,0,0,0,0,0,0,200095,0,0,,"모든 능력치 +95",,,,,,,,,,,,,,,0xFF01FE,0,0,0,0,0,0,0,
3979,0,3,0,0x0,0,0,0,0,0,0,200096,0,0,,"모든 능력치 +96",,,,,,,,,,,,,,,0xFF01FE,0,0,0,0,0,0,0,
3980,0,3,0,0x0,0,0,0,0,0,0,200097,0,0,,"모든 능력치 +97",,,,,,,,,,,,,,,0xFF01FE,0,0,0,0,0,0,0,
3981,0,3,0,0x0,0,0,0,0,0,0,200098,0,0,,"모든 능력치 +98",,,,,,,,,,,,,,,0xFF01FE,0,0,0,0,0,0,0,
3982,0,3,0,0x0,0,0,0,0,0,0,200099,0,0,,"모든 능력치 +99",,,,,,,,,,,,,,,0xFF01FE,0,0,0,0,0,0,0,
3983,0,3,0,0x0,0,0,0,0,0,0,200100,0,0,,"모든 능력치 +100",,,,,,,,,,,,,,,0xFF01FE,0,0,0,0,0,0,0,
3984,0,5,5,0x5,2,2,1,0,0,0,4,3,44,,"힘 2 / 민첩 2 / 방어구 관통 1",,,,,,,,,,,,,,,0xFF01FE,0,0,0,0,0,0,0,
3985,0,5,5,0x5,1,2,1,0,0,0,45,5,36,,"주문력 1 / 지능 2 / 가속 1",,,,,,,,,,,,,,,0xFF01FE,0,0,0,0,0,0,0,
3986,0,5,5,0x5,2,1,1,0,0,0,5,6,36,,"지능 2 / 정신 1 / 가속 1",,,,,,,,,,,,,,,0xFF01FE,0,0,0,0,0,0,0,
3987,0,5,5,0x5,1,2,1,0,0,0,4,7,12,,"힘 1 / 체력 2 / 방어 숙련 1",,,,,,,,,,,,,,,0xFF01FE,0,0,0,0,0,0,0,
3988,0,5,5,0x5,3,3,2,0,0,0,4,3,44,,"힘 3 / 민첩 3 / 방어구 관통 2",,,,,,,,,,,,,,,0xFF01FE,0,0,0,0,0,0,0,
3989,0,5,5,0x5,2,3,2,0,0,0,45,5,36,,"주문력 2 / 지능 3 / 가속 2",,,,,,,,,,,,,,,0xFF01FE,0,0,0,0,0,0,0,
3990,0,5,5,0x5,3,2,2,0,0,0,5,6,36,,"지능 3 / 정신 2 / 가속 2",,,,,,,,,,,,,,,0xFF01FE,0,0,0,0,0,0,0,
3991,0,5,5,0x5,3,4,2,0,0,0,4,7,12,,"힘 3 / 체력 4 / 방어 숙련 2",,,,,,,,,,,,,,,0xFF01FE,0,0,0,0,0,0,0,
3992,0,5,5,0x5,4,4,3,0,0,0,4,3,44,,"힘 4 / 민첩 4 / 방어구 관통 3",,,,,,,,,,,,,,,0xFF01FE,0,0,0,0,0,0,0,
3993,0,5,5,0x5,3,4,3,0,0,0,45,5,36,,"주문력 3 / 지능 4 / 가속 3",,,,,,,,,,,,,,,0xFF01FE,0,0,0,0,0,0,0,
3994,0,5,5,0x5,4,3,3,0,0,0,5,6,36,,"지능 4 / 정신 3 / 가속 3",,,,,,,,,,,,,,,0xFF01FE,0,0,0,0,0,0,0,
3995,0,5,5,0x5,4,5,2,0,0,0,4,7,12,,"힘 4 / 체력 5 / 방어 숙련 2",,,,,,,,,,,,,,,0xFF01FE,0,0,0,0,0,0,0,
3996,0,5,5,0x5,5,5,4,0,0,0,4,3,44,,"힘 5 / 민첩 5 / 방어구 관통 4",,,,,,,,,,,,,,,0xFF01FE,0,0,0,0,0,0,0,
3997,0,5,5,0x5,4,5,4,0,0,0,45,5,36,,"주문력 4 / 지능 5 / 가속 4",,,,,,,,,,,,,,,0xFF01FE,0,0,0,0,0,0,0,
3998,0,5,5,0x5,5,4,4,0,0,0,5,6,36,,"지능 5 / 정신 4 / 가속 4",,,,,,,,,,,,,,,0xFF01FE,0,0,0,0,0,0,0,
3999,0,5,5,0x5,5,6,3,0,0,0,4,7,12,,"힘 5 / 체력 6 / 방어 숙련 3",,,,,,,,,,,,,,,0xFF01FE,0,0,0,0,0,0,0,
4000,0,5,5,0x5,7,7,5,0,0,0,4,3,44,,"힘 7 / 민첩 7 / 방어구 관통 5",,,,,,,,,,,,,,,0xFF01FE,0,0,0,0,0,0,0,
4001,0,5,5,0x5,5,6,5,0,0,0,45,5,36,,"주문력 5 / 지능 6 / 가속 5",,,,,,,,,,,,,,,0xFF01FE,0,0,0,0,0,0,0,
4002,0,5,5,0x5,6,6,5,0,0,0,5,6,36,,"지능 6 / 정신 6 / 가속 5",,,,,,,,,,,,,,,0xFF01FE,0,0,0,0,0,0,0,
4003,0,5,5,0x5,7,7,3,0,0,0,4,7,12,,"힘 7 / 체력 7 / 방어 숙련 3",,,,,,,,,,,,,,,0xFF01FE,0,0,0,0,0,0,0,
4004,0,5,5,0x5,8,8,6,0,0,0,4,3,44,,"힘 8 / 민첩 8 / 방어구 관통 6",,,,,,,,,,,,,,,0xFF01FE,0,0,0,0,0,0,0,
4005,0,5,5,0x5,7,8,7,0,0,0,45,5,36,,"주문력 7 / 지능 8 / 가속 7",,,,,,,,,,,,,,,0xFF01FE,0,0,0,0,0,0,0,
4006,0,5,5,0x5,8,7,7,0,0,0,5,6,36,,"지능 8 / 정신 7 / 가속 7",,,,,,,,,,,,,,,0xFF01FE,0,0,0,0,0,0,0,
4007,0,5,5,0x5,8,9,4,0,0,0,4,7,12,,"힘 8 / 체력 9 / 방어 숙련 4",,,,,,,,,,,,,,,0xFF01FE,0,0,0,0,0,0,0,
4008,0,5,5,0x5,9,9,7,0,0,0,4,3,44,,"힘 9 / 민첩 9 / 방어구 관통 7",,,,,,,,,,,,,,,0xFF01FE,0,0,0,0,0,0,0,
4009,0,5,5,0x5,8,9,8,0,0,0,45,5,36,,"주문력 8 / 지능 9 / 가속 8",,,,,,,,,,,,,,,0xFF01FE,0,0,0,0,0,0,0,
4010,0,5,5,0x5,10,9,8,0,0,0,5,6,36,,"지능 10 / 정신 9 / 가속 8",,,,,,,,,,,,,,,0xFF01FE,0,0,0,0,0,0,0,
4011,0,5,5,0x5,9,10,4,0,0,0,4,7,12,,"힘 9 / 체력 10 / 방어 숙련 4",,,,,,,,,,,,,,,0xFF01FE,0,0,0,0,0,0,0,
4012,0,5,5,0x5,11,11,8,0,0,0,4,3,44,,"힘 11 / 민첩 11 / 방어구 관통 8",,,,,,,,,,,,,,,0xFF01FE,0,0,0,0,0,0,0,
4013,0,5,5,0x5,9,11,9,0,0,0,45,5,36,,"주문력 9 / 지능 11 / 가속 9",,,,,,,,,,,,,,,0xFF01FE,0,0,0,0,0,0,0,
4014,0,5,5,0x5,12,10,10,0,0,0,5,6,36,,"지능 12 / 정신 10 / 가속 10",,,,,,,,,,,,,,,0xFF01FE,0,0,0,0,0,0,0,
4015,0,5,5,0x5,11,12,5,0,0,0,4,7,12,,"힘 11 / 체력 12 / 방어 숙련 5",,,,,,,,,,,,,,,0xFF01FE,0,0,0,0,0,0,0,
4016,0,5,5,0x5,12,12,9,0,0,0,4,3,44,,"힘 12 / 민첩 12 / 방어구 관통 9",,,,,,,,,,,,,,,0xFF01FE,0,0,0,0,0,0,0,
4017,0,5,5,0x5,11,13,11,0,0,0,45,5,36,,"주문력 11 / 지능 13 / 가속 11",,,,,,,,,,,,,,,0xFF01FE,0,0,0,0,0,0,0,
4018,0,5,5,0x5,13,12,11,0,0,0,5,6,36,,"지능 13 / 정신 12 / 가속 11",,,,,,,,,,,,,,,0xFF01FE,0,0,0,0,0,0,0,
4019,0,5,5,0x5,12,13,5,0,0,0,4,7,12,,"힘 12 / 체력 13 / 방어 숙련 5",,,,,,,,,,,,,,,0xFF01FE,0,0,0,0,0,0,0,
4020,0,5,5,0x5,13,13,10,0,0,0,4,3,44,,"힘 13 / 민첩 13 / 방어구 관통 10",,,,,,,,,,,,,,,0xFF01FE,0,0,0,0,0,0,0,
4021,0,5,5,0x5,12,15,12,0,0,0,45,5,36,,"주문력 12 / 지능 15 / 가속 12",,,,,,,,,,,,,,,0xFF01FE,0,0,0,0,0,0,0,
4022,0,5,5,0x5,15,15,12,0,0,0,5,6,36,,"지능 15 / 정신 15 / 가속 12",,,,,,,,,,,,,,,0xFF01FE,0,0,0,0,0,0,0,
4023,0,5,5,0x5,13,15,5,0,0,0,4,7,12,,"힘 13 / 체력 15 / 방어 숙련 5",,,,,,,,,,,,,,,0xFF01FE,0,0,0,0,0,0,0,
4024,0,5,5,0x5,11,11,11,0,0,0,4,3,32,,"힘/민첩/치명타 +11",,,,,,,,,,,,,,,0xFF01FE,0,0,0,0,0,0,0,
4025,0,5,5,0x5,11,11,11,0,0,0,5,45,36,,"지능/주문력/가속도 +11",,,,,,,,,,,,,,,0xFF01FE,0,0,0,0,0,0,0,
4026,0,5,5,0x5,11,11,11,0,0,0,5,45,36,,"지능/주문력/가속도 +11",,,,,,,,,,,,,,,0xFF01FE,0,0,0,0,0,0,0,
4027,0,5,5,0x5,11,11,11,0,0,0,7,12,13,,"체력/방어숙련/회피 +11",,,,,,,,,,,,,,,0xFF01FE,0,0,0,0,0,0,0,
4028,0,5,5,0x5,12,12,12,0,0,0,4,3,32,,"힘/민첩/치명타 +12",,,,,,,,,,,,,,,0xFF01FE,0,0,0,0,0,0,0,
4029,0,5,5,0x5,12,12,12,0,0,0,5,45,36,,"지능/주문력/가속도 +12",,,,,,,,,,,,,,,0xFF01FE,0,0,0,0,0,0,0,
4030,0,5,5,0x5,12,12,12,0,0,0,5,45,36,,"지능/주문력/가속도 +12",,,,,,,,,,,,,,,0xFF01FE,0,0,0,0,0,0,0,
4031,0,5,5,0x5,12,12,12,0,0,0,7,12,13,,"체력/방어숙련/회피 +12",,,,,,,,,,,,,,,0xFF01FE,0,0,0,0,0,0,0,
4032,0,5,5,0x5,13,13,13,0,0,0,4,3,32,,"힘/민첩/치명타 +13",,,,,,,,,,,,,,,0xFF01FE,0,0,0,0,0,0,0,
4033,0,5,5,0x5,13,13,13,0,0,0,5,45,36,,"지능/주문력/가속도 +13",,,,,,,,,,,,,,,0xFF01FE,0,0,0,0,0,0,0,
4034,0,5,5,0x5,13,13,13,0,0,0,5,45,36,,"지능/주문력/가속도 +13",,,,,,,,,,,,,,,0xFF01FE,0,0,0,0,0,0,0,
4035,0,5,5,0x5,13,13,13,0,0,0,7,12,13,,"체력/방어숙련/회피 +13",,,,,,,,,,,,,,,0xFF01FE,0,0,0,0,0,0,0,
4036,0,5,5,0x5,14,14,14,0,0,0,4,3,32,,"힘/민첩/치명타 +14",,,,,,,,,,,,,,,0xFF01FE,0,0,0,0,0,0,0,
4037,0,5,5,0x5,14,14,14,0,0,0,5,45,36,,"지능/주문력/가속도 +14",,,,,,,,,,,,,,,0xFF01FE,0,0,0,0,0,0,0,
4038,0,5,5,0x5,14,14,14,0,0,0,5,45,36,,"지능/주문력/가속도 +14",,,,,,,,,,,,,,,0xFF01FE,0,0,0,0,0,0,0,
4039,0,5,5,0x5,14,14,14,0,0,0,7,12,13,,"체력/방어숙련/회피 +14",,,,,,,,,,,,,,,0xFF01FE,0,0,0,0,0,0,0,
4040,0,5,5,0x5,15,15,15,0,0,0,4,3,32,,"힘/민첩/치명타 +15",,,,,,,,,,,,,,,0xFF01FE,0,0,0,0,0,0,0,
4041,0,5,5,0x5,15,15,15,0,0,0,5,45,36,,"지능/주문력/가속도 +15",,,,,,,,,,,,,,,0xFF01FE,0,0,0,0,0,0,0,
4042,0,5,5,0x5,15,15,15,0,0,0,5,45,36,,"지능/주문력/가속도 +15",,,,,,,,,,,,,,,0xFF01FE,0,0,0,0,0,0,0,
4043,0,5,5,0x5,15,15,15,0,0,0,7,12,13,,"체력/방어숙련/회피 +15",,,,,,,,,,,,,,,0xFF01FE,0,0,0,0,0,0,0,
4044,0,5,5,0x5,16,16,16,0,0,0,4,3,32,,"힘/민첩/치명타 +16",,,,,,,,,,,,,,,0xFF01FE,0,0,0,0,0,0,0,
4045,0,5,5,0x5,16,16,16,0,0,0,5,45,36,,"지능/주문력/가속도 +16",,,,,,,,,,,,,,,0xFF01FE,0,0,0,0,0,0,0,
4046,0,5,5,0x5,16,16,16,0,0,0,5,45,36,,"지능/주문력/가속도 +16",,,,,,,,,,,,,,,0xFF01FE,0,0,0,0,0,0,0,
4047,0,5,5,0x5,16,16,16,0,0,0,7,12,13,,"체력/방어숙련/회피 +16",,,,,,,,,,,,,,,0xFF01FE,0,0,0,0,0,0,0,
4048,0,5,5,0x5,17,17,17,0,0,0,4,3,32,,"힘/민첩/치명타 +17",,,,,,,,,,,,,,,0xFF01FE,0,0,0,0,0,0,0,
4049,0,5,5,0x5,17,17,17,0,0,0,5,45,36,,"지능/주문력/가속도 +17",,,,,,,,,,,,,,,0xFF01FE,0,0,0,0,0,0,0,
4050,0,5,5,0x5,17,17,17,0,0,0,5,45,36,,"지능/주문력/가속도 +17",,,,,,,,,,,,,,,0xFF01FE,0,0,0,0,0,0,0,
4051,0,5,5,0x5,17,17,17,0,0,0,7,12,13,,"체력/방어숙련/회피 +17",,,,,,,,,,,,,,,0xFF01FE,0,0,0,0,0,0,0,
4052,0,5,5,0x5,18,18,18,0,0,0,4,3,32,,"힘/민첩/치명타 +18",,,,,,,,,,,,,,,0xFF01FE,0,0,0,0,0,0,0,
4053,0,5,5,0x5,18,18,18,0,0,0,5,45,36,,"지능/주문력/가속도 +18",,,,,,,,,,,,,,,0xFF01FE,0,0,0,0,0,0,0,
4054,0,5,5,0x5,18,18,18,0,0,0,5,45,36,,"지능/주문력/가속도 +18",,,,,,,,,,,,,,,0xFF01FE,0,0,0,0,0,0,0,
4055,0,5,5,0x5,18,18,18,0,0,0,7,12,13,,"체력/방어숙련/회피 +18",,,,,,,,,,,,,,,0xFF01FE,0,0,0,0,0,0,0,
4056,0,5,5,0x5,19,19,19,0,0,0,4,3,32,,"힘/민첩/치명타 +19",,,,,,,,,,,,,,,0xFF01FE,0,0,0,0,0,0,0,
4057,0,5,5,0x5,19,19,19,0,0,0,5,45,36,,"지능/주문력/가속도 +19",,,,,,,,,,,,,,,0xFF01FE,0,0,0,0,0,0,0,
4058,0,5,5,0x5,19,19,19,0,0,0,5,45,36,,"지능/주문력/가속도 +19",,,,,,,,,,,,,,,0xFF01FE,0,0,0,0,0,0,0,
4059,0,5,5,0x5,19,19,19,0,0,0,7,12,13,,"체력/방어숙련/회피 +19",,,,,,,,,,,,,,,0xFF01FE,0,0,0,0,0,0,0,
4060,0,5,5,0x5,20,20,20,0,0,0,4,3,32,,"힘/민첩/치명타 +20",,,,,,,,,,,,,,,0xFF01FE,0,0,0,0,0,0,0,
4061,0,5,5,0x5,20,20,20,0,0,0,5,45,36,,"지능/주문력/가속도 +20",,,,,,,,,,,,,,,0xFF01FE,0,0,0,0,0,0,0,
4062,0,5,5,0x5,20,20,20,0,0,0,5,45,36,,"지능/주문력/가속도 +20",,,,,,,,,,,,,,,0xFF01FE,0,0,0,0,0,0,0,
4063,0,5,5,0x5,20,20,20,0,0,0,7,12,13,,"체력/방어숙련/회피 +20",,,,,,,,,,,,,,,0xFF01FE,0,0,0,0,0,0,0,
4064,0,5,5,0x5,21,21,21,0,0,0,4,3,32,,"힘/민첩/치명타 +21",,,,,,,,,,,,,,,0xFF01FE,0,0,0,0,0,0,0,
4065,0,5,5,0x5,21,21,21,0,0,0,5,45,36,,"지능/주문력/가속도 +21",,,,,,,,,,,,,,,0xFF01FE,0,0,0,0,0,0,0,
4066,0,5,5,0x5,21,21,21,0,0,0,5,45,36,,"지능/주문력/가속도 +21",,,,,,,,,,,,,,,0xFF01FE,0,0,0,0,0,0,0,
4067,0,5,5,0x5,21,21,21,0,0,0,7,12,13,,"체력/방어숙련/회피 +21",,,,,,,,,,,,,,,0xFF01FE,0,0,0,0,0,0,0,
4068,0,5,5,0x5,22,22,22,0,0,0,4,3,32,,"힘/민첩/치명타 +22",,,,,,,,,,,,,,,0xFF01FE,0,0,0,0,0,0,0,
4069,0,5,5,0x5,22,22,22,0,0,0,5,45,36,,"지능/주문력/가속도 +22",,,,,,,,,,,,,,,0xFF01FE,0,0,0,0,0,0,0,
4070,0,5,5,0x5,22,22,22,0,0,0,5,45,36,,"지능/주문력/가속도 +22",,,,,,,,,,,,,,,0xFF01FE,0,0,0,0,0,0,0,
4071,0,5,5,0x5,22,22,22,0,0,0,7,12,13,,"체력/방어숙련/회피 +22",,,,,,,,,,,,,,,0xFF01FE,0,0,0,0,0,0,0,
4072,0,5,5,0x5,23,23,23,0,0,0,4,3,32,,"힘/민첩/치명타 +23",,,,,,,,,,,,,,,0xFF01FE,0,0,0,0,0,0,0,
4073,0,5,5,0x5,23,23,23,0,0,0,5,45,36,,"지능/주문력/가속도 +23",,,,,,,,,,,,,,,0xFF01FE,0,0,0,0,0,0,0,
4074,0,5,5,0x5,23,23,23,0,0,0,5,45,36,,"지능/주문력/가속도 +23",,,,,,,,,,,,,,,0xFF01FE,0,0,0,0,0,0,0,
4075,0,5,5,0x5,23,23,23,0,0,0,7,12,13,,"체력/방어숙련/회피 +23",,,,,,,,,,,,,,,0xFF01FE,0,0,0,0,0,0,0,
4076,0,5,5,0x5,24,24,24,0,0,0,4,3,32,,"힘/민첩/치명타 +24",,,,,,,,,,,,,,,0xFF01FE,0,0,0,0,0,0,0,
4077,0,5,5,0x5,24,24,24,0,0,0,5,45,36,,"지능/주문력/가속도 +24",,,,,,,,,,,,,,,0xFF01FE,0,0,0,0,0,0,0,
4078,0,5,5,0x5,24,24,24,0,0,0,5,45,36,,"지능/주문력/가속도 +24",,,,,,,,,,,,,,,0xFF01FE,0,0,0,0,0,0,0,
4079,0,5,5,0x5,24,24,24,0,0,0,7,12,13,,"체력/방어숙련/회피 +24",,,,,,,,,,,,,,,0xFF01FE,0,0,0,0,0,0,0,
4080,0,5,5,0x5,25,25,25,0,0,0,4,3,32,,"힘/민첩/치명타 +25",,,,,,,,,,,,,,,0xFF01FE,0,0,0,0,0,0,0,
4081,0,5,5,0x5,25,25,25,0,0,0,5,45,36,,"지능/주문력/가속도 +25",,,,,,,,,,,,,,,0xFF01FE,0,0,0,0,0,0,0,
4082,0,5,5,0x5,25,25,25,0,0,0,5,45,36,,"지능/주문력/가속도 +25",,,,,,,,,,,,,,,0xFF01FE,0,0,0,0,0,0,0,
4083,0,5,5,0x5,25,25,25,0,0,0,7,12,13,,"체력/방어숙련/회피 +25",,,,,,,,,,,,,,,0xFF01FE,0,0,0,0,0,0,0,
4084,0,5,5,0x5,26,26,26,0,0,0,4,3,32,,"힘/민첩/치명타 +26",,,,,,,,,,,,,,,0xFF01FE,0,0,0,0,0,0,0,
4085,0,5,5,0x5,26,26,26,0,0,0,5,45,36,,"지능/주문력/가속도 +26",,,,,,,,,,,,,,,0xFF01FE,0,0,0,0,0,0,0,
4086,0,5,5,0x5,26,26,26,0,0,0,5,45,36,,"지능/주문력/가속도 +26",,,,,,,,,,,,,,,0xFF01FE,0,0,0,0,0,0,0,
4087,0,5,5,0x5,26,26,26,0,0,0,7,12,13,,"체력/방어숙련/회피 +26",,,,,,,,,,,,,,,0xFF01FE,0,0,0,0,0,0,0,
4088,0,5,5,0x5,27,27,27,0,0,0,4,3,32,,"힘/민첩/치명타 +27",,,,,,,,,,,,,,,0xFF01FE,0,0,0,0,0,0,0,
4089,0,5,5,0x5,27,27,27,0,0,0,5,45,36,,"지능/주문력/가속도 +27",,,,,,,,,,,,,,,0xFF01FE,0,0,0,0,0,0,0,
4090,0,5,5,0x5,27,27,27,0,0,0,5,45,36,,"지능/주문력/가속도 +27",,,,,,,,,,,,,,,0xFF01FE,0,0,0,0,0,0,0,
4091,0,5,5,0x5,27,27,27,0,0,0,7,12,13,,"체력/방어숙련/회피 +27",,,,,,,,,,,,,,,0xFF01FE,0,0,0,0,0,0,0,
4092,0,5,5,0x5,28,28,28,0,0,0,4,3,32,,"힘/민첩/치명타 +28",,,,,,,,,,,,,,,0xFF01FE,0,0,0,0,0,0,0,
4093,0,5,5,0x5,28,28,28,0,0,0,5,45,36,,"지능/주문력/가속도 +28",,,,,,,,,,,,,,,0xFF01FE,0,0,0,0,0,0,0,
4094,0,5,5,0x5,28,28,28,0,0,0,5,45,36,,"지능/주문력/가속도 +28",,,,,,,,,,,,,,,0xFF01FE,0,0,0,0,0,0,0,
4095,0,5,5,0x5,28,28,28,0,0,0,7,12,13,,"체력/방어숙련/회피 +28",,,,,,,,,,,,,,,0xFF01FE,0,0,0,0,0,0,0,
4096,0,5,5,0x5,29,29,29,0,0,0,4,3,32,,"힘/민첩/치명타 +29",,,,,,,,,,,,,,,0xFF01FE,0,0,0,0,0,0,0,
4097,0,5,5,0x5,29,29,29,0,0,0,5,45,36,,"지능/주문력/가속도 +29",,,,,,,,,,,,,,,0xFF01FE,0,0,0,0,0,0,0,
4098,0,5,5,0x5,29,29,29,0,0,0,5,45,36,,"지능/주문력/가속도 +29",,,,,,,,,,,,,,,0xFF01FE,0,0,0,0,0,0,0,
4099,0,5,5,0x5,29,29,29,0,0,0,7,12,13,,"체력/방어숙련/회피 +29",,,,,,,,,,,,,,,0xFF01FE,0,0,0,0,0,0,0,
4100,0,5,5,0x5,30,30,30,0,0,0,4,3,32,,"힘/민첩/치명타 +30",,,,,,,,,,,,,,,0xFF01FE,0,0,0,0,0,0,0,
4101,0,5,5,0x5,30,30,30,0,0,0,5,45,36,,"지능/주문력/가속도 +30",,,,,,,,,,,,,,,0xFF01FE,0,0,0,0,0,0,0,
4102,0,5,5,0x5,30,30,30,0,0,0,5,45,36,,"지능/주문력/가속도 +30",,,,,,,,,,,,,,,0xFF01FE,0,0,0,0,0,0,0,
4103,0,5,5,0x5,30,30,30,0,0,0,7,12,13,,"체력/방어숙련/회피 +30",,,,,,,,,,,,,,,0xFF01FE,0,0,0,0,0,0,0,
