지역ID,맵ID,맵,상위지역ID,상위지역,지역명,매칭상태,좌표기준지역ID,대상구분,GUID,Entry,대상이름,X,Y,Z
1,0,동부 왕국,0,,던 모로,상위지역 좌표경계 대체,1,몬스터,4094,1125,멧돼지,-5534.43,-632.649,407.758
2,0,동부 왕국,40,서부 몰락지대,기나긴 해안,상위지역 좌표경계 대체,40,몬스터,89789,1109,식인독수리,-10585.1,1310.83,39.6822
3,0,동부 왕국,0,,황야의 땅,상위지역 좌표경계 대체,3,몬스터,7002,2727,바위산코요테,-6733.6,-3353.22,241.758
4,0,동부 왕국,0,,저주받은 땅,상위지역 좌표경계 대체,4,몬스터,134380,7846,파멸의 테레무스,-11685.9,-2955.42,7.736
7,0,동부 왕국,33,가시덤불 골짜기,검은바다 만,상위지역 좌표경계 대체,33,몬스터,833,783,백골가루부족 광전사,-13054.5,-843.752,71.3439
8,0,동부 왕국,0,,슬픔의 늪,상위지역 좌표경계 대체,8,몬스터,34153,865,스토나드 길잡이,-10383.4,-3373.6,22.8654
9,0,동부 왕국,12,엘윈 숲,노스샤이어 계곡,상위지역 좌표경계 대체,12,몬스터,80172,721,토끼,-9104.76,-222.075,74.0504
10,0,동부 왕국,0,,그늘숲,상위지역 좌표경계 대체,10,몬스터,6045,1258,우두머리 검은약탈자늑대,-10806.4,-538.414,38.4045
11,0,동부 왕국,0,,저습지,상위지역 좌표경계 대체,11,몬스터,10768,1057,용아귀부족 해골감시자,-3553.23,-2448.85,51.7919
12,0,동부 왕국,0,,엘윈 숲,상위지역 좌표경계 대체,12,몬스터,80172,721,토끼,-9104.76,-222.075,74.0504
13,0,동부 왕국,10,그늘숲,세계수,상위지역 좌표경계 대체,10,몬스터,6045,1258,우두머리 검은약탈자늑대,-10806.4,-538.414,38.4045
14,1,칼림도어,0,,듀로타,상위지역 좌표경계 대체,14,몬스터,12320,3112,서슬갈기일족 정찰병,52.693,-4613.99,46.8383
15,1,칼림도어,0,,먼지진흙 습지대,상위지역 좌표경계 대체,15,몬스터,18634,4393,산성 늪수액괴물,-3786.16,-3606.66,37.4825
16,1,칼림도어,0,,아즈샤라,상위지역 좌표경계 대체,16,몬스터,35540,6196,원한의꼬리일족 미르미돈,3585.72,-5791.59,-2.95189
17,1,칼림도어,0,,불모의 땅,상위지역 좌표경계 대체,17,몬스터,20887,3300,살모사,-1774.17,-2445.57,94.0997
18,0,동부 왕국,12,엘윈 숲,수정 호수,상위지역 좌표경계 대체,12,몬스터,80172,721,토끼,-9104.76,-222.075,74.0504
19,0,동부 왕국,33,가시덤불 골짜기,줄구룹,상위지역 좌표경계 대체,33,몬스터,833,783,백골가루부족 광전사,-13054.5,-843.752,71.3439
20,0,동부 왕국,40,서부 몰락지대,문브룩,상위지역 좌표경계 대체,40,몬스터,89789,1109,식인독수리,-10585.1,1310.83,39.6822
21,0,동부 왕국,0,,쿨 티라스,좌표 없음,,,,,,,,
23,0,동부 왕국,12,엘윈 숲,노스샤이어 강,상위지역 좌표경계 대체,12,몬스터,80172,721,토끼,-9104.76,-222.075,74.0504
24,0,동부 왕국,12,엘윈 숲,노스샤이어 수도원,상위지역 좌표경계 대체,12,몬스터,80172,721,토끼,-9104.76,-222.075,74.0504
25,0,동부 왕국,0,,검은바위 산,좌표 없음,,,,,,,,
26,0,동부 왕국,40,서부 몰락지대,등대,상위지역 좌표경계 대체,40,몬스터,89789,1109,식인독수리,-10585.1,1310.83,39.6822
28,0,동부 왕국,0,,서부 역병지대,상위지역 좌표경계 대체,28,몬스터,48260,4076,바퀴벌레,1930.58,-1714.77,61.6941
30,0,동부 왕국,0,,나인,좌표 없음,,,,,,,,
32,0,동부 왕국,10,그늘숲,묘지,상위지역 좌표경계 대체,10,몬스터,6045,1258,우두머리 검은약탈자늑대,-10806.4,-538.414,38.4045
33,0,동부 왕국,0,,가시덤불 골짜기,상위지역 좌표경계 대체,33,몬스터,833,783,백골가루부족 광전사,-13054.5,-843.752,71.3439
34,0,동부 왕국,12,엘윈 숲,메아리 광산,상위지역 좌표경계 대체,12,몬스터,80172,721,토끼,-9104.76,-222.075,74.0504
35,0,동부 왕국,33,가시덤불 골짜기,무법항,상위지역 좌표경계 대체,33,몬스터,833,783,백골가루부족 광전사,-13054.5,-843.752,71.3439
36,0,동부 왕국,0,,알터랙 산맥,상위지역 좌표경계 대체,36,몬스터,16994,2252,산사태 오우거,515.574,-620.737,170.678
37,0,동부 왕국,33,가시덤불 골짜기,나즈페리티 호수,상위지역 좌표경계 대체,33,몬스터,833,783,백골가루부족 광전사,-13054.5,-843.752,71.3439
38,0,동부 왕국,0,,모단 호수,상위지역 좌표경계 대체,38,몬스터,8332,1224,새끼 트레샤돈,-5415.41,-3391.13,262.328
40,0,동부 왕국,0,,서부 몰락지대,상위지역 좌표경계 대체,40,몬스터,89789,1109,식인독수리,-10585.1,1310.83,39.6822
41,0,동부 왕국,0,,죽음의 고개,상위지역 좌표경계 대체,41,몬스터,3990,7376,하늘그늘독수리,-10714.1,-2035.89,121.86
42,0,동부 왕국,10,그늘숲,다크샤이어,상위지역 좌표경계 대체,10,몬스터,6045,1258,우두머리 검은약탈자늑대,-10806.4,-538.414,38.4045
43,0,동부 왕국,33,가시덤불 골짜기,거친 해안,상위지역 좌표경계 대체,33,몬스터,833,783,백골가루부족 광전사,-13054.5,-843.752,71.3439
44,0,동부 왕국,0,,붉은마루 산맥,상위지역 좌표경계 대체,44,몬스터,134181,14270,망둥이,-9333.75,-2594.88,22.3274
45,0,동부 왕국,0,,아라시 고원,상위지역 좌표경계 대체,45,몬스터,14531,2762,떠도는 천둥 정령,-1353.3,-2680.84,69.1467
46,0,동부 왕국,0,,불타는 평원,상위지역 좌표경계 대체,46,몬스터,5404,9700,용암게,-8018.15,-1774.78,130.105
47,0,동부 왕국,0,,동부 내륙지,상위지역 좌표경계 대체,47,몬스터,93154,2656,비취 수액괴물,155.866,-3503.29,125.227
51,0,동부 왕국,0,,이글거리는 협곡,상위지역 좌표경계 대체,51,몬스터,5731,5855,용암 정령,-6864.68,-1431.31,160.301
53,0,동부 왕국,12,엘윈 숲,도둑 야영지,상위지역 좌표경계 대체,12,몬스터,80172,721,토끼,-9104.76,-222.075,74.0504
54,0,동부 왕국,12,엘윈 숲,석영 광산,상위지역 좌표경계 대체,12,몬스터,80172,721,토끼,-9104.76,-222.075,74.0504
55,0,동부 왕국,12,엘윈 숲,영웅의 계곡 미사용,상위지역 좌표경계 대체,12,몬스터,80172,721,토끼,-9104.76,-222.075,74.0504
56,0,동부 왕국,12,엘윈 숲,수호영웅의 안식처,상위지역 좌표경계 대체,12,몬스터,80172,721,토끼,-9104.76,-222.075,74.0504
57,0,동부 왕국,12,엘윈 숲,개미굴 광산,상위지역 좌표경계 대체,12,몬스터,80172,721,토끼,-9104.76,-222.075,74.0504
59,0,동부 왕국,12,엘윈 숲,노스샤이어 포도밭,상위지역 좌표경계 대체,12,몬스터,80172,721,토끼,-9104.76,-222.075,74.0504
60,0,동부 왕국,12,엘윈 숲,숲 가장자리,상위지역 좌표경계 대체,12,몬스터,80172,721,토끼,-9104.76,-222.075,74.0504
61,0,동부 왕국,12,엘윈 숲,천둥 폭포,상위지역 좌표경계 대체,12,몬스터,80172,721,토끼,-9104.76,-222.075,74.0504
62,0,동부 왕국,12,엘윈 숲,브랙웰 호박밭,상위지역 좌표경계 대체,12,몬스터,80172,721,토끼,-9104.76,-222.075,74.0504
63,0,동부 왕국,12,엘윈 숲,스톤필드 농장,상위지역 좌표경계 대체,12,몬스터,80172,721,토끼,-9104.76,-222.075,74.0504
64,0,동부 왕국,12,엘윈 숲,맥클루어 포도밭,상위지역 좌표경계 대체,12,몬스터,80172,721,토끼,-9104.76,-222.075,74.0504
65,571,노스렌드,0,,용의 안식처,직접 zoneId,65,몬스터,502,26280,용의 안식처 마법사 사냥꾼,3373.64,2584.31,42.1588
66,571,노스렌드,0,,줄드락,상위지역 좌표경계 대체,66,몬스터,118621,28145,잠복꾼 바실리스크,5940.0,-2956.64,287.57
67,571,노스렌드,0,,폭풍우 봉우리,직접 zoneId,67,몬스터,39203,32491,잃어버린 시간의 원시비룡,6748.21,-1664.31,919.312
68,0,동부 왕국,44,붉은마루 산맥,영원의 호수,상위지역 좌표경계 대체,44,몬스터,134181,14270,망둥이,-9333.75,-2594.88,22.3274
69,0,동부 왕국,44,붉은마루 산맥,레이크샤이어,상위지역 좌표경계 대체,44,몬스터,134181,14270,망둥이,-9333.75,-2594.88,22.3274
70,0,동부 왕국,44,붉은마루 산맥,돌망루 요새,상위지역 좌표경계 대체,44,몬스터,134181,14270,망둥이,-9333.75,-2594.88,22.3274
71,0,동부 왕국,44,붉은마루 산맥,돌망루 언덕,상위지역 좌표경계 대체,44,몬스터,134181,14270,망둥이,-9333.75,-2594.88,22.3274
72,0,동부 왕국,4,저주받은 땅,어둠의 문,상위지역 좌표경계 대체,4,몬스터,134380,7846,파멸의 테레무스,-11685.9,-2955.42,7.736
73,0,동부 왕국,4,저주받은 땅,타락의 흉터,상위지역 좌표경계 대체,4,몬스터,134380,7846,파멸의 테레무스,-11685.9,-2955.42,7.736
74,0,동부 왕국,8,슬픔의 늪,눈물의 연못,상위지역 좌표경계 대체,8,몬스터,34153,865,스토나드 길잡이,-10383.4,-3373.6,22.8654
75,0,동부 왕국,8,슬픔의 늪,스토나드,상위지역 좌표경계 대체,8,몬스터,34153,865,스토나드 길잡이,-10383.4,-3373.6,22.8654
76,0,동부 왕국,8,슬픔의 늪,드레노어 성역,상위지역 좌표경계 대체,8,몬스터,34153,865,스토나드 길잡이,-10383.4,-3373.6,22.8654
77,0,동부 왕국,1,던 모로,앤빌마,상위지역 좌표경계 대체,1,몬스터,4094,1125,멧돼지,-5534.43,-632.649,407.758
80,0,동부 왕국,12,엘윈 숲,스톰윈드 산맥,상위지역 좌표경계 대체,12,몬스터,80172,721,토끼,-9104.76,-222.075,74.0504
85,0,동부 왕국,0,,티리스팔 숲,직접 zoneId,85,몬스터,201194,10716,종탑 박쥐,2291.84,292.171,81.5713
86,0,동부 왕국,12,엘윈 숲,돌무덤 호수,상위지역 좌표경계 대체,12,몬스터,80172,721,토끼,-9104.76,-222.075,74.0504
87,0,동부 왕국,12,엘윈 숲,골드샤이어,상위지역 좌표경계 대체,12,몬스터,80172,721,토끼,-9104.76,-222.075,74.0504
88,0,동부 왕국,12,엘윈 숲,동부 벌목지,상위지역 좌표경계 대체,12,몬스터,80172,721,토끼,-9104.76,-222.075,74.0504
89,0,동부 왕국,12,엘윈 숲,거울 호수 과수원,상위지역 좌표경계 대체,12,몬스터,80172,721,토끼,-9104.76,-222.075,74.0504
91,0,동부 왕국,12,엘윈 숲,아조라의 탑,상위지역 좌표경계 대체,12,몬스터,80172,721,토끼,-9104.76,-222.075,74.0504
92,0,동부 왕국,12,엘윈 숲,거울 호수,상위지역 좌표경계 대체,12,몬스터,80172,721,토끼,-9104.76,-222.075,74.0504
93,0,동부 왕국,10,그늘숲,벌골 오우거 소굴,상위지역 좌표경계 대체,10,몬스터,6045,1258,우두머리 검은약탈자늑대,-10806.4,-538.414,38.4045
94,0,동부 왕국,10,그늘숲,까마귀 언덕,상위지역 좌표경계 대체,10,몬스터,6045,1258,우두머리 검은약탈자늑대,-10806.4,-538.414,38.4045
95,0,동부 왕국,44,붉은마루 산맥,붉은마루 협곡,상위지역 좌표경계 대체,44,몬스터,134181,14270,망둥이,-9333.75,-2594.88,22.3274
96,0,동부 왕국,44,붉은마루 산맥,일갈라의 탑,상위지역 좌표경계 대체,44,몬스터,134181,14270,망둥이,-9333.75,-2594.88,22.3274
97,0,동부 왕국,44,붉은마루 산맥,앨더의 제재소,상위지역 좌표경계 대체,44,몬스터,134181,14270,망둥이,-9333.75,-2594.88,22.3274
98,0,동부 왕국,44,붉은마루 산맥,레스밴 동굴,상위지역 좌표경계 대체,44,몬스터,134181,14270,망둥이,-9333.75,-2594.88,22.3274
99,0,동부 왕국,33,가시덤불 골짜기,반란군 야영지,상위지역 좌표경계 대체,33,몬스터,833,783,백골가루부족 광전사,-13054.5,-843.752,71.3439
100,0,동부 왕국,33,가시덤불 골짜기,네싱워리 원정대,상위지역 좌표경계 대체,33,몬스터,833,783,백골가루부족 광전사,-13054.5,-843.752,71.3439
101,0,동부 왕국,33,가시덤불 골짜기,쿠르젠 주둔지,상위지역 좌표경계 대체,33,몬스터,833,783,백골가루부족 광전사,-13054.5,-843.752,71.3439
102,0,동부 왕국,33,가시덤불 골짜기,줄쿤다의 폐허,상위지역 좌표경계 대체,33,몬스터,833,783,백골가루부족 광전사,-13054.5,-843.752,71.3439
103,0,동부 왕국,33,가시덤불 골짜기,줄맘웨의 폐허,상위지역 좌표경계 대체,33,몬스터,833,783,백골가루부족 광전사,-13054.5,-843.752,71.3439
104,0,동부 왕국,33,가시덤불 골짜기,썩은내 산호초,상위지역 좌표경계 대체,33,몬스터,833,783,백골가루부족 광전사,-13054.5,-843.752,71.3439
105,0,동부 왕국,33,가시덤불 골짜기,모쉬오그 오우거 소굴,상위지역 좌표경계 대체,33,몬스터,833,783,백골가루부족 광전사,-13054.5,-843.752,71.3439
106,0,동부 왕국,33,가시덤불 골짜기,보급창,상위지역 좌표경계 대체,33,몬스터,833,783,백골가루부족 광전사,-13054.5,-843.752,71.3439
107,0,동부 왕국,40,서부 몰락지대,살딘 농장,상위지역 좌표경계 대체,40,몬스터,89789,1109,식인독수리,-10585.1,1310.83,39.6822
108,0,동부 왕국,40,서부 몰락지대,감시의 언덕,상위지역 좌표경계 대체,40,몬스터,89789,1109,식인독수리,-10585.1,1310.83,39.6822
109,0,동부 왕국,40,서부 몰락지대,펄브로우 호박밭,상위지역 좌표경계 대체,40,몬스터,89789,1109,식인독수리,-10585.1,1310.83,39.6822
111,0,동부 왕국,40,서부 몰락지대,장고로드 광산,상위지역 좌표경계 대체,40,몬스터,89789,1109,식인독수리,-10585.1,1310.83,39.6822
113,0,동부 왕국,40,서부 몰락지대,황금해안 채석장,상위지역 좌표경계 대체,40,몬스터,89789,1109,식인독수리,-10585.1,1310.83,39.6822
115,0,동부 왕국,40,서부 몰락지대,서부 몰락지대 등대,상위지역 좌표경계 대체,40,몬스터,89789,1109,식인독수리,-10585.1,1310.83,39.6822
116,0,동부 왕국,8,슬픔의 늪,안개 골짜기,상위지역 좌표경계 대체,8,몬스터,34153,865,스토나드 길잡이,-10383.4,-3373.6,22.8654
117,0,동부 왕국,33,가시덤불 골짜기,그롬골 주둔지,상위지역 좌표경계 대체,33,몬스터,833,783,백골가루부족 광전사,-13054.5,-843.752,71.3439
118,0,동부 왕국,11,저습지,웰가르의 발굴현장,상위지역 좌표경계 대체,11,몬스터,10768,1057,용아귀부족 해골감시자,-3553.23,-2448.85,51.7919
120,0,동부 왕국,12,엘윈 숲,서부 주둔지,상위지역 좌표경계 대체,12,몬스터,80172,721,토끼,-9104.76,-222.075,74.0504
121,0,동부 왕국,10,그늘숲,고요의 정원 묘지,상위지역 좌표경계 대체,10,몬스터,6045,1258,우두머리 검은약탈자늑대,-10806.4,-538.414,38.4045
122,0,동부 왕국,33,가시덤불 골짜기,줄다이아 폐허,상위지역 좌표경계 대체,33,몬스터,833,783,백골가루부족 광전사,-13054.5,-843.752,71.3439
123,0,동부 왕국,33,가시덤불 골짜기,발랄 폐허,상위지역 좌표경계 대체,33,몬스터,833,783,백골가루부족 광전사,-13054.5,-843.752,71.3439
125,0,동부 왕국,33,가시덤불 골짜기,칼아이 폐허,상위지역 좌표경계 대체,33,몬스터,833,783,백골가루부족 광전사,-13054.5,-843.752,71.3439
126,0,동부 왕국,33,가시덤불 골짜기,트카시 폐허,상위지역 좌표경계 대체,33,몬스터,833,783,백골가루부족 광전사,-13054.5,-843.752,71.3439
127,0,동부 왕국,33,가시덤불 골짜기,발리아마 폐허,상위지역 좌표경계 대체,33,몬스터,833,783,백골가루부족 광전사,-13054.5,-843.752,71.3439
128,0,동부 왕국,33,가시덤불 골짜기,지아타자이 폐허,상위지역 좌표경계 대체,33,몬스터,833,783,백골가루부족 광전사,-13054.5,-843.752,71.3439
129,0,동부 왕국,33,가시덤불 골짜기,미즈자 폐허,상위지역 좌표경계 대체,33,몬스터,833,783,백골가루부족 광전사,-13054.5,-843.752,71.3439
130,0,동부 왕국,0,,은빛소나무 숲,상위지역 좌표경계 대체,130,몬스터,19181,1769,달의분노일족 백발전사,328.962,1318.76,78.1197
131,0,동부 왕국,1,던 모로,카라노스,상위지역 좌표경계 대체,1,몬스터,4094,1125,멧돼지,-5534.43,-632.649,407.758
132,0,동부 왕국,1,던 모로,눈마루 골짜기,상위지역 좌표경계 대체,1,몬스터,4094,1125,멧돼지,-5534.43,-632.649,407.758
133,0,동부 왕국,1,던 모로,놈리건,상위지역 좌표경계 대체,1,몬스터,4094,1125,멧돼지,-5534.43,-632.649,407.758
134,0,동부 왕국,1,던 모로,골볼라 채석장,상위지역 좌표경계 대체,1,몬스터,4094,1125,멧돼지,-5534.43,-632.649,407.758
135,0,동부 왕국,1,던 모로,서리갈기 소굴,상위지역 좌표경계 대체,1,몬스터,4094,1125,멧돼지,-5534.43,-632.649,407.758
136,0,동부 왕국,1,던 모로,은빛 동굴,상위지역 좌표경계 대체,1,몬스터,4094,1125,멧돼지,-5534.43,-632.649,407.758
137,0,동부 왕국,1,던 모로,브루날 마을,상위지역 좌표경계 대체,1,몬스터,4094,1125,멧돼지,-5534.43,-632.649,407.758
138,0,동부 왕국,1,던 모로,안개소나무 은거처,상위지역 좌표경계 대체,1,몬스터,4094,1125,멧돼지,-5534.43,-632.649,407.758
139,0,동부 왕국,0,,동부 역병지대,상위지역 좌표경계 대체,139,몬스터,92307,8603,청소부구더기,2373.64,-4302.37,77.8021
141,1,칼림도어,0,,텔드랏실,직접 zoneId,141,몬스터,12596,7319,여왕거미 사스라,10979.6,1366.13,1328.87
142,0,동부 왕국,38,모단 호수,아이언밴드의 발굴현장,상위지역 좌표경계 대체,38,몬스터,8332,1224,새끼 트레샤돈,-5415.41,-3391.13,262.328
143,0,동부 왕국,38,모단 호수,모그로쉬 소굴,상위지역 좌표경계 대체,38,몬스터,8332,1224,새끼 트레샤돈,-5415.41,-3391.13,262.328
144,0,동부 왕국,38,모단 호수,텔사마,상위지역 좌표경계 대체,38,몬스터,8332,1224,새끼 트레샤돈,-5415.41,-3391.13,262.328
145,0,동부 왕국,38,모단 호수,알가즈 관문,상위지역 좌표경계 대체,38,몬스터,8332,1224,새끼 트레샤돈,-5415.41,-3391.13,262.328
146,0,동부 왕국,38,모단 호수,돌다지 댐,상위지역 좌표경계 대체,38,몬스터,8332,1224,새끼 트레샤돈,-5415.41,-3391.13,262.328
147,0,동부 왕국,38,모단 호수,순찰자의 오두막,상위지역 좌표경계 대체,38,몬스터,8332,1224,새끼 트레샤돈,-5415.41,-3391.13,262.328
148,1,칼림도어,0,,어둠의 해안,상위지역 좌표경계 대체,148,몬스터,38486,10160,사나운 달빛야수,6213.59,-155.208,79.3315
149,0,동부 왕국,38,모단 호수,은여울 광산,상위지역 좌표경계 대체,38,몬스터,8332,1224,새끼 트레샤돈,-5415.41,-3391.13,262.328
150,0,동부 왕국,11,저습지,메네실 항구,상위지역 좌표경계 대체,11,몬스터,10768,1057,용아귀부족 해골감시자,-3553.23,-2448.85,51.7919
152,0,동부 왕국,85,티리스팔 숲,보루,상위지역 zoneId 대체,85,몬스터,201194,10716,종탑 박쥐,2291.84,292.171,81.5713
153,0,동부 왕국,85,티리스팔 숲,로데론의 폐허,상위지역 zoneId 대체,85,몬스터,201194,10716,종탑 박쥐,2291.84,292.171,81.5713
154,0,동부 왕국,85,티리스팔 숲,데스넬,상위지역 zoneId 대체,85,몬스터,201194,10716,종탑 박쥐,2291.84,292.171,81.5713
155,0,동부 왕국,85,티리스팔 숲,검은그물 거미굴,상위지역 zoneId 대체,85,몬스터,201194,10716,종탑 박쥐,2291.84,292.171,81.5713
156,0,동부 왕국,85,티리스팔 숲,솔리덴 농장,상위지역 zoneId 대체,85,몬스터,201194,10716,종탑 박쥐,2291.84,292.171,81.5713
157,0,동부 왕국,85,티리스팔 숲,아가만드 밀농장,상위지역 zoneId 대체,85,몬스터,201194,10716,종탑 박쥐,2291.84,292.171,81.5713
158,0,동부 왕국,85,티리스팔 숲,아가만드가 납골당,상위지역 zoneId 대체,85,몬스터,201194,10716,종탑 박쥐,2291.84,292.171,81.5713
159,0,동부 왕국,85,티리스팔 숲,브릴,상위지역 zoneId 대체,85,몬스터,201194,10716,종탑 박쥐,2291.84,292.171,81.5713
160,0,동부 왕국,85,티리스팔 숲,속삭임의 정원,상위지역 zoneId 대체,85,몬스터,201194,10716,종탑 박쥐,2291.84,292.171,81.5713
161,0,동부 왕국,85,티리스팔 숲,평온의 정원,상위지역 zoneId 대체,85,몬스터,201194,10716,종탑 박쥐,2291.84,292.171,81.5713
162,0,동부 왕국,85,티리스팔 숲,청명 호수,상위지역 zoneId 대체,85,몬스터,201194,10716,종탑 박쥐,2291.84,292.171,81.5713
163,0,동부 왕국,85,티리스팔 숲,군터의 은거지,상위지역 zoneId 대체,85,몬스터,201194,10716,종탑 박쥐,2291.84,292.171,81.5713
164,0,동부 왕국,85,티리스팔 숲,가렌의 흉가,상위지역 zoneId 대체,85,몬스터,201194,10716,종탑 박쥐,2291.84,292.171,81.5713
165,0,동부 왕국,85,티리스팔 숲,발니르 농장,상위지역 zoneId 대체,85,몬스터,201194,10716,종탑 박쥐,2291.84,292.171,81.5713
166,0,동부 왕국,85,티리스팔 숲,버려진 장원,상위지역 zoneId 대체,85,몬스터,201194,10716,종탑 박쥐,2291.84,292.171,81.5713
167,0,동부 왕국,85,티리스팔 숲,붉은십자군 전초기지,상위지역 zoneId 대체,85,몬스터,201194,10716,종탑 박쥐,2291.84,292.171,81.5713
168,0,동부 왕국,85,티리스팔 숲,북부 해안,상위지역 zoneId 대체,85,몬스터,201194,10716,종탑 박쥐,2291.84,292.171,81.5713
169,0,동부 왕국,85,티리스팔 숲,속삭임의 해안,상위지역 zoneId 대체,85,몬스터,201194,10716,종탑 박쥐,2291.84,292.171,81.5713
170,0,동부 왕국,0,,로다미어 호수,좌표 없음,,,,,,,,
172,0,동부 왕국,130,은빛소나무 숲,펜리스 섬,상위지역 좌표경계 대체,130,몬스터,19181,1769,달의분노일족 백발전사,328.962,1318.76,78.1197
173,0,동부 왕국,85,티리스팔 숲,파올의 안식처,상위지역 zoneId 대체,85,몬스터,201194,10716,종탑 박쥐,2291.84,292.171,81.5713
186,1,칼림도어,141,텔드랏실,돌라나르,상위지역 zoneId 대체,141,몬스터,12596,7319,여왕거미 사스라,10979.6,1366.13,1328.87
187,1,칼림도어,141,텔드랏실,다르나서스 미사용,상위지역 zoneId 대체,141,몬스터,12596,7319,여왕거미 사스라,10979.6,1366.13,1328.87
188,1,칼림도어,141,텔드랏실,그늘 협곡,상위지역 zoneId 대체,141,몬스터,12596,7319,여왕거미 사스라,10979.6,1366.13,1328.87
189,0,동부 왕국,1,던 모로,스틸그릴의 정비소,상위지역 좌표경계 대체,1,몬스터,4094,1125,멧돼지,-5534.43,-632.649,407.758
190,0,동부 왕국,28,서부 역병지대,하스글렌,상위지역 좌표경계 대체,28,몬스터,48260,4076,바퀴벌레,1930.58,-1714.77,61.6941
192,0,동부 왕국,28,서부 역병지대,북마루 벌목지,상위지역 좌표경계 대체,28,몬스터,48260,4076,바퀴벌레,1930.58,-1714.77,61.6941
193,0,동부 왕국,28,서부 역병지대,안돌할 폐허,상위지역 좌표경계 대체,28,몬스터,48260,4076,바퀴벌레,1930.58,-1714.77,61.6941
195,0,동부 왕국,28,서부 역병지대,강령술 학교,상위지역 좌표경계 대체,28,몬스터,48260,4076,바퀴벌레,1930.58,-1714.77,61.6941
196,0,동부 왕국,28,서부 역병지대,우서 경의 무덤,상위지역 좌표경계 대체,28,몬스터,48260,4076,바퀴벌레,1930.58,-1714.77,61.6941
197,0,동부 왕국,28,서부 역병지대,슬픔의 언덕,상위지역 좌표경계 대체,28,몬스터,48260,4076,바퀴벌레,1930.58,-1714.77,61.6941
198,0,동부 왕국,28,서부 역병지대,진흙탕 동굴,상위지역 좌표경계 대체,28,몬스터,48260,4076,바퀴벌레,1930.58,-1714.77,61.6941
199,0,동부 왕국,28,서부 역병지대,펠스톤 농장,상위지역 좌표경계 대체,28,몬스터,48260,4076,바퀴벌레,1930.58,-1714.77,61.6941
200,0,동부 왕국,28,서부 역병지대,달슨의 눈물,상위지역 좌표경계 대체,28,몬스터,48260,4076,바퀴벌레,1930.58,-1714.77,61.6941
201,0,동부 왕국,28,서부 역병지대,가론의 흉가,상위지역 좌표경계 대체,28,몬스터,48260,4076,바퀴벌레,1930.58,-1714.77,61.6941
202,0,동부 왕국,28,서부 역병지대,고통의 흉가,상위지역 좌표경계 대체,28,몬스터,48260,4076,바퀴벌레,1930.58,-1714.77,61.6941
203,0,동부 왕국,28,서부 역병지대,마르덴홀드 요새,상위지역 좌표경계 대체,28,몬스터,48260,4076,바퀴벌레,1930.58,-1714.77,61.6941
204,0,동부 왕국,130,은빛소나무 숲,장작나무 마을,상위지역 좌표경계 대체,130,몬스터,19181,1769,달의분노일족 백발전사,328.962,1318.76,78.1197
205,0,동부 왕국,11,저습지,던 모드르,상위지역 좌표경계 대체,11,몬스터,10768,1057,용아귀부족 해골감시자,-3553.23,-2448.85,51.7919
210,571,노스렌드,0,,얼음왕관,직접 zoneId,210,몬스터,140200,31159,밸로크,6408.76,1725.81,508.601
211,0,동부 왕국,1,던 모로,얼음 호수,상위지역 좌표경계 대체,1,몬스터,4094,1125,멧돼지,-5534.43,-632.649,407.758
212,0,동부 왕국,1,던 모로,투구바닥 호수,상위지역 좌표경계 대체,1,몬스터,4094,1125,멧돼지,-5534.43,-632.649,407.758
213,0,동부 왕국,130,은빛소나무 숲,심원 광산,상위지역 좌표경계 대체,130,몬스터,19181,1769,달의분노일족 백발전사,328.962,1318.76,78.1197
214,0,동부 왕국,0,,대해,좌표 없음,,,,,,,,
215,1,칼림도어,0,,멀고어,상위지역 좌표경계 대체,215,몬스터,25557,2959,긴발톱 초원늑대,-1950.9,-482.575,-7.77616
219,0,동부 왕국,40,서부 몰락지대,알렉스턴 농장,상위지역 좌표경계 대체,40,몬스터,89789,1109,식인독수리,-10585.1,1310.83,39.6822
220,1,칼림도어,215,멀고어,붉은구름 고원,상위지역 좌표경계 대체,215,몬스터,25557,2959,긴발톱 초원늑대,-1950.9,-482.575,-7.77616
221,1,칼림도어,215,멀고어,나라체 야영지,상위지역 좌표경계 대체,215,몬스터,25557,2959,긴발톱 초원늑대,-1950.9,-482.575,-7.77616
222,1,칼림도어,215,멀고어,블러드후프 마을,상위지역 좌표경계 대체,215,몬스터,25557,2959,긴발톱 초원늑대,-1950.9,-482.575,-7.77616
223,1,칼림도어,215,멀고어,황소바위 호수,상위지역 좌표경계 대체,215,몬스터,25557,2959,긴발톱 초원늑대,-1950.9,-482.575,-7.77616
224,1,칼림도어,215,멀고어,습격당한 짐마차 행렬,상위지역 좌표경계 대체,215,몬스터,25557,2959,긴발톱 초원늑대,-1950.9,-482.575,-7.77616
225,1,칼림도어,215,멀고어,붉은 바위 언덕,상위지역 좌표경계 대체,215,몬스터,25557,2959,긴발톱 초원늑대,-1950.9,-482.575,-7.77616
226,0,동부 왕국,130,은빛소나무 숲,암흑 땅거미굴,상위지역 좌표경계 대체,130,몬스터,19181,1769,달의분노일족 백발전사,328.962,1318.76,78.1197
227,0,동부 왕국,130,은빛소나무 숲,발간 농장,상위지역 좌표경계 대체,130,몬스터,19181,1769,달의분노일족 백발전사,328.962,1318.76,78.1197
228,0,동부 왕국,130,은빛소나무 숲,공동묘지,상위지역 좌표경계 대체,130,몬스터,19181,1769,달의분노일족 백발전사,328.962,1318.76,78.1197
229,0,동부 왕국,130,은빛소나무 숲,올슨 농장,상위지역 좌표경계 대체,130,몬스터,19181,1769,달의분노일족 백발전사,328.962,1318.76,78.1197
230,0,동부 왕국,130,은빛소나무 숲,그레이메인 성벽,상위지역 좌표경계 대체,130,몬스터,19181,1769,달의분노일족 백발전사,328.962,1318.76,78.1197
231,0,동부 왕국,130,은빛소나무 숲,베렌의 동굴,상위지역 좌표경계 대체,130,몬스터,19181,1769,달의분노일족 백발전사,328.962,1318.76,78.1197
232,0,동부 왕국,130,은빛소나무 숲,여명의 섬,상위지역 좌표경계 대체,130,몬스터,19181,1769,달의분노일족 백발전사,328.962,1318.76,78.1197
233,0,동부 왕국,130,은빛소나무 숲,앰버밀,상위지역 좌표경계 대체,130,몬스터,19181,1769,달의분노일족 백발전사,328.962,1318.76,78.1197
235,0,동부 왕국,130,은빛소나무 숲,펜리스 요새,상위지역 좌표경계 대체,130,몬스터,19181,1769,달의분노일족 백발전사,328.962,1318.76,78.1197
236,0,동부 왕국,130,은빛소나무 숲,그림자송곳니 성채,상위지역 좌표경계 대체,130,몬스터,19181,1769,달의분노일족 백발전사,328.962,1318.76,78.1197
237,0,동부 왕국,130,은빛소나무 숲,오래된 나루터,상위지역 좌표경계 대체,130,몬스터,19181,1769,달의분노일족 백발전사,328.962,1318.76,78.1197
238,0,동부 왕국,130,은빛소나무 숲,말덴의 과수원,상위지역 좌표경계 대체,130,몬스터,19181,1769,달의분노일족 백발전사,328.962,1318.76,78.1197
239,0,동부 왕국,130,은빛소나무 숲,이바르 호박밭,상위지역 좌표경계 대체,130,몬스터,19181,1769,달의분노일족 백발전사,328.962,1318.76,78.1197
240,0,동부 왕국,130,은빛소나무 숲,죽음의 농장,상위지역 좌표경계 대체,130,몬스터,19181,1769,달의분노일족 백발전사,328.962,1318.76,78.1197
241,0,동부 왕국,10,그늘숲,오염된 과수원,상위지역 좌표경계 대체,10,몬스터,6045,1258,우두머리 검은약탈자늑대,-10806.4,-538.414,38.4045
242,0,동부 왕국,10,그늘숲,밝은숲,상위지역 좌표경계 대체,10,몬스터,6045,1258,우두머리 검은약탈자늑대,-10806.4,-538.414,38.4045
243,0,동부 왕국,10,그늘숲,버려진 흉가,상위지역 좌표경계 대체,10,몬스터,6045,1258,우두머리 검은약탈자늑대,-10806.4,-538.414,38.4045
244,0,동부 왕국,10,그늘숲,휘플가 저택,상위지역 좌표경계 대체,10,몬스터,6045,1258,우두머리 검은약탈자늑대,-10806.4,-538.414,38.4045
245,0,동부 왕국,10,그늘숲,요르겐 농장,상위지역 좌표경계 대체,10,몬스터,6045,1258,우두머리 검은약탈자늑대,-10806.4,-538.414,38.4045
246,0,동부 왕국,51,이글거리는 협곡,용광로,상위지역 좌표경계 대체,51,몬스터,5731,5855,용암 정령,-6864.68,-1431.31,160.301
247,0,동부 왕국,51,이글거리는 협곡,검댕가루 발굴현장,상위지역 좌표경계 대체,51,몬스터,5731,5855,용암 정령,-6864.68,-1431.31,160.301
249,0,동부 왕국,46,불타는 평원,우레망치 바위굴,상위지역 좌표경계 대체,46,몬스터,5404,9700,용암게,-8018.15,-1774.78,130.105
250,0,동부 왕국,46,불타는 평원,타우릿산의 폐허,상위지역 좌표경계 대체,46,몬스터,5404,9700,용암게,-8018.15,-1774.78,130.105
251,0,동부 왕국,46,불타는 평원,화염 마루,상위지역 좌표경계 대체,46,몬스터,5404,9700,용암게,-8018.15,-1774.78,130.105
252,0,동부 왕국,46,불타는 평원,검은바위 요새,상위지역 좌표경계 대체,46,몬스터,5404,9700,용암게,-8018.15,-1774.78,130.105
253,0,동부 왕국,46,불타는 평원,잿빛 기둥,상위지역 좌표경계 대체,46,몬스터,5404,9700,용암게,-8018.15,-1774.78,130.105
254,0,동부 왕국,46,불타는 평원,검은바위 산,상위지역 좌표경계 대체,46,몬스터,5404,9700,용암게,-8018.15,-1774.78,130.105
255,0,동부 왕국,46,불타는 평원,폭풍의 제단,상위지역 좌표경계 대체,46,몬스터,5404,9700,용암게,-8018.15,-1774.78,130.105
256,1,칼림도어,141,텔드랏실,알드랏실,상위지역 zoneId 대체,141,몬스터,12596,7319,여왕거미 사스라,10979.6,1366.13,1328.87
257,1,칼림도어,141,텔드랏실,그늘 거미굴,상위지역 zoneId 대체,141,몬스터,12596,7319,여왕거미 사스라,10979.6,1366.13,1328.87
258,1,칼림도어,141,텔드랏실,악마 바위굴,상위지역 zoneId 대체,141,몬스터,12596,7319,여왕거미 사스라,10979.6,1366.13,1328.87
259,1,칼림도어,141,텔드랏실,알아메스 호수,상위지역 zoneId 대체,141,몬스터,12596,7319,여왕거미 사스라,10979.6,1366.13,1328.87
260,1,칼림도어,141,텔드랏실,별바람 마을,상위지역 zoneId 대체,141,몬스터,12596,7319,여왕거미 사스라,10979.6,1366.13,1328.87
261,1,칼림도어,141,텔드랏실,나무옹이 요새,상위지역 zoneId 대체,141,몬스터,12596,7319,여왕거미 사스라,10979.6,1366.13,1328.87
262,1,칼림도어,141,텔드랏실,바네실 지하굴,상위지역 zoneId 대체,141,몬스터,12596,7319,여왕거미 사스라,10979.6,1366.13,1328.87
263,1,칼림도어,141,텔드랏실,바위 동굴,상위지역 zoneId 대체,141,몬스터,12596,7319,여왕거미 사스라,10979.6,1366.13,1328.87
264,1,칼림도어,141,텔드랏실,신탁의 숲,상위지역 zoneId 대체,141,몬스터,12596,7319,여왕거미 사스라,10979.6,1366.13,1328.87
265,1,칼림도어,141,텔드랏실,생명의 강,상위지역 zoneId 대체,141,몬스터,12596,7319,여왕거미 사스라,10979.6,1366.13,1328.87
266,1,칼림도어,141,텔드랏실,생명의 호수,상위지역 zoneId 대체,141,몬스터,12596,7319,여왕거미 사스라,10979.6,1366.13,1328.87
267,0,동부 왕국,0,,힐스브래드 구릉지,직접 zoneId,267,NPC,14896,620,닭,-816.161,-616.04,13.8808
269,0,동부 왕국,0,,던 알가즈,좌표 없음,,,,,,,,
271,0,동부 왕국,267,힐스브래드 구릉지,사우스쇼어,직접 areaId,271,NPC,14896,620,닭,-816.161,-616.04,13.8808
272,0,동부 왕국,267,힐스브래드 구릉지,타렌 밀농장,상위지역 zoneId 대체,267,NPC,14896,620,닭,-816.161,-616.04,13.8808
275,0,동부 왕국,267,힐스브래드 구릉지,던홀드 요새,상위지역 zoneId 대체,267,NPC,14896,620,닭,-816.161,-616.04,13.8808
276,0,동부 왕국,0,,돌다지 고개 미사용,좌표 없음,,,,,,,,
277,0,동부 왕국,36,알터랙 산맥,구릉지 동굴,상위지역 좌표경계 대체,36,몬스터,16994,2252,산사태 오우거,515.574,-620.737,170.678
278,0,동부 왕국,36,알터랙 산맥,로다미어 포로수용소,상위지역 좌표경계 대체,36,몬스터,16994,2252,산사태 오우거,515.574,-620.737,170.678
279,0,동부 왕국,36,알터랙 산맥,달라란 구덩이,상위지역 좌표경계 대체,36,몬스터,16994,2252,산사태 오우거,515.574,-620.737,170.678
280,0,동부 왕국,36,알터랙 산맥,스트란브래드,상위지역 좌표경계 대체,36,몬스터,16994,2252,산사태 오우거,515.574,-620.737,170.678
281,0,동부 왕국,36,알터랙 산맥,알터랙 폐허,상위지역 좌표경계 대체,36,몬스터,16994,2252,산사태 오우거,515.574,-620.737,170.678
282,0,동부 왕국,36,알터랙 산맥,산사태 오우거 소굴,상위지역 좌표경계 대체,36,몬스터,16994,2252,산사태 오우거,515.574,-620.737,170.678
283,0,동부 왕국,36,알터랙 산맥,살육의 동굴,상위지역 좌표경계 대체,36,몬스터,16994,2252,산사태 오우거,515.574,-620.737,170.678
284,0,동부 왕국,36,알터랙 산맥,고원,상위지역 좌표경계 대체,36,몬스터,16994,2252,산사태 오우거,515.574,-620.737,170.678
285,0,동부 왕국,267,힐스브래드 구릉지,남부 경비탑,상위지역 zoneId 대체,267,NPC,14896,620,닭,-816.161,-616.04,13.8808
286,0,동부 왕국,267,힐스브래드 구릉지,힐스브래드 농장,상위지역 zoneId 대체,267,NPC,14896,620,닭,-816.161,-616.04,13.8808
287,0,동부 왕국,267,힐스브래드 구릉지,힐스브래드,상위지역 zoneId 대체,267,NPC,14896,620,닭,-816.161,-616.04,13.8808
288,0,동부 왕국,267,힐스브래드 구릉지,청금석 광산,상위지역 zoneId 대체,267,NPC,14896,620,닭,-816.161,-616.04,13.8808
289,0,동부 왕국,267,힐스브래드 구릉지,네산더 농장,상위지역 zoneId 대체,267,NPC,14896,620,닭,-816.161,-616.04,13.8808
290,0,동부 왕국,267,힐스브래드 구릉지,던 가록,상위지역 zoneId 대체,267,NPC,14896,620,닭,-816.161,-616.04,13.8808
293,0,동부 왕국,0,,소라딘의 성벽,좌표 없음,,,,,,,,
294,0,동부 왕국,267,힐스브래드 구릉지,동부 해안,상위지역 zoneId 대체,267,NPC,14896,620,닭,-816.161,-616.04,13.8808
295,0,동부 왕국,267,힐스브래드 구릉지,서부 해안,상위지역 zoneId 대체,267,NPC,14896,620,닭,-816.161,-616.04,13.8808
296,0,동부 왕국,0,,남쪽 바다 미사용,좌표 없음,,,,,,,,
297,0,동부 왕국,33,가시덤불 골짜기,자구에로 섬,상위지역 좌표경계 대체,33,몬스터,833,783,백골가루부족 광전사,-13054.5,-843.752,71.3439
298,0,동부 왕국,11,저습지,바라딘 만,상위지역 좌표경계 대체,11,몬스터,10768,1057,용아귀부족 해골감시자,-3553.23,-2448.85,51.7919
299,0,동부 왕국,11,저습지,메네실 만,상위지역 좌표경계 대체,11,몬스터,10768,1057,용아귀부족 해골감시자,-3553.23,-2448.85,51.7919
300,0,동부 왕국,8,슬픔의 늪,안개갈대 해안,상위지역 좌표경계 대체,8,몬스터,34153,865,스토나드 길잡이,-10383.4,-3373.6,22.8654
301,0,동부 왕국,33,가시덤불 골짜기,폭풍 해안,상위지역 좌표경계 대체,33,몬스터,833,783,백골가루부족 광전사,-13054.5,-843.752,71.3439
302,0,동부 왕국,33,가시덤불 골짜기,수정 해안,상위지역 좌표경계 대체,33,몬스터,833,783,백골가루부족 광전사,-13054.5,-843.752,71.3439
303,0,동부 왕국,33,가시덤불 골짜기,조개껍질 해안,상위지역 좌표경계 대체,33,몬스터,833,783,백골가루부족 광전사,-13054.5,-843.752,71.3439
305,0,동부 왕국,130,은빛소나무 숲,북부 해안가,상위지역 좌표경계 대체,130,몬스터,19181,1769,달의분노일족 백발전사,328.962,1318.76,78.1197
306,0,동부 왕국,130,은빛소나무 숲,남부 해안가,상위지역 좌표경계 대체,130,몬스터,19181,1769,달의분노일족 백발전사,328.962,1318.76,78.1197
307,0,동부 왕국,47,동부 내륙지,전망대 절벽,상위지역 좌표경계 대체,47,몬스터,93154,2656,비취 수액괴물,155.866,-3503.29,125.227
308,0,동부 왕국,0,,성난 바다,좌표 없음,,,,,,,,
309,0,동부 왕국,11,저습지,아이언비어드의 고분,상위지역 좌표경계 대체,11,몬스터,10768,1057,용아귀부족 해골감시자,-3553.23,-2448.85,51.7919
310,0,동부 왕국,33,가시덤불 골짜기,수정 광산,상위지역 좌표경계 대체,33,몬스터,833,783,백골가루부족 광전사,-13054.5,-843.752,71.3439
311,0,동부 왕국,33,가시덤불 골짜기,아보라즈의 폐허,상위지역 좌표경계 대체,33,몬스터,833,783,백골가루부족 광전사,-13054.5,-843.752,71.3439
312,0,동부 왕국,33,가시덤불 골짜기,자네이로 섬,상위지역 좌표경계 대체,33,몬스터,833,783,백골가루부족 광전사,-13054.5,-843.752,71.3439
313,0,동부 왕국,45,아라시 고원,북부습곡 장원,상위지역 좌표경계 대체,45,몬스터,14531,2762,떠도는 천둥 정령,-1353.3,-2680.84,69.1467
314,0,동부 왕국,45,아라시 고원,고셰크 농장,상위지역 좌표경계 대체,45,몬스터,14531,2762,떠도는 천둥 정령,-1353.3,-2680.84,69.1467
315,0,동부 왕국,45,아라시 고원,다비리 농장,상위지역 좌표경계 대체,45,몬스터,14531,2762,떠도는 천둥 정령,-1353.3,-2680.84,69.1467
316,0,동부 왕국,45,아라시 고원,돌주먹일족 소굴,상위지역 좌표경계 대체,45,몬스터,14531,2762,떠도는 천둥 정령,-1353.3,-2680.84,69.1467
317,0,동부 왕국,45,아라시 고원,마른나무껍질 마을,상위지역 좌표경계 대체,45,몬스터,14531,2762,떠도는 천둥 정령,-1353.3,-2680.84,69.1467
318,0,동부 왕국,45,아라시 고원,마른수염 골짜기,상위지역 좌표경계 대체,45,몬스터,14531,2762,떠도는 천둥 정령,-1353.3,-2680.84,69.1467
320,0,동부 왕국,45,아라시 고원,임시 주둔지,상위지역 좌표경계 대체,45,몬스터,14531,2762,떠도는 천둥 정령,-1353.3,-2680.84,69.1467
321,0,동부 왕국,45,아라시 고원,해머폴,상위지역 좌표경계 대체,45,몬스터,14531,2762,떠도는 천둥 정령,-1353.3,-2680.84,69.1467
322,0,동부 왕국,45,아라시 고원,검은바다 난파지,상위지역 좌표경계 대체,45,몬스터,14531,2762,떠도는 천둥 정령,-1353.3,-2680.84,69.1467
323,0,동부 왕국,45,아라시 고원,오브린의 야영지,상위지역 좌표경계 대체,45,몬스터,14531,2762,떠도는 천둥 정령,-1353.3,-2680.84,69.1467
324,0,동부 왕국,45,아라시 고원,스트롬가드 요새,상위지역 좌표경계 대체,45,몬스터,14531,2762,떠도는 천둥 정령,-1353.3,-2680.84,69.1467
325,0,동부 왕국,45,아라시 고원,아라소르의 탑,상위지역 좌표경계 대체,45,몬스터,14531,2762,떠도는 천둥 정령,-1353.3,-2680.84,69.1467
326,0,동부 왕국,45,아라시 고원,성소,상위지역 좌표경계 대체,45,몬스터,14531,2762,떠도는 천둥 정령,-1353.3,-2680.84,69.1467
327,0,동부 왕국,45,아라시 고원,팔디르의 만,상위지역 좌표경계 대체,45,몬스터,14531,2762,떠도는 천둥 정령,-1353.3,-2680.84,69.1467
328,0,동부 왕국,45,아라시 고원,가라앉은 산호초,상위지역 좌표경계 대체,45,몬스터,14531,2762,떠도는 천둥 정령,-1353.3,-2680.84,69.1467
330,0,동부 왕국,0,,탄돌 교각,좌표 없음,,,,,,,,
331,1,칼림도어,0,,잿빛 골짜기,직접 zoneId,331,몬스터,32884,10644,긴울음 안개늑대,3528.78,628.189,9.04502
332,1,칼림도어,0,,대해,좌표 없음,,,,,,,,
333,0,동부 왕국,45,아라시 고원,동쪽 봉인의 마법진,상위지역 좌표경계 대체,45,몬스터,14531,2762,떠도는 천둥 정령,-1353.3,-2680.84,69.1467
334,0,동부 왕국,45,아라시 고원,서쪽 봉인의 마법진,상위지역 좌표경계 대체,45,몬스터,14531,2762,떠도는 천둥 정령,-1353.3,-2680.84,69.1467
335,0,동부 왕국,45,아라시 고원,내부 봉인의 마법진,상위지역 좌표경계 대체,45,몬스터,14531,2762,떠도는 천둥 정령,-1353.3,-2680.84,69.1467
336,0,동부 왕국,45,아라시 고원,외부 봉인의 마법진,상위지역 좌표경계 대체,45,몬스터,14531,2762,떠도는 천둥 정령,-1353.3,-2680.84,69.1467
337,0,동부 왕국,3,황야의 땅,아포크리판의 안식처,상위지역 좌표경계 대체,3,몬스터,7002,2727,바위산코요테,-6733.6,-3353.22,241.758
338,0,동부 왕국,3,황야의 땅,고통의 요새,상위지역 좌표경계 대체,3,몬스터,7002,2727,바위산코요테,-6733.6,-3353.22,241.758
339,0,동부 왕국,3,황야의 땅,레슬로 협곡,상위지역 좌표경계 대체,3,몬스터,7002,2727,바위산코요테,-6733.6,-3353.22,241.758
340,0,동부 왕국,3,황야의 땅,카르가스,상위지역 좌표경계 대체,3,몬스터,7002,2727,바위산코요테,-6733.6,-3353.22,241.758
341,0,동부 왕국,3,황야의 땅,코쉬 야영지,상위지역 좌표경계 대체,3,몬스터,7002,2727,바위산코요테,-6733.6,-3353.22,241.758
342,0,동부 왕국,3,황야의 땅,보프 야영지,상위지역 좌표경계 대체,3,몬스터,7002,2727,바위산코요테,-6733.6,-3353.22,241.758
343,0,동부 왕국,3,황야의 땅,우르그 야영지,상위지역 좌표경계 대체,3,몬스터,7002,2727,바위산코요테,-6733.6,-3353.22,241.758
344,0,동부 왕국,3,황야의 땅,카그 야영지,상위지역 좌표경계 대체,3,몬스터,7002,2727,바위산코요테,-6733.6,-3353.22,241.758
345,0,동부 왕국,3,황야의 땅,아그몬드의 최후,상위지역 좌표경계 대체,3,몬스터,7002,2727,바위산코요테,-6733.6,-3353.22,241.758
346,0,동부 왕국,3,황야의 땅,해머토의 발굴현장,상위지역 좌표경계 대체,3,몬스터,7002,2727,바위산코요테,-6733.6,-3353.22,241.758
347,0,동부 왕국,3,황야의 땅,먼지목도리 소굴,상위지역 좌표경계 대체,3,몬스터,7002,2727,바위산코요테,-6733.6,-3353.22,241.758
348,0,동부 왕국,47,동부 내륙지,맹금의 봉우리,상위지역 좌표경계 대체,47,몬스터,93154,2656,비취 수액괴물,155.866,-3503.29,125.227
349,0,동부 왕국,47,동부 내륙지,와일드해머 요새,상위지역 좌표경계 대체,47,몬스터,93154,2656,비취 수액괴물,155.866,-3503.29,125.227
350,0,동부 왕국,47,동부 내륙지,쿠엘다닐 오두막,상위지역 좌표경계 대체,47,몬스터,93154,2656,비취 수액괴물,155.866,-3503.29,125.227
351,0,동부 왕국,47,동부 내륙지,굼벵이 바위굴,상위지역 좌표경계 대체,47,몬스터,93154,2656,비취 수액괴물,155.866,-3503.29,125.227
352,0,동부 왕국,47,동부 내륙지,준와타,상위지역 좌표경계 대체,47,몬스터,93154,2656,비취 수액괴물,155.866,-3503.29,125.227
353,0,동부 왕국,47,동부 내륙지,샤드라알로,상위지역 좌표경계 대체,47,몬스터,93154,2656,비취 수액괴물,155.866,-3503.29,125.227
354,0,동부 왕국,47,동부 내륙지,진타알로,상위지역 좌표경계 대체,47,몬스터,93154,2656,비취 수액괴물,155.866,-3503.29,125.227
355,0,동부 왕국,47,동부 내륙지,줄의 제단,상위지역 좌표경계 대체,47,몬스터,93154,2656,비취 수액괴물,155.866,-3503.29,125.227
356,0,동부 왕국,47,동부 내륙지,세라데인,상위지역 좌표경계 대체,47,몬스터,93154,2656,비취 수액괴물,155.866,-3503.29,125.227
357,1,칼림도어,0,,페랄라스,상위지역 좌표경계 대체,357,몬스터,51220,5308,사나운 계곡천둥매,-4677.74,2005.94,8.85287
358,1,칼림도어,215,멀고어,칼날가시 협곡,상위지역 좌표경계 대체,215,몬스터,25557,2959,긴발톱 초원늑대,-1950.9,-482.575,-7.77616
359,1,칼림도어,17,불모의 땅,바엘 모단,상위지역 좌표경계 대체,17,몬스터,20887,3300,살모사,-1774.17,-2445.57,94.0997
360,1,칼림도어,215,멀고어,투자개발회사 광산,상위지역 좌표경계 대체,215,몬스터,25557,2959,긴발톱 초원늑대,-1950.9,-482.575,-7.77616
361,1,칼림도어,0,,악령의 숲,상위지역 좌표경계 대체,361,몬스터,39198,10017,오염된 바퀴벌레,5345.38,-937.115,376.457
362,1,칼림도어,14,듀로타,칼바위 언덕,상위지역 좌표경계 대체,14,몬스터,12320,3112,서슬갈기일족 정찰병,52.693,-4613.99,46.8383
363,1,칼림도어,14,듀로타,시험의 골짜기,상위지역 좌표경계 대체,14,몬스터,12320,3112,서슬갈기일족 정찰병,52.693,-4613.99,46.8383
364,1,칼림도어,14,듀로타,동굴 막사,상위지역 좌표경계 대체,14,몬스터,12320,3112,서슬갈기일족 정찰병,52.693,-4613.99,46.8383
365,1,칼림도어,14,듀로타,불타는 칼날 소굴,상위지역 좌표경계 대체,14,몬스터,12320,3112,서슬갈기일족 정찰병,52.693,-4613.99,46.8383
366,1,칼림도어,14,듀로타,콜카르 바윗골,상위지역 좌표경계 대체,14,몬스터,12320,3112,서슬갈기일족 정찰병,52.693,-4613.99,46.8383
367,1,칼림도어,14,듀로타,센진 마을,상위지역 좌표경계 대체,14,몬스터,12320,3112,서슬갈기일족 정찰병,52.693,-4613.99,46.8383
368,1,칼림도어,14,듀로타,메아리 섬,상위지역 좌표경계 대체,14,몬스터,12320,3112,서슬갈기일족 정찰병,52.693,-4613.99,46.8383
369,1,칼림도어,14,듀로타,천둥 골짜기,상위지역 좌표경계 대체,14,몬스터,12320,3112,서슬갈기일족 정찰병,52.693,-4613.99,46.8383
370,1,칼림도어,14,듀로타,모래바람 협곡,상위지역 좌표경계 대체,14,몬스터,12320,3112,서슬갈기일족 정찰병,52.693,-4613.99,46.8383
371,1,칼림도어,14,듀로타,먼지바람 동굴,상위지역 좌표경계 대체,14,몬스터,12320,3112,서슬갈기일족 정찰병,52.693,-4613.99,46.8383
372,1,칼림도어,14,듀로타,타이라가드 요새,상위지역 좌표경계 대체,14,몬스터,12320,3112,서슬갈기일족 정찰병,52.693,-4613.99,46.8383
373,1,칼림도어,14,듀로타,가라앉은 해안,상위지역 좌표경계 대체,14,몬스터,12320,3112,서슬갈기일족 정찰병,52.693,-4613.99,46.8383
374,1,칼림도어,14,듀로타,칼날주먹 만,상위지역 좌표경계 대체,14,몬스터,12320,3112,서슬갈기일족 정찰병,52.693,-4613.99,46.8383
375,1,칼림도어,14,듀로타,데드아이 해안,상위지역 좌표경계 대체,14,몬스터,12320,3112,서슬갈기일족 정찰병,52.693,-4613.99,46.8383
377,1,칼림도어,0,,분노의 강,좌표 없음,,,,,,,,
378,1,칼림도어,17,불모의 땅,타우라조 야영지,상위지역 좌표경계 대체,17,몬스터,20887,3300,살모사,-1774.17,-2445.57,94.0997
379,1,칼림도어,17,불모의 땅,전초 기지,상위지역 좌표경계 대체,17,몬스터,20887,3300,살모사,-1774.17,-2445.57,94.0997
380,1,칼림도어,17,불모의 땅,크로스로드,상위지역 좌표경계 대체,17,몬스터,20887,3300,살모사,-1774.17,-2445.57,94.0997
381,1,칼림도어,17,불모의 땅,돌무더기 광산,상위지역 좌표경계 대체,17,몬스터,20887,3300,살모사,-1774.17,-2445.57,94.0997
382,1,칼림도어,17,불모의 땅,진흙늪,상위지역 좌표경계 대체,17,몬스터,20887,3300,살모사,-1774.17,-2445.57,94.0997
383,1,칼림도어,17,불모의 땅,메마른 언덕,상위지역 좌표경계 대체,17,몬스터,20887,3300,살모사,-1774.17,-2445.57,94.0997
384,1,칼림도어,17,불모의 땅,공포의 안개봉우리,상위지역 좌표경계 대체,17,몬스터,20887,3300,살모사,-1774.17,-2445.57,94.0997
385,1,칼림도어,17,불모의 땅,북부 전초기지,상위지역 좌표경계 대체,17,몬스터,20887,3300,살모사,-1774.17,-2445.57,94.0997
386,1,칼림도어,17,불모의 땅,잊혀진 웅덩이,상위지역 좌표경계 대체,17,몬스터,20887,3300,살모사,-1774.17,-2445.57,94.0997
387,1,칼림도어,17,불모의 땅,푸른 오아시스,상위지역 좌표경계 대체,17,몬스터,20887,3300,살모사,-1774.17,-2445.57,94.0997
388,1,칼림도어,17,불모의 땅,죽은 오아시스,상위지역 좌표경계 대체,17,몬스터,20887,3300,살모사,-1774.17,-2445.57,94.0997
390,1,칼림도어,17,불모의 땅,거인의 들판,상위지역 좌표경계 대체,17,몬스터,20887,3300,살모사,-1774.17,-2445.57,94.0997
391,1,칼림도어,17,불모의 땅,무역 해안,상위지역 좌표경계 대체,17,몬스터,20887,3300,살모사,-1774.17,-2445.57,94.0997
392,1,칼림도어,17,불모의 땅,톱니항,상위지역 좌표경계 대체,17,몬스터,20887,3300,살모사,-1774.17,-2445.57,94.0997
393,1,칼림도어,14,듀로타,검은창 해안,상위지역 좌표경계 대체,14,몬스터,12320,3112,서슬갈기일족 정찰병,52.693,-4613.99,46.8383
394,571,노스렌드,0,,회색 구릉지,직접 zoneId,394,NPC,117222,26335,쓰러진 토석인 전사,4706.64,-4453.71,195.048
395,571,노스렌드,394,회색 구릉지,회색구렁 요새,상위지역 zoneId 대체,394,NPC,117222,26335,쓰러진 토석인 전사,4706.64,-4453.71,195.048
396,1,칼림도어,215,멀고어,윈터후프 우물,상위지역 좌표경계 대체,215,몬스터,25557,2959,긴발톱 초원늑대,-1950.9,-482.575,-7.77616
397,1,칼림도어,215,멀고어,썬더혼 우물,상위지역 좌표경계 대체,215,몬스터,25557,2959,긴발톱 초원늑대,-1950.9,-482.575,-7.77616
398,1,칼림도어,215,멀고어,와일드메인 우물,상위지역 좌표경계 대체,215,몬스터,25557,2959,긴발톱 초원늑대,-1950.9,-482.575,-7.77616
399,1,칼림도어,215,멀고어,지평선 마루,상위지역 좌표경계 대체,215,몬스터,25557,2959,긴발톱 초원늑대,-1950.9,-482.575,-7.77616
400,1,칼림도어,0,,버섯구름 봉우리,상위지역 좌표경계 대체,400,몬스터,21480,9525,높새바람 봉우리 용사,-5409.98,-2532.21,-48.1376
401,1,칼림도어,17,불모의 땅,타이더스 계단,상위지역 좌표경계 대체,17,몬스터,20887,3300,살모사,-1774.17,-2445.57,94.0997
403,1,칼림도어,15,먼지진흙 습지대,그늘 쉼터 여관,상위지역 좌표경계 대체,15,몬스터,18634,4393,산성 늪수액괴물,-3786.16,-3606.66,37.4825
404,1,칼림도어,215,멀고어,바엘던 발굴현장,상위지역 좌표경계 대체,215,몬스터,25557,2959,긴발톱 초원늑대,-1950.9,-482.575,-7.77616
405,1,칼림도어,0,,잊혀진 땅,상위지역 좌표경계 대체,405,몬스터,29154,4075,쥐,-1021.18,2033.42,62.283
406,1,칼림도어,0,,돌발톱 산맥,직접 zoneId,406,몬스터,16400,5930,마녀 리벤,684.793,1458.34,-12.6599
407,1,칼림도어,14,듀로타,오그리마 미사용,상위지역 좌표경계 대체,14,몬스터,12320,3112,서슬갈기일족 정찰병,52.693,-4613.99,46.8383
408,0,동부 왕국,0,,길리짐의 섬,좌표 없음,,,,,,,,
409,0,동부 왕국,0,,학자 라피디스의 섬,좌표 없음,,,,,,,,
410,1,칼림도어,14,듀로타,칼바람 협곡,상위지역 좌표경계 대체,14,몬스터,12320,3112,서슬갈기일족 정찰병,52.693,-4613.99,46.8383
411,1,칼림도어,331,잿빛 골짜기,배스랜 서식지,상위지역 zoneId 대체,331,몬스터,32884,10644,긴울음 안개늑대,3528.78,628.189,9.04502
412,1,칼림도어,331,잿빛 골짜기,오르딜아란의 폐허,상위지역 zoneId 대체,331,몬스터,32884,10644,긴울음 안개늑대,3528.78,628.189,9.04502
413,1,칼림도어,331,잿빛 골짜기,마에스트라 주둔지,상위지역 zoneId 대체,331,몬스터,32884,10644,긴울음 안개늑대,3528.78,628.189,9.04502
414,1,칼림도어,331,잿빛 골짜기,조람 해안,상위지역 zoneId 대체,331,몬스터,32884,10644,긴울음 안개늑대,3528.78,628.189,9.04502
415,1,칼림도어,331,잿빛 골짜기,아스트라나르,상위지역 zoneId 대체,331,몬스터,32884,10644,긴울음 안개늑대,3528.78,628.189,9.04502
416,1,칼림도어,331,잿빛 골짜기,아에시나의 제단,상위지역 zoneId 대체,331,몬스터,32884,10644,긴울음 안개늑대,3528.78,628.189,9.04502
417,1,칼림도어,331,잿빛 골짜기,불타버린 신전,상위지역 zoneId 대체,331,몬스터,32884,10644,긴울음 안개늑대,3528.78,628.189,9.04502
418,1,칼림도어,331,잿빛 골짜기,별가루의 폐허,상위지역 zoneId 대체,331,몬스터,32884,10644,긴울음 안개늑대,3528.78,628.189,9.04502
419,1,칼림도어,331,잿빛 골짜기,울부짖는 골짜기,상위지역 zoneId 대체,331,몬스터,32884,10644,긴울음 안개늑대,3528.78,628.189,9.04502
420,1,칼림도어,331,잿빛 골짜기,실바람 산장,상위지역 zoneId 대체,331,몬스터,32884,10644,긴울음 안개늑대,3528.78,628.189,9.04502
421,1,칼림도어,331,잿빛 골짜기,미스트랄 호수,상위지역 zoneId 대체,331,몬스터,32884,10644,긴울음 안개늑대,3528.78,628.189,9.04502
422,1,칼림도어,331,잿빛 골짜기,유성 호수,상위지역 zoneId 대체,331,몬스터,32884,10644,긴울음 안개늑대,3528.78,628.189,9.04502
424,1,칼림도어,331,잿빛 골짜기,아이리스 호수,상위지역 zoneId 대체,331,몬스터,32884,10644,긴울음 안개늑대,3528.78,628.189,9.04502
425,1,칼림도어,331,잿빛 골짜기,달샘,상위지역 zoneId 대체,331,몬스터,32884,10644,긴울음 안개늑대,3528.78,628.189,9.04502
426,1,칼림도어,331,잿빛 골짜기,라이네나무 은신처,상위지역 zoneId 대체,331,몬스터,32884,10644,긴울음 안개늑대,3528.78,628.189,9.04502
427,1,칼림도어,331,잿빛 골짜기,그늘 동굴,상위지역 zoneId 대체,331,몬스터,32884,10644,긴울음 안개늑대,3528.78,628.189,9.04502
428,1,칼림도어,331,잿빛 골짜기,어둠의 터,상위지역 zoneId 대체,331,몬스터,32884,10644,긴울음 안개늑대,3528.78,628.189,9.04502
429,1,칼림도어,331,잿빛 골짜기,사비안,상위지역 zoneId 대체,331,몬스터,32884,10644,긴울음 안개늑대,3528.78,628.189,9.04502
430,1,칼림도어,331,잿빛 골짜기,사티르나르,상위지역 zoneId 대체,331,몬스터,32884,10644,긴울음 안개늑대,3528.78,628.189,9.04502
431,1,칼림도어,331,잿빛 골짜기,토막나무 주둔지,상위지역 zoneId 대체,331,몬스터,32884,10644,긴울음 안개늑대,3528.78,628.189,9.04502
432,1,칼림도어,331,잿빛 골짜기,도르다닐 지하굴,상위지역 zoneId 대체,331,몬스터,32884,10644,긴울음 안개늑대,3528.78,628.189,9.04502
433,1,칼림도어,331,잿빛 골짜기,팔파렌 강,상위지역 zoneId 대체,331,몬스터,32884,10644,긴울음 안개늑대,3528.78,628.189,9.04502
434,1,칼림도어,331,잿빛 골짜기,악령불 언덕,상위지역 zoneId 대체,331,몬스터,32884,10644,긴울음 안개늑대,3528.78,628.189,9.04502
435,1,칼림도어,331,잿빛 골짜기,악마벼락 협곡,상위지역 zoneId 대체,331,몬스터,32884,10644,긴울음 안개늑대,3528.78,628.189,9.04502
436,1,칼림도어,331,잿빛 골짜기,악마벼락 마루,상위지역 zoneId 대체,331,몬스터,32884,10644,긴울음 안개늑대,3528.78,628.189,9.04502
437,1,칼림도어,331,잿빛 골짜기,전쟁노래부족 벌목기지,상위지역 zoneId 대체,331,몬스터,32884,10644,긴울음 안개늑대,3528.78,628.189,9.04502
438,1,칼림도어,331,잿빛 골짜기,어둠의 나무,상위지역 zoneId 대체,331,몬스터,32884,10644,긴울음 안개늑대,3528.78,628.189,9.04502
439,1,칼림도어,400,버섯구름 봉우리,소금 평원,상위지역 좌표경계 대체,400,몬스터,21480,9525,높새바람 봉우리 용사,-5409.98,-2532.21,-48.1376
440,1,칼림도어,0,,타나리스,상위지역 좌표경계 대체,440,몬스터,22002,5420,유리비늘 큰눈바실리스크,-8181.37,-3683.78,25.4246
441,1,칼림도어,331,잿빛 골짜기,팔라딤 호수,상위지역 zoneId 대체,331,몬스터,32884,10644,긴울음 안개늑대,3528.78,628.189,9.04502
442,1,칼림도어,148,어둠의 해안,아우버다인,상위지역 좌표경계 대체,148,몬스터,38486,10160,사나운 달빛야수,6213.59,-155.208,79.3315
443,1,칼림도어,148,어둠의 해안,마시스트라 폐허,상위지역 좌표경계 대체,148,몬스터,38486,10160,사나운 달빛야수,6213.59,-155.208,79.3315
444,1,칼림도어,148,어둠의 해안,알살락스의 탑,상위지역 좌표경계 대체,148,몬스터,38486,10160,사나운 달빛야수,6213.59,-155.208,79.3315
445,1,칼림도어,148,어둠의 해안,절벽 폭포,상위지역 좌표경계 대체,148,몬스터,38486,10160,사나운 달빛야수,6213.59,-155.208,79.3315
446,1,칼림도어,148,어둠의 해안,바샬아란,상위지역 좌표경계 대체,148,몬스터,38486,10160,사나운 달빛야수,6213.59,-155.208,79.3315
447,1,칼림도어,148,어둠의 해안,아메스아란,상위지역 좌표경계 대체,148,몬스터,38486,10160,사나운 달빛야수,6213.59,-155.208,79.3315
448,1,칼림도어,148,어둠의 해안,고대정령의 숲,상위지역 좌표경계 대체,148,몬스터,38486,10160,사나운 달빛야수,6213.59,-155.208,79.3315
449,1,칼림도어,148,어둠의 해안,지배자의 무덤,상위지역 좌표경계 대체,148,몬스터,38486,10160,사나운 달빛야수,6213.59,-155.208,79.3315
450,1,칼림도어,148,어둠의 해안,렘트래블의 발굴현장,상위지역 좌표경계 대체,148,몬스터,38486,10160,사나운 달빛야수,6213.59,-155.208,79.3315
452,1,칼림도어,148,어둠의 해안,안개 해안,상위지역 좌표경계 대체,148,몬스터,38486,10160,사나운 달빛야수,6213.59,-155.208,79.3315
453,1,칼림도어,148,어둠의 해안,침식지,상위지역 좌표경계 대체,148,몬스터,38486,10160,사나운 달빛야수,6213.59,-155.208,79.3315
454,1,칼림도어,148,어둠의 해안,성난굽이 강,상위지역 좌표경계 대체,148,몬스터,38486,10160,사나운 달빛야수,6213.59,-155.208,79.3315
455,1,칼림도어,148,어둠의 해안,검은나무일족 소굴,상위지역 좌표경계 대체,148,몬스터,38486,10160,사나운 달빛야수,6213.59,-155.208,79.3315
456,1,칼림도어,148,어둠의 해안,폭포수 강,상위지역 좌표경계 대체,148,몬스터,38486,10160,사나운 달빛야수,6213.59,-155.208,79.3315
457,1,칼림도어,0,,장막의 바다,좌표 없음,,,,,,,,
458,1,칼림도어,17,불모의 땅,황금길,상위지역 좌표경계 대체,17,몬스터,20887,3300,살모사,-1774.17,-2445.57,94.0997
459,0,동부 왕국,85,티리스팔 숲,붉은십자군 경비초소,상위지역 zoneId 대체,85,몬스터,201194,10716,종탑 박쥐,2291.84,292.171,81.5713
460,1,칼림도어,406,돌발톱 산맥,해바위 야영지,상위지역 zoneId 대체,406,몬스터,16400,5930,마녀 리벤,684.793,1458.34,-12.6599
461,1,칼림도어,406,돌발톱 산맥,칼바람 바위산,상위지역 zoneId 대체,406,몬스터,16400,5930,마녀 리벤,684.793,1458.34,-12.6599
463,1,칼림도어,406,돌발톱 산맥,바위웅덩이 호수,상위지역 zoneId 대체,406,몬스터,16400,5930,마녀 리벤,684.793,1458.34,-12.6599
464,1,칼림도어,406,돌발톱 산맥,땅거미 호수,상위지역 zoneId 대체,406,몬스터,16400,5930,마녀 리벤,684.793,1458.34,-12.6599
465,1,칼림도어,406,돌발톱 산맥,잿더미 계곡,직접 areaId,465,몬스터,16400,5930,마녀 리벤,684.793,1458.34,-12.6599
466,1,칼림도어,406,돌발톱 산맥,혈폭풍일족의 골짜기,상위지역 zoneId 대체,406,몬스터,16400,5930,마녀 리벤,684.793,1458.34,-12.6599
467,1,칼림도어,406,돌발톱 산맥,돌발톱 봉우리,상위지역 zoneId 대체,406,몬스터,16400,5930,마녀 리벤,684.793,1458.34,-12.6599
468,1,칼림도어,406,돌발톱 산맥,갈퀴발톱굴,상위지역 zoneId 대체,406,몬스터,16400,5930,마녀 리벤,684.793,1458.34,-12.6599
469,1,칼림도어,406,돌발톱 산맥,큰소나무 계곡,상위지역 zoneId 대체,406,몬스터,16400,5930,마녀 리벤,684.793,1458.34,-12.6599
470,1,칼림도어,215,멀고어,썬더 블러프 미사용,상위지역 좌표경계 대체,215,몬스터,25557,2959,긴발톱 초원늑대,-1950.9,-482.575,-7.77616
471,1,칼림도어,215,멀고어,용사의 바람절벽,상위지역 좌표경계 대체,215,몬스터,25557,2959,긴발톱 초원늑대,-1950.9,-482.575,-7.77616
472,1,칼림도어,215,멀고어,부싯돌 고원,상위지역 좌표경계 대체,215,몬스터,25557,2959,긴발톱 초원늑대,-1950.9,-482.575,-7.77616
473,1,칼림도어,215,멀고어,바람막이 바위,상위지역 좌표경계 대체,215,몬스터,25557,2959,긴발톱 초원늑대,-1950.9,-482.575,-7.77616
474,1,칼림도어,215,멀고어,수렵의 봉우리 미사용,상위지역 좌표경계 대체,215,몬스터,25557,2959,긴발톱 초원늑대,-1950.9,-482.575,-7.77616
475,1,칼림도어,215,멀고어,정기의 봉우리 미사용,상위지역 좌표경계 대체,215,몬스터,25557,2959,긴발톱 초원늑대,-1950.9,-482.575,-7.77616
476,1,칼림도어,215,멀고어,장로의 봉우리 미사용,상위지역 좌표경계 대체,215,몬스터,25557,2959,긴발톱 초원늑대,-1950.9,-482.575,-7.77616
477,0,동부 왕국,33,가시덤불 골짜기,주부왈의 폐허,상위지역 좌표경계 대체,33,몬스터,833,783,백골가루부족 광전사,-13054.5,-843.752,71.3439
478,1,칼림도어,141,텔드랏실,아리스리엔 연못,상위지역 zoneId 대체,141,몬스터,12596,7319,여왕거미 사스라,10979.6,1366.13,1328.87
479,1,칼림도어,400,버섯구름 봉우리,녹슨망치 발굴현장,상위지역 좌표경계 대체,400,몬스터,21480,9525,높새바람 봉우리 용사,-5409.98,-2532.21,-48.1376
480,1,칼림도어,400,버섯구름 봉우리,에톡 야영지,상위지역 좌표경계 대체,400,몬스터,21480,9525,높새바람 봉우리 용사,-5409.98,-2532.21,-48.1376
481,1,칼림도어,400,버섯구름 봉우리,갈래발굽 바윗골,상위지역 좌표경계 대체,400,몬스터,21480,9525,높새바람 봉우리 용사,-5409.98,-2532.21,-48.1376
482,1,칼림도어,400,버섯구름 봉우리,마루둥지,상위지역 좌표경계 대체,400,몬스터,21480,9525,높새바람 봉우리 용사,-5409.98,-2532.21,-48.1376
483,1,칼림도어,400,버섯구름 봉우리,회오리 협곡,상위지역 좌표경계 대체,400,몬스터,21480,9525,높새바람 봉우리 용사,-5409.98,-2532.21,-48.1376
484,1,칼림도어,400,버섯구름 봉우리,높새바람 봉우리,상위지역 좌표경계 대체,400,몬스터,21480,9525,높새바람 봉우리 용사,-5409.98,-2532.21,-48.1376
485,1,칼림도어,400,버섯구름 봉우리,구름 승강장,상위지역 좌표경계 대체,400,몬스터,21480,9525,높새바람 봉우리 용사,-5409.98,-2532.21,-48.1376
486,1,칼림도어,400,버섯구름 봉우리,갈라크 소굴,상위지역 좌표경계 대체,400,몬스터,21480,9525,높새바람 봉우리 용사,-5409.98,-2532.21,-48.1376
487,1,칼림도어,400,버섯구름 봉우리,하피 동굴,상위지역 좌표경계 대체,400,몬스터,21480,9525,높새바람 봉우리 용사,-5409.98,-2532.21,-48.1376
488,1,칼림도어,400,버섯구름 봉우리,비바람 바위굴,상위지역 좌표경계 대체,400,몬스터,21480,9525,높새바람 봉우리 용사,-5409.98,-2532.21,-48.1376
489,1,칼림도어,357,페랄라스,탈라나르,상위지역 좌표경계 대체,357,몬스터,51220,5308,사나운 계곡천둥매,-4677.74,2005.94,8.85287
490,1,칼림도어,0,,운고로 분화구,상위지역 좌표경계 대체,490,몬스터,24430,9376,불바람,-7183.41,-1294.81,-183.114
492,0,동부 왕국,10,그늘숲,까마귀 언덕 묘지,상위지역 좌표경계 대체,10,몬스터,6045,1258,우두머리 검은약탈자늑대,-10806.4,-538.414,38.4045
493,1,칼림도어,0,,달의 숲,상위지역 좌표경계 대체,493,몬스터,42549,1412,다람쥐,7778.63,-2577.18,465.32
495,571,노스렌드,0,,울부짖는 협만,직접 zoneId,495,몬스터,52854,24440,샬레르브론 가고일,2159.51,-3194.06,143.911
496,1,칼림도어,15,먼지진흙 습지대,담쟁이 마을,상위지역 좌표경계 대체,15,몬스터,18634,4393,산성 늪수액괴물,-3786.16,-3606.66,37.4825
497,1,칼림도어,15,먼지진흙 습지대,늪지기 오두막,상위지역 좌표경계 대체,15,몬스터,18634,4393,산성 늪수액괴물,-3786.16,-3606.66,37.4825
498,1,칼림도어,15,먼지진흙 습지대,붉은늪지 동굴,상위지역 좌표경계 대체,15,몬스터,18634,4393,산성 늪수액괴물,-3786.16,-3606.66,37.4825
499,1,칼림도어,15,먼지진흙 습지대,암흑안개 거미굴,상위지역 좌표경계 대체,15,몬스터,18634,4393,산성 늪수액괴물,-3786.16,-3606.66,37.4825
500,1,칼림도어,15,먼지진흙 습지대,모글 야영지,상위지역 좌표경계 대체,15,몬스터,18634,4393,산성 늪수액괴물,-3786.16,-3606.66,37.4825
501,1,칼림도어,15,먼지진흙 습지대,비질의 추락지,상위지역 좌표경계 대체,15,몬스터,18634,4393,산성 늪수액괴물,-3786.16,-3606.66,37.4825
502,1,칼림도어,15,먼지진흙 습지대,마녀 언덕,상위지역 좌표경계 대체,15,몬스터,18634,4393,산성 늪수액괴물,-3786.16,-3606.66,37.4825
503,1,칼림도어,15,먼지진흙 습지대,감시초소,상위지역 좌표경계 대체,15,몬스터,18634,4393,산성 늪수액괴물,-3786.16,-3606.66,37.4825
504,1,칼림도어,15,먼지진흙 습지대,북부 경비탑,상위지역 좌표경계 대체,15,몬스터,18634,4393,산성 늪수액괴물,-3786.16,-3606.66,37.4825
505,1,칼림도어,15,먼지진흙 습지대,서부 경비탑,상위지역 좌표경계 대체,15,몬스터,18634,4393,산성 늪수액괴물,-3786.16,-3606.66,37.4825
506,1,칼림도어,15,먼지진흙 습지대,버려진 경비탑,상위지역 좌표경계 대체,15,몬스터,18634,4393,산성 늪수액괴물,-3786.16,-3606.66,37.4825
507,1,칼림도어,15,먼지진흙 습지대,푸른늪지,상위지역 좌표경계 대체,15,몬스터,18634,4393,산성 늪수액괴물,-3786.16,-3606.66,37.4825
508,1,칼림도어,15,먼지진흙 습지대,돌망치일족 폐허,상위지역 좌표경계 대체,15,몬스터,18634,4393,산성 늪수액괴물,-3786.16,-3606.66,37.4825
509,1,칼림도어,15,먼지진흙 습지대,화염의 둥지,상위지역 좌표경계 대체,15,몬스터,18634,4393,산성 늪수액괴물,-3786.16,-3606.66,37.4825
510,1,칼림도어,15,먼지진흙 습지대,용의 늪,상위지역 좌표경계 대체,15,몬스터,18634,4393,산성 늪수액괴물,-3786.16,-3606.66,37.4825
511,1,칼림도어,15,먼지진흙 습지대,용의 둥지,상위지역 좌표경계 대체,15,몬스터,18634,4393,산성 늪수액괴물,-3786.16,-3606.66,37.4825
512,1,칼림도어,15,먼지진흙 습지대,블랙후프 마을,상위지역 좌표경계 대체,15,몬스터,18634,4393,산성 늪수액괴물,-3786.16,-3606.66,37.4825
513,1,칼림도어,15,먼지진흙 습지대,테라모어 섬,상위지역 좌표경계 대체,15,몬스터,18634,4393,산성 늪수액괴물,-3786.16,-3606.66,37.4825
514,1,칼림도어,15,먼지진흙 습지대,거점 요새,상위지역 좌표경계 대체,15,몬스터,18634,4393,산성 늪수액괴물,-3786.16,-3606.66,37.4825
515,1,칼림도어,15,먼지진흙 습지대,철갑 감옥,상위지역 좌표경계 대체,15,몬스터,18634,4393,산성 늪수액괴물,-3786.16,-3606.66,37.4825
516,1,칼림도어,15,먼지진흙 습지대,먼지진흙 만,상위지역 좌표경계 대체,15,몬스터,18634,4393,산성 늪수액괴물,-3786.16,-3606.66,37.4825
517,1,칼림도어,15,먼지진흙 습지대,성난파도 만,상위지역 좌표경계 대체,15,몬스터,18634,4393,산성 늪수액괴물,-3786.16,-3606.66,37.4825
518,1,칼림도어,15,먼지진흙 습지대,몸서리 해안,상위지역 좌표경계 대체,15,몬스터,18634,4393,산성 늪수액괴물,-3786.16,-3606.66,37.4825
536,0,동부 왕국,10,그늘숲,에이들의 은신처,상위지역 좌표경계 대체,10,몬스터,6045,1258,우두머리 검은약탈자늑대,-10806.4,-538.414,38.4045
537,1,칼림도어,490,운고로 분화구,불기둥 마루,상위지역 좌표경계 대체,490,몬스터,24430,9376,불바람,-7183.41,-1294.81,-183.114
538,1,칼림도어,490,운고로 분화구,락카리 잿구덩이,상위지역 좌표경계 대체,490,몬스터,24430,9376,불바람,-7183.41,-1294.81,-183.114
539,1,칼림도어,490,운고로 분화구,공포의 터,상위지역 좌표경계 대체,490,몬스터,24430,9376,불바람,-7183.41,-1294.81,-183.114
540,1,칼림도어,490,운고로 분화구,갈래굽이 구렁,상위지역 좌표경계 대체,490,몬스터,24430,9376,불바람,-7183.41,-1294.81,-183.114
541,1,칼림도어,490,운고로 분화구,마샬의 야영지,상위지역 좌표경계 대체,490,몬스터,24430,9376,불바람,-7183.41,-1294.81,-183.114
542,1,칼림도어,490,운고로 분화구,버섯 바위굴,상위지역 좌표경계 대체,490,몬스터,24430,9376,불바람,-7183.41,-1294.81,-183.114
543,1,칼림도어,490,운고로 분화구,골락카 간헐천,상위지역 좌표경계 대체,490,몬스터,24430,9376,불바람,-7183.41,-1294.81,-183.114
556,0,동부 왕국,38,모단 호수,대호수,상위지역 좌표경계 대체,38,몬스터,8332,1224,새끼 트레샤돈,-5415.41,-3391.13,262.328
576,0,동부 왕국,10,그늘숲,부랑자 소굴,상위지역 좌표경계 대체,10,몬스터,6045,1258,우두머리 검은약탈자늑대,-10806.4,-538.414,38.4045
596,1,칼림도어,405,잊혀진 땅,코도 무덤,상위지역 좌표경계 대체,405,몬스터,29154,4075,쥐,-1021.18,2033.42,62.283
597,1,칼림도어,405,잊혀진 땅,침묵의 초소,상위지역 좌표경계 대체,405,몬스터,29154,4075,쥐,-1021.18,2033.42,62.283
598,1,칼림도어,405,잊혀진 땅,살데리스 해안,상위지역 좌표경계 대체,405,몬스터,29154,4075,쥐,-1021.18,2033.42,62.283
599,1,칼림도어,405,잊혀진 땅,천둥도끼 요새,상위지역 좌표경계 대체,405,몬스터,29154,4075,쥐,-1021.18,2033.42,62.283
600,1,칼림도어,405,잊혀진 땅,볼간의 구덩이,상위지역 좌표경계 대체,405,몬스터,29154,4075,쥐,-1021.18,2033.42,62.283
602,1,칼림도어,405,잊혀진 땅,만노로크 소굴,상위지역 좌표경계 대체,405,몬스터,29154,4075,쥐,-1021.18,2033.42,62.283
603,1,칼림도어,405,잊혀진 땅,살게론,상위지역 좌표경계 대체,405,몬스터,29154,4075,쥐,-1021.18,2033.42,62.283
604,1,칼림도어,405,잊혀진 땅,마그람 마을,상위지역 좌표경계 대체,405,몬스터,29154,4075,쥐,-1021.18,2033.42,62.283
606,1,칼림도어,405,잊혀진 땅,겔키스 마을,상위지역 좌표경계 대체,405,몬스터,29154,4075,쥐,-1021.18,2033.42,62.283
607,1,칼림도어,405,잊혀진 땅,뾰족바위 골짜기,상위지역 좌표경계 대체,405,몬스터,29154,4075,쥐,-1021.18,2033.42,62.283
608,1,칼림도어,405,잊혀진 땅,나이젤의 야영지,상위지역 좌표경계 대체,405,몬스터,29154,4075,쥐,-1021.18,2033.42,62.283
609,1,칼림도어,405,잊혀진 땅,콜카르 마을,상위지역 좌표경계 대체,405,몬스터,29154,4075,쥐,-1021.18,2033.42,62.283
616,1,칼림도어,0,,하이잘 산,좌표 없음,,,,,,,,
618,1,칼림도어,0,,여명의 설원,상위지역 좌표경계 대체,618,몬스터,41556,7457,떠도는 얼음엉겅퀴설인,6315.83,-3792.92,726.816
636,1,칼림도어,406,돌발톱 산맥,검은늑대 강,상위지역 zoneId 대체,406,몬스터,16400,5930,마녀 리벤,684.793,1458.34,-12.6599
637,1,칼림도어,215,멀고어,코도 바위,상위지역 좌표경계 대체,215,몬스터,25557,2959,긴발톱 초원늑대,-1950.9,-482.575,-7.77616
638,1,칼림도어,14,듀로타,비밀의 길,상위지역 좌표경계 대체,14,몬스터,12320,3112,서슬갈기일족 정찰병,52.693,-4613.99,46.8383
639,1,칼림도어,14,듀로타,정기 바위,상위지역 좌표경계 대체,14,몬스터,12320,3112,서슬갈기일족 정찰병,52.693,-4613.99,46.8383
640,1,칼림도어,14,듀로타,희미한 불꽃의 제단,상위지역 좌표경계 대체,14,몬스터,12320,3112,서슬갈기일족 정찰병,52.693,-4613.99,46.8383
656,1,칼림도어,493,달의 숲,엘룬아라 호수,상위지역 좌표경계 대체,493,몬스터,42549,1412,다람쥐,7778.63,-2577.18,465.32
657,0,동부 왕국,8,슬픔의 늪,피난처,상위지역 좌표경계 대체,8,몬스터,34153,865,스토나드 길잡이,-10383.4,-3373.6,22.8654
696,1,칼림도어,141,텔드랏실,장인의 정원 미사용,상위지역 zoneId 대체,141,몬스터,12596,7319,여왕거미 사스라,10979.6,1366.13,1328.87
697,1,칼림도어,141,텔드랏실,상인의 정원 미사용,상위지역 zoneId 대체,141,몬스터,12596,7319,여왕거미 사스라,10979.6,1366.13,1328.87
698,1,칼림도어,141,텔드랏실,신전 정원 미사용,상위지역 zoneId 대체,141,몬스터,12596,7319,여왕거미 사스라,10979.6,1366.13,1328.87
699,1,칼림도어,141,텔드랏실,엘룬의 신전 미사용,상위지역 zoneId 대체,141,몬스터,12596,7319,여왕거미 사스라,10979.6,1366.13,1328.87
700,1,칼림도어,141,텔드랏실,세나리온 자치령 미사용,상위지역 zoneId 대체,141,몬스터,12596,7319,여왕거미 사스라,10979.6,1366.13,1328.87
701,1,칼림도어,141,텔드랏실,전사의 정원 미사용,상위지역 zoneId 대체,141,몬스터,12596,7319,여왕거미 사스라,10979.6,1366.13,1328.87
702,1,칼림도어,141,텔드랏실,루테란 마을,상위지역 zoneId 대체,141,몬스터,12596,7319,여왕거미 사스라,10979.6,1366.13,1328.87
716,0,동부 왕국,1,던 모로,아이언밴드 야영지,상위지역 좌표경계 대체,1,몬스터,4094,1125,멧돼지,-5534.43,-632.649,407.758
720,1,칼림도어,17,불모의 땅,격투의 섬,상위지역 좌표경계 대체,17,몬스터,20887,3300,살모사,-1774.17,-2445.57,94.0997
736,1,칼림도어,141,텔드랏실,바네실 동굴,상위지역 zoneId 대체,141,몬스터,12596,7319,여왕거미 사스라,10979.6,1366.13,1328.87
797,0,동부 왕국,12,엘윈 숲,제로드 선착장,상위지역 좌표경계 대체,12,몬스터,80172,721,토끼,-9104.76,-222.075,74.0504
798,0,동부 왕국,12,엘윈 숲,마루목 감시탑,상위지역 좌표경계 대체,12,몬스터,80172,721,토끼,-9104.76,-222.075,74.0504
799,0,동부 왕국,10,그늘숲,어스름 강둑,상위지역 좌표경계 대체,10,몬스터,6045,1258,우두머리 검은약탈자늑대,-10806.4,-538.414,38.4045
800,0,동부 왕국,1,던 모로,눈마루 고개,상위지역 좌표경계 대체,1,몬스터,4094,1125,멧돼지,-5534.43,-632.649,407.758
801,0,동부 왕국,1,던 모로,찬바람 골짜기,상위지역 좌표경계 대체,1,몬스터,4094,1125,멧돼지,-5534.43,-632.649,407.758
802,0,동부 왕국,1,던 모로,쉼머 마루,상위지역 좌표경계 대체,1,몬스터,4094,1125,멧돼지,-5534.43,-632.649,407.758
803,0,동부 왕국,1,던 모로,앰버스틸 목장,상위지역 좌표경계 대체,1,몬스터,4094,1125,멧돼지,-5534.43,-632.649,407.758
804,0,동부 왕국,1,던 모로,툰드리드 언덕,상위지역 좌표경계 대체,1,몬스터,4094,1125,멧돼지,-5534.43,-632.649,407.758
805,0,동부 왕국,1,던 모로,남부 관문 통행로,상위지역 좌표경계 대체,1,몬스터,4094,1125,멧돼지,-5534.43,-632.649,407.758
806,0,동부 왕국,1,던 모로,남부 관문 전초기지,상위지역 좌표경계 대체,1,몬스터,4094,1125,멧돼지,-5534.43,-632.649,407.758
807,0,동부 왕국,1,던 모로,북부 관문 통행로,상위지역 좌표경계 대체,1,몬스터,4094,1125,멧돼지,-5534.43,-632.649,407.758
808,0,동부 왕국,1,던 모로,북부 관문 전초기지,상위지역 좌표경계 대체,1,몬스터,4094,1125,멧돼지,-5534.43,-632.649,407.758
809,0,동부 왕국,1,던 모로,아이언포지 성문,상위지역 좌표경계 대체,1,몬스터,4094,1125,멧돼지,-5534.43,-632.649,407.758
810,0,동부 왕국,85,티리스팔 숲,고요의 연못,상위지역 zoneId 대체,85,몬스터,201194,10716,종탑 박쥐,2291.84,292.171,81.5713
811,0,동부 왕국,85,티리스팔 숲,악몽의 골짜기,상위지역 zoneId 대체,85,몬스터,201194,10716,종탑 박쥐,2291.84,292.171,81.5713
812,0,동부 왕국,85,티리스팔 숲,독그물 골짜기,상위지역 zoneId 대체,85,몬스터,201194,10716,종탑 박쥐,2291.84,292.171,81.5713
813,0,동부 왕국,28,서부 역병지대,보루,상위지역 좌표경계 대체,28,몬스터,48260,4076,바퀴벌레,1930.58,-1714.77,61.6941
814,1,칼림도어,14,듀로타,분노의 강,상위지역 좌표경계 대체,14,몬스터,12320,3112,서슬갈기일족 정찰병,52.693,-4613.99,46.8383
815,1,칼림도어,17,불모의 땅,분노의 강,상위지역 좌표경계 대체,17,몬스터,20887,3300,살모사,-1774.17,-2445.57,94.0997
816,1,칼림도어,14,듀로타,서슬갈기일족 영토,상위지역 좌표경계 대체,14,몬스터,12320,3112,서슬갈기일족 정찰병,52.693,-4613.99,46.8383
817,1,칼림도어,14,듀로타,해골 바위굴,상위지역 좌표경계 대체,14,몬스터,12320,3112,서슬갈기일족 정찰병,52.693,-4613.99,46.8383
818,1,칼림도어,215,멀고어,회색갈기일족 바위굴,상위지역 좌표경계 대체,215,몬스터,25557,2959,긴발톱 초원늑대,-1950.9,-482.575,-7.77616
819,1,칼림도어,215,멀고어,성난바람 마루,상위지역 좌표경계 대체,215,몬스터,25557,2959,긴발톱 초원늑대,-1950.9,-482.575,-7.77616
820,1,칼림도어,215,멀고어,황금 초원,상위지역 좌표경계 대체,215,몬스터,25557,2959,긴발톱 초원늑대,-1950.9,-482.575,-7.77616
821,1,칼림도어,215,멀고어,구릉 초원,상위지역 좌표경계 대체,215,몬스터,25557,2959,긴발톱 초원늑대,-1950.9,-482.575,-7.77616
836,0,동부 왕국,11,저습지,던 알가즈,상위지역 좌표경계 대체,11,몬스터,10768,1057,용아귀부족 해골감시자,-3553.23,-2448.85,51.7919
837,0,동부 왕국,38,모단 호수,던 알가즈,상위지역 좌표경계 대체,38,몬스터,8332,1224,새끼 트레샤돈,-5415.41,-3391.13,262.328
838,0,동부 왕국,38,모단 호수,북부 관문 통행로,상위지역 좌표경계 대체,38,몬스터,8332,1224,새끼 트레샤돈,-5415.41,-3391.13,262.328
839,0,동부 왕국,38,모단 호수,남부 관문 통행로,상위지역 좌표경계 대체,38,몬스터,8332,1224,새끼 트레샤돈,-5415.41,-3391.13,262.328
856,0,동부 왕국,10,그늘숲,황혼의 숲,상위지역 좌표경계 대체,10,몬스터,6045,1258,우두머리 검은약탈자늑대,-10806.4,-538.414,38.4045
876,1,칼림도어,0,,GM의 안식처,좌표 없음,,,,,,,,
877,1,칼림도어,17,불모의 땅,Delete ME,상위지역 좌표경계 대체,17,몬스터,20887,3300,살모사,-1774.17,-2445.57,94.0997
878,1,칼림도어,16,아즈샤라,분노의 강,상위지역 좌표경계 대체,16,몬스터,35540,6196,원한의꼬리일족 미르미돈,3585.72,-5791.59,-2.95189
879,1,칼림도어,331,잿빛 골짜기,분노의 강,상위지역 zoneId 대체,331,몬스터,32884,10644,긴울음 안개늑대,3528.78,628.189,9.04502
880,0,동부 왕국,45,아라시 고원,탄돌 교각,상위지역 좌표경계 대체,45,몬스터,14531,2762,떠도는 천둥 정령,-1353.3,-2680.84,69.1467
881,0,동부 왕국,11,저습지,탄돌 교각,상위지역 좌표경계 대체,11,몬스터,10768,1057,용아귀부족 해골감시자,-3553.23,-2448.85,51.7919
896,0,동부 왕국,267,힐스브래드 구릉지,속죄의 섬,상위지역 zoneId 대체,267,NPC,14896,620,닭,-816.161,-616.04,13.8808
916,0,동부 왕국,40,서부 몰락지대,얀센 농장,상위지역 좌표경계 대체,40,몬스터,89789,1109,식인독수리,-10585.1,1310.83,39.6822
917,0,동부 왕국,40,서부 몰락지대,메마른 논밭,상위지역 좌표경계 대체,40,몬스터,89789,1109,식인독수리,-10585.1,1310.83,39.6822
918,0,동부 왕국,40,서부 몰락지대,몰센 농장,상위지역 좌표경계 대체,40,몬스터,89789,1109,식인독수리,-10585.1,1310.83,39.6822
919,0,동부 왕국,40,서부 몰락지대,스텐들의 연못,상위지역 좌표경계 대체,40,몬스터,89789,1109,식인독수리,-10585.1,1310.83,39.6822
920,0,동부 왕국,40,서부 몰락지대,비수 언덕,상위지역 좌표경계 대체,40,몬스터,89789,1109,식인독수리,-10585.1,1310.83,39.6822
921,0,동부 왕국,40,서부 몰락지대,데몬트의 집터,상위지역 좌표경계 대체,40,몬스터,89789,1109,식인독수리,-10585.1,1310.83,39.6822
922,0,동부 왕국,40,서부 몰락지대,먼지 언덕,상위지역 좌표경계 대체,40,몬스터,89789,1109,식인독수리,-10585.1,1310.83,39.6822
923,0,동부 왕국,38,모단 호수,가루바위 골짜기,상위지역 좌표경계 대체,38,몬스터,8332,1224,새끼 트레샤돈,-5415.41,-3391.13,262.328
924,0,동부 왕국,38,모단 호수,왕의 계곡,상위지역 좌표경계 대체,38,몬스터,8332,1224,새끼 트레샤돈,-5415.41,-3391.13,262.328
925,0,동부 왕국,38,모단 호수,알가즈 주둔지,상위지역 좌표경계 대체,38,몬스터,8332,1224,새끼 트레샤돈,-5415.41,-3391.13,262.328
926,0,동부 왕국,130,은빛소나무 숲,버클브리 농장,상위지역 좌표경계 대체,130,몬스터,19181,1769,달의분노일족 백발전사,328.962,1318.76,78.1197
927,0,동부 왕국,130,은빛소나무 숲,반짝이는 호숫가,상위지역 좌표경계 대체,130,몬스터,19181,1769,달의분노일족 백발전사,328.962,1318.76,78.1197
928,0,동부 왕국,130,은빛소나무 숲,북부 해안 골짜기,상위지역 좌표경계 대체,130,몬스터,19181,1769,달의분노일족 백발전사,328.962,1318.76,78.1197
936,0,동부 왕국,38,모단 호수,곰발바닥 마루,상위지역 좌표경계 대체,38,몬스터,8332,1224,새끼 트레샤돈,-5415.41,-3391.13,262.328
976,1,칼림도어,440,타나리스,가젯잔,상위지역 좌표경계 대체,440,몬스터,22002,5420,유리비늘 큰눈바실리스크,-8181.37,-3683.78,25.4246
977,1,칼림도어,440,타나리스,스팀휘들 항구,상위지역 좌표경계 대체,440,몬스터,22002,5420,유리비늘 큰눈바실리스크,-8181.37,-3683.78,25.4246
978,1,칼림도어,440,타나리스,줄파락,상위지역 좌표경계 대체,440,몬스터,22002,5420,유리비늘 큰눈바실리스크,-8181.37,-3683.78,25.4246
979,1,칼림도어,440,타나리스,슬픈모래 감시탑,상위지역 좌표경계 대체,440,몬스터,22002,5420,유리비늘 큰눈바실리스크,-8181.37,-3683.78,25.4246
980,1,칼림도어,440,타나리스,덤불나무 골짜기,상위지역 좌표경계 대체,440,몬스터,22002,5420,유리비늘 큰눈바실리스크,-8181.37,-3683.78,25.4246
981,1,칼림도어,440,타나리스,모래지옥 협곡,상위지역 좌표경계 대체,440,몬스터,22002,5420,유리비늘 큰눈바실리스크,-8181.37,-3683.78,25.4246
982,1,칼림도어,440,타나리스,맹독의 둥지,상위지역 좌표경계 대체,440,몬스터,22002,5420,유리비늘 큰눈바실리스크,-8181.37,-3683.78,25.4246
983,1,칼림도어,440,타나리스,모래망치 주둔지,상위지역 좌표경계 대체,440,몬스터,22002,5420,유리비늘 큰눈바실리스크,-8181.37,-3683.78,25.4246
984,1,칼림도어,440,타나리스,동쪽 달의 폐허,상위지역 좌표경계 대체,440,몬스터,22002,5420,유리비늘 큰눈바실리스크,-8181.37,-3683.78,25.4246
985,1,칼림도어,440,타나리스,샘솟는 벌판,상위지역 좌표경계 대체,440,몬스터,22002,5420,유리비늘 큰눈바실리스크,-8181.37,-3683.78,25.4246
986,1,칼림도어,440,타나리스,잘라쉬지의 굴,상위지역 좌표경계 대체,440,몬스터,22002,5420,유리비늘 큰눈바실리스크,-8181.37,-3683.78,25.4246
987,1,칼림도어,440,타나리스,끝자락 해안,상위지역 좌표경계 대체,440,몬스터,22002,5420,유리비늘 큰눈바실리스크,-8181.37,-3683.78,25.4246
988,1,칼림도어,440,타나리스,파도타기 해안,상위지역 좌표경계 대체,440,몬스터,22002,5420,유리비늘 큰눈바실리스크,-8181.37,-3683.78,25.4246
989,1,칼림도어,440,타나리스,울둠,상위지역 좌표경계 대체,440,몬스터,22002,5420,유리비늘 큰눈바실리스크,-8181.37,-3683.78,25.4246
990,1,칼림도어,440,타나리스,감시자의 골짜기,상위지역 좌표경계 대체,440,몬스터,22002,5420,유리비늘 큰눈바실리스크,-8181.37,-3683.78,25.4246
991,1,칼림도어,440,타나리스,건스탠의 야영지,상위지역 좌표경계 대체,440,몬스터,22002,5420,유리비늘 큰눈바실리스크,-8181.37,-3683.78,25.4246
992,1,칼림도어,440,타나리스,서쪽 달의 폐허,상위지역 좌표경계 대체,440,몬스터,22002,5420,유리비늘 큰눈바실리스크,-8181.37,-3683.78,25.4246
996,0,동부 왕국,44,붉은마루 산맥,약탈의 야영지,상위지역 좌표경계 대체,44,몬스터,134181,14270,망둥이,-9333.75,-2594.88,22.3274
997,0,동부 왕국,44,붉은마루 산맥,약탈의 계곡,상위지역 좌표경계 대체,44,몬스터,134181,14270,망둥이,-9333.75,-2594.88,22.3274
998,0,동부 왕국,44,붉은마루 산맥,약탈의 바위굴,상위지역 좌표경계 대체,44,몬스터,134181,14270,망둥이,-9333.75,-2594.88,22.3274
999,0,동부 왕국,44,붉은마루 산맥,돌망루 탑,상위지역 좌표경계 대체,44,몬스터,134181,14270,망둥이,-9333.75,-2594.88,22.3274
1000,0,동부 왕국,44,붉은마루 산맥,갈라델 골짜기,상위지역 좌표경계 대체,44,몬스터,134181,14270,망둥이,-9333.75,-2594.88,22.3274
1001,0,동부 왕국,44,붉은마루 산맥,호수마루 오솔길,상위지역 좌표경계 대체,44,몬스터,134181,14270,망둥이,-9333.75,-2594.88,22.3274
1002,0,동부 왕국,44,붉은마루 산맥,붉은마루 삼거리,상위지역 좌표경계 대체,44,몬스터,134181,14270,망둥이,-9333.75,-2594.88,22.3274
1016,0,동부 왕국,11,저습지,불길한 언덕,상위지역 좌표경계 대체,11,몬스터,10768,1057,용아귀부족 해골감시자,-3553.23,-2448.85,51.7919
1017,0,동부 왕국,11,저습지,랩터 마루,상위지역 좌표경계 대체,11,몬스터,10768,1057,용아귀부족 해골감시자,-3553.23,-2448.85,51.7919
1018,0,동부 왕국,11,저습지,검은바닥 습지대,상위지역 좌표경계 대체,11,몬스터,10768,1057,용아귀부족 해골감시자,-3553.23,-2448.85,51.7919
1019,0,동부 왕국,139,동부 역병지대,녹지대,상위지역 좌표경계 대체,139,몬스터,92307,8603,청소부구더기,2373.64,-4302.37,77.8021
1020,0,동부 왕국,11,저습지,이끼가죽 수렁,상위지역 좌표경계 대체,11,몬스터,10768,1057,용아귀부족 해골감시자,-3553.23,-2448.85,51.7919
1021,0,동부 왕국,11,저습지,텔겐 바위굴,상위지역 좌표경계 대체,11,몬스터,10768,1057,용아귀부족 해골감시자,-3553.23,-2448.85,51.7919
1022,0,동부 왕국,11,저습지,푸른아가미 습지대,상위지역 좌표경계 대체,11,몬스터,10768,1057,용아귀부족 해골감시자,-3553.23,-2448.85,51.7919
1023,0,동부 왕국,11,저습지,소금물 습지대,상위지역 좌표경계 대체,11,몬스터,10768,1057,용아귀부족 해골감시자,-3553.23,-2448.85,51.7919
1024,0,동부 왕국,11,저습지,해몰이 늪,상위지역 좌표경계 대체,11,몬스터,10768,1057,용아귀부족 해골감시자,-3553.23,-2448.85,51.7919
1025,0,동부 왕국,11,저습지,녹지대,상위지역 좌표경계 대체,11,몬스터,10768,1057,용아귀부족 해골감시자,-3553.23,-2448.85,51.7919
1036,0,동부 왕국,11,저습지,성난송곳니 야영지,상위지역 좌표경계 대체,11,몬스터,10768,1057,용아귀부족 해골감시자,-3553.23,-2448.85,51.7919
1037,0,동부 왕국,11,저습지,그림 바톨,상위지역 좌표경계 대체,11,몬스터,10768,1057,용아귀부족 해골감시자,-3553.23,-2448.85,51.7919
1038,0,동부 왕국,11,저습지,용아귀부족 관문,상위지역 좌표경계 대체,11,몬스터,10768,1057,용아귀부족 해골감시자,-3553.23,-2448.85,51.7919
1039,0,동부 왕국,11,저습지,잃어버린 해안,상위지역 좌표경계 대체,11,몬스터,10768,1057,용아귀부족 해골감시자,-3553.23,-2448.85,51.7919
1056,0,동부 왕국,267,힐스브래드 구릉지,다로우 언덕,상위지역 zoneId 대체,267,NPC,14896,620,닭,-816.161,-616.04,13.8808
1057,0,동부 왕국,267,힐스브래드 구릉지,소라딘의 성벽,상위지역 zoneId 대체,267,NPC,14896,620,닭,-816.161,-616.04,13.8808
1076,1,칼림도어,406,돌발톱 산맥,그물누비 고개,상위지역 zoneId 대체,406,몬스터,16400,5930,마녀 리벤,684.793,1458.34,-12.6599
1097,0,동부 왕국,10,그늘숲,고요의 강둑,상위지역 좌표경계 대체,10,몬스터,6045,1258,우두머리 검은약탈자늑대,-10806.4,-538.414,38.4045
1098,0,동부 왕국,10,그늘숲,미스트맨틀 장원,상위지역 좌표경계 대체,10,몬스터,6045,1258,우두머리 검은약탈자늑대,-10806.4,-538.414,38.4045
1099,1,칼림도어,357,페랄라스,모자케 야영지,상위지역 좌표경계 대체,357,몬스터,51220,5308,사나운 계곡천둥매,-4677.74,2005.94,8.85287
1100,1,칼림도어,357,페랄라스,그림토템 주둔지,상위지역 좌표경계 대체,357,몬스터,51220,5308,사나운 계곡천둥매,-4677.74,2005.94,8.85287
1101,1,칼림도어,357,페랄라스,고통의 구덩이,상위지역 좌표경계 대체,357,몬스터,51220,5308,사나운 계곡천둥매,-4677.74,2005.94,8.85287
1102,1,칼림도어,357,페랄라스,갈기바람 호수,상위지역 좌표경계 대체,357,몬스터,51220,5308,사나운 계곡천둥매,-4677.74,2005.94,8.85287
1103,1,칼림도어,357,페랄라스,골두니 전초기지,상위지역 좌표경계 대체,357,몬스터,51220,5308,사나운 계곡천둥매,-4677.74,2005.94,8.85287
1104,1,칼림도어,357,페랄라스,모크골둔,상위지역 좌표경계 대체,357,몬스터,51220,5308,사나운 계곡천둥매,-4677.74,2005.94,8.85287
1105,1,칼림도어,357,페랄라스,거친흉터 골짜기,상위지역 좌표경계 대체,357,몬스터,51220,5308,사나운 계곡천둥매,-4677.74,2005.94,8.85287
1106,1,칼림도어,357,페랄라스,공작날개 고원,상위지역 좌표경계 대체,357,몬스터,51220,5308,사나운 계곡천둥매,-4677.74,2005.94,8.85287
1107,1,칼림도어,357,페랄라스,산들바람 호수,상위지역 좌표경계 대체,357,몬스터,51220,5308,사나운 계곡천둥매,-4677.74,2005.94,8.85287
1108,1,칼림도어,357,페랄라스,잊혀진 해안,상위지역 좌표경계 대체,357,몬스터,51220,5308,사나운 계곡천둥매,-4677.74,2005.94,8.85287
1109,1,칼림도어,357,페랄라스,동쪽 기둥,상위지역 좌표경계 대체,357,몬스터,51220,5308,사나운 계곡천둥매,-4677.74,2005.94,8.85287
1110,1,칼림도어,357,페랄라스,서쪽 기둥,상위지역 좌표경계 대체,357,몬스터,51220,5308,사나운 계곡천둥매,-4677.74,2005.94,8.85287
1111,1,칼림도어,357,페랄라스,꿈나무,상위지역 좌표경계 대체,357,몬스터,51220,5308,사나운 계곡천둥매,-4677.74,2005.94,8.85287
1112,1,칼림도어,357,페랄라스,비취비늘 호수,상위지역 좌표경계 대체,357,몬스터,51220,5308,사나운 계곡천둥매,-4677.74,2005.94,8.85287
1113,1,칼림도어,357,페랄라스,오네이로스,상위지역 좌표경계 대체,357,몬스터,51220,5308,사나운 계곡천둥매,-4677.74,2005.94,8.85287
1114,1,칼림도어,357,페랄라스,까마귀바람 폐허,상위지역 좌표경계 대체,357,몬스터,51220,5308,사나운 계곡천둥매,-4677.74,2005.94,8.85287
1115,1,칼림도어,357,페랄라스,무쇠설인 소굴,상위지역 좌표경계 대체,357,몬스터,51220,5308,사나운 계곡천둥매,-4677.74,2005.94,8.85287
1116,1,칼림도어,357,페랄라스,페더문 요새,상위지역 좌표경계 대체,357,몬스터,51220,5308,사나운 계곡천둥매,-4677.74,2005.94,8.85287
1117,1,칼림도어,357,페랄라스,솔라살 폐허,상위지역 좌표경계 대체,357,몬스터,51220,5308,사나운 계곡천둥매,-4677.74,2005.94,8.85287
1118,1,칼림도어,357,페랄라스,낮은벌 미사용,상위지역 좌표경계 대체,357,몬스터,51220,5308,사나운 계곡천둥매,-4677.74,2005.94,8.85287
1119,1,칼림도어,357,페랄라스,쌍둥이 바위산,상위지역 좌표경계 대체,357,몬스터,51220,5308,사나운 계곡천둥매,-4677.74,2005.94,8.85287
1120,1,칼림도어,357,페랄라스,살도르 섬,상위지역 좌표경계 대체,357,몬스터,51220,5308,사나운 계곡천둥매,-4677.74,2005.94,8.85287
1121,1,칼림도어,357,페랄라스,공포의 섬,상위지역 좌표경계 대체,357,몬스터,51220,5308,사나운 계곡천둥매,-4677.74,2005.94,8.85287
1136,1,칼림도어,357,페랄라스,높은벌,상위지역 좌표경계 대체,357,몬스터,51220,5308,사나운 계곡천둥매,-4677.74,2005.94,8.85287
1137,1,칼림도어,357,페랄라스,낮은벌,상위지역 좌표경계 대체,357,몬스터,51220,5308,사나운 계곡천둥매,-4677.74,2005.94,8.85287
1156,1,칼림도어,17,불모의 땅,남부 불모의 땅,상위지역 좌표경계 대체,17,몬스터,20887,3300,살모사,-1774.17,-2445.57,94.0997
1157,1,칼림도어,17,불모의 땅,남부 황금길,상위지역 좌표경계 대체,17,몬스터,20887,3300,살모사,-1774.17,-2445.57,94.0997
1216,1,칼림도어,16,아즈샤라,나무구렁 요새,상위지역 좌표경계 대체,16,몬스터,35540,6196,원한의꼬리일족 미르미돈,3585.72,-5791.59,-2.95189
1217,1,칼림도어,16,아즈샤라,반디르 야영지,상위지역 좌표경계 대체,16,몬스터,35540,6196,원한의꼬리일족 미르미돈,3585.72,-5791.59,-2.95189
1218,1,칼림도어,16,아즈샤라,아즈샤라,상위지역 좌표경계 대체,16,몬스터,35540,6196,원한의꼬리일족 미르미돈,3585.72,-5791.59,-2.95189
1219,1,칼림도어,16,아즈샤라,레가쉬 야영지,상위지역 좌표경계 대체,16,몬스터,35540,6196,원한의꼬리일족 미르미돈,3585.72,-5791.59,-2.95189
1220,1,칼림도어,16,아즈샤라,탈라시안 주둔지,상위지역 좌표경계 대체,16,몬스터,35540,6196,원한의꼬리일족 미르미돈,3585.72,-5791.59,-2.95189
1221,1,칼림도어,16,아즈샤라,엘다라스 폐허,상위지역 좌표경계 대체,16,몬스터,35540,6196,원한의꼬리일족 미르미돈,3585.72,-5791.59,-2.95189
1222,1,칼림도어,16,아즈샤라,헤타에라의 손아귀,상위지역 좌표경계 대체,16,몬스터,35540,6196,원한의꼬리일족 미르미돈,3585.72,-5791.59,-2.95189
1223,1,칼림도어,16,아즈샤라,진말로의 신전,상위지역 좌표경계 대체,16,몬스터,35540,6196,원한의꼬리일족 미르미돈,3585.72,-5791.59,-2.95189
1224,1,칼림도어,16,아즈샤라,곰마루,상위지역 좌표경계 대체,16,몬스터,35540,6196,원한의꼬리일족 미르미돈,3585.72,-5791.59,-2.95189
1225,1,칼림도어,16,아즈샤라,우르솔란,상위지역 좌표경계 대체,16,몬스터,35540,6196,원한의꼬리일족 미르미돈,3585.72,-5791.59,-2.95189
1226,1,칼림도어,16,아즈샤라,아크코란의 신전,상위지역 좌표경계 대체,16,몬스터,35540,6196,원한의꼬리일족 미르미돈,3585.72,-5791.59,-2.95189
1227,1,칼림도어,16,아즈샤라,폭풍의 만,상위지역 좌표경계 대체,16,몬스터,35540,6196,원한의꼬리일족 미르미돈,3585.72,-5791.59,-2.95189
1228,1,칼림도어,16,아즈샤라,조각난 해안,상위지역 좌표경계 대체,16,몬스터,35540,6196,원한의꼬리일족 미르미돈,3585.72,-5791.59,-2.95189
1229,1,칼림도어,16,아즈샤라,엘다라의 탑,상위지역 좌표경계 대체,16,몬스터,35540,6196,원한의꼬리일족 미르미돈,3585.72,-5791.59,-2.95189
1230,1,칼림도어,16,아즈샤라,톱니 산호초,상위지역 좌표경계 대체,16,몬스터,35540,6196,원한의꼬리일족 미르미돈,3585.72,-5791.59,-2.95189
1231,1,칼림도어,16,아즈샤라,남녘마루 해안,상위지역 좌표경계 대체,16,몬스터,35540,6196,원한의꼬리일족 미르미돈,3585.72,-5791.59,-2.95189
1232,1,칼림도어,16,아즈샤라,레이븐크레스트 기념비,상위지역 좌표경계 대체,16,몬스터,35540,6196,원한의꼬리일족 미르미돈,3585.72,-5791.59,-2.95189
1233,1,칼림도어,16,아즈샤라,쓸쓸한 마루,상위지역 좌표경계 대체,16,몬스터,35540,6196,원한의꼬리일족 미르미돈,3585.72,-5791.59,-2.95189
1234,1,칼림도어,16,아즈샤라,멘나르 호수,상위지역 좌표경계 대체,16,몬스터,35540,6196,원한의꼬리일족 미르미돈,3585.72,-5791.59,-2.95189
1235,1,칼림도어,16,아즈샤라,섀도송 제단,상위지역 좌표경계 대체,16,몬스터,35540,6196,원한의꼬리일족 미르미돈,3585.72,-5791.59,-2.95189
1236,1,칼림도어,16,아즈샤라,할다르 야영지,상위지역 좌표경계 대체,16,몬스터,35540,6196,원한의꼬리일족 미르미돈,3585.72,-5791.59,-2.95189
1237,1,칼림도어,16,아즈샤라,발로르모크,상위지역 좌표경계 대체,16,몬스터,35540,6196,원한의꼬리일족 미르미돈,3585.72,-5791.59,-2.95189
1256,1,칼림도어,16,아즈샤라,버려진 착륙장,상위지역 좌표경계 대체,16,몬스터,35540,6196,원한의꼬리일족 미르미돈,3585.72,-5791.59,-2.95189
1276,1,칼림도어,331,잿빛 골짜기,돌발톱 토굴길,상위지역 zoneId 대체,331,몬스터,32884,10644,긴울음 안개늑대,3528.78,628.189,9.04502
1277,1,칼림도어,406,돌발톱 산맥,돌발톱 토굴길,상위지역 zoneId 대체,406,몬스터,16400,5930,마녀 리벤,684.793,1458.34,-12.6599
1296,1,칼림도어,14,듀로타,바위엄니 농장,상위지역 좌표경계 대체,14,몬스터,12320,3112,서슬갈기일족 정찰병,52.693,-4613.99,46.8383
1297,1,칼림도어,14,듀로타,톱니멧돼지 농장,상위지역 좌표경계 대체,14,몬스터,12320,3112,서슬갈기일족 정찰병,52.693,-4613.99,46.8383
1316,1,칼림도어,17,불모의 땅,가시덩굴 구릉,상위지역 좌표경계 대체,17,몬스터,20887,3300,살모사,-1774.17,-2445.57,94.0997
1336,1,칼림도어,440,타나리스,해적단 소굴,상위지역 좌표경계 대체,440,몬스터,22002,5420,유리비늘 큰눈바실리스크,-8181.37,-3683.78,25.4246
1338,0,동부 왕국,130,은빛소나무 숲,로다미어 호수,상위지역 좌표경계 대체,130,몬스터,19181,1769,달의분노일족 백발전사,328.962,1318.76,78.1197
1339,0,동부 왕국,36,알터랙 산맥,로다미어 호수,상위지역 좌표경계 대체,36,몬스터,16994,2252,산사태 오우거,515.574,-620.737,170.678
1357,0,동부 왕국,36,알터랙 산맥,갤로우 삼거리,상위지역 좌표경계 대체,36,몬스터,16994,2252,산사태 오우거,515.574,-620.737,170.678
1377,1,칼림도어,0,,실리더스,상위지역 좌표경계 대체,1377,몬스터,43184,11698,독침 하이브아쉬,-7111.02,789.347,12.6091
1437,0,동부 왕국,4,저주받은 땅,우레망치 요새,상위지역 좌표경계 대체,4,몬스터,134380,7846,파멸의 테레무스,-11685.9,-2955.42,7.736
1438,0,동부 왕국,4,저주받은 땅,네더가드 요새,상위지역 좌표경계 대체,4,몬스터,134380,7846,파멸의 테레무스,-11685.9,-2955.42,7.736
1439,0,동부 왕국,4,저주받은 땅,우레망치 주둔지,상위지역 좌표경계 대체,4,몬스터,134380,7846,파멸의 테레무스,-11685.9,-2955.42,7.736
1440,0,동부 왕국,4,저주받은 땅,뱀의 보금자리,상위지역 좌표경계 대체,4,몬스터,134380,7846,파멸의 테레무스,-11685.9,-2955.42,7.736
1441,0,동부 왕국,4,저주받은 땅,폭풍의 제단,상위지역 좌표경계 대체,4,몬스터,134380,7846,파멸의 테레무스,-11685.9,-2955.42,7.736
1442,0,동부 왕국,51,이글거리는 협곡,불망루 마루,상위지역 좌표경계 대체,51,몬스터,5731,5855,용암 정령,-6864.68,-1431.31,160.301
1443,0,동부 왕국,51,이글거리는 협곡,잿가루 채석장,상위지역 좌표경계 대체,51,몬스터,5731,5855,용암 정령,-6864.68,-1431.31,160.301
1444,0,동부 왕국,51,이글거리는 협곡,잿더미 바다,상위지역 좌표경계 대체,51,몬스터,5731,5855,용암 정령,-6864.68,-1431.31,160.301
1445,0,동부 왕국,51,이글거리는 협곡,검은바위 산,상위지역 좌표경계 대체,51,몬스터,5731,5855,용암 정령,-6864.68,-1431.31,160.301
1446,0,동부 왕국,51,이글거리는 협곡,토륨 조합 거점,상위지역 좌표경계 대체,51,몬스터,5731,5855,용암 정령,-6864.68,-1431.31,160.301
1457,0,동부 왕국,4,저주받은 땅,요새 무기고,상위지역 좌표경계 대체,4,몬스터,134380,7846,파멸의 테레무스,-11685.9,-2955.42,7.736
1497,0,동부 왕국,0,,언더시티,상위지역 좌표경계 대체,1497,몬스터,38093,5733,연금술사 라이카누스,1543.31,362.002,-62.1596
1517,0,동부 왕국,3,황야의 땅,울다만,상위지역 좌표경계 대체,3,몬스터,7002,2727,바위산코요테,-6733.6,-3353.22,241.758
1518,0,동부 왕국,40,서부 몰락지대,죽음의 폐광,상위지역 좌표경계 대체,40,몬스터,89789,1109,식인독수리,-10585.1,1310.83,39.6822
1519,0,동부 왕국,0,,스톰윈드,상위지역 좌표경계 대체,1519,몬스터,23427,7386,하얀집고양이,-8632.05,921.279,99.483
1537,0,동부 왕국,0,,아이언포지,직접 areaId,1537,몬스터,152341,27346,경쟁의 정수,-5041.91,-1250.2,507.76
1557,1,칼림도어,400,버섯구름 봉우리,갈래발굽 소굴,상위지역 좌표경계 대체,400,몬스터,21480,9525,높새바람 봉우리 용사,-5409.98,-2532.21,-48.1376
1577,0,동부 왕국,33,가시덤불 골짜기,가시덤불 봉우리,상위지역 좌표경계 대체,33,몬스터,833,783,백골가루부족 광전사,-13054.5,-843.752,71.3439
1578,0,동부 왕국,33,가시덤불 골짜기,폭풍 해안 남부,상위지역 좌표경계 대체,33,몬스터,833,783,백골가루부족 광전사,-13054.5,-843.752,71.3439
1579,0,동부 왕국,0,,죽음의 폐광 002 미사용,좌표 없음,,,,,,,,
1580,0,동부 왕국,1579,죽음의 폐광 002 미사용,철갑 동굴 003 미사용,좌표 없음,,,,,,,,
1597,1,칼림도어,17,불모의 땅,랩터 서식지 미사용,상위지역 좌표경계 대체,17,몬스터,20887,3300,살모사,-1774.17,-2445.57,94.0997
1598,1,칼림도어,17,불모의 땅,그롤돔 농장 미사용,상위지역 좌표경계 대체,17,몬스터,20887,3300,살모사,-1774.17,-2445.57,94.0997
1599,1,칼림도어,17,불모의 땅,몰샨 주둔지,상위지역 좌표경계 대체,17,몬스터,20887,3300,살모사,-1774.17,-2445.57,94.0997
1600,1,칼림도어,17,불모의 땅,Honor's Stand UNUSED,상위지역 좌표경계 대체,17,몬스터,20887,3300,살모사,-1774.17,-2445.57,94.0997
1601,1,칼림도어,17,불모의 땅,검은가시 마루 미사용,상위지역 좌표경계 대체,17,몬스터,20887,3300,살모사,-1774.17,-2445.57,94.0997
1602,1,칼림도어,17,불모의 땅,가시덩굴 벌판 미사용,상위지역 좌표경계 대체,17,몬스터,20887,3300,살모사,-1774.17,-2445.57,94.0997
1603,1,칼림도어,17,불모의 땅,아가마고르 미사용,상위지역 좌표경계 대체,17,몬스터,20887,3300,살모사,-1774.17,-2445.57,94.0997
1617,0,동부 왕국,1519,스톰윈드,영웅의 계곡,상위지역 좌표경계 대체,1519,몬스터,23427,7386,하얀집고양이,-8632.05,921.279,99.483
1637,1,칼림도어,0,,오그리마,직접 areaId,1637,몬스터,152343,27346,경쟁의 정수,1963.26,-4797.62,56.99
1638,1,칼림도어,0,,썬더 블러프,상위지역 좌표경계 대체,1638,몬스터,26646,3024,타흐 윈터후프,-1177.37,-48.4012,162.755
1639,1,칼림도어,1638,썬더 블러프,장로의 봉우리,상위지역 좌표경계 대체,1638,몬스터,26646,3024,타흐 윈터후프,-1177.37,-48.4012,162.755
1640,1,칼림도어,1638,썬더 블러프,정기의 봉우리,상위지역 좌표경계 대체,1638,몬스터,26646,3024,타흐 윈터후프,-1177.37,-48.4012,162.755
1641,1,칼림도어,1638,썬더 블러프,수렵의 봉우리,상위지역 좌표경계 대체,1638,몬스터,26646,3024,타흐 윈터후프,-1177.37,-48.4012,162.755
1657,1,칼림도어,0,,다르나서스,상위지역 좌표경계 대체,1657,몬스터,46589,1420,두꺼비,9881.39,2438.52,1316.2
1658,1,칼림도어,1657,다르나서스,세나리온 자치령,상위지역 좌표경계 대체,1657,몬스터,46589,1420,두꺼비,9881.39,2438.52,1316.2
1659,1,칼림도어,1657,다르나서스,장인의 정원,상위지역 좌표경계 대체,1657,몬스터,46589,1420,두꺼비,9881.39,2438.52,1316.2
1660,1,칼림도어,1657,다르나서스,전사의 정원,상위지역 좌표경계 대체,1657,몬스터,46589,1420,두꺼비,9881.39,2438.52,1316.2
1661,1,칼림도어,1657,다르나서스,신전 정원,상위지역 좌표경계 대체,1657,몬스터,46589,1420,두꺼비,9881.39,2438.52,1316.2
1662,1,칼림도어,1657,다르나서스,상인의 정원,상위지역 좌표경계 대체,1657,몬스터,46589,1420,두꺼비,9881.39,2438.52,1316.2
1677,0,동부 왕국,36,알터랙 산맥,가빈 절벽,상위지역 좌표경계 대체,36,몬스터,16994,2252,산사태 오우거,515.574,-620.737,170.678
1678,0,동부 왕국,36,알터랙 산맥,소페라 절벽,상위지역 좌표경계 대체,36,몬스터,16994,2252,산사태 오우거,515.574,-620.737,170.678
1679,0,동부 왕국,36,알터랙 산맥,코란의 비수,상위지역 좌표경계 대체,36,몬스터,16994,2252,산사태 오우거,515.574,-620.737,170.678
1680,0,동부 왕국,36,알터랙 산맥,마루터기,상위지역 좌표경계 대체,36,몬스터,16994,2252,산사태 오우거,515.574,-620.737,170.678
1681,0,동부 왕국,36,알터랙 산맥,물안개 호숫가,상위지역 좌표경계 대체,36,몬스터,16994,2252,산사태 오우거,515.574,-620.737,170.678
1682,0,동부 왕국,36,알터랙 산맥,단드레드 장원,상위지역 좌표경계 대체,36,몬스터,16994,2252,산사태 오우거,515.574,-620.737,170.678
1683,0,동부 왕국,36,알터랙 산맥,침묵의 동굴,상위지역 좌표경계 대체,36,몬스터,16994,2252,산사태 오우거,515.574,-620.737,170.678
1684,0,동부 왕국,36,알터랙 산맥,서리바람 거점,상위지역 좌표경계 대체,36,몬스터,16994,2252,산사태 오우거,515.574,-620.737,170.678
1697,1,칼림도어,17,불모의 땅,랩터 서식지,상위지역 좌표경계 대체,17,몬스터,20887,3300,살모사,-1774.17,-2445.57,94.0997
1698,1,칼림도어,17,불모의 땅,가시덩굴 벌판,상위지역 좌표경계 대체,17,몬스터,20887,3300,살모사,-1774.17,-2445.57,94.0997
1699,1,칼림도어,17,불모의 땅,가시덩굴 언덕,상위지역 좌표경계 대체,17,몬스터,20887,3300,살모사,-1774.17,-2445.57,94.0997
1700,1,칼림도어,17,불모의 땅,아가마고르,상위지역 좌표경계 대체,17,몬스터,20887,3300,살모사,-1774.17,-2445.57,94.0997
1701,1,칼림도어,17,불모의 땅,검은가시 마루,상위지역 좌표경계 대체,17,몬스터,20887,3300,살모사,-1774.17,-2445.57,94.0997
1702,1,칼림도어,17,불모의 땅,명예의 감시탑,상위지역 좌표경계 대체,17,몬스터,20887,3300,살모사,-1774.17,-2445.57,94.0997
1703,1,칼림도어,17,불모의 땅,몰샨의 망루,상위지역 좌표경계 대체,17,몬스터,20887,3300,살모사,-1774.17,-2445.57,94.0997
1704,1,칼림도어,17,불모의 땅,그롤돔 농장,상위지역 좌표경계 대체,17,몬스터,20887,3300,살모사,-1774.17,-2445.57,94.0997
1717,1,칼림도어,17,불모의 땅,가시덩굴 우리,상위지역 좌표경계 대체,17,몬스터,20887,3300,살모사,-1774.17,-2445.57,94.0997
1718,1,칼림도어,17,불모의 땅,구름 승강장,상위지역 좌표경계 대체,17,몬스터,20887,3300,살모사,-1774.17,-2445.57,94.0997
1737,0,동부 왕국,33,가시덤불 골짜기,안개계곡 골짜기,상위지역 좌표경계 대체,33,몬스터,833,783,백골가루부족 광전사,-13054.5,-843.752,71.3439
1738,0,동부 왕국,33,가시덤불 골짜기,네크마니 수원지,상위지역 좌표경계 대체,33,몬스터,833,783,백골가루부족 광전사,-13054.5,-843.752,71.3439
1739,0,동부 왕국,33,가시덤불 골짜기,붉은해적단 주둔지,상위지역 좌표경계 대체,33,몬스터,833,783,백골가루부족 광전사,-13054.5,-843.752,71.3439
1740,0,동부 왕국,33,가시덤불 골짜기,투자개발회사 탐사기지,상위지역 좌표경계 대체,33,몬스터,833,783,백골가루부족 광전사,-13054.5,-843.752,71.3439
1741,0,동부 왕국,33,가시덤불 골짜기,구루바시 투기장,상위지역 좌표경계 대체,33,몬스터,833,783,백골가루부족 광전사,-13054.5,-843.752,71.3439
1742,0,동부 왕국,33,가시덤불 골짜기,정기의 동굴,상위지역 좌표경계 대체,33,몬스터,833,783,백골가루부족 광전사,-13054.5,-843.752,71.3439
1757,0,동부 왕국,33,가시덤불 골짜기,주홍빛 장막호,상위지역 좌표경계 대체,33,몬스터,833,783,백골가루부족 광전사,-13054.5,-843.752,71.3439
1758,0,동부 왕국,33,가시덤불 골짜기,격정의 파도호,상위지역 좌표경계 대체,33,몬스터,833,783,백골가루부족 광전사,-13054.5,-843.752,71.3439
1759,0,동부 왕국,33,가시덤불 골짜기,담셀의 행운호,상위지역 좌표경계 대체,33,몬스터,833,783,백골가루부족 광전사,-13054.5,-843.752,71.3439
1760,0,동부 왕국,33,가시덤불 골짜기,투자개발회사 기계조작실,상위지역 좌표경계 대체,33,몬스터,833,783,백골가루부족 광전사,-13054.5,-843.752,71.3439
1761,1,칼림도어,361,악령의 숲,마른가지 마을,상위지역 좌표경계 대체,361,몬스터,39198,10017,오염된 바퀴벌레,5345.38,-937.115,376.457
1762,1,칼림도어,361,악령의 숲,악령발 마을,상위지역 좌표경계 대체,361,몬스터,39198,10017,오염된 바퀴벌레,5345.38,-937.115,376.457
1763,1,칼림도어,361,악령의 숲,자에데나르,상위지역 좌표경계 대체,361,몬스터,39198,10017,오염된 바퀴벌레,5345.38,-937.115,376.457
1764,1,칼림도어,361,악령의 숲,피멍울 강,상위지역 좌표경계 대체,361,몬스터,39198,10017,오염된 바퀴벌레,5345.38,-937.115,376.457
1765,1,칼림도어,361,악령의 숲,피멍울 폭포,상위지역 좌표경계 대체,361,몬스터,39198,10017,오염된 바퀴벌레,5345.38,-937.115,376.457
1766,1,칼림도어,361,악령의 숲,불벼락 골짜기,상위지역 좌표경계 대체,361,몬스터,39198,10017,오염된 바퀴벌레,5345.38,-937.115,376.457
1767,1,칼림도어,361,악령의 숲,강철나무 숲,상위지역 좌표경계 대체,361,몬스터,39198,10017,오염된 바퀴벌레,5345.38,-937.115,376.457
1768,1,칼림도어,361,악령의 숲,강철나무 굴,상위지역 좌표경계 대체,361,몬스터,39198,10017,오염된 바퀴벌레,5345.38,-937.115,376.457
1769,1,칼림도어,361,악령의 숲,나무구렁 요새,상위지역 좌표경계 대체,361,몬스터,39198,10017,오염된 바퀴벌레,5345.38,-937.115,376.457
1770,1,칼림도어,361,악령의 숲,어둠의 요새,상위지역 좌표경계 대체,361,몬스터,39198,10017,오염된 바퀴벌레,5345.38,-937.115,376.457
1771,1,칼림도어,361,악령의 숲,기만자의 사원,상위지역 좌표경계 대체,361,몬스터,39198,10017,오염된 바퀴벌레,5345.38,-937.115,376.457
1777,0,동부 왕국,8,슬픔의 늪,이타리우스의 동굴,상위지역 좌표경계 대체,8,몬스터,34153,865,스토나드 길잡이,-10383.4,-3373.6,22.8654
1778,0,동부 왕국,8,슬픔의 늪,슬픔의 그늘,상위지역 좌표경계 대체,8,몬스터,34153,865,스토나드 길잡이,-10383.4,-3373.6,22.8654
1779,0,동부 왕국,8,슬픔의 늪,드레닐두르 마을,상위지역 좌표경계 대체,8,몬스터,34153,865,스토나드 길잡이,-10383.4,-3373.6,22.8654
1780,0,동부 왕국,8,슬픔의 늪,부러진창 교차로,상위지역 좌표경계 대체,8,몬스터,34153,865,스토나드 길잡이,-10383.4,-3373.6,22.8654
1797,0,동부 왕국,8,슬픔의 늪,진흙늪,상위지역 좌표경계 대체,8,몬스터,34153,865,스토나드 길잡이,-10383.4,-3373.6,22.8654
1798,0,동부 왕국,8,슬픔의 늪,변화의 늪,상위지역 좌표경계 대체,8,몬스터,34153,865,스토나드 길잡이,-10383.4,-3373.6,22.8654
1817,0,동부 왕국,8,슬픔의 늪,진흙늪 동굴,상위지역 좌표경계 대체,8,몬스터,34153,865,스토나드 길잡이,-10383.4,-3373.6,22.8654
1837,0,동부 왕국,45,아라시 고원,마른나무껍질 동굴,상위지역 좌표경계 대체,45,몬스터,14531,2762,떠도는 천둥 정령,-1353.3,-2680.84,69.1467
1857,0,동부 왕국,45,아라시 고원,소라딘의 성벽,상위지역 좌표경계 대체,45,몬스터,14531,2762,떠도는 천둥 정령,-1353.3,-2680.84,69.1467
1858,0,동부 왕국,45,아라시 고원,돌주먹 언덕,상위지역 좌표경계 대체,45,몬스터,14531,2762,떠도는 천둥 정령,-1353.3,-2680.84,69.1467
1877,0,동부 왕국,3,황야의 땅,송곳니 골짜기,상위지역 좌표경계 대체,3,몬스터,7002,2727,바위산코요테,-6733.6,-3353.22,241.758
1878,0,동부 왕국,3,황야의 땅,먼지받이,상위지역 좌표경계 대체,3,몬스터,7002,2727,바위산코요테,-6733.6,-3353.22,241.758
1879,0,동부 왕국,3,황야의 땅,신기루 벌판,상위지역 좌표경계 대체,3,몬스터,7002,2727,바위산코요테,-6733.6,-3353.22,241.758
1880,0,동부 왕국,47,동부 내륙지,페더비어드의 오두막,상위지역 좌표경계 대체,47,몬스터,93154,2656,비취 수액괴물,155.866,-3503.29,125.227
1881,0,동부 왕국,47,동부 내륙지,신디거의 야영지,상위지역 좌표경계 대체,47,몬스터,93154,2656,비취 수액괴물,155.866,-3503.29,125.227
1882,0,동부 왕국,47,동부 내륙지,역병안개 협곡,상위지역 좌표경계 대체,47,몬스터,93154,2656,비취 수액괴물,155.866,-3503.29,125.227
1883,0,동부 왕국,47,동부 내륙지,돌개바람 호수,상위지역 좌표경계 대체,47,몬스터,93154,2656,비취 수액괴물,155.866,-3503.29,125.227
1884,0,동부 왕국,47,동부 내륙지,아골와타,상위지역 좌표경계 대체,47,몬스터,93154,2656,비취 수액괴물,155.866,-3503.29,125.227
1885,0,동부 왕국,47,동부 내륙지,히리와타,상위지역 좌표경계 대체,47,몬스터,93154,2656,비취 수액괴물,155.866,-3503.29,125.227
1886,0,동부 왕국,47,동부 내륙지,굼벵이 폐허,상위지역 좌표경계 대체,47,몬스터,93154,2656,비취 수액괴물,155.866,-3503.29,125.227
1887,0,동부 왕국,47,동부 내륙지,보겐의 절벽,상위지역 좌표경계 대체,47,몬스터,93154,2656,비취 수액괴물,155.866,-3503.29,125.227
1897,0,동부 왕국,3,황야의 땅,창조주의 정원,상위지역 좌표경계 대체,3,몬스터,7002,2727,바위산코요테,-6733.6,-3353.22,241.758
1898,0,동부 왕국,3,황야의 땅,먼지바람 협곡,상위지역 좌표경계 대체,3,몬스터,7002,2727,바위산코요테,-6733.6,-3353.22,241.758
1917,0,동부 왕국,47,동부 내륙지,샤올와타,상위지역 좌표경계 대체,47,몬스터,93154,2656,비취 수액괴물,155.866,-3503.29,125.227
1937,1,칼림도어,440,타나리스,해그늘 폐허,상위지역 좌표경계 대체,440,몬스터,22002,5420,유리비늘 큰눈바실리스크,-8181.37,-3683.78,25.4246
1938,1,칼림도어,440,타나리스,무너진 기둥,상위지역 좌표경계 대체,440,몬스터,22002,5420,유리비늘 큰눈바실리스크,-8181.37,-3683.78,25.4246
1939,1,칼림도어,440,타나리스,끝없는 사막,상위지역 좌표경계 대체,440,몬스터,22002,5420,유리비늘 큰눈바실리스크,-8181.37,-3683.78,25.4246
1940,1,칼림도어,440,타나리스,거친파도 해안,상위지역 좌표경계 대체,440,몬스터,22002,5420,유리비늘 큰눈바실리스크,-8181.37,-3683.78,25.4246
1941,1,칼림도어,0,,시간의 동굴,좌표 없음,,,,,,,,
1942,1,칼림도어,490,운고로 분화구,늪지대,상위지역 좌표경계 대체,490,몬스터,24430,9376,불바람,-7183.41,-1294.81,-183.114
1943,1,칼림도어,490,운고로 분화구,강철바위 고원,상위지역 좌표경계 대체,490,몬스터,24430,9376,불바람,-7183.41,-1294.81,-183.114
1957,0,동부 왕국,51,이글거리는 협곡,검은재 동굴,상위지역 좌표경계 대체,51,몬스터,5731,5855,용암 정령,-6864.68,-1431.31,160.301
1958,0,동부 왕국,51,이글거리는 협곡,무두장이 야영지,상위지역 좌표경계 대체,51,몬스터,5731,5855,용암 정령,-6864.68,-1431.31,160.301
1959,0,동부 왕국,51,이글거리는 협곡,먼지불 골짜기,상위지역 좌표경계 대체,51,몬스터,5731,5855,용암 정령,-6864.68,-1431.31,160.301
1978,0,동부 왕국,8,슬픔의 늪,안개갈대 주둔지,상위지역 좌표경계 대체,8,몬스터,34153,865,스토나드 길잡이,-10383.4,-3373.6,22.8654
1997,1,칼림도어,361,악령의 숲,피멍울 초소,상위지역 좌표경계 대체,361,몬스터,39198,10017,오염된 바퀴벌레,5345.38,-937.115,376.457
1998,1,칼림도어,361,악령의 숲,갈퀴가지 숲,상위지역 좌표경계 대체,361,몬스터,39198,10017,오염된 바퀴벌레,5345.38,-937.115,376.457
2037,0,동부 왕국,0,,쿠엘탈라스,좌표 없음,,,,,,,,
2077,1,칼림도어,148,어둠의 해안,황혼의 계곡,상위지역 좌표경계 대체,148,몬스터,38486,10160,사나운 달빛야수,6213.59,-155.208,79.3315
2078,1,칼림도어,148,어둠의 해안,황혼의 해안,상위지역 좌표경계 대체,148,몬스터,38486,10160,사나운 달빛야수,6213.59,-155.208,79.3315
2079,1,칼림도어,15,먼지진흙 습지대,알카즈 섬,상위지역 좌표경계 대체,15,몬스터,18634,4393,산성 늪수액괴물,-3786.16,-3606.66,37.4825
2097,1,칼림도어,400,버섯구름 봉우리,먹구름 봉우리,상위지역 좌표경계 대체,400,몬스터,21480,9525,높새바람 봉우리 용사,-5409.98,-2532.21,-48.1376
2098,0,동부 왕국,10,그늘숲,새벽숲 지하묘지,상위지역 좌표경계 대체,10,몬스터,6045,1258,우두머리 검은약탈자늑대,-10806.4,-538.414,38.4045
2099,0,동부 왕국,44,붉은마루 산맥,돌망루 요새,상위지역 좌표경계 대체,44,몬스터,134181,14270,망둥이,-9333.75,-2594.88,22.3274
2101,0,동부 왕국,38,모단 호수,스타우트라거 여관,상위지역 좌표경계 대체,38,몬스터,8332,1224,새끼 트레샤돈,-5415.41,-3391.13,262.328
2102,0,동부 왕국,1,던 모로,썬더브루 양조장,상위지역 좌표경계 대체,1,몬스터,4094,1125,멧돼지,-5534.43,-632.649,407.758
2103,0,동부 왕국,11,저습지,메네실 요새,상위지역 좌표경계 대체,11,몬스터,10768,1057,용아귀부족 해골감시자,-3553.23,-2448.85,51.7919
2104,0,동부 왕국,11,저습지,깊은바다 선술집,상위지역 좌표경계 대체,11,몬스터,10768,1057,용아귀부족 해골감시자,-3553.23,-2448.85,51.7919
2117,0,동부 왕국,85,티리스팔 숲,암흑의 무덤,상위지역 zoneId 대체,85,몬스터,201194,10716,종탑 박쥐,2291.84,292.171,81.5713
2118,0,동부 왕국,85,티리스팔 숲,브릴 마을회관,직접 areaId,2118,몬스터,201194,10716,종탑 박쥐,2291.84,292.171,81.5713
2119,0,동부 왕국,85,티리스팔 숲,갤로우 선술집,상위지역 zoneId 대체,85,몬스터,201194,10716,종탑 박쥐,2291.84,292.171,81.5713
2137,1,칼림도어,215,멀고어,예언의 웅덩이 미사용,상위지역 좌표경계 대체,215,몬스터,25557,2959,긴발톱 초원늑대,-1950.9,-482.575,-7.77616
2138,1,칼림도어,17,불모의 땅,공포의 안개굴,상위지역 좌표경계 대체,17,몬스터,20887,3300,살모사,-1774.17,-2445.57,94.0997
2157,1,칼림도어,17,불모의 땅,바엘던 요새,상위지역 좌표경계 대체,17,몬스터,20887,3300,살모사,-1774.17,-2445.57,94.0997
2158,1,칼림도어,15,먼지진흙 습지대,엠버스트라이프의 굴,상위지역 좌표경계 대체,15,몬스터,18634,4393,산성 늪수액괴물,-3786.16,-3606.66,37.4825
2159,1,칼림도어,0,,오닉시아의 둥지,좌표 없음,,,,,,,,
2160,1,칼림도어,406,돌발톱 산맥,칼바람 광산,상위지역 zoneId 대체,406,몬스터,16400,5930,마녀 리벤,684.793,1458.34,-12.6599
2161,0,동부 왕국,10,그늘숲,롤랜드 광산,상위지역 좌표경계 대체,10,몬스터,6045,1258,우두머리 검은약탈자늑대,-10806.4,-538.414,38.4045
2177,0,동부 왕국,33,가시덤불 골짜기,전투장,상위지역 좌표경계 대체,33,몬스터,833,783,백골가루부족 광전사,-13054.5,-843.752,71.3439
2197,1,칼림도어,1638,썬더 블러프,예언의 웅덩이,상위지역 좌표경계 대체,1638,몬스터,26646,3024,타흐 윈터후프,-1177.37,-48.4012,162.755
2198,1,칼림도어,405,잊혀진 땅,동트는 협곡,상위지역 좌표경계 대체,405,몬스터,29154,4075,쥐,-1021.18,2033.42,62.283
2217,1,칼림도어,405,잊혀진 땅,부러진창 마을,상위지역 좌표경계 대체,405,몬스터,29154,4075,쥐,-1021.18,2033.42,62.283
2237,1,칼림도어,400,버섯구름 봉우리,백사장 야영지,상위지역 좌표경계 대체,400,몬스터,21480,9525,높새바람 봉우리 용사,-5409.98,-2532.21,-48.1376
2238,1,칼림도어,400,버섯구름 봉우리,고르니아,상위지역 좌표경계 대체,400,몬스터,21480,9525,높새바람 봉우리 용사,-5409.98,-2532.21,-48.1376
2239,1,칼림도어,400,버섯구름 봉우리,제인의 눈동자 분화구,상위지역 좌표경계 대체,400,몬스터,21480,9525,높새바람 봉우리 용사,-5409.98,-2532.21,-48.1376
2240,1,칼림도어,400,버섯구름 봉우리,신기루 경주장,상위지역 좌표경계 대체,400,몬스터,21480,9525,높새바람 봉우리 용사,-5409.98,-2532.21,-48.1376
2241,1,칼림도어,618,여명의 설원,눈호랑이 바위,상위지역 좌표경계 대체,618,몬스터,41556,7457,떠도는 얼음엉겅퀴설인,6315.83,-3792.92,726.816
2242,1,칼림도어,618,여명의 설원,숨겨진 숲,상위지역 좌표경계 대체,618,몬스터,41556,7457,떠도는 얼음엉겅퀴설인,6315.83,-3792.92,726.816
2243,1,칼림도어,618,여명의 설원,나무구렁 야영지,상위지역 좌표경계 대체,618,몬스터,41556,7457,떠도는 얼음엉겅퀴설인,6315.83,-3792.92,726.816
2244,1,칼림도어,618,여명의 설원,눈사태일족 마을,상위지역 좌표경계 대체,618,몬스터,41556,7457,떠도는 얼음엉겅퀴설인,6315.83,-3792.92,726.816
2245,1,칼림도어,618,여명의 설원,마즈소릴,상위지역 좌표경계 대체,618,몬스터,41556,7457,떠도는 얼음엉겅퀴설인,6315.83,-3792.92,726.816
2246,1,칼림도어,618,여명의 설원,얼음불꽃 온천,상위지역 좌표경계 대체,618,몬스터,41556,7457,떠도는 얼음엉겅퀴설인,6315.83,-3792.92,726.816
2247,1,칼림도어,618,여명의 설원,얼음엉겅퀴 언덕,상위지역 좌표경계 대체,618,몬스터,41556,7457,떠도는 얼음엉겅퀴설인,6315.83,-3792.92,726.816
2248,1,칼림도어,618,여명의 설원,던 만다르,상위지역 좌표경계 대체,618,몬스터,41556,7457,떠도는 얼음엉겅퀴설인,6315.83,-3792.92,726.816
2249,1,칼림도어,618,여명의 설원,서리속삭임 골짜기,상위지역 좌표경계 대체,618,몬스터,41556,7457,떠도는 얼음엉겅퀴설인,6315.83,-3792.92,726.816
2250,1,칼림도어,618,여명의 설원,올빼미날개 숲,상위지역 좌표경계 대체,618,몬스터,41556,7457,떠도는 얼음엉겅퀴설인,6315.83,-3792.92,726.816
2251,1,칼림도어,618,여명의 설원,켈테릴 호수,상위지역 좌표경계 대체,618,몬스터,41556,7457,떠도는 얼음엉겅퀴설인,6315.83,-3792.92,726.816
2252,1,칼림도어,618,여명의 설원,켈테릴의 폐허,상위지역 좌표경계 대체,618,몬스터,41556,7457,떠도는 얼음엉겅퀴설인,6315.83,-3792.92,726.816
2253,1,칼림도어,618,여명의 설원,별똥별 마을,상위지역 좌표경계 대체,618,몬스터,41556,7457,떠도는 얼음엉겅퀴설인,6315.83,-3792.92,726.816
2254,1,칼림도어,618,여명의 설원,반탈로우 지하굴,상위지역 좌표경계 대체,618,몬스터,41556,7457,떠도는 얼음엉겅퀴설인,6315.83,-3792.92,726.816
2255,1,칼림도어,618,여명의 설원,눈망루 마을,상위지역 좌표경계 대체,618,몬스터,41556,7457,떠도는 얼음엉겅퀴설인,6315.83,-3792.92,726.816
2256,1,칼림도어,618,여명의 설원,검은속삭임 협곡,상위지역 좌표경계 대체,618,몬스터,41556,7457,떠도는 얼음엉겅퀴설인,6315.83,-3792.92,726.816
2258,0,동부 왕국,139,동부 역병지대,곰팡이 계곡,상위지역 좌표경계 대체,139,몬스터,92307,8603,청소부구더기,2373.64,-4302.37,77.8021
2259,0,동부 왕국,139,동부 역병지대,마리스 농장 미사용,상위지역 좌표경계 대체,139,몬스터,92307,8603,청소부구더기,2373.64,-4302.37,77.8021
2260,0,동부 왕국,139,동부 역병지대,마리스 농장,상위지역 좌표경계 대체,139,몬스터,92307,8603,청소부구더기,2373.64,-4302.37,77.8021
2261,0,동부 왕국,139,동부 역병지대,지하 납골당,상위지역 좌표경계 대체,139,몬스터,92307,8603,청소부구더기,2373.64,-4302.37,77.8021
2262,0,동부 왕국,139,동부 역병지대,다로우샤이어,상위지역 좌표경계 대체,139,몬스터,92307,8603,청소부구더기,2373.64,-4302.37,77.8021
2263,0,동부 왕국,139,동부 역병지대,산마루 경비탑,상위지역 좌표경계 대체,139,몬스터,92307,8603,청소부구더기,2373.64,-4302.37,77.8021
2264,0,동부 왕국,139,동부 역병지대,코린 삼거리,상위지역 좌표경계 대체,139,몬스터,92307,8603,청소부구더기,2373.64,-4302.37,77.8021
2265,0,동부 왕국,139,동부 역병지대,붉은십자군 주둔지,상위지역 좌표경계 대체,139,몬스터,92307,8603,청소부구더기,2373.64,-4302.37,77.8021
2266,0,동부 왕국,139,동부 역병지대,티르의 손 수도원,상위지역 좌표경계 대체,139,몬스터,92307,8603,청소부구더기,2373.64,-4302.37,77.8021
2267,0,동부 왕국,139,동부 역병지대,붉은십자군 대성당,상위지역 좌표경계 대체,139,몬스터,92307,8603,청소부구더기,2373.64,-4302.37,77.8021
2268,0,동부 왕국,139,동부 역병지대,희망의 빛 예배당,상위지역 좌표경계 대체,139,몬스터,92307,8603,청소부구더기,2373.64,-4302.37,77.8021
2269,0,동부 왕국,139,동부 역병지대,브라우만 밀농장,상위지역 좌표경계 대체,139,몬스터,92307,8603,청소부구더기,2373.64,-4302.37,77.8021
2270,0,동부 왕국,139,동부 역병지대,맹독의 숲,상위지역 좌표경계 대체,139,몬스터,92307,8603,청소부구더기,2373.64,-4302.37,77.8021
2271,0,동부 왕국,139,동부 역병지대,동부방벽 경비탑,상위지역 좌표경계 대체,139,몬스터,92307,8603,청소부구더기,2373.64,-4302.37,77.8021
2272,0,동부 왕국,139,동부 역병지대,노스데일,상위지역 좌표경계 대체,139,몬스터,92307,8603,청소부구더기,2373.64,-4302.37,77.8021
2273,0,동부 왕국,139,동부 역병지대,줄마샤르,상위지역 좌표경계 대체,139,몬스터,92307,8603,청소부구더기,2373.64,-4302.37,77.8021
2274,0,동부 왕국,139,동부 역병지대,마즈라알로,상위지역 좌표경계 대체,139,몬스터,92307,8603,청소부구더기,2373.64,-4302.37,77.8021
2275,0,동부 왕국,139,동부 역병지대,북부관문 경비탑,상위지역 좌표경계 대체,139,몬스터,92307,8603,청소부구더기,2373.64,-4302.37,77.8021
2276,0,동부 왕국,139,동부 역병지대,쿠엘리시엔 오두막,상위지역 좌표경계 대체,139,몬스터,92307,8603,청소부구더기,2373.64,-4302.37,77.8021
2277,0,동부 왕국,139,동부 역병지대,역병의 숲,상위지역 좌표경계 대체,139,몬스터,92307,8603,청소부구더기,2373.64,-4302.37,77.8021
2278,0,동부 왕국,139,동부 역병지대,스컬지 요새,상위지역 좌표경계 대체,139,몬스터,92307,8603,청소부구더기,2373.64,-4302.37,77.8021
2279,0,동부 왕국,139,동부 역병지대,스트라솔름,상위지역 좌표경계 대체,139,몬스터,92307,8603,청소부구더기,2373.64,-4302.37,77.8021
2280,0,동부 왕국,0,,미사용,좌표 없음,,,,,,,,
2297,0,동부 왕국,28,서부 역병지대,다로미어 호수,상위지역 좌표경계 대체,28,몬스터,48260,4076,바퀴벌레,1930.58,-1714.77,61.6941
2298,0,동부 왕국,28,서부 역병지대,카엘 다로우,상위지역 좌표경계 대체,28,몬스터,48260,4076,바퀴벌레,1930.58,-1714.77,61.6941
2299,0,동부 왕국,139,동부 역병지대,다로미어 호수,상위지역 좌표경계 대체,139,몬스터,92307,8603,청소부구더기,2373.64,-4302.37,77.8021
2300,1,칼림도어,440,타나리스,시간의 동굴,상위지역 좌표경계 대체,440,몬스터,22002,5420,유리비늘 큰눈바실리스크,-8181.37,-3683.78,25.4246
2301,1,칼림도어,331,잿빛 골짜기,엉겅퀴 마을,상위지역 zoneId 대체,331,몬스터,32884,10644,긴울음 안개늑대,3528.78,628.189,9.04502
2302,1,칼림도어,15,먼지진흙 습지대,먼지 수렁,상위지역 좌표경계 대체,15,몬스터,18634,4393,산성 늪수액괴물,-3786.16,-3606.66,37.4825
2303,1,칼림도어,400,버섯구름 봉우리,갈기바람 협곡,상위지역 좌표경계 대체,400,몬스터,21480,9525,높새바람 봉우리 용사,-5409.98,-2532.21,-48.1376
2317,1,칼림도어,440,타나리스,남쪽 바다,상위지역 좌표경계 대체,440,몬스터,22002,5420,유리비늘 큰눈바실리스크,-8181.37,-3683.78,25.4246
2318,1,칼림도어,15,먼지진흙 습지대,대해,상위지역 좌표경계 대체,15,몬스터,18634,4393,산성 늪수액괴물,-3786.16,-3606.66,37.4825
2319,1,칼림도어,17,불모의 땅,대해,상위지역 좌표경계 대체,17,몬스터,20887,3300,살모사,-1774.17,-2445.57,94.0997
2320,1,칼림도어,14,듀로타,대해,상위지역 좌표경계 대체,14,몬스터,12320,3112,서슬갈기일족 정찰병,52.693,-4613.99,46.8383
2321,1,칼림도어,16,아즈샤라,대해,상위지역 좌표경계 대체,16,몬스터,35540,6196,원한의꼬리일족 미르미돈,3585.72,-5791.59,-2.95189
2322,1,칼림도어,141,텔드랏실,장막의 바다,상위지역 zoneId 대체,141,몬스터,12596,7319,여왕거미 사스라,10979.6,1366.13,1328.87
2323,1,칼림도어,357,페랄라스,장막의 바다,상위지역 좌표경계 대체,357,몬스터,51220,5308,사나운 계곡천둥매,-4677.74,2005.94,8.85287
2324,1,칼림도어,405,잊혀진 땅,장막의 바다,상위지역 좌표경계 대체,405,몬스터,29154,4075,쥐,-1021.18,2033.42,62.283
2325,1,칼림도어,331,잿빛 골짜기,장막의 바다,상위지역 zoneId 대체,331,몬스터,32884,10644,긴울음 안개늑대,3528.78,628.189,9.04502
2326,1,칼림도어,148,어둠의 해안,장막의 바다,상위지역 좌표경계 대체,148,몬스터,38486,10160,사나운 달빛야수,6213.59,-155.208,79.3315
2337,1,칼림도어,14,듀로타,칼바람 언덕 병영,상위지역 좌표경계 대체,14,몬스터,12320,3112,서슬갈기일족 정찰병,52.693,-4613.99,46.8383
2338,0,동부 왕국,33,가시덤불 골짜기,남쪽 바다,상위지역 좌표경계 대체,33,몬스터,833,783,백골가루부족 광전사,-13054.5,-843.752,71.3439
2339,0,동부 왕국,33,가시덤불 골짜기,대해,상위지역 좌표경계 대체,33,몬스터,833,783,백골가루부족 광전사,-13054.5,-843.752,71.3439
2357,1,칼림도어,331,잿빛 골짜기,붉은송곳니 야영지,상위지역 zoneId 대체,331,몬스터,32884,10644,긴울음 안개늑대,3528.78,628.189,9.04502
2358,1,칼림도어,331,잿빛 골짜기,숲의 노래,상위지역 zoneId 대체,331,몬스터,32884,10644,긴울음 안개늑대,3528.78,628.189,9.04502
2359,1,칼림도어,331,잿빛 골짜기,푸른발 마을,상위지역 zoneId 대체,331,몬스터,32884,10644,긴울음 안개늑대,3528.78,628.189,9.04502
2360,1,칼림도어,331,잿빛 골짜기,은빛날개 전초기지,상위지역 zoneId 대체,331,몬스터,32884,10644,긴울음 안개늑대,3528.78,628.189,9.04502
2361,1,칼림도어,493,달의 숲,나이트헤이븐,상위지역 좌표경계 대체,493,몬스터,42549,1412,다람쥐,7778.63,-2577.18,465.32
2362,1,칼림도어,493,달의 숲,레물로스의 제단,상위지역 좌표경계 대체,493,몬스터,42549,1412,다람쥐,7778.63,-2577.18,465.32
2363,1,칼림도어,493,달의 숲,스톰레이지 지하굴,상위지역 좌표경계 대체,493,몬스터,42549,1412,다람쥐,7778.63,-2577.18,465.32
2364,0,동부 왕국,40,서부 몰락지대,대해,상위지역 좌표경계 대체,40,몬스터,89789,1109,식인독수리,-10585.1,1310.83,39.6822
2365,0,동부 왕국,11,저습지,대해,상위지역 좌표경계 대체,11,몬스터,10768,1057,용아귀부족 해골감시자,-3553.23,-2448.85,51.7919
2397,0,동부 왕국,267,힐스브래드 구릉지,대해,상위지역 zoneId 대체,267,NPC,14896,620,닭,-816.161,-616.04,13.8808
2398,0,동부 왕국,130,은빛소나무 숲,대해,상위지역 좌표경계 대체,130,몬스터,19181,1769,달의분노일족 백발전사,328.962,1318.76,78.1197
2399,0,동부 왕국,85,티리스팔 숲,대해,상위지역 zoneId 대체,85,몬스터,201194,10716,종탑 박쥐,2291.84,292.171,81.5713
2400,0,동부 왕국,47,동부 내륙지,성난 바다,상위지역 좌표경계 대체,47,몬스터,93154,2656,비취 수액괴물,155.866,-3503.29,125.227
2401,0,동부 왕국,45,아라시 고원,성난 바다,상위지역 좌표경계 대체,45,몬스터,14531,2762,떠도는 천둥 정령,-1353.3,-2680.84,69.1467
2402,0,동부 왕국,11,저습지,성난 바다,상위지역 좌표경계 대체,11,몬스터,10768,1057,용아귀부족 해골감시자,-3553.23,-2448.85,51.7919
2403,0,동부 왕국,8,슬픔의 늪,성난 바다,상위지역 좌표경계 대체,8,몬스터,34153,865,스토나드 길잡이,-10383.4,-3373.6,22.8654
2404,1,칼림도어,405,잊혀진 땅,테드리스 아란,상위지역 좌표경계 대체,405,몬스터,29154,4075,쥐,-1021.18,2033.42,62.283
2405,1,칼림도어,405,잊혀진 땅,에텔 레소르,상위지역 좌표경계 대체,405,몬스터,29154,4075,쥐,-1021.18,2033.42,62.283
2406,1,칼림도어,405,잊혀진 땅,라나즈자르 섬,상위지역 좌표경계 대체,405,몬스터,29154,4075,쥐,-1021.18,2033.42,62.283
2407,1,칼림도어,405,잊혀진 땅,코르메크의 오두막,상위지역 좌표경계 대체,405,몬스터,29154,4075,쥐,-1021.18,2033.42,62.283
2408,1,칼림도어,405,잊혀진 땅,그늘수렵 마을,상위지역 좌표경계 대체,405,몬스터,29154,4075,쥐,-1021.18,2033.42,62.283
2417,0,동부 왕국,46,불타는 평원,검은바위 고개,상위지역 좌표경계 대체,46,몬스터,5404,9700,용암게,-8018.15,-1774.78,130.105
2418,0,동부 왕국,46,불타는 평원,모건의 망루,상위지역 좌표경계 대체,46,몬스터,5404,9700,용암게,-8018.15,-1774.78,130.105
2419,0,동부 왕국,46,불타는 평원,뱀갈퀴 바위굴,상위지역 좌표경계 대체,46,몬스터,5404,9700,용암게,-8018.15,-1774.78,130.105
2420,0,동부 왕국,46,불타는 평원,공포의 날개 골짜기,상위지역 좌표경계 대체,46,몬스터,5404,9700,용암게,-8018.15,-1774.78,130.105
2421,0,동부 왕국,46,불타는 평원,드라코다르,상위지역 좌표경계 대체,46,몬스터,5404,9700,용암게,-8018.15,-1774.78,130.105
2457,1,칼림도어,331,잿빛 골짜기,별빛노래 숲,상위지역 zoneId 대체,331,몬스터,32884,10644,긴울음 안개늑대,3528.78,628.189,9.04502
2477,1,칼림도어,1377,실리더스,장막의 바다,상위지역 좌표경계 대체,1377,몬스터,43184,11698,독침 하이브아쉬,-7111.02,789.347,12.6091
2478,1,칼림도어,361,악령의 숲,모를로스아란,상위지역 좌표경계 대체,361,몬스터,39198,10017,오염된 바퀴벌레,5345.38,-937.115,376.457
2479,1,칼림도어,361,악령의 숲,에메랄드 성소,상위지역 좌표경계 대체,361,몬스터,39198,10017,오염된 바퀴벌레,5345.38,-937.115,376.457
2480,1,칼림도어,361,악령의 숲,비취불꽃 숲,상위지역 좌표경계 대체,361,몬스터,39198,10017,오염된 바퀴벌레,5345.38,-937.115,376.457
2481,1,칼림도어,361,악령의 숲,콘스텔라스 폐허,상위지역 좌표경계 대체,361,몬스터,39198,10017,오염된 바퀴벌레,5345.38,-937.115,376.457
2497,1,칼림도어,16,아즈샤라,시련의 산마루,상위지역 좌표경계 대체,16,몬스터,35540,6196,원한의꼬리일족 미르미돈,3585.72,-5791.59,-2.95189
2517,0,동부 왕국,4,저주받은 땅,파멸자의 봉우리,상위지역 좌표경계 대체,4,몬스터,134380,7846,파멸의 테레무스,-11685.9,-2955.42,7.736
2518,1,칼림도어,357,페랄라스,라리스 정자,상위지역 좌표경계 대체,357,몬스터,51220,5308,사나운 계곡천둥매,-4677.74,2005.94,8.85287
2519,1,칼림도어,357,페랄라스,덩굴발 언덕,상위지역 좌표경계 대체,357,몬스터,51220,5308,사나운 계곡천둥매,-4677.74,2005.94,8.85287
2520,1,칼림도어,357,페랄라스,덩굴발일족 소굴,상위지역 좌표경계 대체,357,몬스터,51220,5308,사나운 계곡천둥매,-4677.74,2005.94,8.85287
2521,1,칼림도어,357,페랄라스,베르단티스 강,상위지역 좌표경계 대체,357,몬스터,51220,5308,사나운 계곡천둥매,-4677.74,2005.94,8.85287
2522,1,칼림도어,357,페랄라스,이실디엔 폐허,상위지역 좌표경계 대체,357,몬스터,51220,5308,사나운 계곡천둥매,-4677.74,2005.94,8.85287
2537,1,칼림도어,406,돌발톱 산맥,그림토템 초소,상위지역 zoneId 대체,406,몬스터,16400,5930,마녀 리벤,684.793,1458.34,-12.6599
2538,1,칼림도어,406,돌발톱 산맥,아파라제 야영지,상위지역 zoneId 대체,406,몬스터,16400,5930,마녀 리벤,684.793,1458.34,-12.6599
2539,1,칼림도어,406,돌발톱 산맥,말라카진,상위지역 zoneId 대체,406,몬스터,16400,5930,마녀 리벤,684.793,1458.34,-12.6599
2540,1,칼림도어,406,돌발톱 산맥,구릉바위 협곡,상위지역 zoneId 대체,406,몬스터,16400,5930,마녀 리벤,684.793,1458.34,-12.6599
2541,1,칼림도어,406,돌발톱 산맥,시쉬르 협곡,상위지역 zoneId 대체,406,몬스터,16400,5930,마녀 리벤,684.793,1458.34,-12.6599
2558,0,동부 왕국,41,죽음의 고개,죽음의 협곡,상위지역 좌표경계 대체,41,몬스터,3990,7376,하늘그늘독수리,-10714.1,-2035.89,121.86
2559,0,동부 왕국,41,죽음의 고개,다이아몬드 강,상위지역 좌표경계 대체,41,몬스터,3990,7376,하늘그늘독수리,-10714.1,-2035.89,121.86
2560,0,동부 왕국,41,죽음의 고개,아리덴의 야영지,상위지역 좌표경계 대체,41,몬스터,3990,7376,하늘그늘독수리,-10714.1,-2035.89,121.86
2561,0,동부 왕국,41,죽음의 고개,악의 소굴,상위지역 좌표경계 대체,41,몬스터,3990,7376,하늘그늘독수리,-10714.1,-2035.89,121.86
2562,0,동부 왕국,41,죽음의 고개,카라잔,상위지역 좌표경계 대체,41,몬스터,3990,7376,하늘그늘독수리,-10714.1,-2035.89,121.86
2563,0,동부 왕국,41,죽음의 고개,모건의 터,상위지역 좌표경계 대체,41,몬스터,3990,7376,하늘그늘독수리,-10714.1,-2035.89,121.86
2577,1,칼림도어,357,페랄라스,혈투의 전장,상위지역 좌표경계 대체,357,몬스터,51220,5308,사나운 계곡천둥매,-4677.74,2005.94,8.85287
2617,1,칼림도어,405,잊혀진 땅,스크래블스크류의 야영지,상위지역 좌표경계 대체,405,몬스터,29154,4075,쥐,-1021.18,2033.42,62.283
2618,1,칼림도어,361,악령의 숲,비취불꽃 비탈,상위지역 좌표경계 대체,361,몬스터,39198,10017,오염된 바퀴벌레,5345.38,-937.115,376.457
2619,0,동부 왕국,139,동부 역병지대,톤드로릴 강,상위지역 좌표경계 대체,139,몬스터,92307,8603,청소부구더기,2373.64,-4302.37,77.8021
2620,0,동부 왕국,28,서부 역병지대,톤드로릴 강,상위지역 좌표경계 대체,28,몬스터,48260,4076,바퀴벌레,1930.58,-1714.77,61.6941
2621,0,동부 왕국,139,동부 역병지대,메렐다르 호수,상위지역 좌표경계 대체,139,몬스터,92307,8603,청소부구더기,2373.64,-4302.37,77.8021
2622,0,동부 왕국,139,동부 역병지대,전염의 흉터,상위지역 좌표경계 대체,139,몬스터,92307,8603,청소부구더기,2373.64,-4302.37,77.8021
2623,0,동부 왕국,139,동부 역병지대,오염의 흉터,상위지역 좌표경계 대체,139,몬스터,92307,8603,청소부구더기,2373.64,-4302.37,77.8021
2624,0,동부 왕국,139,동부 역병지대,검은나무 호수,상위지역 좌표경계 대체,139,몬스터,92307,8603,청소부구더기,2373.64,-4302.37,77.8021
2625,0,동부 왕국,139,동부 역병지대,동부방벽 관문,상위지역 좌표경계 대체,139,몬스터,92307,8603,청소부구더기,2373.64,-4302.37,77.8021
2626,0,동부 왕국,139,동부 역병지대,공포의 거미굴,상위지역 좌표경계 대체,139,몬스터,92307,8603,청소부구더기,2373.64,-4302.37,77.8021
2627,0,동부 왕국,139,동부 역병지대,테러데일,상위지역 좌표경계 대체,139,몬스터,92307,8603,청소부구더기,2373.64,-4302.37,77.8021
2637,1,칼림도어,331,잿빛 골짜기,카르가시아 요새,상위지역 zoneId 대체,331,몬스터,32884,10644,긴울음 안개늑대,3528.78,628.189,9.04502
2657,1,칼림도어,405,잊혀진 땅,뼈의 골짜기,상위지역 좌표경계 대체,405,몬스터,29154,4075,쥐,-1021.18,2033.42,62.283
2697,0,동부 왕국,41,죽음의 고개,사자의 길,상위지역 좌표경계 대체,41,몬스터,3990,7376,하늘그늘독수리,-10714.1,-2035.89,121.86
2737,1,칼림도어,1377,실리더스,스카라베 성벽,상위지역 좌표경계 대체,1377,몬스터,43184,11698,독침 하이브아쉬,-7111.02,789.347,12.6091
2738,1,칼림도어,1377,실리더스,마파람 마을,상위지역 좌표경계 대체,1377,몬스터,43184,11698,독침 하이브아쉬,-7111.02,789.347,12.6091
2739,1,칼림도어,1377,실리더스,황혼의 망치단 주둔지,상위지역 좌표경계 대체,1377,몬스터,43184,11698,독침 하이브아쉬,-7111.02,789.347,12.6091
2740,1,칼림도어,1377,실리더스,수정 골짜기,상위지역 좌표경계 대체,1377,몬스터,43184,11698,독침 하이브아쉬,-7111.02,789.347,12.6091
2741,1,칼림도어,1377,실리더스,스카라베 제단,상위지역 좌표경계 대체,1377,몬스터,43184,11698,독침 하이브아쉬,-7111.02,789.347,12.6091
2742,1,칼림도어,1377,실리더스,하이브아쉬,상위지역 좌표경계 대체,1377,몬스터,43184,11698,독침 하이브아쉬,-7111.02,789.347,12.6091
2743,1,칼림도어,1377,실리더스,하이브조라,상위지역 좌표경계 대체,1377,몬스터,43184,11698,독침 하이브아쉬,-7111.02,789.347,12.6091
2744,1,칼림도어,1377,실리더스,하이브레갈,상위지역 좌표경계 대체,1377,몬스터,43184,11698,독침 하이브아쉬,-7111.02,789.347,12.6091
2757,1,칼림도어,17,불모의 땅,전사한 용사의 제단,상위지역 좌표경계 대체,17,몬스터,20887,3300,살모사,-1774.17,-2445.57,94.0997
2777,0,동부 왕국,267,힐스브래드 구릉지,알터랙 계곡 미사용,상위지역 zoneId 대체,267,NPC,14896,620,닭,-816.161,-616.04,13.8808
2797,1,칼림도어,331,잿빛 골짜기,검은심연의 나락,상위지역 zoneId 대체,331,몬스터,32884,10644,긴울음 안개늑대,3528.78,628.189,9.04502
2817,571,노스렌드,0,,수정노래 숲,상위지역 좌표경계 대체,2817,몬스터,244547,38035,화학약품 수레,5592.71,68.6267,148.611
2837,0,동부 왕국,41,죽음의 고개,지배자의 지하실,상위지역 좌표경계 대체,41,몬스터,3990,7376,하늘그늘독수리,-10714.1,-2035.89,121.86
2838,0,동부 왕국,51,이글거리는 협곡,돌다지 고개,상위지역 좌표경계 대체,51,몬스터,5731,5855,용암 정령,-6864.68,-1431.31,160.301
2839,0,동부 왕국,36,알터랙 산맥,알터랙 계곡,상위지역 좌표경계 대체,36,몬스터,16994,2252,산사태 오우거,515.574,-620.737,170.678
2857,1,칼림도어,440,타나리스,싸움 우리,상위지역 좌표경계 대체,440,몬스터,22002,5420,유리비늘 큰눈바실리스크,-8181.37,-3683.78,25.4246
2897,1,칼림도어,331,잿빛 골짜기,조람가르 전초기지,상위지역 zoneId 대체,331,몬스터,32884,10644,긴울음 안개늑대,3528.78,628.189,9.04502
2917,1,칼림도어,0,,전설의 전당,좌표 없음,,,,,,,,
2937,0,동부 왕국,41,죽음의 고개,그로쉬고크 주둔지,상위지역 좌표경계 대체,41,몬스터,3990,7376,하늘그늘독수리,-10714.1,-2035.89,121.86
2938,0,동부 왕국,41,죽음의 고개,수면의 협곡,상위지역 좌표경계 대체,41,몬스터,3990,7376,하늘그늘독수리,-10714.1,-2035.89,121.86
2979,1,칼림도어,14,듀로타,톨크렌 농장,상위지역 좌표경계 대체,14,몬스터,12320,3112,서슬갈기일족 정찰병,52.693,-4613.99,46.8383
3037,1,칼림도어,400,버섯구름 봉우리,강철바위 야영지,상위지역 좌표경계 대체,400,몬스터,21480,9525,높새바람 봉우리 용사,-5409.98,-2532.21,-48.1376
3038,1,칼림도어,400,버섯구름 봉우리,위젤의 분화구,상위지역 좌표경계 대체,400,몬스터,21480,9525,높새바람 봉우리 용사,-5409.98,-2532.21,-48.1376
3039,1,칼림도어,400,버섯구름 봉우리,타혼다 폐허,상위지역 좌표경계 대체,400,몬스터,21480,9525,높새바람 봉우리 용사,-5409.98,-2532.21,-48.1376
3077,1,칼림도어,1377,실리더스,용사의 안식처,상위지역 좌표경계 대체,1377,몬스터,43184,11698,독침 하이브아쉬,-7111.02,789.347,12.6091
3097,1,칼림도어,1377,실리더스,벌레무리 기둥,상위지역 좌표경계 대체,1377,몬스터,43184,11698,독침 하이브아쉬,-7111.02,789.347,12.6091
3098,1,칼림도어,1377,실리더스,황혼의 초소,상위지역 좌표경계 대체,1377,몬스터,43184,11698,독침 하이브아쉬,-7111.02,789.347,12.6091
3099,1,칼림도어,1377,실리더스,황혼의 전초기지,상위지역 좌표경계 대체,1377,몬스터,43184,11698,독침 하이브아쉬,-7111.02,789.347,12.6091
3100,1,칼림도어,1377,실리더스,파괴된 황혼의 야영지,상위지역 좌표경계 대체,1377,몬스터,43184,11698,독침 하이브아쉬,-7111.02,789.347,12.6091
3117,1,칼림도어,357,페랄라스,샬자루의 둥지,상위지역 좌표경계 대체,357,몬스터,51220,5308,사나운 계곡천둥매,-4677.74,2005.94,8.85287
3137,1,칼림도어,16,아즈샤라,탈렌드리스 초소,상위지역 좌표경계 대체,16,몬스터,35540,6196,원한의꼬리일족 미르미돈,3585.72,-5791.59,-2.95189
3138,1,칼림도어,16,아즈샤라,레스리스 성소,상위지역 좌표경계 대체,16,몬스터,35540,6196,원한의꼬리일족 미르미돈,3585.72,-5791.59,-2.95189
3139,1,칼림도어,618,여명의 설원,공포의 달빛 동굴,상위지역 좌표경계 대체,618,몬스터,41556,7457,떠도는 얼음엉겅퀴설인,6315.83,-3792.92,726.816
3140,1,칼림도어,16,아즈샤라,비늘수염 동굴,상위지역 좌표경계 대체,16,몬스터,35540,6196,원한의꼬리일족 미르미돈,3585.72,-5791.59,-2.95189
3157,1,칼림도어,406,돌발톱 산맥,구릉바위 동굴,상위지역 zoneId 대체,406,몬스터,16400,5930,마녀 리벤,684.793,1458.34,-12.6599
3177,1,칼림도어,331,잿빛 골짜기,전쟁노래부족 노동기지,상위지역 zoneId 대체,331,몬스터,32884,10644,긴울음 안개늑대,3528.78,628.189,9.04502
3197,0,동부 왕국,28,서부 역병지대,서리바람 야영지,상위지역 좌표경계 대체,28,몬스터,48260,4076,바퀴벌레,1930.58,-1714.77,61.6941
3257,1,칼림도어,1377,실리더스,그락카론드의 무덤,상위지역 좌표경계 대체,1377,몬스터,43184,11698,독침 하이브아쉬,-7111.02,789.347,12.6091
3317,0,동부 왕국,47,동부 내륙지,레반터스크 마을,상위지역 좌표경계 대체,47,몬스터,93154,2656,비취 수액괴물,155.866,-3503.29,125.227
3319,1,칼림도어,331,잿빛 골짜기,은빛날개 숲,상위지역 zoneId 대체,331,몬스터,32884,10644,긴울음 안개늑대,3528.78,628.189,9.04502
3357,0,동부 왕국,33,가시덤불 골짜기,요잠바 섬,상위지역 좌표경계 대체,33,몬스터,833,783,백골가루부족 광전사,-13054.5,-843.752,71.3439
3425,1,칼림도어,1377,실리더스,세나리온 요새,상위지역 좌표경계 대체,1377,몬스터,43184,11698,독침 하이브아쉬,-7111.02,789.347,12.6091
3426,1,칼림도어,1377,실리더스,스테그헬름 거점,상위지역 좌표경계 대체,1377,몬스터,43184,11698,독침 하이브아쉬,-7111.02,789.347,12.6091
3427,1,칼림도어,1377,실리더스,브론즈비어드 야영지,상위지역 좌표경계 대체,1377,몬스터,43184,11698,독침 하이브아쉬,-7111.02,789.347,12.6091
3430,530,아웃랜드,0,,영원노래 숲,상위지역 좌표경계 대체,3430,몬스터,56354,15938,영원노래 순찰자,9371.2,-6959.4,17.8917
3431,530,아웃랜드,3430,영원노래 숲,선스트라이더 섬,상위지역 좌표경계 대체,3430,몬스터,56354,15938,영원노래 순찰자,9371.2,-6959.4,17.8917
3432,530,아웃랜드,3430,영원노래 숲,다트리마의 제단,상위지역 좌표경계 대체,3430,몬스터,56354,15938,영원노래 순찰자,9371.2,-6959.4,17.8917
3433,530,아웃랜드,0,,유령의 땅,직접 zoneId,3433,몬스터,139265,23565,투르고어,6797.45,-7537.86,126.264
3446,1,칼림도어,1377,실리더스,황혼의 터,상위지역 좌표경계 대체,1377,몬스터,43184,11698,독침 하이브아쉬,-7111.02,789.347,12.6091
3447,1,칼림도어,1377,실리더스,오르텔의 은신처,상위지역 좌표경계 대체,1377,몬스터,43184,11698,독침 하이브아쉬,-7111.02,789.347,12.6091
3454,1,칼림도어,1377,실리더스,안퀴라즈 폐허,상위지역 좌표경계 대체,1377,몬스터,43184,11698,독침 하이브아쉬,-7111.02,789.347,12.6091
3455,530,아웃랜드,0,,북해,좌표 없음,,,,,,,,
3459,0,동부 왕국,0,,도시,좌표 없음,,,,,,,,
3460,530,아웃랜드,3430,영원노래 숲,황금 해안,상위지역 좌표경계 대체,3430,몬스터,56354,15938,영원노래 순찰자,9371.2,-6959.4,17.8917
3461,530,아웃랜드,3430,영원노래 숲,해돋이 부두,상위지역 좌표경계 대체,3430,몬스터,56354,15938,영원노래 순찰자,9371.2,-6959.4,17.8917
3462,530,아웃랜드,3430,영원노래 숲,산들바람 마을,상위지역 좌표경계 대체,3430,몬스터,56354,15938,영원노래 순찰자,9371.2,-6959.4,17.8917
3463,530,아웃랜드,3430,영원노래 숲,마법학자 관문,상위지역 좌표경계 대체,3430,몬스터,56354,15938,영원노래 순찰자,9371.2,-6959.4,17.8917
3464,530,아웃랜드,3430,영원노래 숲,원정순찰대 산장,상위지역 좌표경계 대체,3430,몬스터,56354,15938,영원노래 순찰자,9371.2,-6959.4,17.8917
3465,530,아웃랜드,3430,영원노래 숲,북부 성소,상위지역 좌표경계 대체,3430,몬스터,56354,15938,영원노래 순찰자,9371.2,-6959.4,17.8917
3466,530,아웃랜드,3430,영원노래 숲,서부 성소,상위지역 좌표경계 대체,3430,몬스터,56354,15938,영원노래 순찰자,9371.2,-6959.4,17.8917
3467,530,아웃랜드,3430,영원노래 숲,동부 성소,상위지역 좌표경계 대체,3430,몬스터,56354,15938,영원노래 순찰자,9371.2,-6959.4,17.8917
3468,530,아웃랜드,3430,영원노래 숲,살데릴의 안식처,상위지역 좌표경계 대체,3430,몬스터,56354,15938,영원노래 순찰자,9371.2,-6959.4,17.8917
3469,530,아웃랜드,3430,영원노래 숲,투론의 매타조 훈련장,상위지역 좌표경계 대체,3430,몬스터,56354,15938,영원노래 순찰자,9371.2,-6959.4,17.8917
3470,530,아웃랜드,3430,영원노래 숲,잔잔한 속삭임 연못,상위지역 좌표경계 대체,3430,몬스터,56354,15938,영원노래 순찰자,9371.2,-6959.4,17.8917
3471,530,아웃랜드,3430,영원노래 숲,생명의 숲,상위지역 좌표경계 대체,3430,몬스터,56354,15938,영원노래 순찰자,9371.2,-6959.4,17.8917
3472,530,아웃랜드,3430,영원노래 숲,하늘바람 해안,상위지역 좌표경계 대체,3430,몬스터,56354,15938,영원노래 순찰자,9371.2,-6959.4,17.8917
3473,530,아웃랜드,3430,영원노래 숲,엘렌다르 호수,상위지역 좌표경계 대체,3430,몬스터,56354,15938,영원노래 순찰자,9371.2,-6959.4,17.8917
3474,530,아웃랜드,3430,영원노래 숲,불타버린 숲,상위지역 좌표경계 대체,3430,몬스터,56354,15938,영원노래 순찰자,9371.2,-6959.4,17.8917
3475,530,아웃랜드,3430,영원노래 숲,제브와타,상위지역 좌표경계 대체,3430,몬스터,56354,15938,영원노래 순찰자,9371.2,-6959.4,17.8917
3476,530,아웃랜드,3430,영원노래 숲,토르와타,상위지역 좌표경계 대체,3430,몬스터,56354,15938,영원노래 순찰자,9371.2,-6959.4,17.8917
3477,571,노스렌드,0,,아졸네룹,좌표 없음,,,,,,,,
3478,1,칼림도어,0,,안퀴라즈 성문,좌표 없음,,,,,,,,
3479,530,아웃랜드,0,,장막의 바다,좌표 없음,,,,,,,,
3480,530,아웃랜드,3430,영원노래 숲,더스크위더 정원,상위지역 좌표경계 대체,3430,몬스터,56354,15938,영원노래 순찰자,9371.2,-6959.4,17.8917
3481,530,아웃랜드,3430,영원노래 숲,더스크위더 첨탑,상위지역 좌표경계 대체,3430,몬스터,56354,15938,영원노래 순찰자,9371.2,-6959.4,17.8917
3482,530,아웃랜드,3430,영원노래 숲,죽음의 흉터,상위지역 좌표경계 대체,3430,몬스터,56354,15938,영원노래 순찰자,9371.2,-6959.4,17.8917
3483,530,아웃랜드,0,,지옥불 반도,상위지역 좌표경계 대체,3483,몬스터,58171,16867,으스러진 손의 그런트,-253.512,2943.37,-62.4284
3484,530,아웃랜드,3430,영원노래 숲,태양 첨탑,상위지역 좌표경계 대체,3430,몬스터,56354,15938,영원노래 순찰자,9371.2,-6959.4,17.8917
3485,530,아웃랜드,3430,영원노래 숲,팔스리엔 마법학회,상위지역 좌표경계 대체,3430,몬스터,56354,15938,영원노래 순찰자,9371.2,-6959.4,17.8917
3486,0,동부 왕국,36,알터랙 산맥,라벤홀트 장원,상위지역 좌표경계 대체,36,몬스터,16994,2252,산사태 오우거,515.574,-620.737,170.678
3487,530,아웃랜드,0,,실버문,상위지역 좌표경계 대체,3487,몬스터,66968,18722,오염된 노움 일꾼,9727.96,-7071.17,4.96632
3488,530,아웃랜드,3433,유령의 땅,트랜퀼리엔,상위지역 zoneId 대체,3433,몬스터,139265,23565,투르고어,6797.45,-7537.86,126.264
3489,530,아웃랜드,3433,유령의 땅,태양왕관 마을,상위지역 zoneId 대체,3433,몬스터,139265,23565,투르고어,6797.45,-7537.86,126.264
3490,530,아웃랜드,3433,유령의 땅,황금안개 마을,상위지역 zoneId 대체,3433,몬스터,139265,23565,투르고어,6797.45,-7537.86,126.264
3491,530,아웃랜드,3433,유령의 땅,윈드러너 마을,상위지역 zoneId 대체,3433,몬스터,139265,23565,투르고어,6797.45,-7537.86,126.264
3492,530,아웃랜드,3433,유령의 땅,윈드러너 첨탑,상위지역 zoneId 대체,3433,몬스터,139265,23565,투르고어,6797.45,-7537.86,126.264
3493,530,아웃랜드,3433,유령의 땅,태양의 성소,상위지역 zoneId 대체,3433,몬스터,139265,23565,투르고어,6797.45,-7537.86,126.264
3494,530,아웃랜드,3433,유령의 땅,달의 성소,상위지역 zoneId 대체,3433,몬스터,139265,23565,투르고어,6797.45,-7537.86,126.264
3495,530,아웃랜드,3433,유령의 땅,돈스타 첨탑,상위지역 zoneId 대체,3433,몬스터,139265,23565,투르고어,6797.45,-7537.86,126.264
3496,530,아웃랜드,3433,유령의 땅,원정순찰대 초소,상위지역 zoneId 대체,3433,몬스터,139265,23565,투르고어,6797.45,-7537.86,126.264
3497,530,아웃랜드,3433,유령의 땅,안다로스,상위지역 zoneId 대체,3433,몬스터,139265,23565,투르고어,6797.45,-7537.86,126.264
3498,530,아웃랜드,3433,유령의 땅,안텔라스,상위지역 zoneId 대체,3433,몬스터,139265,23565,투르고어,6797.45,-7537.86,126.264
3499,530,아웃랜드,3433,유령의 땅,안오윈,상위지역 zoneId 대체,3433,몬스터,139265,23565,투르고어,6797.45,-7537.86,126.264
3500,530,아웃랜드,3433,유령의 땅,데솔름,상위지역 zoneId 대체,3433,몬스터,139265,23565,투르고어,6797.45,-7537.86,126.264
3501,530,아웃랜드,3433,유령의 땅,피투성이 지구라트,상위지역 zoneId 대체,3433,몬스터,139265,23565,투르고어,6797.45,-7537.86,126.264
3502,530,아웃랜드,3433,유령의 땅,울부짖는 지구라트,상위지역 zoneId 대체,3433,몬스터,139265,23565,투르고어,6797.45,-7537.86,126.264
3503,530,아웃랜드,3433,유령의 땅,샬란디스 섬,상위지역 zoneId 대체,3433,몬스터,139265,23565,투르고어,6797.45,-7537.86,126.264
3504,530,아웃랜드,3433,유령의 땅,토릴 영지,상위지역 zoneId 대체,3433,몬스터,139265,23565,투르고어,6797.45,-7537.86,126.264
3505,530,아웃랜드,3433,유령의 땅,미명 광산,상위지역 zoneId 대체,3433,몬스터,139265,23565,투르고어,6797.45,-7537.86,126.264
3506,530,아웃랜드,3433,유령의 땅,안딜리엔 영지,상위지역 zoneId 대체,3433,몬스터,139265,23565,투르고어,6797.45,-7537.86,126.264
3507,530,아웃랜드,3433,유령의 땅,도끼 언덕,직접 areaId,3507,몬스터,139268,23705,살쾡이군주 시체,6745.69,-7636.87,127.306
3508,530,아웃랜드,3433,유령의 땅,아마니 고개,직접 areaId,3508,몬스터,139266,23705,살쾡이군주 시체,6770.6,-7614.27,128.68
3509,530,아웃랜드,3433,유령의 땅,해넘이 봉우리,상위지역 zoneId 대체,3433,몬스터,139265,23565,투르고어,6797.45,-7537.86,126.264
3510,530,아웃랜드,3433,유령의 땅,아마니 지하묘지,상위지역 zoneId 대체,3433,몬스터,139265,23565,투르고어,6797.45,-7537.86,126.264
3511,530,아웃랜드,3433,유령의 땅,저주받은 자의 탑,상위지역 zoneId 대체,3433,몬스터,139265,23565,투르고어,6797.45,-7537.86,126.264
3512,530,아웃랜드,3433,유령의 땅,제브소라,상위지역 zoneId 대체,3433,몬스터,139265,23565,투르고어,6797.45,-7537.86,126.264
3513,530,아웃랜드,3433,유령의 땅,엘렌다르 호수,상위지역 zoneId 대체,3433,몬스터,139265,23565,투르고어,6797.45,-7537.86,126.264
3514,530,아웃랜드,3433,유령의 땅,죽음의 흉터,상위지역 zoneId 대체,3433,몬스터,139265,23565,투르고어,6797.45,-7537.86,126.264
3515,530,아웃랜드,3433,유령의 땅,엘렌다르 강,상위지역 zoneId 대체,3433,몬스터,139265,23565,투르고어,6797.45,-7537.86,126.264
3516,530,아웃랜드,3433,유령의 땅,제브텔라,상위지역 zoneId 대체,3433,몬스터,139265,23565,투르고어,6797.45,-7537.86,126.264
3517,530,아웃랜드,3433,유령의 땅,제브노와,직접 areaId,3517,몬스터,139265,23565,투르고어,6797.45,-7537.86,126.264
3518,530,아웃랜드,0,,나그란드,직접 zoneId,3518,몬스터,25068,22311,맹렬한 불꽃영혼,-850.57,6517.23,172.649
3519,530,아웃랜드,0,,테로카르 숲,직접 zoneId,3519,몬스터,83823,19416,고대 드레나이 영혼,-3387.17,5177.65,-95.4726
3520,530,아웃랜드,0,,어둠달 골짜기,직접 areaId,3520,몬스터,85392,21205,걸신들린 우두머리 바위갈퀴,-2730.54,1150.53,63.0212
3521,530,아웃랜드,0,,장가르 습지대,직접 zoneId,3521,몬스터,25082,18127,수렁군주,-139.09,8044.04,18.4877
3522,530,아웃랜드,0,,칼날 산맥,상위지역 좌표경계 대체,3522,몬스터,73111,20728,칼날첨탑랩터,2583.49,6152.88,19.6487
3523,530,아웃랜드,0,,황천의 폭풍,직접 zoneId,3523,몬스터,425,20922,전사한 구원자,4034.83,3545.65,121.479
3524,530,아웃랜드,0,,하늘안개 섬,상위지역 좌표경계 대체,3524,몬스터,96334,26307,야수조련사,-4151.92,-12520.7,48.8974
3525,530,아웃랜드,0,,핏빛안개 섬,상위지역 좌표경계 대체,3525,몬스터,63252,17604,태양매 비밀요원,-1847.94,-11687.7,37.781
3526,530,아웃랜드,3524,하늘안개 섬,암멘 골짜기,상위지역 좌표경계 대체,3524,몬스터,96334,26307,야수조련사,-4151.92,-12520.7,48.8974
3527,530,아웃랜드,3524,하늘안개 섬,추락 지점,상위지역 좌표경계 대체,3524,몬스터,96334,26307,야수조련사,-4151.92,-12520.7,48.8974
3528,530,아웃랜드,3524,하늘안개 섬,희망의 호수,상위지역 좌표경계 대체,3524,몬스터,96334,26307,야수조련사,-4151.92,-12520.7,48.8974
3529,530,아웃랜드,3524,하늘안개 섬,다닥나무 숲,상위지역 좌표경계 대체,3524,몬스터,96334,26307,야수조련사,-4151.92,-12520.7,48.8974
3530,530,아웃랜드,3524,하늘안개 섬,어둠 마루,상위지역 좌표경계 대체,3524,몬스터,96334,26307,야수조련사,-4151.92,-12520.7,48.8974
3531,530,아웃랜드,3430,영원노래 숲,위험한 거리,상위지역 좌표경계 대체,3430,몬스터,56354,15938,영원노래 순찰자,9371.2,-6959.4,17.8917
3532,530,아웃랜드,3430,영원노래 숲,새벽길,상위지역 좌표경계 대체,3430,몬스터,56354,15938,영원노래 순찰자,9371.2,-6959.4,17.8917
3533,530,아웃랜드,3430,영원노래 숲,실버문 폐허,상위지역 좌표경계 대체,3430,몬스터,56354,15938,영원노래 순찰자,9371.2,-6959.4,17.8917
3534,530,아웃랜드,3430,영원노래 숲,페스의 길,상위지역 좌표경계 대체,3430,몬스터,56354,15938,영원노래 순찰자,9371.2,-6959.4,17.8917
3536,530,아웃랜드,3483,지옥불 반도,스랄마,상위지역 좌표경계 대체,3483,몬스터,58171,16867,으스러진 손의 그런트,-253.512,2943.37,-62.4284
3537,571,노스렌드,0,,북풍의 땅,직접 zoneId,3537,몬스터,1107,26093,낙사나르 대상,3739.39,3567.09,374.341
3538,530,아웃랜드,3483,지옥불 반도,명예의 요새,상위지역 좌표경계 대체,3483,몬스터,58171,16867,으스러진 손의 그런트,-253.512,2943.37,-62.4284
3539,530,아웃랜드,3483,지옥불 반도,운명의 계단,상위지역 좌표경계 대체,3483,몬스터,58171,16867,으스러진 손의 그런트,-253.512,2943.37,-62.4284
3540,530,아웃랜드,0,,뒤틀린 황천,좌표 없음,,,,,,,,
3541,530,아웃랜드,3483,지옥불 반도,멸망의 괴철로 기지,상위지역 좌표경계 대체,3483,몬스터,58171,16867,으스러진 손의 그런트,-253.512,2943.37,-62.4284
3542,530,아웃랜드,3483,지옥불 반도,영광의 길,상위지역 좌표경계 대체,3483,몬스터,58171,16867,으스러진 손의 그런트,-253.512,2943.37,-62.4284
3543,530,아웃랜드,3483,지옥불 반도,거대한 균열,상위지역 좌표경계 대체,3483,몬스터,58171,16867,으스러진 손의 그런트,-253.512,2943.37,-62.4284
3544,530,아웃랜드,3483,지옥불 반도,수정 들판,상위지역 좌표경계 대체,3483,몬스터,58171,16867,으스러진 손의 그런트,-253.512,2943.37,-62.4284
3545,530,아웃랜드,3483,지옥불 반도,지옥불 성채,상위지역 좌표경계 대체,3483,몬스터,58171,16867,으스러진 손의 그런트,-253.512,2943.37,-62.4284
3546,530,아웃랜드,3483,지옥불 반도,원정대 무기고,상위지역 좌표경계 대체,3483,몬스터,58171,16867,으스러진 손의 그런트,-253.512,2943.37,-62.4284
3547,530,아웃랜드,3483,지옥불 반도,킬제덴의 옥좌,상위지역 좌표경계 대체,3483,몬스터,58171,16867,으스러진 손의 그런트,-253.512,2943.37,-62.4284
3548,530,아웃랜드,3483,지옥불 반도,분노의 괴철로 기지,상위지역 좌표경계 대체,3483,몬스터,58171,16867,으스러진 손의 그런트,-253.512,2943.37,-62.4284
3549,530,아웃랜드,3483,지옥불 반도,파멸자의 침공 거점,상위지역 좌표경계 대체,3483,몬스터,58171,16867,으스러진 손의 그런트,-253.512,2943.37,-62.4284
3550,530,아웃랜드,3483,지옥불 반도,보룬 폐허,상위지역 좌표경계 대체,3483,몬스터,58171,16867,으스러진 손의 그런트,-253.512,2943.37,-62.4284
3551,530,아웃랜드,3483,지옥불 반도,샤나르 폐허,상위지역 좌표경계 대체,3483,몬스터,58171,16867,으스러진 손의 그런트,-253.512,2943.37,-62.4284
3552,530,아웃랜드,3483,지옥불 반도,텔하마트 사원,상위지역 좌표경계 대체,3483,몬스터,58171,16867,으스러진 손의 그런트,-253.512,2943.37,-62.4284
3553,530,아웃랜드,3483,지옥불 반도,아고나르의 웅덩이,상위지역 좌표경계 대체,3483,몬스터,58171,16867,으스러진 손의 그런트,-253.512,2943.37,-62.4284
3554,530,아웃랜드,3483,지옥불 반도,매의 감시탑,상위지역 좌표경계 대체,3483,몬스터,58171,16867,으스러진 손의 그런트,-253.512,2943.37,-62.4284
3555,530,아웃랜드,3483,지옥불 반도,마그하르 거점,상위지역 좌표경계 대체,3483,몬스터,58171,16867,으스러진 손의 그런트,-253.512,2943.37,-62.4284
3556,530,아웃랜드,3483,지옥불 반도,하알에쉬 소굴,상위지역 좌표경계 대체,3483,몬스터,58171,16867,으스러진 손의 그런트,-253.512,2943.37,-62.4284
3557,530,아웃랜드,0,,엑소다르,상위지역 좌표경계 대체,3557,몬스터,91571,22229,드루만 섀도그로브,-3980.32,-11639.4,-138.904
3558,530,아웃랜드,3430,영원노래 숲,엘렌다르 폭포,상위지역 좌표경계 대체,3430,몬스터,56354,15938,영원노래 순찰자,9371.2,-6959.4,17.8917
3559,530,아웃랜드,3524,하늘안개 섬,다닥나무 언덕,상위지역 좌표경계 대체,3524,몬스터,96334,26307,야수조련사,-4151.92,-12520.7,48.8974
3560,530,아웃랜드,3524,하늘안개 섬,암멘 들판,상위지역 좌표경계 대체,3524,몬스터,96334,26307,야수조련사,-4151.92,-12520.7,48.8974
3561,530,아웃랜드,3524,하늘안개 섬,신성한 숲,상위지역 좌표경계 대체,3524,몬스터,96334,26307,야수조련사,-4151.92,-12520.7,48.8974
3564,530,아웃랜드,3524,하늘안개 섬,잿불숲,상위지역 좌표경계 대체,3524,몬스터,96334,26307,야수조련사,-4151.92,-12520.7,48.8974
3565,530,아웃랜드,3521,장가르 습지대,세나리온 야영지,상위지역 zoneId 대체,3521,몬스터,25082,18127,수렁군주,-139.09,8044.04,18.4877
3566,530,아웃랜드,3524,하늘안개 섬,달날개 소굴,상위지역 좌표경계 대체,3524,몬스터,96334,26307,야수조련사,-4151.92,-12520.7,48.8974
3567,530,아웃랜드,3524,하늘안개 섬,탈출선 착륙지,상위지역 좌표경계 대체,3524,몬스터,96334,26307,야수조련사,-4151.92,-12520.7,48.8974
3568,530,아웃랜드,3524,하늘안개 섬,탈출선 잔해,상위지역 좌표경계 대체,3524,몬스터,96334,26307,야수조련사,-4151.92,-12520.7,48.8974
3569,530,아웃랜드,3524,하늘안개 섬,파도 동굴,상위지역 좌표경계 대체,3524,몬스터,96334,26307,야수조련사,-4151.92,-12520.7,48.8974
3570,530,아웃랜드,3524,하늘안개 섬,성난비늘 거점,상위지역 좌표경계 대체,3524,몬스터,96334,26307,야수조련사,-4151.92,-12520.7,48.8974
3571,530,아웃랜드,3524,하늘안개 섬,뾰족가지 마을,상위지역 좌표경계 대체,3524,몬스터,96334,26307,야수조련사,-4151.92,-12520.7,48.8974
3572,530,아웃랜드,3524,하늘안개 섬,너울소나무 요새,상위지역 좌표경계 대체,3524,몬스터,96334,26307,야수조련사,-4151.92,-12520.7,48.8974
3573,530,아웃랜드,3524,하늘안개 섬,오디시우스의 정박지,상위지역 좌표경계 대체,3524,몬스터,96334,26307,야수조련사,-4151.92,-12520.7,48.8974
3574,530,아웃랜드,3524,하늘안개 섬,발라르의 나루,상위지역 좌표경계 대체,3524,몬스터,96334,26307,야수조련사,-4151.92,-12520.7,48.8974
3575,530,아웃랜드,3524,하늘안개 섬,개펄 해안,상위지역 좌표경계 대체,3524,몬스터,96334,26307,야수조련사,-4151.92,-12520.7,48.8974
3576,530,아웃랜드,3524,하늘안개 섬,하늘 감시초소,상위지역 좌표경계 대체,3524,몬스터,96334,26307,야수조련사,-4151.92,-12520.7,48.8974
3577,530,아웃랜드,3524,하늘안개 섬,기즐의 야영지,상위지역 좌표경계 대체,3524,몬스터,96334,26307,야수조련사,-4151.92,-12520.7,48.8974
3578,530,아웃랜드,3524,하늘안개 섬,화물선 잔해,상위지역 좌표경계 대체,3524,몬스터,96334,26307,야수조련사,-4151.92,-12520.7,48.8974
3579,530,아웃랜드,3524,하늘안개 섬,배신자의 만,상위지역 좌표경계 대체,3524,몬스터,96334,26307,야수조련사,-4151.92,-12520.7,48.8974
3580,530,아웃랜드,3524,하늘안개 섬,갈기바람 봉우리,상위지역 좌표경계 대체,3524,몬스터,96334,26307,야수조련사,-4151.92,-12520.7,48.8974
3581,530,아웃랜드,3524,하늘안개 섬,갈기바람 길,상위지역 좌표경계 대체,3524,몬스터,96334,26307,야수조련사,-4151.92,-12520.7,48.8974
3582,530,아웃랜드,3483,지옥불 반도,제스고르,상위지역 좌표경계 대체,3483,몬스터,58171,16867,으스러진 손의 그런트,-253.512,2943.37,-62.4284
3583,530,아웃랜드,3525,핏빛안개 섬,녹주석 해안,상위지역 좌표경계 대체,3525,몬스터,63252,17604,태양매 비밀요원,-1847.94,-11687.7,37.781
3584,530,아웃랜드,3525,핏빛안개 섬,핏빛 감시초소,상위지역 좌표경계 대체,3525,몬스터,63252,17604,태양매 비밀요원,-1847.94,-11687.7,37.781
3585,530,아웃랜드,3525,핏빛안개 섬,칼날숲,상위지역 좌표경계 대체,3525,몬스터,63252,17604,태양매 비밀요원,-1847.94,-11687.7,37.781
3586,530,아웃랜드,3525,핏빛안개 섬,벡터 코일,상위지역 좌표경계 대체,3525,몬스터,63252,17604,태양매 비밀요원,-1847.94,-11687.7,37.781
3587,530,아웃랜드,3525,핏빛안개 섬,초공간 추진기,상위지역 좌표경계 대체,3525,몬스터,63252,17604,태양매 비밀요원,-1847.94,-11687.7,37.781
3588,530,아웃랜드,3525,핏빛안개 섬,극저온 핵,상위지역 좌표경계 대체,3525,몬스터,63252,17604,태양매 비밀요원,-1847.94,-11687.7,37.781
3589,530,아웃랜드,3525,핏빛안개 섬,진홍 해안,상위지역 좌표경계 대체,3525,몬스터,63252,17604,태양매 비밀요원,-1847.94,-11687.7,37.781
3590,530,아웃랜드,3525,핏빛안개 섬,성난비늘 둥지,상위지역 좌표경계 대체,3525,몬스터,63252,17604,태양매 비밀요원,-1847.94,-11687.7,37.781
3591,530,아웃랜드,3525,핏빛안개 섬,로레스아란 폐허,상위지역 좌표경계 대체,3525,몬스터,63252,17604,태양매 비밀요원,-1847.94,-11687.7,37.781
3592,530,아웃랜드,3525,핏빛안개 섬,나지비안,상위지역 좌표경계 대체,3525,몬스터,63252,17604,태양매 비밀요원,-1847.94,-11687.7,37.781
3593,530,아웃랜드,3525,핏빛안개 섬,악사리엔,상위지역 좌표경계 대체,3525,몬스터,63252,17604,태양매 비밀요원,-1847.94,-11687.7,37.781
3594,530,아웃랜드,3525,핏빛안개 섬,검은진흙 해안,상위지역 좌표경계 대체,3525,몬스터,63252,17604,태양매 비밀요원,-1847.94,-11687.7,37.781
3595,530,아웃랜드,3525,핏빛안개 섬,타락의 웅덩이,상위지역 좌표경계 대체,3525,몬스터,63252,17604,태양매 비밀요원,-1847.94,-11687.7,37.781
3596,530,아웃랜드,3525,핏빛안개 섬,숨은 산호초,상위지역 좌표경계 대체,3525,몬스터,63252,17604,태양매 비밀요원,-1847.94,-11687.7,37.781
3597,530,아웃랜드,3525,핏빛안개 섬,호박그물 고개,상위지역 좌표경계 대체,3525,몬스터,63252,17604,태양매 비밀요원,-1847.94,-11687.7,37.781
3598,530,아웃랜드,3525,핏빛안개 섬,고룡흉터 섬,상위지역 좌표경계 대체,3525,몬스터,63252,17604,태양매 비밀요원,-1847.94,-11687.7,37.781
3599,530,아웃랜드,3525,핏빛안개 섬,갈퀴발톱 언덕,상위지역 좌표경계 대체,3525,몬스터,63252,17604,태양매 비밀요원,-1847.94,-11687.7,37.781
3600,530,아웃랜드,3525,핏빛안개 섬,뾰족가지 군락,상위지역 좌표경계 대체,3525,몬스터,63252,17604,태양매 비밀요원,-1847.94,-11687.7,37.781
3601,530,아웃랜드,3525,핏빛안개 섬,성난깃털 마루,상위지역 좌표경계 대체,3525,몬스터,63252,17604,태양매 비밀요원,-1847.94,-11687.7,37.781
3602,530,아웃랜드,3525,핏빛안개 섬,케셀의 길목,상위지역 좌표경계 대체,3525,몬스터,63252,17604,태양매 비밀요원,-1847.94,-11687.7,37.781
3603,530,아웃랜드,3525,핏빛안개 섬,텔아시온의 야영지,상위지역 좌표경계 대체,3525,몬스터,63252,17604,태양매 비밀요원,-1847.94,-11687.7,37.781
3604,530,아웃랜드,3525,핏빛안개 섬,핏빛저주의 산호초,상위지역 좌표경계 대체,3525,몬스터,63252,17604,태양매 비밀요원,-1847.94,-11687.7,37.781
3608,530,아웃랜드,3525,핏빛안개 섬,구원자의 안식처,상위지역 좌표경계 대체,3525,몬스터,63252,17604,태양매 비밀요원,-1847.94,-11687.7,37.781
3609,530,아웃랜드,3518,나그란드,미사용3,상위지역 zoneId 대체,3518,몬스터,25068,22311,맹렬한 불꽃영혼,-850.57,6517.23,172.649
3610,530,아웃랜드,3518,나그란드,불타는 칼날 폐허,상위지역 zoneId 대체,3518,몬스터,25068,22311,맹렬한 불꽃영혼,-850.57,6517.23,172.649
3611,530,아웃랜드,3518,나그란드,부족 초소,상위지역 zoneId 대체,3518,몬스터,25068,22311,맹렬한 불꽃영혼,-850.57,6517.23,172.649
3612,530,아웃랜드,3525,핏빛안개 섬,핏빛저주의 섬,상위지역 좌표경계 대체,3525,몬스터,63252,17604,태양매 비밀요원,-1847.94,-11687.7,37.781
3613,530,아웃랜드,3518,나그란드,가라다르,상위지역 zoneId 대체,3518,몬스터,25068,22311,맹렬한 불꽃영혼,-850.57,6517.23,172.649
3614,530,아웃랜드,3518,나그란드,하늘노래 호수,상위지역 zoneId 대체,3518,몬스터,25068,22311,맹렬한 불꽃영혼,-850.57,6517.23,172.649
3615,530,아웃랜드,3518,나그란드,정령의 옥좌,상위지역 zoneId 대체,3518,몬스터,25068,22311,맹렬한 불꽃영혼,-850.57,6517.23,172.649
3616,530,아웃랜드,3518,나그란드,웃는 해골 폐허,상위지역 zoneId 대체,3518,몬스터,25068,22311,맹렬한 불꽃영혼,-850.57,6517.23,172.649
3617,530,아웃랜드,3518,나그란드,전쟁망치 언덕,상위지역 zoneId 대체,3518,몬스터,25068,22311,맹렬한 불꽃영혼,-850.57,6517.23,172.649
3618,530,아웃랜드,3518,나그란드,그룰의 둥지,상위지역 zoneId 대체,3518,몬스터,25068,22311,맹렬한 불꽃영혼,-850.57,6517.23,172.649
3619,530,아웃랜드,3518,나그란드,아우렌 마루,상위지역 zoneId 대체,3518,몬스터,25068,22311,맹렬한 불꽃영혼,-850.57,6517.23,172.649
3620,530,아웃랜드,3518,나그란드,아우렌 폭포,상위지역 zoneId 대체,3518,몬스터,25068,22311,맹렬한 불꽃영혼,-850.57,6517.23,172.649
3621,530,아웃랜드,3518,나그란드,태양여울 호수,상위지역 zoneId 대체,3518,몬스터,25068,22311,맹렬한 불꽃영혼,-850.57,6517.23,172.649
3622,530,아웃랜드,3518,나그란드,태양여울 주둔지,상위지역 zoneId 대체,3518,몬스터,25068,22311,맹렬한 불꽃영혼,-850.57,6517.23,172.649
3623,530,아웃랜드,3518,나그란드,에어리스 착륙지,상위지역 zoneId 대체,3518,몬스터,25068,22311,맹렬한 불꽃영혼,-850.57,6517.23,172.649
3624,530,아웃랜드,3518,나그란드,경악의 괴철로 기지,상위지역 zoneId 대체,3518,몬스터,25068,22311,맹렬한 불꽃영혼,-850.57,6517.23,172.649
3625,530,아웃랜드,3518,나그란드,증오의 괴철로 기지,상위지역 zoneId 대체,3518,몬스터,25068,22311,맹렬한 불꽃영혼,-850.57,6517.23,172.649
3626,530,아웃랜드,3518,나그란드,텔라아르,상위지역 zoneId 대체,3518,몬스터,25068,22311,맹렬한 불꽃영혼,-850.57,6517.23,172.649
3627,530,아웃랜드,3518,나그란드,북새바람 동굴,상위지역 zoneId 대체,3518,몬스터,25068,22311,맹렬한 불꽃영혼,-850.57,6517.23,172.649
3628,530,아웃랜드,3518,나그란드,할라아,상위지역 zoneId 대체,3518,몬스터,25068,22311,맹렬한 불꽃영혼,-850.57,6517.23,172.649
3629,530,아웃랜드,3518,나그란드,마파람 동굴,상위지역 zoneId 대체,3518,몬스터,25068,22311,맹렬한 불꽃영혼,-850.57,6517.23,172.649
3630,530,아웃랜드,3518,나그란드,오슈군,상위지역 zoneId 대체,3518,몬스터,25068,22311,맹렬한 불꽃영혼,-850.57,6517.23,172.649
3631,530,아웃랜드,3518,나그란드,정기의 들판,상위지역 zoneId 대체,3518,몬스터,25068,22311,맹렬한 불꽃영혼,-850.57,6517.23,172.649
3632,530,아웃랜드,3518,나그란드,샤마나르,상위지역 zoneId 대체,3518,몬스터,25068,22311,맹렬한 불꽃영혼,-850.57,6517.23,172.649
3633,530,아웃랜드,3518,나그란드,선조의 터,상위지역 zoneId 대체,3518,몬스터,25068,22311,맹렬한 불꽃영혼,-850.57,6517.23,172.649
3634,530,아웃랜드,3518,나그란드,바람갈대 마을,상위지역 zoneId 대체,3518,몬스터,25068,22311,맹렬한 불꽃영혼,-850.57,6517.23,172.649
3635,530,아웃랜드,3518,나그란드,미사용2,상위지역 zoneId 대체,3518,몬스터,25068,22311,맹렬한 불꽃영혼,-850.57,6517.23,172.649
3636,530,아웃랜드,3518,나그란드,정령의 고원,직접 areaId,3636,몬스터,25068,22311,맹렬한 불꽃영혼,-850.57,6517.23,172.649
3637,530,아웃랜드,3518,나그란드,킬소로우 요새,상위지역 zoneId 대체,3518,몬스터,25068,22311,맹렬한 불꽃영혼,-850.57,6517.23,172.649
3638,530,아웃랜드,3518,나그란드,시험의 투기장,상위지역 zoneId 대체,3518,몬스터,25068,22311,맹렬한 불꽃영혼,-850.57,6517.23,172.649
3639,530,아웃랜드,3524,하늘안개 섬,은빛안개 섬,상위지역 좌표경계 대체,3524,몬스터,96334,26307,야수조련사,-4151.92,-12520.7,48.8974
3640,530,아웃랜드,3521,장가르 습지대,비수늪 마을,상위지역 zoneId 대체,3521,몬스터,25082,18127,수렁군주,-139.09,8044.04,18.4877
3641,530,아웃랜드,3521,장가르 습지대,그늘늪 마을,상위지역 zoneId 대체,3521,몬스터,25082,18127,수렁군주,-139.09,8044.04,18.4877
3642,530,아웃랜드,3521,장가르 습지대,야생늪 마을,상위지역 zoneId 대체,3521,몬스터,25082,18127,수렁군주,-139.09,8044.04,18.4877
3643,530,아웃랜드,3521,장가르 습지대,피비늘 군락,상위지역 zoneId 대체,3521,몬스터,25082,18127,수렁군주,-139.09,8044.04,18.4877
3644,530,아웃랜드,3521,장가르 습지대,텔레도르,상위지역 zoneId 대체,3521,몬스터,25082,18127,수렁군주,-139.09,8044.04,18.4877
3645,530,아웃랜드,3521,장가르 습지대,자브라진,상위지역 zoneId 대체,3521,몬스터,25082,18127,수렁군주,-139.09,8044.04,18.4877
3646,530,아웃랜드,3521,장가르 습지대,쿠아그 마루,직접 areaId,3646,몬스터,25082,18127,수렁군주,-139.09,8044.04,18.4877
3647,530,아웃랜드,3521,장가르 습지대,부화의 골짜기,상위지역 zoneId 대체,3521,몬스터,25082,18127,수렁군주,-139.09,8044.04,18.4877
3648,530,아웃랜드,3521,장가르 습지대,죽음의 늪,직접 areaId,3648,몬스터,25083,19402,말라 비틀어진 수렁군주,716.157,5407.55,-27.6951
3649,530,아웃랜드,3521,장가르 습지대,스포어가르,상위지역 zoneId 대체,3521,몬스터,25082,18127,수렁군주,-139.09,8044.04,18.4877
3650,530,아웃랜드,3521,장가르 습지대,앙고로쉬 영토,상위지역 zoneId 대체,3521,몬스터,25082,18127,수렁군주,-139.09,8044.04,18.4877
3651,530,아웃랜드,3521,장가르 습지대,앙고로쉬 소굴,상위지역 zoneId 대체,3521,몬스터,25082,18127,수렁군주,-139.09,8044.04,18.4877
3652,530,아웃랜드,3521,장가르 습지대,버섯 동굴,상위지역 zoneId 대체,3521,몬스터,25082,18127,수렁군주,-139.09,8044.04,18.4877
3653,530,아웃랜드,3521,장가르 습지대,물갈퀴 호수,상위지역 zoneId 대체,3521,몬스터,25082,18127,수렁군주,-139.09,8044.04,18.4877
3654,530,아웃랜드,3521,장가르 습지대,배수로,상위지역 zoneId 대체,3521,몬스터,25082,18127,수렁군주,-139.09,8044.04,18.4877
3655,530,아웃랜드,3521,장가르 습지대,그늘늪 호수,상위지역 zoneId 대체,3521,몬스터,25082,18127,수렁군주,-139.09,8044.04,18.4877
3656,530,아웃랜드,3521,장가르 습지대,수렁등불 호수,상위지역 zoneId 대체,3521,몬스터,25082,18127,수렁군주,-139.09,8044.04,18.4877
3657,530,아웃랜드,3521,장가르 습지대,차원문 폐허,상위지역 zoneId 대체,3521,몬스터,25082,18127,수렁군주,-139.09,8044.04,18.4877
3658,530,아웃랜드,3521,장가르 습지대,포자바람 호수,상위지역 zoneId 대체,3521,몬스터,25082,18127,수렁군주,-139.09,8044.04,18.4877
3659,530,아웃랜드,3521,장가르 습지대,바다자리 호수,상위지역 zoneId 대체,3521,몬스터,25082,18127,수렁군주,-139.09,8044.04,18.4877
3660,530,아웃랜드,3521,장가르 습지대,칼날 고개,상위지역 zoneId 대체,3521,몬스터,25082,18127,수렁군주,-139.09,8044.04,18.4877
3661,530,아웃랜드,3521,장가르 습지대,칼날이빨 대협곡,상위지역 zoneId 대체,3521,몬스터,25082,18127,수렁군주,-139.09,8044.04,18.4877
3662,530,아웃랜드,3430,영원노래 숲,대강당,상위지역 좌표경계 대체,3430,몬스터,56354,15938,영원노래 순찰자,9371.2,-6959.4,17.8917
3663,530,아웃랜드,3430,영원노래 숲,버려진 장원,상위지역 좌표경계 대체,3430,몬스터,56354,15938,영원노래 순찰자,9371.2,-6959.4,17.8917
3664,530,아웃랜드,3430,영원노래 숲,태양의 여사냥꾼,상위지역 좌표경계 대체,3430,몬스터,56354,15938,영원노래 순찰자,9371.2,-6959.4,17.8917
3665,530,아웃랜드,3430,영원노래 숲,매날개 광장,상위지역 좌표경계 대체,3430,몬스터,56354,15938,영원노래 순찰자,9371.2,-6959.4,17.8917
3666,530,아웃랜드,3518,나그란드,할라아니 분지,상위지역 zoneId 대체,3518,몬스터,25068,22311,맹렬한 불꽃영혼,-850.57,6517.23,172.649
3667,530,아웃랜드,3521,장가르 습지대,벌거벗은 수렁,상위지역 zoneId 대체,3521,몬스터,25082,18127,수렁군주,-139.09,8044.04,18.4877
3668,530,아웃랜드,3521,장가르 습지대,보하무 폐허,상위지역 zoneId 대체,3521,몬스터,25082,18127,수렁군주,-139.09,8044.04,18.4877
3669,530,아웃랜드,3483,지옥불 반도,경기장,상위지역 좌표경계 대체,3483,몬스터,58171,16867,으스러진 손의 그런트,-253.512,2943.37,-62.4284
3670,530,아웃랜드,3483,지옥불 반도,전망대,상위지역 좌표경계 대체,3483,몬스터,58171,16867,으스러진 손의 그런트,-253.512,2943.37,-62.4284
3671,530,아웃랜드,3483,지옥불 반도,무너진 언덕,상위지역 좌표경계 대체,3483,몬스터,58171,16867,으스러진 손의 그런트,-253.512,2943.37,-62.4284
3672,530,아웃랜드,3518,나그란드,마그하리 행렬,상위지역 zoneId 대체,3518,몬스터,25068,22311,맹렬한 불꽃영혼,-850.57,6517.23,172.649
3673,530,아웃랜드,3518,나그란드,네싱워리 탐험대,상위지역 zoneId 대체,3518,몬스터,25068,22311,맹렬한 불꽃영혼,-850.57,6517.23,172.649
3674,530,아웃랜드,3519,테로카르 숲,세나리온 수풀,상위지역 zoneId 대체,3519,몬스터,83823,19416,고대 드레나이 영혼,-3387.17,5177.65,-95.4726
3675,530,아웃랜드,3519,테로카르 숲,투렘,상위지역 zoneId 대체,3519,몬스터,83823,19416,고대 드레나이 영혼,-3387.17,5177.65,-95.4726
3676,530,아웃랜드,3519,테로카르 숲,장막의 쉬에노르,상위지역 zoneId 대체,3519,몬스터,83823,19416,고대 드레나이 영혼,-3387.17,5177.65,-95.4726
3677,530,아웃랜드,3519,테로카르 숲,장막의 스키스,상위지역 zoneId 대체,3519,몬스터,83823,19416,고대 드레나이 영혼,-3387.17,5177.65,-95.4726
3678,530,아웃랜드,3519,테로카르 숲,장막의 샬라스,상위지역 zoneId 대체,3519,몬스터,83823,19416,고대 드레나이 영혼,-3387.17,5177.65,-95.4726
3679,530,아웃랜드,3519,테로카르 숲,스케티스,직접 areaId,3679,몬스터,132443,22986,스케티스 - 투명 까마귀석,-4116.41,3212.79,299.878
3680,530,아웃랜드,3519,테로카르 숲,검은바람 계곡,직접 areaId,3680,몬스터,132466,22986,스케티스 - 투명 까마귀석,-3591.33,3724.59,286.079
3681,530,아웃랜드,3519,테로카르 숲,불꽃날개 거점,상위지역 zoneId 대체,3519,몬스터,83823,19416,고대 드레나이 영혼,-3387.17,5177.65,-95.4726
3682,530,아웃랜드,3519,테로카르 숲,그란골바르 마을,상위지역 zoneId 대체,3519,몬스터,83823,19416,고대 드레나이 영혼,-3387.17,5177.65,-95.4726
3683,530,아웃랜드,3519,테로카르 숲,돌망치 요새,상위지역 zoneId 대체,3519,몬스터,83823,19416,고대 드레나이 영혼,-3387.17,5177.65,-95.4726
3684,530,아웃랜드,3519,테로카르 숲,알레리아 성채,상위지역 zoneId 대체,3519,몬스터,83823,19416,고대 드레나이 영혼,-3387.17,5177.65,-95.4726
3685,530,아웃랜드,3519,테로카르 숲,해골이빨 폐허,직접 areaId,3685,몬스터,126173,16772,해골이빨 약탈자,-2952.66,3561.35,-8.78986
3686,530,아웃랜드,3519,테로카르 숲,장막의 리디크,상위지역 zoneId 대체,3519,몬스터,83823,19416,고대 드레나이 영혼,-3387.17,5177.65,-95.4726
3687,530,아웃랜드,3519,테로카르 숲,올렘바스,상위지역 zoneId 대체,3519,몬스터,83823,19416,고대 드레나이 영혼,-3387.17,5177.65,-95.4726
3688,530,아웃랜드,3519,테로카르 숲,아킨둔,직접 areaId,3688,몬스터,83823,19416,고대 드레나이 영혼,-3387.17,5177.65,-95.4726
3689,530,아웃랜드,3519,테로카르 숲,장막의 레스크,상위지역 zoneId 대체,3519,몬스터,83823,19416,고대 드레나이 영혼,-3387.17,5177.65,-95.4726
3690,530,아웃랜드,3519,테로카르 숲,검은바람 호수,상위지역 zoneId 대체,3519,몬스터,83823,19416,고대 드레나이 영혼,-3387.17,5177.65,-95.4726
3691,530,아웃랜드,3519,테로카르 숲,에레노루 호수,상위지역 zoneId 대체,3519,몬스터,83823,19416,고대 드레나이 영혼,-3387.17,5177.65,-95.4726
3692,530,아웃랜드,3519,테로카르 숲,조룬 호수,상위지역 zoneId 대체,3519,몬스터,83823,19416,고대 드레나이 영혼,-3387.17,5177.65,-95.4726
3693,530,아웃랜드,3519,테로카르 숲,스키실 산맥,상위지역 zoneId 대체,3519,몬스터,83823,19416,고대 드레나이 영혼,-3387.17,5177.65,-95.4726
3694,530,아웃랜드,3519,테로카르 숲,안개 마루,상위지역 zoneId 대체,3519,몬스터,83823,19416,고대 드레나이 영혼,-3387.17,5177.65,-95.4726
3695,530,아웃랜드,3519,테로카르 숲,뒤틀린 언덕,상위지역 zoneId 대체,3519,몬스터,83823,19416,고대 드레나이 영혼,-3387.17,5177.65,-95.4726
3696,530,아웃랜드,3519,테로카르 숲,울타리 언덕,상위지역 zoneId 대체,3519,몬스터,83823,19416,고대 드레나이 영혼,-3387.17,5177.65,-95.4726
3697,530,아웃랜드,3519,테로카르 숲,해골 무덤,상위지역 zoneId 대체,3519,몬스터,83823,19416,고대 드레나이 영혼,-3387.17,5177.65,-95.4726
3699,530,아웃랜드,3518,나그란드,웃는 해골 광장,상위지역 zoneId 대체,3518,몬스터,25068,22311,맹렬한 불꽃영혼,-850.57,6517.23,172.649
3700,530,아웃랜드,3518,나그란드,피의 투기장,상위지역 zoneId 대체,3518,몬스터,25068,22311,맹렬한 불꽃영혼,-850.57,6517.23,172.649
3701,530,아웃랜드,3518,나그란드,투기장,상위지역 zoneId 대체,3518,몬스터,25068,22311,맹렬한 불꽃영혼,-850.57,6517.23,172.649
3703,530,아웃랜드,0,,샤트라스,상위지역 좌표경계 대체,3703,몬스터,96644,25153,무너진 태양 마술사,-1894.72,5465.17,-12.3282
3704,530,아웃랜드,3487,실버문,수호자의 관문,상위지역 좌표경계 대체,3487,몬스터,66968,18722,오염된 노움 일꾼,9727.96,-7071.17,4.96632
3705,530,아웃랜드,3518,나그란드,텔라아리 분지,상위지역 zoneId 대체,3518,몬스터,25068,22311,맹렬한 불꽃영혼,-850.57,6517.23,172.649
3711,571,노스렌드,0,,숄라자르 분지,상위지역 좌표경계 대체,3711,몬스터,1974588,28362,반짝이는 흙더미,5822.07,4726.69,-132.864
3712,530,아웃랜드,3523,황천의 폭풍,52번 구역,상위지역 zoneId 대체,3523,몬스터,425,20922,전사한 구원자,4034.83,3545.65,121.479
3718,530,아웃랜드,3521,장가르 습지대,늪쥐 감시초소,상위지역 zoneId 대체,3521,몬스터,25082,18127,수렁군주,-139.09,8044.04,18.4877
3719,530,아웃랜드,3519,테로카르 숲,피투성이굴 폐허,상위지역 zoneId 대체,3519,몬스터,83823,19416,고대 드레나이 영혼,-3387.17,5177.65,-95.4726
3720,530,아웃랜드,3521,장가르 습지대,쌍둥이 첨탑 폐허,상위지역 zoneId 대체,3521,몬스터,25082,18127,수렁군주,-139.09,8044.04,18.4877
3721,530,아웃랜드,3523,황천의 폭풍,부서진 잔해,상위지역 zoneId 대체,3523,몬스터,425,20922,전사한 구원자,4034.83,3545.65,121.479
3722,530,아웃랜드,3523,황천의 폭풍,아라 마나괴철로,상위지역 zoneId 대체,3523,몬스터,425,20922,전사한 구원자,4034.83,3545.65,121.479
3723,530,아웃랜드,3523,황천의 폭풍,알클론 폐허,상위지역 zoneId 대체,3523,몬스터,425,20922,전사한 구원자,4034.83,3545.65,121.479
3724,530,아웃랜드,3523,황천의 폭풍,코스모렌치,상위지역 zoneId 대체,3523,몬스터,425,20922,전사한 구원자,4034.83,3545.65,121.479
3725,530,아웃랜드,3523,황천의 폭풍,엔카트 폐허,상위지역 zoneId 대체,3523,몬스터,425,20922,전사한 구원자,4034.83,3545.65,121.479
3726,530,아웃랜드,3523,황천의 폭풍,브나르 마나괴철로,상위지역 zoneId 대체,3523,몬스터,425,20922,전사한 구원자,4034.83,3545.65,121.479
3727,530,아웃랜드,3523,황천의 폭풍,고철 지대,상위지역 zoneId 대체,3523,몬스터,425,20922,전사한 구원자,4034.83,3545.65,121.479
3728,530,아웃랜드,3523,황천의 폭풍,소용돌이 지대,상위지역 zoneId 대체,3523,몬스터,425,20922,전사한 구원자,4034.83,3545.65,121.479
3729,530,아웃랜드,3523,황천의 폭풍,고철더미,상위지역 zoneId 대체,3523,몬스터,425,20922,전사한 구원자,4034.83,3545.65,121.479
3730,530,아웃랜드,3523,황천의 폭풍,코루 마나괴철로,상위지역 zoneId 대체,3523,몬스터,425,20922,전사한 구원자,4034.83,3545.65,121.479
3731,530,아웃랜드,3523,황천의 폭풍,폭풍우 균열,상위지역 zoneId 대체,3523,몬스터,425,20922,전사한 구원자,4034.83,3545.65,121.479
3732,530,아웃랜드,3523,황천의 폭풍,키린바르 마을,상위지역 zoneId 대체,3523,몬스터,425,20922,전사한 구원자,4034.83,3545.65,121.479
3733,530,아웃랜드,3523,황천의 폭풍,보랏빛 탑,상위지역 zoneId 대체,3523,몬스터,425,20922,전사한 구원자,4034.83,3545.65,121.479
3734,530,아웃랜드,3523,황천의 폭풍,듀로 마나괴철로,상위지역 zoneId 대체,3523,몬스터,425,20922,전사한 구원자,4034.83,3545.65,121.479
3735,530,아웃랜드,3523,황천의 폭풍,공허의 바람 고원,상위지역 zoneId 대체,3523,몬스터,425,20922,전사한 구원자,4034.83,3545.65,121.479
3736,530,아웃랜드,3523,황천의 폭풍,울트리스 마나괴철로,상위지역 zoneId 대체,3523,몬스터,425,20922,전사한 구원자,4034.83,3545.65,121.479
3737,530,아웃랜드,3523,황천의 폭풍,하늘 마루,상위지역 zoneId 대체,3523,몬스터,425,20922,전사한 구원자,4034.83,3545.65,121.479
3738,530,아웃랜드,3523,황천의 폭풍,폭풍 첨탑,상위지역 zoneId 대체,3523,몬스터,425,20922,전사한 구원자,4034.83,3545.65,121.479
3739,530,아웃랜드,3523,황천의 폭풍,망각의 괴철로 주둔지,상위지역 zoneId 대체,3523,몬스터,425,20922,전사한 구원자,4034.83,3545.65,121.479
3740,530,아웃랜드,3523,황천의 폭풍,지옥의 괴철로 주둔지,상위지역 zoneId 대체,3523,몬스터,425,20922,전사한 구원자,4034.83,3545.65,121.479
3741,530,아웃랜드,3523,황천의 폭풍,파랄론 폐허,상위지역 zoneId 대체,3523,몬스터,425,20922,전사한 구원자,4034.83,3545.65,121.479
3742,530,아웃랜드,3523,황천의 폭풍,소크레타르의 옥좌,직접 areaId,3742,몬스터,111111,23491,소크레타르 이벤트,4819.24,3775.88,210.252
3743,530,아웃랜드,3520,어둠달 골짜기,불타는 군단 요새,상위지역 areaId 대체,3520,몬스터,85392,21205,걸신들린 우두머리 바위갈퀴,-2730.54,1150.53,63.0212
3744,530,아웃랜드,3520,어둠달 골짜기,어둠달 마을,직접 areaId,3744,몬스터,1162,21788,어둠달부족 광신도,-2999.42,2619.98,76.7438
3745,530,아웃랜드,3520,어둠달 골짜기,와일드해머 성채,직접 areaId,3745,몬스터,7202,21795,어둠달부족 선구자,-4050.8,2243.12,112.043
3746,530,아웃랜드,3520,어둠달 골짜기,굴단의 손아귀,상위지역 areaId 대체,3520,몬스터,85392,21205,걸신들린 우두머리 바위갈퀴,-2730.54,1150.53,63.0212
3747,530,아웃랜드,3520,어둠달 골짜기,지옥의 구덩이,상위지역 areaId 대체,3520,몬스터,85392,21205,걸신들린 우두머리 바위갈퀴,-2730.54,1150.53,63.0212
3748,530,아웃랜드,3520,어둠달 골짜기,죽음의 괴철로,직접 areaId,3748,몬스터,83028,19754,죽음의 괴철로 땜장이,-3471.39,2147.28,33.2387
3749,530,아웃랜드,3520,어둠달 골짜기,갈퀴흉터 저수지,직접 areaId,3749,몬스터,23745,19765,갈퀴흉터 미르미돈,-2898.98,1382.11,6.15595
3750,530,아웃랜드,3520,어둠달 골짜기,갈퀴흉터 거점,상위지역 areaId 대체,3520,몬스터,85392,21205,걸신들린 우두머리 바위갈퀴,-2730.54,1150.53,63.0212
3751,530,아웃랜드,3520,어둠달 골짜기,태양불꽃 거점,상위지역 areaId 대체,3520,몬스터,85392,21205,걸신들린 우두머리 바위갈퀴,-2730.54,1150.53,63.0212
3752,530,아웃랜드,3520,어둠달 골짜기,일리다리 거점,상위지역 areaId 대체,3520,몬스터,85392,21205,걸신들린 우두머리 바위갈퀴,-2730.54,1150.53,63.0212
3753,530,아웃랜드,3520,어둠달 골짜기,바아리 폐허,상위지역 areaId 대체,3520,몬스터,85392,21205,걸신들린 우두머리 바위갈퀴,-2730.54,1150.53,63.0212
3754,530,아웃랜드,3520,어둠달 골짜기,샤타르 제단,직접 areaId,3754,몬스터,52437,23453,샤타르 제단 파수병,-3083.6,687.388,-17.0363
3755,530,아웃랜드,3520,어둠달 골짜기,파멸의 계단,상위지역 areaId 대체,3520,몬스터,85392,21205,걸신들린 우두머리 바위갈퀴,-2730.54,1150.53,63.0212
3756,530,아웃랜드,3520,어둠달 골짜기,카라보르 폐허,상위지역 areaId 대체,3520,몬스터,85392,21205,걸신들린 우두머리 바위갈퀴,-2730.54,1150.53,63.0212
3757,530,아웃랜드,3520,어둠달 골짜기,아타말 언덕,상위지역 areaId 대체,3520,몬스터,85392,21205,걸신들린 우두머리 바위갈퀴,-2730.54,1150.53,63.0212
3758,530,아웃랜드,3520,어둠달 골짜기,황천날개 벌판,상위지역 areaId 대체,3520,몬스터,85392,21205,걸신들린 우두머리 바위갈퀴,-2730.54,1150.53,63.0212
3759,530,아웃랜드,3520,어둠달 골짜기,황천날개 마루,상위지역 areaId 대체,3520,몬스터,85392,21205,걸신들린 우두머리 바위갈퀴,-2730.54,1150.53,63.0212
3760,530,아웃랜드,3518,나그란드,울타리 언덕,상위지역 zoneId 대체,3518,몬스터,25068,22311,맹렬한 불꽃영혼,-850.57,6517.23,172.649
3761,530,아웃랜드,3518,나그란드,높은길,상위지역 zoneId 대체,3518,몬스터,25068,22311,맹렬한 불꽃영혼,-850.57,6517.23,172.649
3762,530,아웃랜드,3518,나그란드,바람갈대 고개,상위지역 zoneId 대체,3518,몬스터,25068,22311,맹렬한 불꽃영혼,-850.57,6517.23,172.649
3763,530,아웃랜드,3518,나그란드,장가르 마루,상위지역 zoneId 대체,3518,몬스터,25068,22311,맹렬한 불꽃영혼,-850.57,6517.23,172.649
3764,530,아웃랜드,3518,나그란드,황혼의 마루,상위지역 zoneId 대체,3518,몬스터,25068,22311,맹렬한 불꽃영혼,-850.57,6517.23,172.649
3765,530,아웃랜드,3483,지옥불 반도,서슬가시 고개,상위지역 좌표경계 대체,3483,몬스터,58171,16867,으스러진 손의 그런트,-253.512,2943.37,-62.4284
3766,530,아웃랜드,3521,장가르 습지대,오레보르 피난처,상위지역 zoneId 대체,3521,몬스터,25082,18127,수렁군주,-139.09,8044.04,18.4877
3767,530,아웃랜드,3522,칼날 산맥,칼날 고개,상위지역 좌표경계 대체,3522,몬스터,73111,20728,칼날첨탑랩터,2583.49,6152.88,19.6487
3768,530,아웃랜드,3522,칼날 산맥,뾰족 마루,상위지역 좌표경계 대체,3522,몬스터,73111,20728,칼날첨탑랩터,2583.49,6152.88,19.6487
3769,530,아웃랜드,3522,칼날 산맥,천둥군주 요새,상위지역 좌표경계 대체,3522,몬스터,73111,20728,칼날첨탑랩터,2583.49,6152.88,19.6487
3770,530,아웃랜드,3522,칼날 산맥,칼날이빨 대협곡,상위지역 좌표경계 대체,3522,몬스터,73111,20728,칼날첨탑랩터,2583.49,6152.88,19.6487
3771,530,아웃랜드,3522,칼날 산맥,생명의 숲,상위지역 좌표경계 대체,3522,몬스터,73111,20728,칼날첨탑랩터,2583.49,6152.88,19.6487
3772,530,아웃랜드,3522,칼날 산맥,실바나르,상위지역 좌표경계 대체,3522,몬스터,73111,20728,칼날첨탑랩터,2583.49,6152.88,19.6487
3773,530,아웃랜드,3522,칼날 산맥,칼날첨탑 요새,상위지역 좌표경계 대체,3522,몬스터,73111,20728,칼날첨탑랩터,2583.49,6152.88,19.6487
3774,530,아웃랜드,3522,칼날 산맥,그룰의 둥지,상위지역 좌표경계 대체,3522,몬스터,73111,20728,칼날첨탑랩터,2583.49,6152.88,19.6487
3775,530,아웃랜드,3522,칼날 산맥,피의 투기장,상위지역 좌표경계 대체,3522,몬스터,73111,20728,칼날첨탑랩터,2583.49,6152.88,19.6487
3776,530,아웃랜드,3522,칼날 산맥,피망치 전초기지,상위지역 좌표경계 대체,3522,몬스터,73111,20728,칼날첨탑랩터,2583.49,6152.88,19.6487
3777,530,아웃랜드,3522,칼날 산맥,피망치 야영지,상위지역 좌표경계 대체,3522,몬스터,73111,20728,칼날첨탑랩터,2583.49,6152.88,19.6487
3778,530,아웃랜드,3522,칼날 산맥,드레니시스트 광산,상위지역 좌표경계 대체,3522,몬스터,73111,20728,칼날첨탑랩터,2583.49,6152.88,19.6487
3779,530,아웃랜드,3522,칼날 산맥,트로그마의 점령지,상위지역 좌표경계 대체,3522,몬스터,73111,20728,칼날첨탑랩터,2583.49,6152.88,19.6487
3780,530,아웃랜드,3522,칼날 산맥,검은날개 소굴,상위지역 좌표경계 대체,3522,몬스터,73111,20728,칼날첨탑랩터,2583.49,6152.88,19.6487
3781,530,아웃랜드,3522,칼날 산맥,그리쉬나스,상위지역 좌표경계 대체,3522,몬스터,73111,20728,칼날첨탑랩터,2583.49,6152.88,19.6487
3782,530,아웃랜드,3522,칼날 산맥,장막의 래쉬,상위지역 좌표경계 대체,3522,몬스터,73111,20728,칼날첨탑랩터,2583.49,6152.88,19.6487
3783,530,아웃랜드,3522,칼날 산맥,장막의 베크,상위지역 좌표경계 대체,3522,몬스터,73111,20728,칼날첨탑랩터,2583.49,6152.88,19.6487
3784,530,아웃랜드,3522,칼날 산맥,공포의 괴철로 기지,상위지역 좌표경계 대체,3522,몬스터,73111,20728,칼날첨탑랩터,2583.49,6152.88,19.6487
3785,530,아웃랜드,3522,칼날 산맥,격노의 괴철로 기지,상위지역 좌표경계 대체,3522,몬스터,73111,20728,칼날첨탑랩터,2583.49,6152.88,19.6487
3786,530,아웃랜드,3522,칼날 산맥,오그릴라,상위지역 좌표경계 대체,3522,몬스터,73111,20728,칼날첨탑랩터,2583.49,6152.88,19.6487
3787,530,아웃랜드,3522,칼날 산맥,고통의 괴철로 기지,상위지역 좌표경계 대체,3522,몬스터,73111,20728,칼날첨탑랩터,2583.49,6152.88,19.6487
3788,530,아웃랜드,3518,나그란드,낮은길,상위지역 zoneId 대체,3518,몬스터,25068,22311,맹렬한 불꽃영혼,-850.57,6517.23,172.649
3793,530,아웃랜드,3483,지옥불 반도,지옥불꽃 협곡,상위지역 좌표경계 대체,3483,몬스터,58171,16867,으스러진 손의 그런트,-253.512,2943.37,-62.4284
3794,530,아웃랜드,3483,지옥불 반도,뼈의 골짜기,상위지역 좌표경계 대체,3483,몬스터,58171,16867,으스러진 손의 그런트,-253.512,2943.37,-62.4284
3795,530,아웃랜드,3483,지옥불 반도,샤나아리 황무지,상위지역 좌표경계 대체,3483,몬스터,58171,16867,으스러진 손의 그런트,-253.512,2943.37,-62.4284
3796,530,아웃랜드,3483,지옥불 반도,일그러진 벌판,상위지역 좌표경계 대체,3483,몬스터,58171,16867,으스러진 손의 그런트,-253.512,2943.37,-62.4284
3797,530,아웃랜드,3483,지옥불 반도,무너진 하늘 마루,상위지역 좌표경계 대체,3483,몬스터,58171,16867,으스러진 손의 그런트,-253.512,2943.37,-62.4284
3798,530,아웃랜드,3483,지옥불 반도,하알에쉬 협곡,상위지역 좌표경계 대체,3483,몬스터,58171,16867,으스러진 손의 그런트,-253.512,2943.37,-62.4284
3799,530,아웃랜드,3483,지옥불 반도,돌담 협곡,상위지역 좌표경계 대체,3483,몬스터,58171,16867,으스러진 손의 그런트,-253.512,2943.37,-62.4284
3800,530,아웃랜드,3483,지옥불 반도,가시송곳니 언덕,상위지역 좌표경계 대체,3483,몬스터,58171,16867,으스러진 손의 그런트,-253.512,2943.37,-62.4284
3801,530,아웃랜드,3483,지옥불 반도,마그하르 영토,상위지역 좌표경계 대체,3483,몬스터,58171,16867,으스러진 손의 그런트,-253.512,2943.37,-62.4284
3802,530,아웃랜드,3483,지옥불 반도,공허의 마루,상위지역 좌표경계 대체,3483,몬스터,58171,16867,으스러진 손의 그런트,-253.512,2943.37,-62.4284
3803,530,아웃랜드,3483,지옥불 반도,심연의 절벽,상위지역 좌표경계 대체,3483,몬스터,58171,16867,으스러진 손의 그런트,-253.512,2943.37,-62.4284
3804,530,아웃랜드,3483,지옥불 반도,군단 전초지,상위지역 좌표경계 대체,3483,몬스터,58171,16867,으스러진 손의 그런트,-253.512,2943.37,-62.4284
3806,530,아웃랜드,3483,지옥불 반도,보급 짐마차,상위지역 좌표경계 대체,3483,몬스터,58171,16867,으스러진 손의 그런트,-253.512,2943.37,-62.4284
3807,530,아웃랜드,3483,지옥불 반도,지옥절단기 함락지,상위지역 좌표경계 대체,3483,몬스터,58171,16867,으스러진 손의 그런트,-253.512,2943.37,-62.4284
3808,530,아웃랜드,3483,지옥불 반도,세나리온 초소,상위지역 좌표경계 대체,3483,몬스터,58171,16867,으스러진 손의 그런트,-253.512,2943.37,-62.4284
3809,530,아웃랜드,3483,지옥불 반도,남쪽 성루,상위지역 좌표경계 대체,3483,몬스터,58171,16867,으스러진 손의 그런트,-253.512,2943.37,-62.4284
3810,530,아웃랜드,3483,지옥불 반도,북쪽 성루,상위지역 좌표경계 대체,3483,몬스터,58171,16867,으스러진 손의 그런트,-253.512,2943.37,-62.4284
3811,530,아웃랜드,3483,지옥불 반도,고르가즈 전초기지,상위지역 좌표경계 대체,3483,몬스터,58171,16867,으스러진 손의 그런트,-253.512,2943.37,-62.4284
3812,530,아웃랜드,3483,지옥불 반도,해골망치 초소,상위지역 좌표경계 대체,3483,몬스터,58171,16867,으스러진 손의 그런트,-253.512,2943.37,-62.4284
3813,530,아웃랜드,3483,지옥불 반도,고통의 길,상위지역 좌표경계 대체,3483,몬스터,58171,16867,으스러진 손의 그런트,-253.512,2943.37,-62.4284
3814,530,아웃랜드,3483,지옥불 반도,동쪽 보급 짐마차,상위지역 좌표경계 대체,3483,몬스터,58171,16867,으스러진 손의 그런트,-253.512,2943.37,-62.4284
3815,530,아웃랜드,3483,지옥불 반도,원정대 거점,상위지역 좌표경계 대체,3483,몬스터,58171,16867,으스러진 손의 그런트,-253.512,2943.37,-62.4284
3816,530,아웃랜드,3483,지옥불 반도,비행선 추락지,상위지역 좌표경계 대체,3483,몬스터,58171,16867,으스러진 손의 그런트,-253.512,2943.37,-62.4284
3818,530,아웃랜드,3521,장가르 습지대,피비늘 영토,상위지역 zoneId 대체,3521,몬스터,25082,18127,수렁군주,-139.09,8044.04,18.4877
3819,530,아웃랜드,3521,장가르 습지대,암흑갈기 군락,상위지역 zoneId 대체,3521,몬스터,25082,18127,수렁군주,-139.09,8044.04,18.4877
3821,530,아웃랜드,3520,어둠달 골짜기,감시자의 수용소,상위지역 areaId 대체,3520,몬스터,85392,21205,걸신들린 우두머리 바위갈퀴,-2730.54,1150.53,63.0212
3822,530,아웃랜드,3520,어둠달 골짜기,해그늘 주둔지,상위지역 areaId 대체,3520,몬스터,85392,21205,걸신들린 우두머리 바위갈퀴,-2730.54,1150.53,63.0212
3823,530,아웃랜드,3433,유령의 땅,고행의 섬,상위지역 zoneId 대체,3433,몬스터,139265,23565,투르고어,6797.45,-7537.86,126.264
3824,530,아웃랜드,3522,칼날 산맥,피망치 협곡,상위지역 좌표경계 대체,3522,몬스터,73111,20728,칼날첨탑랩터,2583.49,6152.88,19.6487
3825,530,아웃랜드,3522,칼날 산맥,용의 무덤,상위지역 좌표경계 대체,3522,몬스터,73111,20728,칼날첨탑랩터,2583.49,6152.88,19.6487
3826,530,아웃랜드,3522,칼날 산맥,비수아귀 협곡,상위지역 좌표경계 대체,3522,몬스터,73111,20728,칼날첨탑랩터,2583.49,6152.88,19.6487
3827,530,아웃랜드,3522,칼날 산맥,베크하르 고원,상위지역 좌표경계 대체,3522,몬스터,73111,20728,칼날첨탑랩터,2583.49,6152.88,19.6487
3828,530,아웃랜드,3522,칼날 산맥,루안 숲,상위지역 좌표경계 대체,3522,몬스터,73111,20728,칼날첨탑랩터,2583.49,6152.88,19.6487
3829,530,아웃랜드,3522,칼날 산맥,장막의 루안,상위지역 좌표경계 대체,3522,몬스터,73111,20728,칼날첨탑랩터,2583.49,6152.88,19.6487
3830,530,아웃랜드,3522,칼날 산맥,까마귀 숲,상위지역 좌표경계 대체,3522,몬스터,73111,20728,칼날첨탑랩터,2583.49,6152.88,19.6487
3831,530,아웃랜드,3522,칼날 산맥,죽음의 문,상위지역 좌표경계 대체,3522,몬스터,73111,20728,칼날첨탑랩터,2583.49,6152.88,19.6487
3832,530,아웃랜드,3522,칼날 산맥,소용돌이 고원,상위지역 좌표경계 대체,3522,몬스터,73111,20728,칼날첨탑랩터,2583.49,6152.88,19.6487
3833,530,아웃랜드,3522,칼날 산맥,칼날 마루,상위지역 좌표경계 대체,3522,몬스터,73111,20728,칼날첨탑랩터,2583.49,6152.88,19.6487
3834,530,아웃랜드,3522,칼날 산맥,광기의 마루,상위지역 좌표경계 대체,3522,몬스터,73111,20728,칼날첨탑랩터,2583.49,6152.88,19.6487
3835,530,아웃랜드,3483,지옥불 반도,먼지깃 협곡,상위지역 좌표경계 대체,3483,몬스터,58171,16867,으스러진 손의 그런트,-253.512,2943.37,-62.4284
3837,530,아웃랜드,3523,황천의 폭풍,성난태양 주둔지,상위지역 zoneId 대체,3523,몬스터,425,20922,전사한 구원자,4034.83,3545.65,121.479
3838,530,아웃랜드,3483,지옥불 반도,해골망치 산맥,상위지역 좌표경계 대체,3483,몬스터,58171,16867,으스러진 손의 그런트,-253.512,2943.37,-62.4284
3839,530,아웃랜드,3518,나그란드,버려진 무기고,상위지역 zoneId 대체,3518,몬스터,25068,22311,맹렬한 불꽃영혼,-850.57,6517.23,172.649
3840,530,아웃랜드,3520,어둠달 골짜기,검은 사원,상위지역 areaId 대체,3520,몬스터,85392,21205,걸신들린 우두머리 바위갈퀴,-2730.54,1150.53,63.0212
3841,530,아웃랜드,3521,장가르 습지대,암흑갈기 호숫가,상위지역 zoneId 대체,3521,몬스터,25082,18127,수렁군주,-139.09,8044.04,18.4877
3842,530,아웃랜드,3523,황천의 폭풍,폭풍우 요새,상위지역 zoneId 대체,3523,몬스터,425,20922,전사한 구원자,4034.83,3545.65,121.479
3844,530,아웃랜드,3522,칼날 산맥,모크나탈 마을,상위지역 좌표경계 대체,3522,몬스터,73111,20728,칼날첨탑랩터,2583.49,6152.88,19.6487
3846,530,아웃랜드,3525,핏빛안개 섬,알카트라즈,상위지역 좌표경계 대체,3525,몬스터,63252,17604,태양매 비밀요원,-1847.94,-11687.7,37.781
3850,530,아웃랜드,3523,황천의 폭풍,황천의 돌무지,상위지역 zoneId 대체,3523,몬스터,425,20922,전사한 구원자,4034.83,3545.65,121.479
3851,530,아웃랜드,3523,황천의 폭풍,중앙 생태지구 주둔지,상위지역 zoneId 대체,3523,몬스터,425,20922,전사한 구원자,4034.83,3545.65,121.479
3852,530,아웃랜드,3523,황천의 폭풍,툴루만의 교역지,직접 areaId,3852,몬스터,425,20922,전사한 구원자,4034.83,3545.65,121.479
3854,530,아웃랜드,3523,황천의 폭풍,자유연합 경비초소,상위지역 zoneId 대체,3523,몬스터,425,20922,전사한 구원자,4034.83,3545.65,121.479
3855,530,아웃랜드,3522,칼날 산맥,피의 투기장,상위지역 좌표경계 대체,3522,몬스터,73111,20728,칼날첨탑랩터,2583.49,6152.88,19.6487
3856,530,아웃랜드,3433,유령의 땅,엘렌다르 건널목,상위지역 zoneId 대체,3433,몬스터,139265,23565,투르고어,6797.45,-7537.86,126.264
3857,530,아웃랜드,3524,하늘안개 섬,암멘 여울,상위지역 좌표경계 대체,3524,몬스터,96334,26307,야수조련사,-4151.92,-12520.7,48.8974
3858,530,아웃랜드,3519,테로카르 숲,서슬가시 벼랑,상위지역 zoneId 대체,3519,몬스터,83823,19416,고대 드레나이 영혼,-3387.17,5177.65,-95.4726
3859,530,아웃랜드,3519,테로카르 숲,실미르 호수,상위지역 zoneId 대체,3519,몬스터,83823,19416,고대 드레나이 영혼,-3387.17,5177.65,-95.4726
3860,530,아웃랜드,3519,테로카르 숲,라스토크 숲,상위지역 zoneId 대체,3519,몬스터,83823,19416,고대 드레나이 영혼,-3387.17,5177.65,-95.4726
3861,530,아웃랜드,3433,유령의 땅,탈라시안 고개,상위지역 zoneId 대체,3433,몬스터,139265,23565,투르고어,6797.45,-7537.86,126.264
3862,530,아웃랜드,3522,칼날 산맥,휘몰이 협곡,상위지역 좌표경계 대체,3522,몬스터,73111,20728,칼날첨탑랩터,2583.49,6152.88,19.6487
3863,530,아웃랜드,3522,칼날 산맥,파괴된 벌판,상위지역 좌표경계 대체,3522,몬스터,73111,20728,칼날첨탑랩터,2583.49,6152.88,19.6487
3864,530,아웃랜드,3522,칼날 산맥,바시르 영지,상위지역 좌표경계 대체,3522,몬스터,73111,20728,칼날첨탑랩터,2583.49,6152.88,19.6487
3865,530,아웃랜드,3522,칼날 산맥,수정 돌기,상위지역 좌표경계 대체,3522,몬스터,73111,20728,칼날첨탑랩터,2583.49,6152.88,19.6487
3866,530,아웃랜드,3522,칼날 산맥,불타버린 언덕,상위지역 좌표경계 대체,3522,몬스터,73111,20728,칼날첨탑랩터,2583.49,6152.88,19.6487
3867,530,아웃랜드,3522,칼날 산맥,칼날 협곡,상위지역 좌표경계 대체,3522,몬스터,73111,20728,칼날첨탑랩터,2583.49,6152.88,19.6487
3868,530,아웃랜드,3523,황천의 폭풍,자이로 교각,상위지역 zoneId 대체,3523,몬스터,425,20922,전사한 구원자,4034.83,3545.65,121.479
3873,530,아웃랜드,3523,황천의 폭풍,발명품 실험장,상위지역 zoneId 대체,3523,몬스터,425,20922,전사한 구원자,4034.83,3545.65,121.479
3874,530,아웃랜드,3523,황천의 폭풍,외곽 생태지구,상위지역 zoneId 대체,3523,몬스터,425,20922,전사한 구원자,4034.83,3545.65,121.479
3875,530,아웃랜드,3523,황천의 폭풍,하늘마루 생태지구,상위지역 zoneId 대체,3523,몬스터,425,20922,전사한 구원자,4034.83,3545.65,121.479
3876,530,아웃랜드,3523,황천의 폭풍,수데론 생태지구,상위지역 zoneId 대체,3523,몬스터,425,20922,전사한 구원자,4034.83,3545.65,121.479
3877,530,아웃랜드,3523,황천의 폭풍,중앙 생태지구,상위지역 zoneId 대체,3523,몬스터,425,20922,전사한 구원자,4034.83,3545.65,121.479
3878,530,아웃랜드,3523,황천의 폭풍,에테리움 작전 지역,상위지역 zoneId 대체,3523,몬스터,425,20922,전사한 구원자,4034.83,3545.65,121.479
3879,530,아웃랜드,3523,황천의 폭풍,예배당 지구,상위지역 zoneId 대체,3523,몬스터,425,20922,전사한 구원자,4034.83,3545.65,121.479
3880,530,아웃랜드,3523,황천의 폭풍,지온 작업 갱도,직접 areaId,3880,몬스터,25747,20561,말라 비틀어진 시체,3835.91,2045.9,145.151
3881,530,아웃랜드,3523,황천의 폭풍,트렐리움 광산,상위지역 zoneId 대체,3523,몬스터,425,20922,전사한 구원자,4034.83,3545.65,121.479
3882,530,아웃랜드,3523,황천의 폭풍,파괴자의 침공 거점,상위지역 zoneId 대체,3523,몬스터,425,20922,전사한 구원자,4034.83,3545.65,121.479
3883,530,아웃랜드,3523,황천의 폭풍,붐의 야영지,상위지역 zoneId 대체,3523,몬스터,425,20922,전사한 구원자,4034.83,3545.65,121.479
3884,530,아웃랜드,3483,지옥불 반도,해골망치 고개,상위지역 좌표경계 대체,3483,몬스터,58171,16867,으스러진 손의 그런트,-253.512,2943.37,-62.4284
3885,530,아웃랜드,3519,테로카르 숲,황천그물 마루,상위지역 zoneId 대체,3519,몬스터,83823,19416,고대 드레나이 영혼,-3387.17,5177.65,-95.4726
3886,530,아웃랜드,3519,테로카르 숲,버려진 짐마차,상위지역 zoneId 대체,3519,몬스터,83823,19416,고대 드레나이 영혼,-3387.17,5177.65,-95.4726
3887,530,아웃랜드,3519,테로카르 숲,피난민 행렬,상위지역 zoneId 대체,3519,몬스터,83823,19416,고대 드레나이 영혼,-3387.17,5177.65,-95.4726
3888,530,아웃랜드,3519,테로카르 숲,어둠의 무덤,상위지역 zoneId 대체,3519,몬스터,83823,19416,고대 드레나이 영혼,-3387.17,5177.65,-95.4726
3889,530,아웃랜드,3519,테로카르 숲,장막의 라제,상위지역 zoneId 대체,3519,몬스터,83823,19416,고대 드레나이 영혼,-3387.17,5177.65,-95.4726
3890,530,아웃랜드,3519,테로카르 숲,빛의 무덤,상위지역 zoneId 대체,3519,몬스터,83823,19416,고대 드레나이 영혼,-3387.17,5177.65,-95.4726
3891,530,아웃랜드,3519,테로카르 숲,부패의 언덕,상위지역 zoneId 대체,3519,몬스터,83823,19416,고대 드레나이 영혼,-3387.17,5177.65,-95.4726
3892,530,아웃랜드,3519,테로카르 숲,고뇌의 언덕,상위지역 zoneId 대체,3519,몬스터,83823,19416,고대 드레나이 영혼,-3387.17,5177.65,-95.4726
3893,530,아웃랜드,3519,테로카르 숲,규율의 광장,직접 areaId,3893,몬스터,83828,19416,고대 드레나이 영혼,-3589.76,4958.17,-16.0766
3894,530,아웃랜드,3519,테로카르 숲,아키나이 영지,상위지역 zoneId 대체,3519,몬스터,83823,19416,고대 드레나이 영혼,-3387.17,5177.65,-95.4726
3895,530,아웃랜드,3521,장가르 습지대,세나리온 감시초소,상위지역 zoneId 대체,3521,몬스터,25082,18127,수렁군주,-139.09,8044.04,18.4877
3896,530,아웃랜드,3703,샤트라스,알도르 마루,상위지역 좌표경계 대체,3703,몬스터,96644,25153,무너진 태양 마술사,-1894.72,5465.17,-12.3282
3897,530,아웃랜드,3703,샤트라스,빛의 정원,상위지역 좌표경계 대체,3703,몬스터,96644,25153,무너진 태양 마술사,-1894.72,5465.17,-12.3282
3898,530,아웃랜드,3703,샤트라스,점술가 언덕,상위지역 좌표경계 대체,3703,몬스터,96644,25153,무너진 태양 마술사,-1894.72,5465.17,-12.3282
3899,530,아웃랜드,3703,샤트라스,고난의 거리,상위지역 좌표경계 대체,3703,몬스터,96644,25153,무너진 태양 마술사,-1894.72,5465.17,-12.3282
3900,530,아웃랜드,3523,황천의 폭풍,대군주의 침공 거점,상위지역 zoneId 대체,3523,몬스터,425,20922,전사한 구원자,4034.83,3545.65,121.479
3901,530,아웃랜드,3519,테로카르 숲,알레리아 초소,상위지역 zoneId 대체,3519,몬스터,83823,19416,고대 드레나이 영혼,-3387.17,5177.65,-95.4726
3902,530,아웃랜드,3519,테로카르 숲,돌망치 야영지,상위지역 zoneId 대체,3519,몬스터,83823,19416,고대 드레나이 영혼,-3387.17,5177.65,-95.4726
3903,530,아웃랜드,3522,칼날 산맥,바울더모크,상위지역 좌표경계 대체,3522,몬스터,73111,20728,칼날첨탑랩터,2583.49,6152.88,19.6487
3904,530,아웃랜드,3522,칼날 산맥,저주받은 골짜기,상위지역 좌표경계 대체,3522,몬스터,73111,20728,칼날첨탑랩터,2583.49,6152.88,19.6487
3905,530,아웃랜드,3521,장가르 습지대,갈퀴송곳니 저수지,상위지역 zoneId 대체,3521,몬스터,25082,18127,수렁군주,-139.09,8044.04,18.4877
3906,530,아웃랜드,3525,핏빛안개 섬,핏빛여울,상위지역 좌표경계 대체,3525,몬스터,63252,17604,태양매 비밀요원,-1847.94,-11687.7,37.781
3907,530,아웃랜드,3525,핏빛안개 섬,청록 해안,상위지역 좌표경계 대체,3525,몬스터,63252,17604,태양매 비밀요원,-1847.94,-11687.7,37.781
3908,530,아웃랜드,3525,핏빛안개 섬,무지렁이 골짜기,상위지역 좌표경계 대체,3525,몬스터,63252,17604,태양매 비밀요원,-1847.94,-11687.7,37.781
3909,530,아웃랜드,3525,핏빛안개 섬,잃어버린 언덕,상위지역 좌표경계 대체,3525,몬스터,63252,17604,태양매 비밀요원,-1847.94,-11687.7,37.781
3910,530,아웃랜드,3525,핏빛안개 섬,안개숲,상위지역 좌표경계 대체,3525,몬스터,63252,17604,태양매 비밀요원,-1847.94,-11687.7,37.781
3911,530,아웃랜드,3430,영원노래 숲,평온의 해변,상위지역 좌표경계 대체,3430,몬스터,56354,15938,영원노래 순찰자,9371.2,-6959.4,17.8917
3912,530,아웃랜드,3430,영원노래 숲,황금가지 고개,상위지역 좌표경계 대체,3430,몬스터,56354,15938,영원노래 순찰자,9371.2,-6959.4,17.8917
3913,530,아웃랜드,3430,영원노래 숲,팔리타스 마법석,상위지역 좌표경계 대체,3430,몬스터,56354,15938,영원노래 순찰자,9371.2,-6959.4,17.8917
3914,530,아웃랜드,3430,영원노래 숲,샨도르 마법석,상위지역 좌표경계 대체,3430,몬스터,56354,15938,영원노래 순찰자,9371.2,-6959.4,17.8917
3915,530,아웃랜드,3524,하늘안개 섬,구름다리 해변,상위지역 좌표경계 대체,3524,몬스터,96334,26307,야수조련사,-4151.92,-12520.7,48.8974
3916,530,아웃랜드,3524,하늘안개 섬,달새김 숲,상위지역 좌표경계 대체,3524,몬스터,96334,26307,야수조련사,-4151.92,-12520.7,48.8974
3917,530,아웃랜드,0,,아킨둔,좌표 없음,,,,,,,,
3918,530,아웃랜드,3522,칼날 산맥,토쉴리의 연구기지,상위지역 좌표경계 대체,3522,몬스터,73111,20728,칼날첨탑랩터,2583.49,6152.88,19.6487
3919,530,아웃랜드,3522,칼날 산맥,노래하는 마루,상위지역 좌표경계 대체,3522,몬스터,73111,20728,칼날첨탑랩터,2583.49,6152.88,19.6487
3920,530,아웃랜드,3483,지옥불 반도,징검다리 거점,상위지역 좌표경계 대체,3483,몬스터,58171,16867,으스러진 손의 그런트,-253.512,2943.37,-62.4284
3921,530,아웃랜드,3523,황천의 폭풍,아클로니스 마루,상위지역 zoneId 대체,3523,몬스터,425,20922,전사한 구원자,4034.83,3545.65,121.479
3922,530,아웃랜드,3522,칼날 산맥,칼날첨탑 전초기지,상위지역 좌표경계 대체,3522,몬스터,73111,20728,칼날첨탑랩터,2583.49,6152.88,19.6487
3924,530,아웃랜드,3522,칼날 산맥,북녘망치 탑,상위지역 좌표경계 대체,3522,몬스터,73111,20728,칼날첨탑랩터,2583.49,6152.88,19.6487
3925,530,아웃랜드,3522,칼날 산맥,남녘망치 탑,상위지역 좌표경계 대체,3522,몬스터,73111,20728,칼날첨탑랩터,2583.49,6152.88,19.6487
3926,530,아웃랜드,3520,어둠달 골짜기,부서진 평원,상위지역 areaId 대체,3520,몬스터,85392,21205,걸신들린 우두머리 바위갈퀴,-2730.54,1150.53,63.0212
3927,530,아웃랜드,3520,어둠달 골짜기,오로노크의 농장,상위지역 areaId 대체,3520,몬스터,85392,21205,걸신들린 우두머리 바위갈퀴,-2730.54,1150.53,63.0212
3928,530,아웃랜드,3520,어둠달 골짜기,저주의 제단,상위지역 areaId 대체,3520,몬스터,85392,21205,걸신들린 우두머리 바위갈퀴,-2730.54,1150.53,63.0212
3929,530,아웃랜드,3520,어둠달 골짜기,정복의 길,상위지역 areaId 대체,3520,몬스터,85392,21205,걸신들린 우두머리 바위갈퀴,-2730.54,1150.53,63.0212
3930,530,아웃랜드,3520,어둠달 골짜기,해그늘 벌판,상위지역 areaId 대체,3520,몬스터,85392,21205,걸신들린 우두머리 바위갈퀴,-2730.54,1150.53,63.0212
3931,530,아웃랜드,3522,칼날 산맥,칼날첨탑 영토,상위지역 좌표경계 대체,3522,몬스터,73111,20728,칼날첨탑랩터,2583.49,6152.88,19.6487
3932,530,아웃랜드,3520,어둠달 골짜기,스케슬론 주둔지,상위지역 areaId 대체,3520,몬스터,85392,21205,걸신들린 우두머리 바위갈퀴,-2730.54,1150.53,63.0212
3933,530,아웃랜드,3520,어둠달 골짜기,스케슬론 폐허,상위지역 areaId 대체,3520,몬스터,85392,21205,걸신들린 우두머리 바위갈퀴,-2730.54,1150.53,63.0212
3934,530,아웃랜드,3523,황천의 폭풍,마을 광장,상위지역 zoneId 대체,3523,몬스터,425,20922,전사한 구원자,4034.83,3545.65,121.479
3935,530,아웃랜드,3523,황천의 폭풍,마법사 지구,직접 areaId,3935,몬스터,25086,18867,마나 추적자,2248.62,2373.09,108.931
3936,530,아웃랜드,3520,어둠달 골짜기,죽음의 괴철로 탑,상위지역 areaId 대체,3520,몬스터,85392,21205,걸신들린 우두머리 바위갈퀴,-2730.54,1150.53,63.0212
3937,530,아웃랜드,3520,어둠달 골짜기,잿가루 감시초소,상위지역 areaId 대체,3520,몬스터,85392,21205,걸신들린 우두머리 바위갈퀴,-2730.54,1150.53,63.0212
3938,530,아웃랜드,3520,어둠달 골짜기,별의 성소,직접 areaId,3938,몬스터,52417,23435,별의 성소 파수병,-4063.52,1079.07,32.3287
3939,530,아웃랜드,3520,어둠달 골짜기,용아귀 요새,상위지역 areaId 대체,3520,몬스터,85392,21205,걸신들린 우두머리 바위갈퀴,-2730.54,1150.53,63.0212
3940,530,아웃랜드,3520,어둠달 골짜기,악취나는 웅덩이,상위지역 areaId 대체,3520,몬스터,85392,21205,걸신들린 우두머리 바위갈퀴,-2730.54,1150.53,63.0212
3941,530,아웃랜드,3520,어둠달 골짜기,시험용,상위지역 areaId 대체,3520,몬스터,85392,21205,걸신들린 우두머리 바위갈퀴,-2730.54,1150.53,63.0212
3942,530,아웃랜드,3522,칼날 산맥,라잔의 영지,상위지역 좌표경계 대체,3522,몬스터,73111,20728,칼날첨탑랩터,2583.49,6152.88,19.6487
3943,530,아웃랜드,3520,어둠달 골짜기,대재앙의 침공 거점,상위지역 areaId 대체,3520,몬스터,85392,21205,걸신들린 우두머리 바위갈퀴,-2730.54,1150.53,63.0212
3944,530,아웃랜드,3520,어둠달 골짜기,어둠의 제단,직접 areaId,3944,몬스터,100051,21872,고어핀드의 목소리,-4540.81,1018.71,10.4653
3945,530,아웃랜드,3520,어둠달 골짜기,황천날개 고개,상위지역 areaId 대체,3520,몬스터,85392,21205,걸신들린 우두머리 바위갈퀴,-2730.54,1150.53,63.0212
3946,530,아웃랜드,3519,테로카르 숲,웨인의 은거처,상위지역 zoneId 대체,3519,몬스터,83823,19416,고대 드레나이 영혼,-3387.17,5177.65,-95.4726
3947,530,아웃랜드,3520,어둠달 골짜기,끓어오르는 웅덩이,상위지역 areaId 대체,3520,몬스터,85392,21205,걸신들린 우두머리 바위갈퀴,-2730.54,1150.53,63.0212
3949,530,아웃랜드,3520,어둠달 골짜기,용암 지대,상위지역 areaId 대체,3520,몬스터,85392,21205,걸신들린 우두머리 바위갈퀴,-2730.54,1150.53,63.0212
3950,530,아웃랜드,3520,어둠달 골짜기,붉은 감시초소,상위지역 areaId 대체,3520,몬스터,85392,21205,걸신들린 우두머리 바위갈퀴,-2730.54,1150.53,63.0212
3951,530,아웃랜드,3522,칼날 산맥,영원의 숲,상위지역 좌표경계 대체,3522,몬스터,73111,20728,칼날첨탑랩터,2583.49,6152.88,19.6487
3952,530,아웃랜드,3522,칼날 산맥,고룡해골 다리,상위지역 좌표경계 대체,3522,몬스터,73111,20728,칼날첨탑랩터,2583.49,6152.88,19.6487
3953,530,아웃랜드,3522,칼날 산맥,비늘날개 절벽,상위지역 좌표경계 대체,3522,몬스터,73111,20728,칼날첨탑랩터,2583.49,6152.88,19.6487
3954,530,아웃랜드,3522,칼날 산맥,고룡해골 굴,상위지역 좌표경계 대체,3522,몬스터,73111,20728,칼날첨탑랩터,2583.49,6152.88,19.6487
3955,530,아웃랜드,3483,지옥불 반도,지옥불 분지,상위지역 좌표경계 대체,3483,몬스터,58171,16867,으스러진 손의 그런트,-253.512,2943.37,-62.4284
3956,530,아웃랜드,3519,테로카르 숲,어둠의 계단,상위지역 zoneId 대체,3519,몬스터,83823,19416,고대 드레나이 영혼,-3387.17,5177.65,-95.4726
3957,530,아웃랜드,3519,테로카르 숲,샤타리 전초기지,상위지역 zoneId 대체,3519,몬스터,83823,19416,고대 드레나이 영혼,-3387.17,5177.65,-95.4726
3958,530,아웃랜드,3519,테로카르 숲,샤타리 주둔지,상위지역 zoneId 대체,3519,몬스터,83823,19416,고대 드레나이 영혼,-3387.17,5177.65,-95.4726
3960,530,아웃랜드,3522,칼날 산맥,영혼분쇄자의 은신처,상위지역 좌표경계 대체,3522,몬스터,73111,20728,칼날첨탑랩터,2583.49,6152.88,19.6487
3961,530,아웃랜드,3519,테로카르 숲,슬픔의 날개 거점,상위지역 zoneId 대체,3519,몬스터,83823,19416,고대 드레나이 영혼,-3387.17,5177.65,-95.4726
3962,530,아웃랜드,3522,칼날 산맥,빔골의 마법진,상위지역 좌표경계 대체,3522,몬스터,73111,20728,칼날첨탑랩터,2583.49,6152.88,19.6487
3963,530,아웃랜드,3522,칼날 산맥,용돌기 마루,상위지역 좌표경계 대체,3522,몬스터,73111,20728,칼날첨탑랩터,2583.49,6152.88,19.6487
3964,530,아웃랜드,3522,칼날 산맥,하늘경비대 전초기지,상위지역 좌표경계 대체,3522,몬스터,73111,20728,칼날첨탑랩터,2583.49,6152.88,19.6487
3965,530,아웃랜드,3520,어둠달 골짜기,황천날개 광산,상위지역 areaId 대체,3520,몬스터,85392,21205,걸신들린 우두머리 바위갈퀴,-2730.54,1150.53,63.0212
3966,530,아웃랜드,3520,어둠달 골짜기,용아귀 주둔지,상위지역 areaId 대체,3520,몬스터,85392,21205,걸신들린 우두머리 바위갈퀴,-2730.54,1150.53,63.0212
3967,530,아웃랜드,3520,어둠달 골짜기,용아귀 하늘길,상위지역 areaId 대체,3520,몬스터,85392,21205,걸신들린 우두머리 바위갈퀴,-2730.54,1150.53,63.0212
3969,530,아웃랜드,3522,칼날 산맥,리븐다크의 둥지,상위지역 좌표경계 대체,3522,몬스터,73111,20728,칼날첨탑랩터,2583.49,6152.88,19.6487
3970,530,아웃랜드,3522,칼날 산맥,옵시디아의 둥지,상위지역 좌표경계 대체,3522,몬스터,73111,20728,칼날첨탑랩터,2583.49,6152.88,19.6487
3971,530,아웃랜드,3522,칼날 산맥,인시디온의 둥지,상위지역 좌표경계 대체,3522,몬스터,73111,20728,칼날첨탑랩터,2583.49,6152.88,19.6487
3972,530,아웃랜드,3522,칼날 산맥,퓨리윙의 둥지,상위지역 좌표경계 대체,3522,몬스터,73111,20728,칼날첨탑랩터,2583.49,6152.88,19.6487
3973,530,아웃랜드,3519,테로카르 숲,검은바람 비행기지,직접 areaId,3973,몬스터,132469,22986,스케티스 - 투명 까마귀석,-3518.43,3586.55,278.603
3974,530,아웃랜드,3519,테로카르 숲,장막의 하리크,직접 areaId,3974,몬스터,132459,22986,스케티스 - 투명 까마귀석,-3904.37,3726.72,295.336
3975,530,아웃랜드,3519,테로카르 숲,테로크의 안식처,직접 areaId,3975,몬스터,132478,22986,스케티스 - 투명 까마귀석,-3651.93,3446.62,279.142
3976,530,아웃랜드,3519,테로카르 숲,장막의 알라라크,직접 areaId,3976,몬스터,132477,22986,스케티스 - 투명 까마귀석,-3777.56,3341.35,276.612
3977,530,아웃랜드,3519,테로카르 숲,장막의 쉴라크 언덕,직접 areaId,3977,몬스터,132472,22986,스케티스 - 투명 까마귀석,-3919.28,3054.06,359.032
3978,530,아웃랜드,3519,테로카르 숲,장막의 쉴라크,직접 areaId,3978,몬스터,132442,22986,스케티스 - 투명 까마귀석,-4180.95,3124.89,321.461
3979,571,노스렌드,0,,얼어붙은 바다,좌표 없음,,,,,,,,
3980,571,노스렌드,495,울부짖는 협만,비수집 만,직접 areaId,3980,몬스터,106509,23666,윈터스코른 광전사,1212.23,-5282.19,178.769
3981,571,노스렌드,495,울부짖는 협만,발가드,상위지역 zoneId 대체,495,몬스터,52854,24440,샬레르브론 가고일,2159.51,-3194.06,143.911
3982,571,노스렌드,495,울부짖는 협만,고룡해골 마을,상위지역 zoneId 대체,495,몬스터,52854,24440,샬레르브론 가고일,2159.51,-3194.06,143.911
3983,571,노스렌드,495,울부짖는 협만,우트가드 성채,상위지역 zoneId 대체,495,몬스터,52854,24440,샬레르브론 가고일,2159.51,-3194.06,143.911
3984,571,노스렌드,495,울부짖는 협만,니플바르,상위지역 zoneId 대체,495,몬스터,52854,24440,샬레르브론 가고일,2159.51,-3194.06,143.911
3985,571,노스렌드,495,울부짖는 협만,이미론의 폭포,상위지역 zoneId 대체,495,몬스터,52854,24440,샬레르브론 가고일,2159.51,-3194.06,143.911
3986,571,노스렌드,495,울부짖는 협만,메아리치는 바다,상위지역 zoneId 대체,495,몬스터,52854,24440,샬레르브론 가고일,2159.51,-3194.06,143.911
3987,571,노스렌드,495,울부짖는 협만,작살잡이 섬,상위지역 zoneId 대체,495,몬스터,52854,24440,샬레르브론 가고일,2159.51,-3194.06,143.911
3988,571,노스렌드,495,울부짖는 협만,카마구아,상위지역 zoneId 대체,495,몬스터,52854,24440,샬레르브론 가고일,2159.51,-3194.06,143.911
3989,571,노스렌드,495,울부짖는 협만,가반의 산호초,상위지역 zoneId 대체,495,몬스터,52854,24440,샬레르브론 가고일,2159.51,-3194.06,143.911
3990,571,노스렌드,495,울부짖는 협만,해적 야영지,상위지역 zoneId 대체,495,몬스터,52854,24440,샬레르브론 가고일,2159.51,-3194.06,143.911
3991,571,노스렌드,495,울부짖는 협만,신 아가만드,상위지역 zoneId 대체,495,몬스터,52854,24440,샬레르브론 가고일,2159.51,-3194.06,143.911
3992,571,노스렌드,495,울부짖는 협만,고대 승강장,상위지역 zoneId 대체,495,몬스터,52854,24440,샬레르브론 가고일,2159.51,-3194.06,143.911
3993,571,노스렌드,495,울부짖는 협만,서부경비대 포탑,상위지역 zoneId 대체,495,몬스터,52854,24440,샬레르브론 가고일,2159.51,-3194.06,143.911
3994,571,노스렌드,495,울부짖는 협만,할그린드,상위지역 zoneId 대체,495,몬스터,52854,24440,샬레르브론 가고일,2159.51,-3194.06,143.911
3995,571,노스렌드,495,울부짖는 협만,웃음소리 해안,상위지역 zoneId 대체,495,몬스터,52854,24440,샬레르브론 가고일,2159.51,-3194.06,143.911
3996,571,노스렌드,495,울부짖는 협만,바엘군의 발굴현장,상위지역 zoneId 대체,495,몬스터,52854,24440,샬레르브론 가고일,2159.51,-3194.06,143.911
3997,571,노스렌드,495,울부짖는 협만,탐험가 연맹 전초기지,상위지역 zoneId 대체,495,몬스터,52854,24440,샬레르브론 가고일,2159.51,-3194.06,143.911
3998,571,노스렌드,495,울부짖는 협만,서부경비대 성채,상위지역 zoneId 대체,495,몬스터,52854,24440,샬레르브론 가고일,2159.51,-3194.06,143.911
3999,571,노스렌드,495,울부짖는 협만,강철 관문,직접 areaId,3999,몬스터,52854,24440,샬레르브론 가고일,2159.51,-3194.06,143.911
4000,571,노스렌드,495,울부짖는 협만,복수의 상륙지,상위지역 zoneId 대체,495,몬스터,52854,24440,샬레르브론 가고일,2159.51,-3194.06,143.911
4001,571,노스렌드,495,울부짖는 협만,베일하임,상위지역 zoneId 대체,495,몬스터,52854,24440,샬레르브론 가고일,2159.51,-3194.06,143.911
4002,571,노스렌드,495,울부짖는 협만,스코른,상위지역 zoneId 대체,495,몬스터,52854,24440,샬레르브론 가고일,2159.51,-3194.06,143.911
4003,571,노스렌드,495,울부짖는 협만,빌더바르 요새,상위지역 zoneId 대체,495,몬스터,52854,24440,샬레르브론 가고일,2159.51,-3194.06,143.911
4004,571,노스렌드,495,울부짖는 협만,썩은수렵 마을,상위지역 zoneId 대체,495,몬스터,52854,24440,샬레르브론 가고일,2159.51,-3194.06,143.911
4005,571,노스렌드,495,울부짖는 협만,이발드의 폐허,상위지역 zoneId 대체,495,몬스터,52854,24440,샬레르브론 가고일,2159.51,-3194.06,143.911
4006,571,노스렌드,495,울부짖는 협만,샬레르브론,상위지역 zoneId 대체,495,몬스터,52854,24440,샬레르브론 가고일,2159.51,-3194.06,143.911
4007,571,노스렌드,495,울부짖는 협만,왕의 무덤,상위지역 zoneId 대체,495,몬스터,52854,24440,샬레르브론 가고일,2159.51,-3194.06,143.911
4008,530,아웃랜드,3522,칼날 산맥,샤툴의 순간이동기,상위지역 좌표경계 대체,3522,몬스터,73111,20728,칼날첨탑랩터,2583.49,6152.88,19.6487
4010,1,칼림도어,15,먼지진흙 습지대,진흙톱니 거점,상위지역 좌표경계 대체,15,몬스터,18634,4393,산성 늪수액괴물,-3786.16,-3606.66,37.4825
4018,571,노스렌드,495,울부짖는 협만,겨울발굽 야영지,상위지역 zoneId 대체,495,몬스터,52854,24440,샬레르브론 가고일,2159.51,-3194.06,143.911
4020,571,노스렌드,3537,북풍의 땅,퇴마석 채석장,상위지역 zoneId 대체,3537,몬스터,1107,26093,낙사나르 대상,3739.39,3567.09,374.341
4021,571,노스렌드,3537,북풍의 땅,핏빛포자 평원,상위지역 zoneId 대체,3537,몬스터,1107,26093,낙사나르 대상,3739.39,3567.09,374.341
4022,571,노스렌드,3537,북풍의 땅,감모스,상위지역 zoneId 대체,3537,몬스터,1107,26093,낙사나르 대상,3739.39,3567.09,374.341
4023,571,노스렌드,3537,북풍의 땅,호박석 절벽,상위지역 zoneId 대체,3537,몬스터,1107,26093,낙사나르 대상,3739.39,3567.09,374.341
4024,571,노스렌드,3537,북풍의 땅,콜다라,상위지역 zoneId 대체,3537,몬스터,1107,26093,낙사나르 대상,3739.39,3567.09,374.341
4025,571,노스렌드,3537,북풍의 땅,서부 균열,상위지역 zoneId 대체,3537,몬스터,1107,26093,낙사나르 대상,3739.39,3567.09,374.341
4026,571,노스렌드,3537,북풍의 땅,변위의 계단,상위지역 zoneId 대체,3537,몬스터,1107,26093,낙사나르 대상,3739.39,3567.09,374.341
4027,571,노스렌드,3537,북풍의 땅,메아리 해안,상위지역 zoneId 대체,3537,몬스터,1107,26093,낙사나르 대상,3739.39,3567.09,374.341
4028,571,노스렌드,3537,북풍의 땅,채찍파도 해안,상위지역 zoneId 대체,3537,몬스터,1107,26093,낙사나르 대상,3739.39,3567.09,374.341
4029,571,노스렌드,3537,북풍의 땅,채찍파도 폐허,상위지역 zoneId 대체,3537,몬스터,1107,26093,낙사나르 대상,3739.39,3567.09,374.341
4030,571,노스렌드,3537,북풍의 땅,우상 해안,상위지역 zoneId 대체,3537,몬스터,1107,26093,낙사나르 대상,3739.39,3567.09,374.341
4031,571,노스렌드,3537,북풍의 땅,팔에아,상위지역 zoneId 대체,3537,몬스터,1107,26093,낙사나르 대상,3739.39,3567.09,374.341
4032,571,노스렌드,3537,북풍의 땅,용맹의 성채,상위지역 zoneId 대체,3537,몬스터,1107,26093,낙사나르 대상,3739.39,3567.09,374.341
4033,571,노스렌드,3537,북풍의 땅,겨울지느러미 마을,상위지역 zoneId 대체,3537,몬스터,1107,26093,낙사나르 대상,3739.39,3567.09,374.341
4034,571,노스렌드,3537,북풍의 땅,북풍의 벽,상위지역 zoneId 대체,3537,몬스터,1107,26093,낙사나르 대상,3739.39,3567.09,374.341
4035,571,노스렌드,3537,북풍의 땅,간헐천 지대,상위지역 zoneId 대체,3537,몬스터,1107,26093,낙사나르 대상,3739.39,3567.09,374.341
4036,571,노스렌드,3537,북풍의 땅,피즈크랭크 채굴 현장,상위지역 zoneId 대체,3537,몬스터,1107,26093,낙사나르 대상,3739.39,3567.09,374.341
4037,571,노스렌드,3537,북풍의 땅,타운카르 마을,상위지역 zoneId 대체,3537,몬스터,1107,26093,낙사나르 대상,3739.39,3567.09,374.341
4038,571,노스렌드,3537,북풍의 땅,마그나모스 동글,상위지역 zoneId 대체,3537,몬스터,1107,26093,낙사나르 대상,3739.39,3567.09,374.341
4039,571,노스렌드,3537,북풍의 땅,얼음바위 채석장,상위지역 zoneId 대체,3537,몬스터,1107,26093,낙사나르 대상,3739.39,3567.09,374.341
4040,571,노스렌드,3537,북풍의 땅,요르드의 숨결 만,상위지역 zoneId 대체,3537,몬스터,1107,26093,낙사나르 대상,3739.39,3567.09,374.341
4041,571,노스렌드,3537,북풍의 땅,카스칼라,상위지역 zoneId 대체,3537,몬스터,1107,26093,낙사나르 대상,3739.39,3567.09,374.341
4042,571,노스렌드,3537,북풍의 땅,북풍길,상위지역 zoneId 대체,3537,몬스터,1107,26093,낙사나르 대상,3739.39,3567.09,374.341
4043,571,노스렌드,3537,북풍의 땅,범람 평야,상위지역 zoneId 대체,3537,몬스터,1107,26093,낙사나르 대상,3739.39,3567.09,374.341
4046,1,칼림도어,15,먼지진흙 습지대,공포뿔 거점,상위지역 좌표경계 대체,15,몬스터,18634,4393,산성 늪수액괴물,-3786.16,-3606.66,37.4825
4047,1,칼림도어,15,먼지진흙 습지대,내트의 정박지,상위지역 좌표경계 대체,15,몬스터,18634,4393,산성 늪수액괴물,-3786.16,-3606.66,37.4825
4048,571,노스렌드,495,울부짖는 협만,잿불의 손아귀,상위지역 zoneId 대체,495,몬스터,52854,24440,샬레르브론 가고일,2159.51,-3194.06,143.911
4049,1,칼림도어,15,먼지진흙 습지대,타베사의 농장,상위지역 좌표경계 대체,15,몬스터,18634,4393,산성 늪수액괴물,-3786.16,-3606.66,37.4825
4050,571,노스렌드,495,울부짖는 협만,적막한 해안,상위지역 zoneId 대체,495,몬스터,52854,24440,샬레르브론 가고일,2159.51,-3194.06,143.911
4051,571,노스렌드,495,울부짖는 협만,얼어붙은 숲,상위지역 zoneId 대체,495,몬스터,52854,24440,샬레르브론 가고일,2159.51,-3194.06,143.911
4052,571,노스렌드,495,울부짖는 협만,활력의 숲,상위지역 zoneId 대체,495,몬스터,52854,24440,샬레르브론 가고일,2159.51,-3194.06,143.911
4053,571,노스렌드,495,울부짖는 협만,뒤틀린 숲,상위지역 zoneId 대체,495,몬스터,52854,24440,샬레르브론 가고일,2159.51,-3194.06,143.911
4054,571,노스렌드,495,울부짖는 협만,비틀린 숲,상위지역 zoneId 대체,495,몬스터,52854,24440,샬레르브론 가고일,2159.51,-3194.06,143.911
4055,571,노스렌드,495,울부짖는 협만,칼더미어 호수,상위지역 zoneId 대체,495,몬스터,52854,24440,샬레르브론 가고일,2159.51,-3194.06,143.911
4056,571,노스렌드,495,울부짖는 협만,우트가드 지하묘지,상위지역 zoneId 대체,495,몬스터,52854,24440,샬레르브론 가고일,2159.51,-3194.06,143.911
4057,571,노스렌드,495,울부짖는 협만,방패 언덕,상위지역 zoneId 대체,495,몬스터,52854,24440,샬레르브론 가고일,2159.51,-3194.06,143.911
4058,571,노스렌드,495,울부짖는 협만,카울드로스 호수,상위지역 zoneId 대체,495,몬스터,52854,24440,샬레르브론 가고일,2159.51,-3194.06,143.911
4059,571,노스렌드,495,울부짖는 협만,카울드로스 섬,상위지역 zoneId 대체,495,몬스터,52854,24440,샬레르브론 가고일,2159.51,-3194.06,143.911
4060,571,노스렌드,495,울부짖는 협만,피투성이 계곡,상위지역 zoneId 대체,495,몬스터,52854,24440,샬레르브론 가고일,2159.51,-3194.06,143.911
4061,571,노스렌드,495,울부짖는 협만,거인의 터,상위지역 zoneId 대체,495,몬스터,52854,24440,샬레르브론 가고일,2159.51,-3194.06,143.911
4062,571,노스렌드,495,울부짖는 협만,연금술사 야영지,상위지역 zoneId 대체,495,몬스터,52854,24440,샬레르브론 가고일,2159.51,-3194.06,143.911
4063,571,노스렌드,495,울부짖는 협만,잿불창 경비탑,상위지역 zoneId 대체,495,몬스터,52854,24440,샬레르브론 가고일,2159.51,-3194.06,143.911
4064,571,노스렌드,495,울부짖는 협만,부서진 해협,상위지역 zoneId 대체,495,몬스터,52854,24440,샬레르브론 가고일,2159.51,-3194.06,143.911
4065,571,노스렌드,495,울부짖는 협만,샬레르호른,상위지역 zoneId 대체,495,몬스터,52854,24440,샬레르브론 가고일,2159.51,-3194.06,143.911
4066,571,노스렌드,495,울부짖는 협만,서릿날 봉우리,상위지역 zoneId 대체,495,몬스터,52854,24440,샬레르브론 가고일,2159.51,-3194.06,143.911
4067,0,동부 왕국,139,동부 역병지대,역병의 숲 경비탑,상위지역 좌표경계 대체,139,몬스터,92307,8603,청소부구더기,2373.64,-4302.37,77.8021
4068,571,노스렌드,495,울부짖는 협만,서부창 경비탑,상위지역 zoneId 대체,495,몬스터,52854,24440,샬레르브론 가고일,2159.51,-3194.06,143.911
4069,571,노스렌드,495,울부짖는 협만,북부창 경비탑,상위지역 zoneId 대체,495,몬스터,52854,24440,샬레르브론 가고일,2159.51,-3194.06,143.911
4070,571,노스렌드,495,울부짖는 협만,서릿발 해안,상위지역 zoneId 대체,495,몬스터,52854,24440,샬레르브론 가고일,2159.51,-3194.06,143.911
4071,571,노스렌드,495,울부짖는 협만,속삭임 협곡,상위지역 zoneId 대체,495,몬스터,52854,24440,샬레르브론 가고일,2159.51,-3194.06,143.911
4073,571,노스렌드,495,울부짖는 협만,겨울 단상,상위지역 zoneId 대체,495,몬스터,52854,24440,샬레르브론 가고일,2159.51,-3194.06,143.911
4074,571,노스렌드,495,울부짖는 협만,각성의 전당,상위지역 zoneId 대체,495,몬스터,52854,24440,샬레르브론 가고일,2159.51,-3194.06,143.911
4077,571,노스렌드,495,울부짖는 협만,소를로프의 해안,상위지역 zoneId 대체,495,몬스터,52854,24440,샬레르브론 가고일,2159.51,-3194.06,143.911
4078,530,아웃랜드,3519,테로카르 숲,서슬가시 언덕,상위지역 zoneId 대체,3519,몬스터,83823,19416,고대 드레나이 영혼,-3387.17,5177.65,-95.4726
4079,571,노스렌드,495,울부짖는 협만,서릿날 고개,상위지역 zoneId 대체,495,몬스터,52854,24440,샬레르브론 가고일,2159.51,-3194.06,143.911
4080,530,아웃랜드,0,,쿠엘다나스 섬,상위지역 좌표경계 대체,4080,몬스터,93966,25001,심연의 화염경비병,12488.7,-6887.34,16.4079
4081,530,아웃랜드,4080,쿠엘다나스 섬,새벽추적자호,상위지역 좌표경계 대체,4080,몬스터,93966,25001,심연의 화염경비병,12488.7,-6887.34,16.4079
4082,530,아웃랜드,4080,쿠엘다나스 섬,신로렌호,상위지역 좌표경계 대체,4080,몬스터,93966,25001,심연의 화염경비병,12488.7,-6887.34,16.4079
4083,530,아웃랜드,4080,쿠엘다나스 섬,실버문의 긍지호,상위지역 좌표경계 대체,4080,몬스터,93966,25001,심연의 화염경비병,12488.7,-6887.34,16.4079
4084,530,아웃랜드,4080,쿠엘다나스 섬,피의 맹세호,상위지역 좌표경계 대체,4080,몬스터,93966,25001,심연의 화염경비병,12488.7,-6887.34,16.4079
4085,530,아웃랜드,4080,쿠엘다나스 섬,무너진 태양 집결지,상위지역 좌표경계 대체,4080,몬스터,93966,25001,심연의 화염경비병,12488.7,-6887.34,16.4079
4086,530,아웃랜드,4080,쿠엘다나스 섬,태양너울 성소,상위지역 좌표경계 대체,4080,몬스터,93966,25001,심연의 화염경비병,12488.7,-6887.34,16.4079
4087,530,아웃랜드,4080,쿠엘다나스 섬,태양너울 항구,상위지역 좌표경계 대체,4080,몬스터,93966,25001,심연의 화염경비병,12488.7,-6887.34,16.4079
4088,530,아웃랜드,4080,쿠엘다나스 섬,태양너울 무기고,상위지역 좌표경계 대체,4080,몬스터,93966,25001,심연의 화염경비병,12488.7,-6887.34,16.4079
4089,530,아웃랜드,4080,쿠엘다나스 섬,돈스타 마을,상위지역 좌표경계 대체,4080,몬스터,93966,25001,심연의 화염경비병,12488.7,-6887.34,16.4079
4090,530,아웃랜드,4080,쿠엘다나스 섬,새벽 광장,상위지역 좌표경계 대체,4080,몬스터,93966,25001,심연의 화염경비병,12488.7,-6887.34,16.4079
4091,530,아웃랜드,4080,쿠엘다나스 섬,초록아가미 해안,상위지역 좌표경계 대체,4080,몬스터,93966,25001,심연의 화염경비병,12488.7,-6887.34,16.4079
4092,530,아웃랜드,4080,쿠엘다나스 섬,죽음의 흉터,상위지역 좌표경계 대체,4080,몬스터,93966,25001,심연의 화염경비병,12488.7,-6887.34,16.4079
4093,530,아웃랜드,4080,쿠엘다나스 섬,태양 괴철로,상위지역 좌표경계 대체,4080,몬스터,93966,25001,심연의 화염경비병,12488.7,-6887.34,16.4079
4094,530,아웃랜드,4080,쿠엘다나스 섬,태양샘 고원,상위지역 좌표경계 대체,4080,몬스터,93966,25001,심연의 화염경비병,12488.7,-6887.34,16.4079
4095,530,아웃랜드,4080,쿠엘다나스 섬,마법학자의 정원,상위지역 좌표경계 대체,4080,몬스터,93966,25001,심연의 화염경비병,12488.7,-6887.34,16.4079
4097,571,노스렌드,3537,북풍의 땅,겨울지느러미 동굴,상위지역 zoneId 대체,3537,몬스터,1107,26093,낙사나르 대상,3739.39,3567.09,374.341
4098,571,노스렌드,3537,북풍의 땅,깜박임 만,상위지역 zoneId 대체,3537,몬스터,1107,26093,낙사나르 대상,3739.39,3567.09,374.341
4099,571,노스렌드,3537,북풍의 땅,겨울지느러미 은신처,상위지역 zoneId 대체,3537,몬스터,1107,26093,낙사나르 대상,3739.39,3567.09,374.341
4101,571,노스렌드,3537,북풍의 땅,나삼의 갯벌,상위지역 zoneId 대체,3537,몬스터,1107,26093,낙사나르 대상,3739.39,3567.09,374.341
4102,571,노스렌드,3537,북풍의 땅,크롬의 정박지,상위지역 zoneId 대체,3537,몬스터,1107,26093,낙사나르 대상,3739.39,3567.09,374.341
4103,571,노스렌드,3537,북풍의 땅,나삼의 발톱,상위지역 zoneId 대체,3537,몬스터,1107,26093,낙사나르 대상,3739.39,3567.09,374.341
4104,571,노스렌드,3537,북풍의 땅,메아리 동굴,상위지역 zoneId 대체,3537,몬스터,1107,26093,낙사나르 대상,3739.39,3567.09,374.341
4105,571,노스렌드,3537,북풍의 땅,녹주석 거점,상위지역 zoneId 대체,3537,몬스터,1107,26093,낙사나르 대상,3739.39,3567.09,374.341
4106,571,노스렌드,3537,북풍의 땅,가로쉬의 상륙지,상위지역 zoneId 대체,3537,몬스터,1107,26093,낙사나르 대상,3739.39,3567.09,374.341
4107,571,노스렌드,3537,북풍의 땅,전쟁노래부족 부두,상위지역 zoneId 대체,3537,몬스터,1107,26093,낙사나르 대상,3739.39,3567.09,374.341
4108,571,노스렌드,3537,북풍의 땅,피즈크랭크 비행장,상위지역 zoneId 대체,3537,몬스터,1107,26093,낙사나르 대상,3739.39,3567.09,374.341
4109,571,노스렌드,3537,북풍의 땅,쿰우야 호수,상위지역 zoneId 대체,3537,몬스터,1107,26093,낙사나르 대상,3739.39,3567.09,374.341
4110,571,노스렌드,3537,북풍의 땅,파샤이어 농장,상위지역 zoneId 대체,3537,몬스터,1107,26093,낙사나르 대상,3739.39,3567.09,374.341
4111,571,노스렌드,3537,북풍의 땅,파샤이어,상위지역 zoneId 대체,3537,몬스터,1107,26093,낙사나르 대상,3739.39,3567.09,374.341
4112,571,노스렌드,3537,북풍의 땅,파샤이어 등대,상위지역 zoneId 대체,3537,몬스터,1107,26093,낙사나르 대상,3739.39,3567.09,374.341
4113,571,노스렌드,3537,북풍의 땅,우누페,상위지역 zoneId 대체,3537,몬스터,1107,26093,낙사나르 대상,3739.39,3567.09,374.341
4114,571,노스렌드,3537,북풍의 땅,죽음의 언덕,상위지역 zoneId 대체,3537,몬스터,1107,26093,낙사나르 대상,3739.39,3567.09,374.341
4115,571,노스렌드,3537,북풍의 땅,버려진 해안,상위지역 zoneId 대체,3537,몬스터,1107,26093,낙사나르 대상,3739.39,3567.09,374.341
4116,571,노스렌드,3537,북풍의 땅,끓어오르는 웅덩이,상위지역 zoneId 대체,3537,몬스터,1107,26093,낙사나르 대상,3739.39,3567.09,374.341
4117,571,노스렌드,3537,북풍의 땅,증기 온천,상위지역 zoneId 대체,3537,몬스터,1107,26093,낙사나르 대상,3739.39,3567.09,374.341
4118,571,노스렌드,3537,북풍의 땅,탈라마스,상위지역 zoneId 대체,3537,몬스터,1107,26093,낙사나르 대상,3739.39,3567.09,374.341
4119,571,노스렌드,3537,북풍의 땅,썩은 웅덩이,상위지역 zoneId 대체,3537,몬스터,1107,26093,낙사나르 대상,3739.39,3567.09,374.341
4120,571,노스렌드,3537,북풍의 땅,마력의 탑,상위지역 zoneId 대체,3537,몬스터,1107,26093,낙사나르 대상,3739.39,3567.09,374.341
4121,571,노스렌드,3537,북풍의 땅,변위의 보호막,상위지역 zoneId 대체,3537,몬스터,1107,26093,낙사나르 대상,3739.39,3567.09,374.341
4122,571,노스렌드,3537,북풍의 땅,보르고로크 전초기지,상위지역 zoneId 대체,3537,몬스터,1107,26093,낙사나르 대상,3739.39,3567.09,374.341
4123,571,노스렌드,3537,북풍의 땅,마그모스,상위지역 zoneId 대체,3537,몬스터,1107,26093,낙사나르 대상,3739.39,3567.09,374.341
4124,571,노스렌드,3537,북풍의 땅,사자의 동굴,상위지역 zoneId 대체,3537,몬스터,1107,26093,낙사나르 대상,3739.39,3567.09,374.341
4125,571,노스렌드,3537,북풍의 땅,엔킬라 사원,상위지역 zoneId 대체,3537,몬스터,1107,26093,낙사나르 대상,3739.39,3567.09,374.341
4126,571,노스렌드,3537,북풍의 땅,통곡의 지구라트,상위지역 zoneId 대체,3537,몬스터,1107,26093,낙사나르 대상,3739.39,3567.09,374.341
4127,571,노스렌드,3537,북풍의 땅,스틸조의 짐마차,상위지역 zoneId 대체,3537,몬스터,1107,26093,낙사나르 대상,3739.39,3567.09,374.341
4128,571,노스렌드,3537,북풍의 땅,낙사나르,직접 areaId,4128,몬스터,1107,26093,낙사나르 대상,3739.39,3567.09,374.341
4129,571,노스렌드,3537,북풍의 땅,전쟁노래부족 요새,상위지역 zoneId 대체,3537,몬스터,1107,26093,낙사나르 대상,3739.39,3567.09,374.341
4130,571,노스렌드,3537,북풍의 땅,나삼의 평원,상위지역 zoneId 대체,3537,몬스터,1107,26093,낙사나르 대상,3739.39,3567.09,374.341
4132,571,노스렌드,3537,북풍의 땅,엘드라나스 폐허,상위지역 zoneId 대체,3537,몬스터,1107,26093,낙사나르 대상,3739.39,3567.09,374.341
4133,571,노스렌드,3537,북풍의 땅,잿더미 마루,상위지역 zoneId 대체,3537,몬스터,1107,26093,낙사나르 대상,3739.39,3567.09,374.341
4134,571,노스렌드,3537,북풍의 땅,부글거리는 웅덩이,상위지역 zoneId 대체,3537,몬스터,1107,26093,낙사나르 대상,3739.39,3567.09,374.341
4135,571,노스렌드,3537,북풍의 땅,피의 첨탑,상위지역 zoneId 대체,3537,몬스터,1107,26093,낙사나르 대상,3739.39,3567.09,374.341
4136,571,노스렌드,3537,북풍의 땅,부패의 첨탑,상위지역 zoneId 대체,3537,몬스터,1107,26093,낙사나르 대상,3739.39,3567.09,374.341
4137,571,노스렌드,3537,북풍의 땅,고통의 첨탑,상위지역 zoneId 대체,3537,몬스터,1107,26093,낙사나르 대상,3739.39,3567.09,374.341
4138,571,노스렌드,3537,북풍의 땅,얼어붙은 해안,상위지역 zoneId 대체,3537,몬스터,1107,26093,낙사나르 대상,3739.39,3567.09,374.341
4141,571,노스렌드,3537,북풍의 땅,토르프의 농장,상위지역 zoneId 대체,3537,몬스터,1107,26093,낙사나르 대상,3739.39,3567.09,374.341
4142,571,노스렌드,3537,북풍의 땅,전쟁노래부족 곡물창고,상위지역 zoneId 대체,3537,몬스터,1107,26093,낙사나르 대상,3739.39,3567.09,374.341
4143,571,노스렌드,3537,북풍의 땅,전쟁노래부족 도살장,상위지역 zoneId 대체,3537,몬스터,1107,26093,낙사나르 대상,3739.39,3567.09,374.341
4144,571,노스렌드,3537,북풍의 땅,전쟁노래부족 농장 전진기지,상위지역 zoneId 대체,3537,몬스터,1107,26093,낙사나르 대상,3739.39,3567.09,374.341
4145,571,노스렌드,3537,북풍의 땅,서부 거점,상위지역 zoneId 대체,3537,몬스터,1107,26093,낙사나르 대상,3739.39,3567.09,374.341
4146,571,노스렌드,3537,북풍의 땅,북부 거점,상위지역 zoneId 대체,3537,몬스터,1107,26093,낙사나르 대상,3739.39,3567.09,374.341
4147,571,노스렌드,3537,북풍의 땅,중부 거점,상위지역 zoneId 대체,3537,몬스터,1107,26093,낙사나르 대상,3739.39,3567.09,374.341
4148,571,노스렌드,3537,북풍의 땅,남부 거점,상위지역 zoneId 대체,3537,몬스터,1107,26093,낙사나르 대상,3739.39,3567.09,374.341
4149,571,노스렌드,3537,북풍의 땅,동물보호협회 야영지,상위지역 zoneId 대체,3537,몬스터,1107,26093,낙사나르 대상,3739.39,3567.09,374.341
4150,571,노스렌드,3537,북풍의 땅,카우의 보금자리,상위지역 zoneId 대체,3537,몬스터,1107,26093,낙사나르 대상,3739.39,3567.09,374.341
4151,571,노스렌드,65,용의 안식처,서풍의 피난민 행렬,상위지역 zoneId 대체,65,몬스터,502,26280,용의 안식처 마법사 사냥꾼,3373.64,2584.31,42.1588
4152,571,노스렌드,65,용의 안식처,모아키 항구,상위지역 zoneId 대체,65,몬스터,502,26280,용의 안식처 마법사 사냥꾼,3373.64,2584.31,42.1588
4153,571,노스렌드,65,용의 안식처,인두르 마을,상위지역 zoneId 대체,65,몬스터,502,26280,용의 안식처 마법사 사냥꾼,3373.64,2584.31,42.1588
4154,571,노스렌드,65,용의 안식처,눈사태 숲,상위지역 zoneId 대체,65,몬스터,502,26280,용의 안식처 마법사 사냥꾼,3373.64,2584.31,42.1588
4155,571,노스렌드,65,용의 안식처,반쪽 껍질,상위지역 zoneId 대체,65,몬스터,502,26280,용의 안식처 마법사 사냥꾼,3373.64,2584.31,42.1588
4156,571,노스렌드,65,용의 안식처,폭풍 바늘,상위지역 zoneId 대체,65,몬스터,502,26280,용의 안식처 마법사 사냥꾼,3373.64,2584.31,42.1588
4157,571,노스렌드,65,용의 안식처,달쉼터 정원,직접 areaId,4157,몬스터,502,26280,용의 안식처 마법사 사냥꾼,3373.64,2584.31,42.1588
4158,571,노스렌드,65,용의 안식처,별의 쉼터,상위지역 zoneId 대체,65,몬스터,502,26280,용의 안식처 마법사 사냥꾼,3373.64,2584.31,42.1588
4159,571,노스렌드,394,회색 구릉지,서부 몰락지대 여단 야영지,상위지역 zoneId 대체,394,NPC,117222,26335,쓰러진 토석인 전사,4706.64,-4453.71,195.048
4160,571,노스렌드,65,용의 안식처,로탈로르 숲,상위지역 zoneId 대체,65,몬스터,502,26280,용의 안식처 마법사 사냥꾼,3373.64,2584.31,42.1588
4161,571,노스렌드,65,용의 안식처,고룡쉼터 사원,상위지역 zoneId 대체,65,몬스터,502,26280,용의 안식처 마법사 사냥꾼,3373.64,2584.31,42.1588
4162,571,노스렌드,65,용의 안식처,얼음안개 폭포,상위지역 zoneId 대체,65,몬스터,502,26280,용의 안식처 마법사 사냥꾼,3373.64,2584.31,42.1588
4163,571,노스렌드,65,용의 안식처,얼음안개 마을,상위지역 zoneId 대체,65,몬스터,502,26280,용의 안식처 마법사 사냥꾼,3373.64,2584.31,42.1588
4164,571,노스렌드,65,용의 안식처,나르준의 구덩이,상위지역 zoneId 대체,65,몬스터,502,26280,용의 안식처 마법사 사냥꾼,3373.64,2584.31,42.1588
4165,571,노스렌드,65,용의 안식처,아그마르의 망치,상위지역 zoneId 대체,65,몬스터,502,26280,용의 안식처 마법사 사냥꾼,3373.64,2584.31,42.1588
4166,571,노스렌드,65,용의 안식처,인두르 호수,상위지역 zoneId 대체,65,몬스터,502,26280,용의 안식처 마법사 사냥꾼,3373.64,2584.31,42.1588
4167,571,노스렌드,65,용의 안식처,흑요석 용제단,상위지역 zoneId 대체,65,몬스터,502,26280,용의 안식처 마법사 사냥꾼,3373.64,2584.31,42.1588
4168,571,노스렌드,65,용의 안식처,루비 용제단,상위지역 zoneId 대체,65,몬스터,502,26280,용의 안식처 마법사 사냥꾼,3373.64,2584.31,42.1588
4169,571,노스렌드,65,용의 안식처,폴드라곤 요새,상위지역 zoneId 대체,65,몬스터,502,26280,용의 안식처 마법사 사냥꾼,3373.64,2584.31,42.1588
4170,571,노스렌드,65,용의 안식처,코르크론 선봉기지,상위지역 zoneId 대체,65,몬스터,502,26280,용의 안식처 마법사 사냥꾼,3373.64,2584.31,42.1588
4171,571,노스렌드,65,용의 안식처,해골 왕궁,상위지역 zoneId 대체,65,몬스터,502,26280,용의 안식처 마법사 사냥꾼,3373.64,2584.31,42.1588
4172,571,노스렌드,65,용의 안식처,분노의 관문 앙그라타르,상위지역 zoneId 대체,65,몬스터,502,26280,용의 안식처 마법사 사냥꾼,3373.64,2584.31,42.1588
4173,571,노스렌드,65,용의 안식처,갈라크론드의 안식처,상위지역 zoneId 대체,65,몬스터,502,26280,용의 안식처 마법사 사냥꾼,3373.64,2584.31,42.1588
4174,571,노스렌드,65,용의 안식처,악의 똬리,상위지역 zoneId 대체,65,몬스터,502,26280,용의 안식처 마법사 사냥꾼,3373.64,2584.31,42.1588
4175,571,노스렌드,65,용의 안식처,청동 용제단,상위지역 zoneId 대체,65,몬스터,502,26280,용의 안식처 마법사 사냥꾼,3373.64,2584.31,42.1588
4176,571,노스렌드,65,용의 안식처,새벽의 거울,상위지역 zoneId 대체,65,몬스터,502,26280,용의 안식처 마법사 사냥꾼,3373.64,2584.31,42.1588
4177,571,노스렌드,65,용의 안식처,윈터가드 성채,상위지역 zoneId 대체,65,몬스터,502,26280,용의 안식처 마법사 사냥꾼,3373.64,2584.31,42.1588
4178,571,노스렌드,65,용의 안식처,윈터가드 광산,상위지역 zoneId 대체,65,몬스터,502,26280,용의 안식처 마법사 사냥꾼,3373.64,2584.31,42.1588
4179,571,노스렌드,65,용의 안식처,에메랄드 용제단,상위지역 zoneId 대체,65,몬스터,502,26280,용의 안식처 마법사 사냥꾼,3373.64,2584.31,42.1588
4180,571,노스렌드,65,용의 안식처,신 하스글렌,상위지역 zoneId 대체,65,몬스터,502,26280,용의 안식처 마법사 사냥꾼,3373.64,2584.31,42.1588
4181,571,노스렌드,65,용의 안식처,십자군 정박지,상위지역 zoneId 대체,65,몬스터,502,26280,용의 안식처 마법사 사냥꾼,3373.64,2584.31,42.1588
4182,571,노스렌드,65,용의 안식처,불신자의 만용호,상위지역 zoneId 대체,65,몬스터,502,26280,용의 안식처 마법사 사냥꾼,3373.64,2584.31,42.1588
4183,571,노스렌드,65,용의 안식처,청금석 용제단,상위지역 zoneId 대체,65,몬스터,502,26280,용의 안식처 마법사 사냥꾼,3373.64,2584.31,42.1588
4184,571,노스렌드,65,용의 안식처,티탄의 길,상위지역 zoneId 대체,65,몬스터,502,26280,용의 안식처 마법사 사냥꾼,3373.64,2584.31,42.1588
4185,571,노스렌드,65,용의 안식처,망각의 해변,상위지역 zoneId 대체,65,몬스터,502,26280,용의 안식처 마법사 사냥꾼,3373.64,2584.31,42.1588
4186,571,노스렌드,65,용의 안식처,원한의 초소,상위지역 zoneId 대체,65,몬스터,502,26280,용의 안식처 마법사 사냥꾼,3373.64,2584.31,42.1588
4187,571,노스렌드,65,용의 안식처,수정 계곡,상위지역 zoneId 대체,65,몬스터,502,26280,용의 안식처 마법사 사냥꾼,3373.64,2584.31,42.1588
4188,571,노스렌드,65,용의 안식처,부패의 벌판,상위지역 zoneId 대체,65,몬스터,502,26280,용의 안식처 마법사 사냥꾼,3373.64,2584.31,42.1588
4189,571,노스렌드,65,용의 안식처,붉은돌격대 주둔지,상위지역 zoneId 대체,65,몬스터,502,26280,용의 안식처 마법사 사냥꾼,3373.64,2584.31,42.1588
4190,571,노스렌드,65,용의 안식처,토르손의 전초기지,상위지역 zoneId 대체,65,몬스터,502,26280,용의 안식처 마법사 사냥꾼,3373.64,2584.31,42.1588
4191,571,노스렌드,65,용의 안식처,믿음의 빛 거점,상위지역 zoneId 대체,65,몬스터,502,26280,용의 안식처 마법사 사냥꾼,3373.64,2584.31,42.1588
4192,571,노스렌드,65,용의 안식처,서리한 동굴,상위지역 zoneId 대체,65,몬스터,502,26280,용의 안식처 마법사 사냥꾼,3373.64,2584.31,42.1588
4193,571,노스렌드,65,용의 안식처,붉은돌격대 초소,상위지역 zoneId 대체,65,몬스터,502,26280,용의 안식처 마법사 사냥꾼,3373.64,2584.31,42.1588
4194,571,노스렌드,65,용의 안식처,진타칼라르,상위지역 zoneId 대체,65,몬스터,502,26280,용의 안식처 마법사 사냥꾼,3373.64,2584.31,42.1588
4195,571,노스렌드,65,용의 안식처,얼음 심장 동굴,상위지역 zoneId 대체,65,몬스터,502,26280,용의 안식처 마법사 사냥꾼,3373.64,2584.31,42.1588
4197,571,노스렌드,0,,겨울손아귀 호수,상위지역 좌표경계 대체,4197,몬스터,131755,27869,겨울손아귀 감지기,4748.14,2877.06,380.603
4198,571,노스렌드,65,용의 안식처,킬리우아의 산호섬,상위지역 zoneId 대체,65,몬스터,502,26280,용의 안식처 마법사 사냥꾼,3373.64,2584.31,42.1588
4199,571,노스렌드,394,회색 구릉지,은빛시내 마을,상위지역 zoneId 대체,394,NPC,117222,26335,쓰러진 토석인 전사,4706.64,-4453.71,195.048
4200,571,노스렌드,394,회색 구릉지,볼드랏실의 심장,상위지역 zoneId 대체,394,NPC,117222,26335,쓰러진 토석인 전사,4706.64,-4453.71,195.048
4201,571,노스렌드,0,,볼드랏실의 눈물,좌표 없음,,,,,,,,
4202,571,노스렌드,394,회색 구릉지,볼드랏실의 눈물,상위지역 zoneId 대체,394,NPC,117222,26335,쓰러진 토석인 전사,4706.64,-4453.71,195.048
4203,571,노스렌드,394,회색 구릉지,볼드랏실의 가지,상위지역 zoneId 대체,394,NPC,117222,26335,쓰러진 토석인 전사,4706.64,-4453.71,195.048
4204,571,노스렌드,394,회색 구릉지,호박빛소나무 오두막,상위지역 zoneId 대체,394,NPC,117222,26335,쓰러진 토석인 전사,4706.64,-4453.71,195.048
4205,571,노스렌드,394,회색 구릉지,극지 마을,상위지역 zoneId 대체,394,NPC,117222,26335,쓰러진 토석인 전사,4706.64,-4453.71,195.048
4206,571,노스렌드,394,회색 구릉지,정복의 요새,상위지역 zoneId 대체,394,NPC,117222,26335,쓰러진 토석인 전사,4706.64,-4453.71,195.048
4207,571,노스렌드,394,회색 구릉지,볼드룬,상위지역 zoneId 대체,394,NPC,117222,26335,쓰러진 토석인 전사,4706.64,-4453.71,195.048
4208,571,노스렌드,394,회색 구릉지,화강암 웅덩이,상위지역 zoneId 대체,394,NPC,117222,26335,쓰러진 토석인 전사,4706.64,-4453.71,195.048
4209,571,노스렌드,394,회색 구릉지,제브할락,상위지역 zoneId 대체,394,NPC,117222,26335,쓰러진 토석인 전사,4706.64,-4453.71,195.048
4210,571,노스렌드,394,회색 구릉지,드락타론 성채,상위지역 zoneId 대체,394,NPC,117222,26335,쓰러진 토석인 전사,4706.64,-4453.71,195.048
4211,571,노스렌드,394,회색 구릉지,원크와 야영지,상위지역 zoneId 대체,394,NPC,117222,26335,쓰러진 토석인 전사,4706.64,-4453.71,195.048
4212,571,노스렌드,394,회색 구릉지,샛바람 해안,상위지역 zoneId 대체,394,NPC,117222,26335,쓰러진 토석인 전사,4706.64,-4453.71,195.048
4213,571,노스렌드,394,회색 구릉지,부서진 절벽,상위지역 zoneId 대체,394,NPC,117222,26335,쓰러진 토석인 전사,4706.64,-4453.71,195.048
4214,571,노스렌드,394,회색 구릉지,바위 언덕,상위지역 zoneId 대체,394,NPC,117222,26335,쓰러진 토석인 전사,4706.64,-4453.71,195.048
4215,571,노스렌드,394,회색 구릉지,분노의 송곳니 제단,상위지역 zoneId 대체,394,NPC,117222,26335,쓰러진 토석인 전사,4706.64,-4453.71,195.048
4216,571,노스렌드,394,회색 구릉지,드라킬진 폐허,상위지역 zoneId 대체,394,NPC,117222,26335,쓰러진 토석인 전사,4706.64,-4453.71,195.048
4217,571,노스렌드,394,회색 구릉지,검은강 벌목지,상위지역 zoneId 대체,394,NPC,117222,26335,쓰러진 토석인 전사,4706.64,-4453.71,195.048
4218,571,노스렌드,394,회색 구릉지,혈심장 제단,상위지역 zoneId 대체,394,NPC,117222,26335,쓰러진 토석인 전사,4706.64,-4453.71,195.048
4219,571,노스렌드,394,회색 구릉지,빈돌 광산,상위지역 zoneId 대체,394,NPC,117222,26335,쓰러진 토석인 전사,4706.64,-4453.71,195.048
4220,571,노스렌드,394,회색 구릉지,던 아르골,상위지역 zoneId 대체,394,NPC,117222,26335,쓰러진 토석인 전사,4706.64,-4453.71,195.048
4221,571,노스렌드,394,회색 구릉지,토르 모단,직접 areaId,4221,NPC,117222,26335,쓰러진 토석인 전사,4706.64,-4453.71,195.048
4222,571,노스렌드,394,회색 구릉지,푸른 하늘 벌목장,상위지역 zoneId 대체,394,NPC,117222,26335,쓰러진 토석인 전사,4706.64,-4453.71,195.048
4223,571,노스렌드,65,용의 안식처,넬타리온의 턱,상위지역 zoneId 대체,65,몬스터,502,26280,용의 안식처 마법사 사냥꾼,3373.64,2584.31,42.1588
4224,571,노스렌드,65,용의 안식처,소금바위 봉우리,상위지역 zoneId 대체,65,몬스터,502,26280,용의 안식처 마법사 사냥꾼,3373.64,2584.31,42.1588
4225,571,노스렌드,65,용의 안식처,반짝이는 해안,상위지역 zoneId 대체,65,몬스터,502,26280,용의 안식처 마법사 사냥꾼,3373.64,2584.31,42.1588
4226,571,노스렌드,495,울부짖는 협만,이스카알,상위지역 zoneId 대체,495,몬스터,52854,24440,샬레르브론 가고일,2159.51,-3194.06,143.911
4227,571,노스렌드,65,용의 안식처,용사냥 마루,상위지역 zoneId 대체,65,몬스터,502,26280,용의 안식처 마법사 사냥꾼,3373.64,2584.31,42.1588
4229,571,노스렌드,394,회색 구릉지,발굴단 거점,상위지역 zoneId 대체,394,NPC,117222,26335,쓰러진 토석인 전사,4706.64,-4453.71,195.048
4230,571,노스렌드,65,용의 안식처,눈바람 언덕,상위지역 zoneId 대체,65,몬스터,502,26280,용의 안식처 마법사 사냥꾼,3373.64,2584.31,42.1588
4231,571,노스렌드,394,회색 구릉지,붉은나무 교역소,상위지역 zoneId 대체,394,NPC,117222,26335,쓰러진 토석인 전사,4706.64,-4453.71,195.048
4232,571,노스렌드,65,용의 안식처,복수의 고개,상위지역 zoneId 대체,65,몬스터,502,26280,용의 안식처 마법사 사냥꾼,3373.64,2584.31,42.1588
4233,571,노스렌드,65,용의 안식처,십자군 주둔지,상위지역 zoneId 대체,65,몬스터,502,26280,용의 안식처 마법사 사냥꾼,3373.64,2584.31,42.1588
4234,571,노스렌드,65,용의 안식처,낙스라마스,상위지역 zoneId 대체,65,몬스터,502,26280,용의 안식처 마법사 사냥꾼,3373.64,2584.31,42.1588
4235,571,노스렌드,394,회색 구릉지,심재 교역소,상위지역 zoneId 대체,394,NPC,117222,26335,쓰러진 토석인 전사,4706.64,-4453.71,195.048
4236,571,노스렌드,394,회색 구릉지,사철나무 교역소,상위지역 zoneId 대체,394,NPC,117222,26335,쓰러진 토석인 전사,4706.64,-4453.71,195.048
4237,571,노스렌드,394,회색 구릉지,전나무 거점 주둔지,상위지역 zoneId 대체,394,NPC,117222,26335,쓰러진 토석인 전사,4706.64,-4453.71,195.048
4238,571,노스렌드,394,회색 구릉지,흰 소나무 교역소,상위지역 zoneId 대체,394,NPC,117222,26335,쓰러진 토석인 전사,4706.64,-4453.71,195.048
4239,571,노스렌드,394,회색 구릉지,미루나무 숲 초소,상위지역 zoneId 대체,394,NPC,117222,26335,쓰러진 토석인 전사,4706.64,-4453.71,195.048
4240,571,노스렌드,394,회색 구릉지,숲 가장자리 초소,상위지역 zoneId 대체,394,NPC,117222,26335,쓰러진 토석인 전사,4706.64,-4453.71,195.048
4241,571,노스렌드,65,용의 안식처,으스스한 언덕,상위지역 zoneId 대체,65,몬스터,502,26280,용의 안식처 마법사 사냥꾼,3373.64,2584.31,42.1588
4242,571,노스렌드,394,회색 구릉지,투자개발 만,상위지역 zoneId 대체,394,NPC,117222,26335,쓰러진 토석인 전사,4706.64,-4453.71,195.048
4243,571,노스렌드,65,용의 안식처,윈터가드 납골당,상위지역 zoneId 대체,65,몬스터,502,26280,용의 안식처 마법사 사냥꾼,3373.64,2584.31,42.1588
4244,571,노스렌드,394,회색 구릉지,핏빛달 섬,상위지역 zoneId 대체,394,NPC,117222,26335,쓰러진 토석인 전사,4706.64,-4453.71,195.048
4245,571,노스렌드,394,회색 구릉지,그림자송곳니 탑,상위지역 zoneId 대체,394,NPC,117222,26335,쓰러진 토석인 전사,4706.64,-4453.71,195.048
4246,571,노스렌드,65,용의 안식처,윈터가드 묘지,상위지역 zoneId 대체,65,몬스터,502,26280,용의 안식처 마법사 사냥꾼,3373.64,2584.31,42.1588
4247,571,노스렌드,394,회색 구릉지,그늘울음 동굴,상위지역 zoneId 대체,394,NPC,117222,26335,쓰러진 토석인 전사,4706.64,-4453.71,195.048
4248,571,노스렌드,394,회색 구릉지,정복의 요새 투기장,상위지역 zoneId 대체,394,NPC,117222,26335,쓰러진 토석인 전사,4706.64,-4453.71,195.048
4249,571,노스렌드,394,회색 구릉지,무쇠단의 길,상위지역 zoneId 대체,394,NPC,117222,26335,쓰러진 토석인 전사,4706.64,-4453.71,195.048
4250,571,노스렌드,394,회색 구릉지,테시스의 폐허,상위지역 zoneId 대체,394,NPC,117222,26335,쓰러진 토석인 전사,4706.64,-4453.71,195.048
4251,571,노스렌드,394,회색 구릉지,은빛시내 언덕,상위지역 zoneId 대체,394,NPC,117222,26335,쓰러진 토석인 전사,4706.64,-4453.71,195.048
4252,571,노스렌드,495,울부짖는 협만,부서진 절벽,상위지역 zoneId 대체,495,몬스터,52854,24440,샬레르브론 가고일,2159.51,-3194.06,143.911
4253,571,노스렌드,65,용의 안식처,7군단 전초지,상위지역 zoneId 대체,65,몬스터,502,26280,용의 안식처 마법사 사냥꾼,3373.64,2584.31,42.1588
4254,571,노스렌드,65,용의 안식처,용의 황무지,상위지역 zoneId 대체,65,몬스터,502,26280,용의 안식처 마법사 사냥꾼,3373.64,2584.31,42.1588
4255,571,노스렌드,394,회색 구릉지,드락진 폐허,상위지역 zoneId 대체,394,NPC,117222,26335,쓰러진 토석인 전사,4706.64,-4453.71,195.048
4256,571,노스렌드,65,용의 안식처,드락마 호수,상위지역 zoneId 대체,65,몬스터,502,26280,용의 안식처 마법사 사냥꾼,3373.64,2584.31,42.1588
4257,571,노스렌드,65,용의 안식처,용돌기 강,상위지역 zoneId 대체,65,몬스터,502,26280,용의 안식처 마법사 사냥꾼,3373.64,2584.31,42.1588
4258,571,노스렌드,0,,북해,좌표 없음,,,,,,,,
4259,571,노스렌드,394,회색 구릉지,드락우랄,상위지역 zoneId 대체,394,NPC,117222,26335,쓰러진 토석인 전사,4706.64,-4453.71,195.048
4260,571,노스렌드,495,울부짖는 협만,토르발트의 야영지,상위지역 zoneId 대체,495,몬스터,52854,24440,샬레르브론 가고일,2159.51,-3194.06,143.911
4261,571,노스렌드,495,울부짖는 협만,유령칼날 초소,상위지역 zoneId 대체,495,몬스터,52854,24440,샬레르브론 가고일,2159.51,-3194.06,143.911
4262,571,노스렌드,394,회색 구릉지,잿빛나무 초소,상위지역 zoneId 대체,394,NPC,117222,26335,쓰러진 토석인 전사,4706.64,-4453.71,195.048
4263,571,노스렌드,495,울부짖는 협만,리델의 매복지,상위지역 zoneId 대체,495,몬스터,52854,24440,샬레르브론 가고일,2159.51,-3194.06,143.911
4266,571,노스렌드,394,회색 구릉지,하코르의 야영지,상위지역 zoneId 대체,394,NPC,117222,26335,쓰러진 토석인 전사,4706.64,-4453.71,195.048
4267,571,노스렌드,394,회색 구릉지,볼드랏실 고개,상위지역 zoneId 대체,394,NPC,117222,26335,쓰러진 토석인 전사,4706.64,-4453.71,195.048
4268,571,노스렌드,394,회색 구릉지,루나의 야영지,상위지역 zoneId 대체,394,NPC,117222,26335,쓰러진 토석인 전사,4706.64,-4453.71,195.048
4269,571,노스렌드,3537,북풍의 땅,비늘 제단,상위지역 zoneId 대체,3537,몬스터,1107,26093,낙사나르 대상,3739.39,3567.09,374.341
4270,571,노스렌드,394,회색 구릉지,드라카탈 통로,상위지역 zoneId 대체,394,NPC,117222,26335,쓰러진 토석인 전사,4706.64,-4453.71,195.048
4271,571,노스렌드,495,울부짖는 협만,우트가드 첨탑,상위지역 zoneId 대체,495,몬스터,52854,24440,샬레르브론 가고일,2159.51,-3194.06,143.911
4275,571,노스렌드,66,줄드락,은빛십자군 격전지,상위지역 좌표경계 대체,66,몬스터,118621,28145,잠복꾼 바실리스크,5940.0,-2956.64,287.57
4276,571,노스렌드,66,줄드락,세라투스의 제단,상위지역 좌표경계 대체,66,몬스터,118621,28145,잠복꾼 바실리스크,5940.0,-2956.64,287.57
4278,571,노스렌드,66,줄드락,드락소트라 농장,상위지역 좌표경계 대체,66,몬스터,118621,28145,잠복꾼 바실리스크,5940.0,-2956.64,287.57
4279,571,노스렌드,66,줄드락,드락소트라,상위지역 좌표경계 대체,66,몬스터,118621,28145,잠복꾼 바실리스크,5940.0,-2956.64,287.57
4280,571,노스렌드,66,줄드락,드락아갈,상위지역 좌표경계 대체,66,몬스터,118621,28145,잠복꾼 바실리스크,5940.0,-2956.64,287.57
4281,0,동부 왕국,139,동부 역병지대,아케루스: 칠흑의 요새,상위지역 좌표경계 대체,139,몬스터,92307,8603,청소부구더기,2373.64,-4302.37,77.8021
4282,571,노스렌드,3711,숄라자르 분지,눈사태 언덕,상위지역 좌표경계 대체,3711,몬스터,1974588,28362,반짝이는 흙더미,5822.07,4726.69,-132.864
4283,571,노스렌드,3711,숄라자르 분지,잃어버린 땅,상위지역 좌표경계 대체,3711,몬스터,1974588,28362,반짝이는 흙더미,5822.07,4726.69,-132.864
4284,571,노스렌드,3711,숄라자르 분지,네싱워리 주둔지,상위지역 좌표경계 대체,3711,몬스터,1974588,28362,반짝이는 흙더미,5822.07,4726.69,-132.864
4285,571,노스렌드,3711,숄라자르 분지,바닷길 여울,상위지역 좌표경계 대체,3711,몬스터,1974588,28362,반짝이는 흙더미,5822.07,4726.69,-132.864
4286,571,노스렌드,3711,숄라자르 분지,노즈론의 무덤,상위지역 좌표경계 대체,3711,몬스터,1974588,28362,반짝이는 흙더미,5822.07,4726.69,-132.864
4287,571,노스렌드,3711,숄라자르 분지,카르탁의 요새,상위지역 좌표경계 대체,3711,몬스터,1974588,28362,반짝이는 흙더미,5822.07,4726.69,-132.864
4288,571,노스렌드,3711,숄라자르 분지,번개불꽃 안식처,상위지역 좌표경계 대체,3711,몬스터,1974588,28362,반짝이는 흙더미,5822.07,4726.69,-132.864
4289,571,노스렌드,3711,숄라자르 분지,생명 감시자의 길,상위지역 좌표경계 대체,3711,몬스터,1974588,28362,반짝이는 흙더미,5822.07,4726.69,-132.864
4290,571,노스렌드,3711,숄라자르 분지,강의 심장부,상위지역 좌표경계 대체,3711,몬스터,1974588,28362,반짝이는 흙더미,5822.07,4726.69,-132.864
4291,571,노스렌드,3711,숄라자르 분지,구름몰이 거처,상위지역 좌표경계 대체,3711,몬스터,1974588,28362,반짝이는 흙더미,5822.07,4726.69,-132.864
4292,571,노스렌드,3711,숄라자르 분지,광란의심장 언덕,상위지역 좌표경계 대체,3711,몬스터,1974588,28362,반짝이는 흙더미,5822.07,4726.69,-132.864
4293,571,노스렌드,3711,숄라자르 분지,야생수풀 늪지대,상위지역 좌표경계 대체,3711,몬스터,1974588,28362,반짝이는 흙더미,5822.07,4726.69,-132.864
4294,571,노스렌드,66,줄드락,헤브발로크,상위지역 좌표경계 대체,66,몬스터,118621,28145,잠복꾼 바실리스크,5940.0,-2956.64,287.57
4295,571,노스렌드,3711,숄라자르 분지,갈라진 수정동굴,상위지역 좌표경계 대체,3711,몬스터,1974588,28362,반짝이는 흙더미,5822.07,4726.69,-132.864
4296,571,노스렌드,3711,숄라자르 분지,생명의 피 봉우리,상위지역 좌표경계 대체,3711,몬스터,1974588,28362,반짝이는 흙더미,5822.07,4726.69,-132.864
4297,571,노스렌드,3711,숄라자르 분지,이끼걸음 마을,상위지역 좌표경계 대체,3711,몬스터,1974588,28362,반짝이는 흙더미,5822.07,4726.69,-132.864
4298,609,칠흑의 요새,0,,동부 역병지대: 붉은십자군 초소,상위지역 좌표경계 대체,4298,몬스터,128765,28557,붉은십자군 일꾼,2081.72,-5684.36,100.628
4299,571,노스렌드,66,줄드락,콜라마스,상위지역 좌표경계 대체,66,몬스터,118621,28145,잠복꾼 바실리스크,5940.0,-2956.64,287.57
4300,571,노스렌드,3711,숄라자르 분지,차원문,상위지역 좌표경계 대체,3711,몬스터,1974588,28362,반짝이는 흙더미,5822.07,4726.69,-132.864
4302,571,노스렌드,3711,숄라자르 분지,하늘길 봉우리,상위지역 좌표경계 대체,3711,몬스터,1974588,28362,반짝이는 흙더미,5822.07,4726.69,-132.864
4303,571,노스렌드,3711,숄라자르 분지,바위돌기고릴라 폐허,상위지역 좌표경계 대체,3711,몬스터,1974588,28362,반짝이는 흙더미,5822.07,4726.69,-132.864
4304,571,노스렌드,3711,숄라자르 분지,사파이어 부화장,상위지역 좌표경계 대체,3711,몬스터,1974588,28362,반짝이는 흙더미,5822.07,4726.69,-132.864
4306,571,노스렌드,3711,숄라자르 분지,안개속삭임 야영지,상위지역 좌표경계 대체,3711,몬스터,1974588,28362,반짝이는 흙더미,5822.07,4726.69,-132.864
4307,571,노스렌드,3711,숄라자르 분지,미명의 봉우리,상위지역 좌표경계 대체,3711,몬스터,1974588,28362,반짝이는 흙더미,5822.07,4726.69,-132.864
4308,571,노스렌드,3711,숄라자르 분지,작살사냥꾼 야영지,상위지역 좌표경계 대체,3711,몬스터,1974588,28362,반짝이는 흙더미,5822.07,4726.69,-132.864
4309,571,노스렌드,66,줄드락,드락타론 성채,상위지역 좌표경계 대체,66,몬스터,118621,28145,잠복꾼 바실리스크,5940.0,-2956.64,287.57
4310,571,노스렌드,66,줄드락,제라마스,상위지역 좌표경계 대체,66,몬스터,118621,28145,잠복꾼 바실리스크,5940.0,-2956.64,287.57
4311,571,노스렌드,66,줄드락,고뇌의 성물함,상위지역 좌표경계 대체,66,몬스터,118621,28145,잠복꾼 바실리스크,5940.0,-2956.64,287.57
4312,571,노스렌드,66,줄드락,칠흑의 감시초소,상위지역 좌표경계 대체,66,몬스터,118621,28145,잠복꾼 바실리스크,5940.0,-2956.64,287.57
4313,571,노스렌드,66,줄드락,스림의 최후,상위지역 좌표경계 대체,66,몬스터,118621,28145,잠복꾼 바실리스크,5940.0,-2956.64,287.57
4314,571,노스렌드,66,줄드락,볼타루스,상위지역 좌표경계 대체,66,몬스터,118621,28145,잠복꾼 바실리스크,5940.0,-2956.64,287.57
4315,571,노스렌드,66,줄드락,고통의 성물함,상위지역 좌표경계 대체,66,몬스터,118621,28145,잠복꾼 바실리스크,5940.0,-2956.64,287.57
4316,571,노스렌드,66,줄드락,성난발톱 소굴,상위지역 좌표경계 대체,66,몬스터,118621,28145,잠복꾼 바실리스크,5940.0,-2956.64,287.57
4317,571,노스렌드,66,줄드락,빛의 틈,상위지역 좌표경계 대체,66,몬스터,118621,28145,잠복꾼 바실리스크,5940.0,-2956.64,287.57
4318,571,노스렌드,66,줄드락,자진의 웅덩이,상위지역 좌표경계 대체,66,몬스터,118621,28145,잠복꾼 바실리스크,5940.0,-2956.64,287.57
4319,571,노스렌드,66,줄드락,짐아브와,상위지역 좌표경계 대체,66,몬스터,118621,28145,잠복꾼 바실리스크,5940.0,-2956.64,287.57
4320,571,노스렌드,66,줄드락,고뇌의 투기장,상위지역 좌표경계 대체,66,몬스터,118621,28145,잠복꾼 바실리스크,5940.0,-2956.64,287.57
4321,571,노스렌드,66,줄드락,루노크의 제단,상위지역 좌표경계 대체,66,몬스터,118621,28145,잠복꾼 바실리스크,5940.0,-2956.64,287.57
4322,571,노스렌드,66,줄드락,하르코아의 제단,상위지역 좌표경계 대체,66,몬스터,118621,28145,잠복꾼 바실리스크,5940.0,-2956.64,287.57
4323,571,노스렌드,66,줄드락,짐토르가,상위지역 좌표경계 대체,66,몬스터,118621,28145,잠복꾼 바실리스크,5940.0,-2956.64,287.57
4324,571,노스렌드,66,줄드락,진알라이의 웅덩이,상위지역 좌표경계 대체,66,몬스터,118621,28145,잠복꾼 바실리스크,5940.0,-2956.64,287.57
4325,571,노스렌드,66,줄드락,쿠에츠룬의 제단,상위지역 좌표경계 대체,66,몬스터,118621,28145,잠복꾼 바실리스크,5940.0,-2956.64,287.57
4326,571,노스렌드,66,줄드락,헤브드라카,상위지역 좌표경계 대체,66,몬스터,118621,28145,잠복꾼 바실리스크,5940.0,-2956.64,287.57
4327,571,노스렌드,66,줄드락,드락마브와,상위지역 좌표경계 대체,66,몬스터,118621,28145,잠복꾼 바실리스크,5940.0,-2956.64,287.57
4328,571,노스렌드,66,줄드락,짐루크,상위지역 좌표경계 대체,66,몬스터,118621,28145,잠복꾼 바실리스크,5940.0,-2956.64,287.57
4329,571,노스렌드,66,줄드락,맘토스의 제단,상위지역 좌표경계 대체,66,몬스터,118621,28145,잠복꾼 바실리스크,5940.0,-2956.64,287.57
4342,609,칠흑의 요새,4298,동부 역병지대: 붉은십자군 초소,아케루스: 칠흑의 요새,상위지역 좌표경계 대체,4298,몬스터,128765,28557,붉은십자군 일꾼,2081.72,-5684.36,100.628
4343,609,칠흑의 요새,4298,동부 역병지대: 붉은십자군 초소,신 아발론,상위지역 좌표경계 대체,4298,몬스터,128765,28557,붉은십자군 일꾼,2081.72,-5684.36,100.628
4344,609,칠흑의 요새,4298,동부 역병지대: 붉은십자군 초소,신 아발론 농장,상위지역 좌표경계 대체,4298,몬스터,128765,28557,붉은십자군 일꾼,2081.72,-5684.36,100.628
4345,609,칠흑의 요새,4298,동부 역병지대: 붉은십자군 초소,신 아발론 과수원,상위지역 좌표경계 대체,4298,몬스터,128765,28557,붉은십자군 일꾼,2081.72,-5684.36,100.628
4346,609,칠흑의 요새,4298,동부 역병지대: 붉은십자군 초소,신 아발론 마을회관,상위지역 좌표경계 대체,4298,몬스터,128765,28557,붉은십자군 일꾼,2081.72,-5684.36,100.628
4347,609,칠흑의 요새,4298,동부 역병지대: 붉은십자군 초소,헤이븐샤이어,상위지역 좌표경계 대체,4298,몬스터,128765,28557,붉은십자군 일꾼,2081.72,-5684.36,100.628
4348,609,칠흑의 요새,4298,동부 역병지대: 붉은십자군 초소,헤이븐샤이어 농장,상위지역 좌표경계 대체,4298,몬스터,128765,28557,붉은십자군 일꾼,2081.72,-5684.36,100.628
4349,609,칠흑의 요새,4298,동부 역병지대: 붉은십자군 초소,헤이븐샤이어 제재소,상위지역 좌표경계 대체,4298,몬스터,128765,28557,붉은십자군 일꾼,2081.72,-5684.36,100.628
4350,609,칠흑의 요새,4298,동부 역병지대: 붉은십자군 초소,헤이븐샤이어 마구간,상위지역 좌표경계 대체,4298,몬스터,128765,28557,붉은십자군 일꾼,2081.72,-5684.36,100.628
4351,609,칠흑의 요새,4298,동부 역병지대: 붉은십자군 초소,붉은십자군 요새,상위지역 좌표경계 대체,4298,몬스터,128765,28557,붉은십자군 일꾼,2081.72,-5684.36,100.628
4352,609,칠흑의 요새,4298,동부 역병지대: 붉은십자군 초소,진홍불꽃의 예배당,상위지역 좌표경계 대체,4298,몬스터,128765,28557,붉은십자군 일꾼,2081.72,-5684.36,100.628
4353,609,칠흑의 요새,4298,동부 역병지대: 붉은십자군 초소,빛의 거점탑,상위지역 좌표경계 대체,4298,몬스터,128765,28557,붉은십자군 일꾼,2081.72,-5684.36,100.628
4354,609,칠흑의 요새,4298,동부 역병지대: 붉은십자군 초소,빛의 거점,상위지역 좌표경계 대체,4298,몬스터,128765,28557,붉은십자군 일꾼,2081.72,-5684.36,100.628
4355,609,칠흑의 요새,4298,동부 역병지대: 붉은십자군 초소,기념 납골당,상위지역 좌표경계 대체,4298,몬스터,128765,28557,붉은십자군 일꾼,2081.72,-5684.36,100.628
4356,609,칠흑의 요새,4298,동부 역병지대: 붉은십자군 초소,죽음의 틈,상위지역 좌표경계 대체,4298,몬스터,128765,28557,붉은십자군 일꾼,2081.72,-5684.36,100.628
4357,609,칠흑의 요새,4298,동부 역병지대: 붉은십자군 초소,맹독의 숲,상위지역 좌표경계 대체,4298,몬스터,128765,28557,붉은십자군 일꾼,2081.72,-5684.36,100.628
4358,609,칠흑의 요새,4298,동부 역병지대: 붉은십자군 초소,티르의 손 수도원,상위지역 좌표경계 대체,4298,몬스터,128765,28557,붉은십자군 일꾼,2081.72,-5684.36,100.628
4359,609,칠흑의 요새,4298,동부 역병지대: 붉은십자군 초소,왕의 항구,상위지역 좌표경계 대체,4298,몬스터,128765,28557,붉은십자군 일꾼,2081.72,-5684.36,100.628
4360,609,칠흑의 요새,4298,동부 역병지대: 붉은십자군 초소,붉은십자군 전망대,상위지역 좌표경계 대체,4298,몬스터,128765,28557,붉은십자군 일꾼,2081.72,-5684.36,100.628
4361,609,칠흑의 요새,4298,동부 역병지대: 붉은십자군 초소,희망의 빛 예배당,상위지역 좌표경계 대체,4298,몬스터,128765,28557,붉은십자군 일꾼,2081.72,-5684.36,100.628
4362,609,칠흑의 요새,4298,동부 역병지대: 붉은십자군 초소,불신자의 만용호,상위지역 좌표경계 대체,4298,몬스터,128765,28557,붉은십자군 일꾼,2081.72,-5684.36,100.628
4363,609,칠흑의 요새,4298,동부 역병지대: 붉은십자군 초소,전염의 흉터,상위지역 좌표경계 대체,4298,몬스터,128765,28557,붉은십자군 일꾼,2081.72,-5684.36,100.628
4364,609,칠흑의 요새,4298,동부 역병지대: 붉은십자군 초소,브라우만 밀농장,상위지역 좌표경계 대체,4298,몬스터,128765,28557,붉은십자군 일꾼,2081.72,-5684.36,100.628
4365,609,칠흑의 요새,4298,동부 역병지대: 붉은십자군 초소,헤이븐샤이어 광산,상위지역 좌표경계 대체,4298,몬스터,128765,28557,붉은십자군 일꾼,2081.72,-5684.36,100.628
4366,571,노스렌드,394,회색 구릉지,우르속의 동굴,상위지역 zoneId 대체,394,NPC,117222,26335,쓰러진 토석인 전사,4706.64,-4453.71,195.048
4367,571,노스렌드,3711,숄라자르 분지,파멸의 역병지,상위지역 좌표경계 대체,3711,몬스터,1974588,28362,반짝이는 흙더미,5822.07,4726.69,-132.864
4368,571,노스렌드,3711,숄라자르 분지,뼈의 언덕,상위지역 좌표경계 대체,3711,몬스터,1974588,28362,반짝이는 흙더미,5822.07,4726.69,-132.864
4369,571,노스렌드,3711,숄라자르 분지,도리안의 전초기지,상위지역 좌표경계 대체,3711,몬스터,1974588,28362,반짝이는 흙더미,5822.07,4726.69,-132.864
4371,571,노스렌드,66,줄드락,맘토스 분화구,상위지역 좌표경계 대체,66,몬스터,118621,28145,잠복꾼 바실리스크,5940.0,-2956.64,287.57
4372,571,노스렌드,66,줄드락,졸마즈 요새,상위지역 좌표경계 대체,66,몬스터,118621,28145,잠복꾼 바실리스크,5940.0,-2956.64,287.57
4373,571,노스렌드,66,줄드락,졸헤브,상위지역 좌표경계 대체,66,몬스터,118621,28145,잠복꾼 바실리스크,5940.0,-2956.64,287.57
4374,571,노스렌드,66,줄드락,성난발톱 호수,상위지역 좌표경계 대체,66,몬스터,118621,28145,잠복꾼 바실리스크,5940.0,-2956.64,287.57
4375,571,노스렌드,66,줄드락,군드락,상위지역 좌표경계 대체,66,몬스터,118621,28145,잠복꾼 바실리스크,5940.0,-2956.64,287.57
4376,571,노스렌드,3711,숄라자르 분지,야만의 숲,상위지역 좌표경계 대체,3711,몬스터,1974588,28362,반짝이는 흙더미,5822.07,4726.69,-132.864
4377,609,칠흑의 요새,4298,동부 역병지대: 붉은십자군 초소,신 아발론 대장간,상위지역 좌표경계 대체,4298,몬스터,128765,28557,붉은십자군 일꾼,2081.72,-5684.36,100.628
4379,571,노스렌드,495,울부짖는 협만,발가드,상위지역 zoneId 대체,495,몬스터,52854,24440,샬레르브론 가고일,2159.51,-3194.06,143.911
4380,571,노스렌드,495,울부짖는 협만,서부경비대 여관,상위지역 zoneId 대체,495,몬스터,52854,24440,샬레르브론 가고일,2159.51,-3194.06,143.911
4381,1,칼림도어,490,운고로 분화구,차원문,상위지역 좌표경계 대체,490,몬스터,24430,9376,불바람,-7183.41,-1294.81,-183.114
4382,1,칼림도어,490,운고로 분화구,구체자의 정원,상위지역 좌표경계 대체,490,몬스터,24430,9376,불바람,-7183.41,-1294.81,-183.114
4383,571,노스렌드,3711,숄라자르 분지,호반의 착륙장,상위지역 좌표경계 대체,3711,몬스터,1974588,28362,반짝이는 흙더미,5822.07,4726.69,-132.864
4385,571,노스렌드,3711,숄라자르 분지,거센물결 호수,상위지역 좌표경계 대체,3711,몬스터,1974588,28362,반짝이는 흙더미,5822.07,4726.69,-132.864
4386,571,노스렌드,3711,숄라자르 분지,구름몰이 여울목,상위지역 좌표경계 대체,3711,몬스터,1974588,28362,반짝이는 흙더미,5822.07,4726.69,-132.864
4387,571,노스렌드,3711,숄라자르 분지,광란의심장 강,상위지역 좌표경계 대체,3711,몬스터,1974588,28362,반짝이는 흙더미,5822.07,4726.69,-132.864
4388,571,노스렌드,3711,숄라자르 분지,겨울손아귀 강,상위지역 좌표경계 대체,3711,몬스터,1974588,28362,반짝이는 흙더미,5822.07,4726.69,-132.864
4389,571,노스렌드,3711,숄라자르 분지,해마루 봉우리,상위지역 좌표경계 대체,3711,몬스터,1974588,28362,반짝이는 흙더미,5822.07,4726.69,-132.864
4390,571,노스렌드,66,줄드락,얼어붙은 틈,상위지역 좌표경계 대체,66,몬스터,118621,28145,잠복꾼 바실리스크,5940.0,-2956.64,287.57
4391,571,노스렌드,3711,숄라자르 분지,스윈들그린의 채굴현장,상위지역 좌표경계 대체,3711,몬스터,1974588,28362,반짝이는 흙더미,5822.07,4726.69,-132.864
4392,571,노스렌드,3711,숄라자르 분지,폭풍전령 바위,상위지역 좌표경계 대체,3711,몬스터,1974588,28362,반짝이는 흙더미,5822.07,4726.69,-132.864
4393,571,노스렌드,3711,숄라자르 분지,죽음의 손 야영지,상위지역 좌표경계 대체,3711,몬스터,1974588,28362,반짝이는 흙더미,5822.07,4726.69,-132.864
4394,609,칠흑의 요새,4298,동부 역병지대: 붉은십자군 초소,붉은십자군 선술집,상위지역 좌표경계 대체,4298,몬스터,128765,28557,붉은십자군 일꾼,2081.72,-5684.36,100.628
4395,571,노스렌드,0,,달라란,좌표 없음,,,,,,,,
4396,571,노스렌드,65,용의 안식처,녹주둥이 전초기지,상위지역 zoneId 대체,65,몬스터,502,26280,용의 안식처 마법사 사냥꾼,3373.64,2584.31,42.1588
4399,571,노스렌드,3537,북풍의 땅,파샤이어 광산,상위지역 zoneId 대체,3537,몬스터,1107,26093,낙사나르 대상,3739.39,3567.09,374.341
4400,571,노스렌드,3711,숄라자르 분지,이끼빛 봉우리,상위지역 좌표경계 대체,3711,몬스터,1974588,28362,반짝이는 흙더미,5822.07,4726.69,-132.864
4401,571,노스렌드,3537,북풍의 땅,사라고사의 영지,상위지역 zoneId 대체,3537,몬스터,1107,26093,낙사나르 대상,3739.39,3567.09,374.341
4402,571,노스렌드,495,울부짖는 협만,복수의 승강장,상위지역 zoneId 대체,495,몬스터,52854,24440,샬레르브론 가고일,2159.51,-3194.06,143.911
4403,571,노스렌드,495,울부짖는 협만,베일야르 감시초소,상위지역 zoneId 대체,495,몬스터,52854,24440,샬레르브론 가고일,2159.51,-3194.06,143.911
4404,571,노스렌드,495,울부짖는 협만,신 아가만드 여관,상위지역 zoneId 대체,495,몬스터,52854,24440,샬레르브론 가고일,2159.51,-3194.06,143.911
4411,0,동부 왕국,1519,스톰윈드,스톰윈드 항구,상위지역 좌표경계 대체,1519,몬스터,23427,7386,하얀집고양이,-8632.05,921.279,99.483
4412,571,노스렌드,3711,숄라자르 분지,창조주의 전망대,상위지역 좌표경계 대체,3711,몬스터,1974588,28362,반짝이는 흙더미,5822.07,4726.69,-132.864
4413,571,노스렌드,3711,숄라자르 분지,창조주의 감시대,상위지역 좌표경계 대체,3711,몬스터,1974588,28362,반짝이는 흙더미,5822.07,4726.69,-132.864
4414,571,노스렌드,65,용의 안식처,붉은십자군 경비탑,상위지역 zoneId 대체,65,몬스터,502,26280,용의 안식처 마법사 사냥꾼,3373.64,2584.31,42.1588
4417,571,노스렌드,210,얼음왕관,붉은돌격대 항구,상위지역 zoneId 대체,210,몬스터,140200,31159,밸로크,6408.76,1725.81,508.601
4418,571,노스렌드,67,폭풍우 봉우리,K3,상위지역 zoneId 대체,67,몬스터,39203,32491,잃어버린 시간의 원시비룡,6748.21,-1664.31,919.312
4419,571,노스렌드,67,폭풍우 봉우리,설맹의 언덕,상위지역 zoneId 대체,67,몬스터,39203,32491,잃어버린 시간의 원시비룡,6748.21,-1664.31,919.312
4420,571,노스렌드,67,폭풍우 봉우리,설맹의 언덕 길목,상위지역 zoneId 대체,67,몬스터,39203,32491,잃어버린 시간의 원시비룡,6748.21,-1664.31,919.312
4421,571,노스렌드,67,폭풍우 봉우리,가름,상위지역 zoneId 대체,67,몬스터,39203,32491,잃어버린 시간의 원시비룡,6748.21,-1664.31,919.312
4422,571,노스렌드,67,폭풍우 봉우리,브룬힐다르 마을,상위지역 zoneId 대체,67,몬스터,39203,32491,잃어버린 시간의 원시비룡,6748.21,-1664.31,919.312
4423,571,노스렌드,67,폭풍우 봉우리,시프렐다르 마을,상위지역 zoneId 대체,67,몬스터,39203,32491,잃어버린 시간의 원시비룡,6748.21,-1664.31,919.312
4424,571,노스렌드,67,폭풍우 봉우리,발키리온,상위지역 zoneId 대체,67,몬스터,39203,32491,잃어버린 시간의 원시비룡,6748.21,-1664.31,919.312
4425,571,노스렌드,67,폭풍우 봉우리,쓸쓸한 광산,상위지역 zoneId 대체,67,몬스터,39203,32491,잃어버린 시간의 원시비룡,6748.21,-1664.31,919.312
4426,571,노스렌드,67,폭풍우 봉우리,보르의 숨결 강,상위지역 zoneId 대체,67,몬스터,39203,32491,잃어버린 시간의 원시비룡,6748.21,-1664.31,919.312
4427,571,노스렌드,67,폭풍우 봉우리,은빛십자군 선봉기지,상위지역 zoneId 대체,67,몬스터,39203,32491,잃어버린 시간의 원시비룡,6748.21,-1664.31,919.312
4428,571,노스렌드,67,폭풍우 봉우리,서리요새,상위지역 zoneId 대체,67,몬스터,39203,32491,잃어버린 시간의 원시비룡,6748.21,-1664.31,919.312
4429,571,노스렌드,67,폭풍우 봉우리,그롬아쉬 추락 지점,상위지역 zoneId 대체,67,몬스터,39203,32491,잃어버린 시간의 원시비룡,6748.21,-1664.31,919.312
4430,571,노스렌드,67,폭풍우 봉우리,폭풍의 신전,상위지역 zoneId 대체,67,몬스터,39203,32491,잃어버린 시간의 원시비룡,6748.21,-1664.31,919.312
4431,571,노스렌드,67,폭풍우 봉우리,창조주의 기계,상위지역 zoneId 대체,67,몬스터,39203,32491,잃어버린 시간의 원시비룡,6748.21,-1664.31,919.312
4432,571,노스렌드,67,폭풍우 봉우리,눈봉우리 분지,상위지역 zoneId 대체,67,몬스터,39203,32491,잃어버린 시간의 원시비룡,6748.21,-1664.31,919.312
4433,571,노스렌드,67,폭풍우 봉우리,용돌기 봉우리,상위지역 zoneId 대체,67,몬스터,39203,32491,잃어버린 시간의 원시비룡,6748.21,-1664.31,919.312
4434,571,노스렌드,67,폭풍우 봉우리,니다벨리르,상위지역 zoneId 대체,67,몬스터,39203,32491,잃어버린 시간의 원시비룡,6748.21,-1664.31,919.312
4435,571,노스렌드,67,폭풍우 봉우리,나르비르의 요람,상위지역 zoneId 대체,67,몬스터,39203,32491,잃어버린 시간의 원시비룡,6748.21,-1664.31,919.312
4436,571,노스렌드,67,폭풍우 봉우리,눈더미 평원,상위지역 zoneId 대체,67,몬스터,39203,32491,잃어버린 시간의 원시비룡,6748.21,-1664.31,919.312
4437,571,노스렌드,67,폭풍우 봉우리,고대의 겨울 계곡,상위지역 zoneId 대체,67,몬스터,39203,32491,잃어버린 시간의 원시비룡,6748.21,-1664.31,919.312
4438,571,노스렌드,67,폭풍우 봉우리,던 니펠렘,상위지역 zoneId 대체,67,몬스터,39203,32491,잃어버린 시간의 원시비룡,6748.21,-1664.31,919.312
4439,571,노스렌드,67,폭풍우 봉우리,서리평원 호수,상위지역 zoneId 대체,67,몬스터,39203,32491,잃어버린 시간의 원시비룡,6748.21,-1664.31,919.312
4440,571,노스렌드,67,폭풍우 봉우리,천둥 골짜기,상위지역 zoneId 대체,67,몬스터,39203,32491,잃어버린 시간의 원시비룡,6748.21,-1664.31,919.312
4441,571,노스렌드,67,폭풍우 봉우리,툰카로 야영지,상위지역 zoneId 대체,67,몬스터,39203,32491,잃어버린 시간의 원시비룡,6748.21,-1664.31,919.312
4442,571,노스렌드,67,폭풍우 봉우리,브란의 기지,상위지역 zoneId 대체,67,몬스터,39203,32491,잃어버린 시간의 원시비룡,6748.21,-1664.31,919.312
4443,571,노스렌드,67,폭풍우 봉우리,메아리 관문,상위지역 zoneId 대체,67,몬스터,39203,32491,잃어버린 시간의 원시비룡,6748.21,-1664.31,919.312
4444,571,노스렌드,67,폭풍우 봉우리,메아리 평원,상위지역 zoneId 대체,67,몬스터,39203,32491,잃어버린 시간의 원시비룡,6748.21,-1664.31,919.312
4445,571,노스렌드,67,폭풍우 봉우리,울두아르,상위지역 zoneId 대체,67,몬스터,39203,32491,잃어버린 시간의 원시비룡,6748.21,-1664.31,919.312
4446,571,노스렌드,67,폭풍우 봉우리,창조주의 거처,상위지역 zoneId 대체,67,몬스터,39203,32491,잃어버린 시간의 원시비룡,6748.21,-1664.31,919.312
4447,571,노스렌드,67,폭풍우 봉우리,번개의 관문,상위지역 zoneId 대체,67,몬스터,39203,32491,잃어버린 시간의 원시비룡,6748.21,-1664.31,919.312
4448,571,노스렌드,67,폭풍우 봉우리,티탄의 길,상위지역 zoneId 대체,67,몬스터,39203,32491,잃어버린 시간의 원시비룡,6748.21,-1664.31,919.312
4449,571,노스렌드,67,폭풍우 봉우리,울디스,상위지역 zoneId 대체,67,몬스터,39203,32491,잃어버린 시간의 원시비룡,6748.21,-1664.31,919.312
4450,571,노스렌드,67,폭풍우 봉우리,로켄의 거래물,상위지역 zoneId 대체,67,몬스터,39203,32491,잃어버린 시간의 원시비룡,6748.21,-1664.31,919.312
4451,571,노스렌드,67,폭풍우 봉우리,보르의 폭포,상위지역 zoneId 대체,67,몬스터,39203,32491,잃어버린 시간의 원시비룡,6748.21,-1664.31,919.312
4452,571,노스렌드,67,폭풍우 봉우리,보르의 숨결,상위지역 zoneId 대체,67,몬스터,39203,32491,잃어버린 시간의 원시비룡,6748.21,-1664.31,919.312
4453,571,노스렌드,67,폭풍우 봉우리,로헴달 고개,상위지역 zoneId 대체,67,몬스터,39203,32491,잃어버린 시간의 원시비룡,6748.21,-1664.31,919.312
4454,571,노스렌드,67,폭풍우 봉우리,폭풍 주조소,상위지역 zoneId 대체,67,몬스터,39203,32491,잃어버린 시간의 원시비룡,6748.21,-1664.31,919.312
4455,571,노스렌드,67,폭풍우 봉우리,겨울 동굴,상위지역 zoneId 대체,67,몬스터,39203,32491,잃어버린 시간의 원시비룡,6748.21,-1664.31,919.312
4456,571,노스렌드,394,회색 구릉지,볼드룬 주거지,상위지역 zoneId 대체,394,NPC,117222,26335,쓰러진 토석인 전사,4706.64,-4453.71,195.048
4457,571,노스렌드,67,폭풍우 봉우리,토르섹의 쉼터,상위지역 zoneId 대체,67,몬스터,39203,32491,잃어버린 시간의 원시비룡,6748.21,-1664.31,919.312
4458,571,노스렌드,67,폭풍우 봉우리,스파크소켓의 지뢰밭,상위지역 zoneId 대체,67,몬스터,39203,32491,잃어버린 시간의 원시비룡,6748.21,-1664.31,919.312
4459,571,노스렌드,67,폭풍우 봉우리,리켓의 로켓 썰매,상위지역 zoneId 대체,67,몬스터,39203,32491,잃어버린 시간의 원시비룡,6748.21,-1664.31,919.312
4460,571,노스렌드,67,폭풍우 봉우리,가름의 파멸,상위지역 zoneId 대체,67,몬스터,39203,32491,잃어버린 시간의 원시비룡,6748.21,-1664.31,919.312
4461,571,노스렌드,67,폭풍우 봉우리,가름의 마루,상위지역 zoneId 대체,67,몬스터,39203,32491,잃어버린 시간의 원시비룡,6748.21,-1664.31,919.312
4462,571,노스렌드,67,폭풍우 봉우리,수정그물 동굴,상위지역 zoneId 대체,67,몬스터,39203,32491,잃어버린 시간의 원시비룡,6748.21,-1664.31,919.312
4463,571,노스렌드,67,폭풍우 봉우리,생명의 신전,상위지역 zoneId 대체,67,몬스터,39203,32491,잃어버린 시간의 원시비룡,6748.21,-1664.31,919.312
4464,571,노스렌드,67,폭풍우 봉우리,질서의 신전,상위지역 zoneId 대체,67,몬스터,39203,32491,잃어버린 시간의 원시비룡,6748.21,-1664.31,919.312
4465,571,노스렌드,67,폭풍우 봉우리,겨울의 신전,상위지역 zoneId 대체,67,몬스터,39203,32491,잃어버린 시간의 원시비룡,6748.21,-1664.31,919.312
4466,571,노스렌드,67,폭풍우 봉우리,발명의 신전,상위지역 zoneId 대체,67,몬스터,39203,32491,잃어버린 시간의 원시비룡,6748.21,-1664.31,919.312
4467,571,노스렌드,210,얼음왕관,죽음의 마루,상위지역 zoneId 대체,210,몬스터,140200,31159,밸로크,6408.76,1725.81,508.601
4468,571,노스렌드,66,줄드락,죽음의 들판,상위지역 좌표경계 대체,66,몬스터,118621,28145,잠복꾼 바실리스크,5940.0,-2956.64,287.57
4469,571,노스렌드,66,줄드락,다르가스의 최후,상위지역 좌표경계 대체,66,몬스터,118621,28145,잠복꾼 바실리스크,5940.0,-2956.64,287.57
4470,571,노스렌드,210,얼음왕관,숨겨진 동굴,상위지역 zoneId 대체,210,몬스터,140200,31159,밸로크,6408.76,1725.81,508.601
4472,571,노스렌드,67,폭풍우 봉우리,서리손아귀 동굴,상위지역 zoneId 대체,67,몬스터,39203,32491,잃어버린 시간의 원시비룡,6748.21,-1664.31,919.312
4473,571,노스렌드,67,폭풍우 봉우리,얼어붙은 무덤,상위지역 zoneId 대체,67,몬스터,39203,32491,잃어버린 시간의 원시비룡,6748.21,-1664.31,919.312
4474,571,노스렌드,495,울부짖는 협만,쌍둥이 해안,상위지역 zoneId 대체,495,몬스터,52854,24440,샬레르브론 가고일,2159.51,-3194.06,143.911
4475,571,노스렌드,394,회색 구릉지,짐보의 은신처,상위지역 zoneId 대체,394,NPC,117222,26335,쓰러진 토석인 전사,4706.64,-4453.71,195.048
4476,571,노스렌드,67,폭풍우 봉우리,버려진 야영지,상위지역 zoneId 대체,67,몬스터,39203,32491,잃어버린 시간의 원시비룡,6748.21,-1664.31,919.312
4477,571,노스렌드,210,얼음왕관,어둠의 무기고,상위지역 zoneId 대체,210,몬스터,140200,31159,밸로크,6408.76,1725.81,508.601
4478,571,노스렌드,65,용의 안식처,눈바람 고개,상위지역 zoneId 대체,65,몬스터,502,26280,용의 안식처 마법사 사냥꾼,3373.64,2584.31,42.1588
4479,571,노스렌드,495,울부짖는 협만,겨울의 숨결 호수,상위지역 zoneId 대체,495,몬스터,52854,24440,샬레르브론 가고일,2159.51,-3194.06,143.911
4480,571,노스렌드,394,회색 구릉지,잊혀진 전망대,상위지역 zoneId 대체,394,NPC,117222,26335,쓰러진 토석인 전사,4706.64,-4453.71,195.048
4481,571,노스렌드,66,줄드락,진타칼라르 통로,상위지역 좌표경계 대체,66,몬스터,118621,28145,잠복꾼 바실리스크,5940.0,-2956.64,287.57
4482,571,노스렌드,394,회색 구릉지,아리가 교각,상위지역 zoneId 대체,394,NPC,117222,26335,쓰러진 토석인 전사,4706.64,-4453.71,195.048
4483,571,노스렌드,3711,숄라자르 분지,잃어버린 통로,상위지역 좌표경계 대체,3711,몬스터,1974588,28362,반짝이는 흙더미,5822.07,4726.69,-132.864
4484,571,노스렌드,67,폭풍우 봉우리,바울더크랙의 은거처,상위지역 zoneId 대체,67,몬스터,39203,32491,잃어버린 시간의 원시비룡,6748.21,-1664.31,919.312
4485,571,노스렌드,67,폭풍우 봉우리,발명가의 도서관,상위지역 zoneId 대체,67,몬스터,39203,32491,잃어버린 시간의 원시비룡,6748.21,-1664.31,919.312
4486,571,노스렌드,67,폭풍우 봉우리,얼어붙은 광산,상위지역 zoneId 대체,67,몬스터,39203,32491,잃어버린 시간의 원시비룡,6748.21,-1664.31,919.312
4487,571,노스렌드,67,폭풍우 봉우리,거대한 유빙,상위지역 zoneId 대체,67,몬스터,39203,32491,잃어버린 시간의 원시비룡,6748.21,-1664.31,919.312
4488,571,노스렌드,67,폭풍우 봉우리,울부짖는 동굴,상위지역 zoneId 대체,67,몬스터,39203,32491,잃어버린 시간의 원시비룡,6748.21,-1664.31,919.312
4489,571,노스렌드,66,줄드락,십자군 전진기지,상위지역 좌표경계 대체,66,몬스터,118621,28145,잠복꾼 바실리스크,5940.0,-2956.64,287.57
4490,571,노스렌드,67,폭풍우 봉우리,폭풍마루,상위지역 zoneId 대체,67,몬스터,39203,32491,잃어버린 시간의 원시비룡,6748.21,-1664.31,919.312
4491,571,노스렌드,394,회색 구릉지,본스냅 야영지,상위지역 zoneId 대체,394,NPC,117222,26335,쓰러진 토석인 전사,4706.64,-4453.71,195.048
4492,571,노스렌드,210,얼음왕관,우프랑의 전당,상위지역 zoneId 대체,210,몬스터,140200,31159,밸로크,6408.76,1725.81,508.601
4495,571,노스렌드,67,폭풍우 봉우리,피요른의 모루,상위지역 zoneId 대체,67,몬스터,39203,32491,잃어버린 시간의 원시비룡,6748.21,-1664.31,919.312
4496,571,노스렌드,210,얼음왕관,요툰하임,상위지역 zoneId 대체,210,몬스터,140200,31159,밸로크,6408.76,1725.81,508.601
4497,571,노스렌드,210,얼음왕관,야만전사의 절벽,상위지역 zoneId 대체,210,몬스터,140200,31159,밸로크,6408.76,1725.81,508.601
4498,571,노스렌드,210,얼음왕관,선조의 전당,상위지역 zoneId 대체,210,몬스터,140200,31159,밸로크,6408.76,1725.81,508.601
4499,571,노스렌드,67,폭풍우 봉우리,파멸의 웅덩이,상위지역 zoneId 대체,67,몬스터,39203,32491,잃어버린 시간의 원시비룡,6748.21,-1664.31,919.312
4501,571,노스렌드,210,얼음왕관,은빛십자군 선봉기지,상위지역 zoneId 대체,210,몬스터,140200,31159,밸로크,6408.76,1725.81,508.601
4502,571,노스렌드,67,폭풍우 봉우리,미미르의 작업장,상위지역 zoneId 대체,67,몬스터,39203,32491,잃어버린 시간의 원시비룡,6748.21,-1664.31,919.312
4503,571,노스렌드,210,얼음왕관,무쇠벽 둑,상위지역 zoneId 대체,210,몬스터,140200,31159,밸로크,6408.76,1725.81,508.601
4504,571,노스렌드,210,얼음왕관,메아리 골짜기,상위지역 zoneId 대체,210,몬스터,140200,31159,밸로크,6408.76,1725.81,508.601
4505,571,노스렌드,210,얼음왕관,거대한 틈,상위지역 zoneId 대체,210,몬스터,140200,31159,밸로크,6408.76,1725.81,508.601
4506,571,노스렌드,210,얼음왕관,스컬지홀름,상위지역 zoneId 대체,210,몬스터,140200,31159,밸로크,6408.76,1725.81,508.601
4507,571,노스렌드,210,얼음왕관,파괴된 싸움터,상위지역 zoneId 대체,210,몬스터,140200,31159,밸로크,6408.76,1725.81,508.601
4508,571,노스렌드,210,얼음왕관,모드레타르: 죽음의 관문,상위지역 zoneId 대체,210,몬스터,140200,31159,밸로크,6408.76,1725.81,508.601
4509,571,노스렌드,210,얼음왕관,폭격지,상위지역 zoneId 대체,210,몬스터,140200,31159,밸로크,6408.76,1725.81,508.601
4510,571,노스렌드,210,얼음왕관,알두르타르: 황폐의 관문,상위지역 zoneId 대체,210,몬스터,140200,31159,밸로크,6408.76,1725.81,508.601
4511,571,노스렌드,210,얼음왕관,하늘파괴자호,상위지역 zoneId 대체,210,몬스터,140200,31159,밸로크,6408.76,1725.81,508.601
4512,571,노스렌드,210,얼음왕관,오그림의 망치호,상위지역 zoneId 대체,210,몬스터,140200,31159,밸로크,6408.76,1725.81,508.601
4513,571,노스렌드,210,얼음왕관,이미르하임,상위지역 zoneId 대체,210,몬스터,140200,31159,밸로크,6408.76,1725.81,508.601
4514,571,노스렌드,210,얼음왕관,사로나이트 광산,상위지역 zoneId 대체,210,몬스터,140200,31159,밸로크,6408.76,1725.81,508.601
4515,571,노스렌드,210,얼음왕관,끝없는 불길,상위지역 zoneId 대체,210,몬스터,140200,31159,밸로크,6408.76,1725.81,508.601
4516,571,노스렌드,210,얼음왕관,무쇠벽 성채,상위지역 zoneId 대체,210,몬스터,140200,31159,밸로크,6408.76,1725.81,508.601
4517,571,노스렌드,210,얼음왕관,진흙탕 채석장,상위지역 zoneId 대체,210,몬스터,140200,31159,밸로크,6408.76,1725.81,508.601
4518,571,노스렌드,210,얼음왕관,코프레타르: 공포의 관문,상위지역 zoneId 대체,210,몬스터,140200,31159,밸로크,6408.76,1725.81,508.601
4519,571,노스렌드,210,얼음왕관,해골 광장,상위지역 zoneId 대체,210,몬스터,140200,31159,밸로크,6408.76,1725.81,508.601
4520,571,노스렌드,210,얼음왕관,말리크리스: 타락의 요새,직접 areaId,4520,몬스터,140200,31159,밸로크,6408.76,1725.81,508.601
4521,571,노스렌드,210,얼음왕관,어둠의 대성당,상위지역 zoneId 대체,210,몬스터,140200,31159,밸로크,6408.76,1725.81,508.601
4522,571,노스렌드,210,얼음왕관,얼음왕관 성채,상위지역 zoneId 대체,210,몬스터,140200,31159,밸로크,6408.76,1725.81,508.601
4523,571,노스렌드,210,얼음왕관,얼음왕관 빙하,상위지역 zoneId 대체,210,몬스터,140200,31159,밸로크,6408.76,1725.81,508.601
4524,571,노스렌드,210,얼음왕관,발할라스,상위지역 zoneId 대체,210,몬스터,140200,31159,밸로크,6408.76,1725.81,508.601
4525,571,노스렌드,210,얼음왕관,지하 전당,상위지역 zoneId 대체,210,몬스터,140200,31159,밸로크,6408.76,1725.81,508.601
4526,571,노스렌드,210,얼음왕관,요른다르 마을,상위지역 zoneId 대체,210,몬스터,140200,31159,밸로크,6408.76,1725.81,508.601
4527,571,노스렌드,210,얼음왕관,발라르가드 요새,상위지역 zoneId 대체,210,몬스터,140200,31159,밸로크,6408.76,1725.81,508.601
4528,571,노스렌드,210,얼음왕관,쿨갈라르 성채,상위지역 zoneId 대체,210,몬스터,140200,31159,밸로크,6408.76,1725.81,508.601
4529,571,노스렌드,210,얼음왕관,진홍빛 성당,상위지역 zoneId 대체,210,몬스터,140200,31159,밸로크,6408.76,1725.81,508.601
4530,571,노스렌드,210,얼음왕관,부활의 성소,상위지역 zoneId 대체,210,몬스터,140200,31159,밸로크,6408.76,1725.81,508.601
4531,571,노스렌드,210,얼음왕관,살덩이작업장,상위지역 zoneId 대체,210,몬스터,140200,31159,밸로크,6408.76,1725.81,508.601
4532,571,노스렌드,495,울부짖는 협만,복수의 상륙지 여관,상위지역 zoneId 대체,495,몬스터,52854,24440,샬레르브론 가고일,2159.51,-3194.06,143.911
4533,571,노스렌드,210,얼음왕관,신드라고사의 추락지,상위지역 zoneId 대체,210,몬스터,140200,31159,밸로크,6408.76,1725.81,508.601
4534,571,노스렌드,495,울부짖는 협만,빌더바르 광산,상위지역 zoneId 대체,495,몬스터,52854,24440,샬레르브론 가고일,2159.51,-3194.06,143.911
4535,571,노스렌드,67,폭풍우 봉우리,송곳니 구덩이,상위지역 zoneId 대체,67,몬스터,39203,32491,잃어버린 시간의 원시비룡,6748.21,-1664.31,919.312
4536,571,노스렌드,67,폭풍우 봉우리,서리울음 동굴,상위지역 zoneId 대체,67,몬스터,39203,32491,잃어버린 시간의 원시비룡,6748.21,-1664.31,919.312
4537,571,노스렌드,210,얼음왕관,잃어버린 희망의 계곡,상위지역 zoneId 대체,210,몬스터,140200,31159,밸로크,6408.76,1725.81,508.601
4538,571,노스렌드,4197,겨울손아귀 호수,가라앉은 경기장,상위지역 좌표경계 대체,4197,몬스터,131755,27869,겨울손아귀 감지기,4748.14,2877.06,380.603
4539,571,노스렌드,4197,겨울손아귀 호수,파괴된 신전,상위지역 좌표경계 대체,4197,몬스터,131755,27869,겨울손아귀 감지기,4748.14,2877.06,380.603
4540,571,노스렌드,210,얼음왕관,전사한 영웅의 계곡,상위지역 zoneId 대체,210,몬스터,140200,31159,밸로크,6408.76,1725.81,508.601
4541,571,노스렌드,210,얼음왕관,선봉기지 치료소,상위지역 zoneId 대체,210,몬스터,140200,31159,밸로크,6408.76,1725.81,508.601
4542,571,노스렌드,67,폭풍우 봉우리,구체자의 전당,상위지역 zoneId 대체,67,몬스터,39203,32491,잃어버린 시간의 원시비룡,6748.21,-1664.31,919.312
4543,571,노스렌드,67,폭풍우 봉우리,지혜의 신전,상위지역 zoneId 대체,67,몬스터,39203,32491,잃어버린 시간의 원시비룡,6748.21,-1664.31,919.312
4544,0,동부 왕국,139,동부 역병지대,죽음의 틈,상위지역 좌표경계 대체,139,몬스터,92307,8603,청소부구더기,2373.64,-4302.37,77.8021
4545,0,동부 왕국,139,동부 역병지대,버려진 광산,상위지역 좌표경계 대체,139,몬스터,92307,8603,청소부구더기,2373.64,-4302.37,77.8021
4546,0,동부 왕국,139,동부 역병지대,붉은십자군 폐허,상위지역 좌표경계 대체,139,몬스터,92307,8603,청소부구더기,2373.64,-4302.37,77.8021
4547,571,노스렌드,67,폭풍우 봉우리,돌의 전당,상위지역 zoneId 대체,67,몬스터,39203,32491,잃어버린 시간의 원시비룡,6748.21,-1664.31,919.312
4548,571,노스렌드,67,폭풍우 봉우리,번개의 전당,상위지역 zoneId 대체,67,몬스터,39203,32491,잃어버린 시간의 원시비룡,6748.21,-1664.31,919.312
4549,571,노스렌드,2817,수정노래 숲,거대 고목,상위지역 좌표경계 대체,2817,몬스터,244547,38035,화학약품 수레,5592.71,68.6267,148.611
4550,571,노스렌드,2817,수정노래 숲,황혼의 거울,상위지역 좌표경계 대체,2817,몬스터,244547,38035,화학약품 수레,5592.71,68.6267,148.611
4551,571,노스렌드,2817,수정노래 숲,황혼의 개울,상위지역 좌표경계 대체,2817,몬스터,244547,38035,화학약품 수레,5592.71,68.6267,148.611
4552,571,노스렌드,2817,수정노래 숲,이울어진 물줄기,상위지역 좌표경계 대체,2817,몬스터,244547,38035,화학약품 수레,5592.71,68.6267,148.611
4553,571,노스렌드,2817,수정노래 숲,쓸쓸한 숲,상위지역 좌표경계 대체,2817,몬스터,244547,38035,화학약품 수레,5592.71,68.6267,148.611
4554,571,노스렌드,2817,수정노래 숲,샨다랄 폐허,상위지역 좌표경계 대체,2817,몬스터,244547,38035,화학약품 수레,5592.71,68.6267,148.611
4555,571,노스렌드,2817,수정노래 숲,하늘빛 전초지,상위지역 좌표경계 대체,2817,몬스터,244547,38035,화학약품 수레,5592.71,68.6267,148.611
4556,571,노스렌드,2817,수정노래 숲,보랏빛 단,상위지역 좌표경계 대체,2817,몬스터,244547,38035,화학약품 수레,5592.71,68.6267,148.611
4557,571,노스렌드,2817,수정노래 숲,해방의 숲,상위지역 좌표경계 대체,2817,몬스터,244547,38035,화학약품 수레,5592.71,68.6267,148.611
4558,571,노스렌드,2817,수정노래 숲,선리버 지휘초소,상위지역 좌표경계 대체,2817,몬스터,244547,38035,화학약품 수레,5592.71,68.6267,148.611
4559,571,노스렌드,2817,수정노래 숲,윈드러너 전망대,상위지역 좌표경계 대체,2817,몬스터,244547,38035,화학약품 수레,5592.71,68.6267,148.611
4560,571,노스렌드,4395,달라란,마법의 뒤안길,좌표 없음,,,,,,,,
4564,571,노스렌드,4395,달라란,크라서스 착륙장,좌표 없음,,,,,,,,
4567,571,노스렌드,4395,달라란,보랏빛 요새,좌표 없음,,,,,,,,
4568,571,노스렌드,4395,달라란,어스름 거리,좌표 없음,,,,,,,,
4569,571,노스렌드,4395,달라란,하수도 배출관,좌표 없음,,,,,,,,
4570,571,노스렌드,4395,달라란,의지의 투기장,좌표 없음,,,,,,,,
4575,571,노스렌드,4197,겨울손아귀 호수,겨울손아귀 요새,상위지역 좌표경계 대체,4197,몬스터,131755,27869,겨울손아귀 감지기,4748.14,2877.06,380.603
4576,571,노스렌드,4197,겨울손아귀 호수,중앙 교각,상위지역 좌표경계 대체,4197,몬스터,131755,27869,겨울손아귀 감지기,4748.14,2877.06,380.603
4577,571,노스렌드,4197,겨울손아귀 호수,동부 교각,상위지역 좌표경계 대체,4197,몬스터,131755,27869,겨울손아귀 감지기,4748.14,2877.06,380.603
4578,571,노스렌드,4197,겨울손아귀 호수,서부 교각,상위지역 좌표경계 대체,4197,몬스터,131755,27869,겨울손아귀 감지기,4748.14,2877.06,380.603
4579,571,노스렌드,66,줄드락,두브라진,상위지역 좌표경계 대체,66,몬스터,118621,28145,잠복꾼 바실리스크,5940.0,-2956.64,287.57
4580,571,노스렌드,210,얼음왕관,십자군 봉우리,상위지역 zoneId 대체,210,몬스터,140200,31159,밸로크,6408.76,1725.81,508.601
4581,571,노스렌드,4197,겨울손아귀 호수,불꽃감시 경비탑,상위지역 좌표경계 대체,4197,몬스터,131755,27869,겨울손아귀 감지기,4748.14,2877.06,380.603
4582,571,노스렌드,4197,겨울손아귀 호수,겨울 칼날 경비탑,상위지역 좌표경계 대체,4197,몬스터,131755,27869,겨울손아귀 감지기,4748.14,2877.06,380.603
4583,571,노스렌드,4197,겨울손아귀 호수,그늘눈 경비탑,상위지역 좌표경계 대체,4197,몬스터,131755,27869,겨울손아귀 감지기,4748.14,2877.06,380.603
4584,571,노스렌드,4197,겨울손아귀 호수,불길의 가마솥,상위지역 좌표경계 대체,4197,몬스터,131755,27869,겨울손아귀 감지기,4748.14,2877.06,380.603
4585,571,노스렌드,4197,겨울손아귀 호수,빙하 폭포,상위지역 좌표경계 대체,4197,몬스터,131755,27869,겨울손아귀 감지기,4748.14,2877.06,380.603
4586,571,노스렌드,4197,겨울손아귀 호수,바람 절벽,상위지역 좌표경계 대체,4197,몬스터,131755,27869,겨울손아귀 감지기,4748.14,2877.06,380.603
4587,571,노스렌드,4197,겨울손아귀 호수,그늘진 수풀,상위지역 좌표경계 대체,4197,몬스터,131755,27869,겨울손아귀 감지기,4748.14,2877.06,380.603
4588,571,노스렌드,210,얼음왕관,어둠의 감시초소,상위지역 zoneId 대체,210,몬스터,140200,31159,밸로크,6408.76,1725.81,508.601
4589,571,노스렌드,4197,겨울손아귀 호수,얼어붙은 수렁,상위지역 좌표경계 대체,4197,몬스터,131755,27869,겨울손아귀 감지기,4748.14,2877.06,380.603
4590,571,노스렌드,4197,겨울손아귀 호수,생명의 평원,상위지역 좌표경계 대체,4197,몬스터,131755,27869,겨울손아귀 감지기,4748.14,2877.06,380.603
4591,571,노스렌드,210,얼음왕관,침묵의 망루,상위지역 zoneId 대체,210,몬스터,140200,31159,밸로크,6408.76,1725.81,508.601
4592,571,노스렌드,67,폭풍우 봉우리,기모라크의 동굴,상위지역 zoneId 대체,67,몬스터,39203,32491,잃어버린 시간의 원시비룡,6748.21,-1664.31,919.312
4593,571,노스렌드,210,얼음왕관,악마의 구덩이,상위지역 zoneId 대체,210,몬스터,140200,31159,밸로크,6408.76,1725.81,508.601
4594,571,노스렌드,210,얼음왕관,전투의 흉터 첨탑,상위지역 zoneId 대체,210,몬스터,140200,31159,밸로크,6408.76,1725.81,508.601
4595,571,노스렌드,210,얼음왕관,공포의 전당,상위지역 zoneId 대체,210,몬스터,140200,31159,밸로크,6408.76,1725.81,508.601
4596,571,노스렌드,210,얼음왕관,고통의 투기장,상위지역 zoneId 대체,210,몬스터,140200,31159,밸로크,6408.76,1725.81,508.601
4597,571,노스렌드,210,얼음왕관,고통의 언덕,상위지역 zoneId 대체,210,몬스터,140200,31159,밸로크,6408.76,1725.81,508.601
4598,571,노스렌드,4395,달라란,크라서스 착륙장,좌표 없음,,,,,,,,
4599,571,노스렌드,4395,달라란,하수도 배출관,좌표 없음,,,,,,,,
4601,571,노스렌드,4395,달라란,달라란 섬,좌표 없음,,,,,,,,
4602,571,노스렌드,0,,내부 강제,좌표 없음,,,,,,,,
4611,571,노스렌드,4197,겨울손아귀 호수,서부불꽃 작업장,상위지역 좌표경계 대체,4197,몬스터,131755,27869,겨울손아귀 감지기,4748.14,2877.06,380.603
4612,571,노스렌드,4197,겨울손아귀 호수,동부불꽃 작업장,상위지역 좌표경계 대체,4197,몬스터,131755,27869,겨울손아귀 감지기,4748.14,2877.06,380.603
4613,571,노스렌드,4395,달라란,달라란,좌표 없음,,,,,,,,
4614,571,노스렌드,4395,달라란,보랏빛 성채 첨탑,좌표 없음,,,,,,,,
4615,571,노스렌드,210,얼음왕관,나즈아낙: 망각의 심연,상위지역 zoneId 대체,210,몬스터,140200,31159,밸로크,6408.76,1725.81,508.601
4616,571,노스렌드,4395,달라란,선리버 성소,좌표 없음,,,,,,,,
4617,0,동부 왕국,1497,언더시티,승강기,상위지역 좌표경계 대체,1497,몬스터,38093,5733,연금술사 라이카누스,1543.31,362.002,-62.1596
4618,571,노스렌드,4395,달라란,안토니다스 기념지,좌표 없음,,,,,,,,
4619,571,노스렌드,4395,달라란,보랏빛 성채,좌표 없음,,,,,,,,
4620,571,노스렌드,4395,달라란,마법사 교역소,좌표 없음,,,,,,,,
4621,571,노스렌드,67,폭풍우 봉우리,미사용,상위지역 zoneId 대체,67,몬스터,39203,32491,잃어버린 시간의 원시비룡,6748.21,-1664.31,919.312
4622,571,노스렌드,210,얼음왕관,1군단 전진기지,상위지역 zoneId 대체,210,몬스터,140200,31159,밸로크,6408.76,1725.81,508.601
4629,571,노스렌드,67,폭풍우 봉우리,겨울의 심장,상위지역 zoneId 대체,67,몬스터,39203,32491,잃어버린 시간의 원시비룡,6748.21,-1664.31,919.312
4630,571,노스렌드,0,,북해,좌표 없음,,,,,,,,
4631,571,노스렌드,67,폭풍우 봉우리,여왕 둥지,상위지역 zoneId 대체,67,몬스터,39203,32491,잃어버린 시간의 원시비룡,6748.21,-1664.31,919.312
4632,571,노스렌드,4395,달라란,떠다니는 바위,좌표 없음,,,,,,,,
4635,571,노스렌드,66,줄드락,드락타론 성채,상위지역 좌표경계 대체,66,몬스터,118621,28145,잠복꾼 바실리스크,5940.0,-2956.64,287.57
4636,609,칠흑의 요새,4298,동부 역병지대: 붉은십자군 초소,맹독의 길,상위지역 좌표경계 대체,4298,몬스터,128765,28557,붉은십자군 일꾼,2081.72,-5684.36,100.628
4637,571,노스렌드,4395,달라란,바르고스의 은거지,좌표 없음,,,,,,,,
4638,571,노스렌드,4395,달라란,보랏빛 성채 발코니,좌표 없음,,,,,,,,
4639,571,노스렌드,3537,북풍의 땅,변화의 고리,상위지역 zoneId 대체,3537,몬스터,1107,26093,낙사나르 대상,3739.39,3567.09,374.341
4640,571,노스렌드,3537,북풍의 땅,가속의 고리,상위지역 zoneId 대체,3537,몬스터,1107,26093,낙사나르 대상,3739.39,3567.09,374.341
4641,571,노스렌드,3537,북풍의 땅,변환의 고리,상위지역 zoneId 대체,3537,몬스터,1107,26093,낙사나르 대상,3739.39,3567.09,374.341
4642,571,노스렌드,3537,북풍의 땅,정렬의 고리,상위지역 zoneId 대체,3537,몬스터,1107,26093,낙사나르 대상,3739.39,3567.09,374.341
4646,571,노스렌드,394,회색 구릉지,잿빛나무 호수,상위지역 zoneId 대체,394,NPC,117222,26335,쓰러진 토석인 전사,4706.64,-4453.71,195.048
4658,571,노스렌드,210,얼음왕관,은빛십자군 마상시합 광장,상위지역 zoneId 대체,210,몬스터,140200,31159,밸로크,6408.76,1725.81,508.601
4666,571,노스렌드,210,얼음왕관,선리버 막사,상위지역 zoneId 대체,210,몬스터,140200,31159,밸로크,6408.76,1725.81,508.601
4667,571,노스렌드,210,얼음왕관,은빛 서약단 막사,상위지역 zoneId 대체,210,몬스터,140200,31159,밸로크,6408.76,1725.81,508.601
4668,0,동부 왕국,40,서부 몰락지대,쿠퍼 저택,상위지역 좌표경계 대체,40,몬스터,89789,1109,식인독수리,-10585.1,1310.83,39.6822
4669,571,노스렌드,210,얼음왕관,용사의 투기장,상위지역 zoneId 대체,210,몬스터,140200,31159,밸로크,6408.76,1725.81,508.601
4670,571,노스렌드,210,얼음왕관,지원자의 투기장,상위지역 zoneId 대체,210,몬스터,140200,31159,밸로크,6408.76,1725.81,508.601
4671,571,노스렌드,210,얼음왕관,은빛십자군 용맹전사의 투기장,상위지역 zoneId 대체,210,몬스터,140200,31159,밸로크,6408.76,1725.81,508.601
4672,571,노스렌드,210,얼음왕관,얼라이언스 용맹전사의 투기장,상위지역 zoneId 대체,210,몬스터,140200,31159,밸로크,6408.76,1725.81,508.601
4673,571,노스렌드,210,얼음왕관,호드 용맹전사의 투기장,상위지역 zoneId 대체,210,몬스터,140200,31159,밸로크,6408.76,1725.81,508.601
4674,571,노스렌드,210,얼음왕관,은빛십자군 막사,상위지역 zoneId 대체,210,몬스터,140200,31159,밸로크,6408.76,1725.81,508.601
4676,571,노스렌드,210,얼음왕관,선리버 막사,상위지역 zoneId 대체,210,몬스터,140200,31159,밸로크,6408.76,1725.81,508.601
4677,571,노스렌드,210,얼음왕관,은빛 서약단 막사,상위지역 zoneId 대체,210,몬스터,140200,31159,밸로크,6408.76,1725.81,508.601
4679,0,동부 왕국,1537,아이언포지,쓸쓸한 뒷골목,상위지역 areaId 대체,1537,몬스터,152341,27346,경쟁의 정수,-5041.91,-1250.2,507.76
4692,571,노스렌드,210,얼음왕관,쿠엘델라의 쉼터,상위지역 zoneId 대체,210,몬스터,140200,31159,밸로크,6408.76,1725.81,508.601
4739,571,노스렌드,4395,달라란,룬위버 광장,좌표 없음,,,,,,,,
4740,571,노스렌드,4395,달라란,은빛 자치구,좌표 없음,,,,,,,,
4742,571,노스렌드,0,,흐로스가르 상륙지,상위지역 좌표경계 대체,4742,몬스터,53775,34947,크발디르 광전사,9550.2,961.923,1.71085
4743,571,노스렌드,210,얼음왕관,죽음예언자 감시초소,상위지역 zoneId 대체,210,몬스터,140200,31159,밸로크,6408.76,1725.81,508.601
4760,571,노스렌드,4742,흐로스가르 상륙지,바다 학살자의 터,상위지역 좌표경계 대체,4742,몬스터,53775,34947,크발디르 광전사,9550.2,961.923,1.71085
4769,571,노스렌드,4742,흐로스가르 상륙지,흐로스가르 상륙지,상위지역 좌표경계 대체,4742,몬스터,53775,34947,크발디르 광전사,9550.2,961.923,1.71085
4862,571,노스렌드,210,얼음왕관,얼어붙은 전당,상위지역 zoneId 대체,210,몬스터,140200,31159,밸로크,6408.76,1725.81,508.601
