지역ID,맵,상위지역,지역명,기준,기준지역ID,몬스터1,원본좌표1,Y+10 좌표1,Y-10 좌표1,몬스터2,원본좌표2,Y+10 좌표2,Y-10 좌표2,몬스터3,원본좌표3,Y+10 좌표3,Y-10 좌표3
1,동부 왕국,,던 모로,지역 경계 직접,1,덩치 큰 멧돼지 (1127),"-5660.910, -922.077, 412.427","-5660.910, -912.077, 412.427","-5660.910, -932.077, 412.427",멧돼지 (1125),"-5534.430, -632.649, 407.758","-5534.430, -622.649, 407.758","-5534.430, -642.649, 407.758",눈표범 (1201),"-5733.190, -576.408, 399.414","-5733.190, -566.408, 399.414","-5733.190, -586.408, 399.414"
2,동부 왕국,서부 몰락지대,기나긴 해안,상위지역 경계 대체,40,병든 늑대 (525),"-9707.640, 782.041, 31.745","-9707.640, 792.041, 31.745","-9707.640, 772.041, 31.745",뿔엄니멧돼지 (157),"-10627.600, 1326.260, 38.080","-10627.600, 1336.260, 38.080","-10627.600, 1316.260, 38.080",돌엄니멧돼지 (113),"-9929.220, 443.641, 34.594","-9929.220, 453.641, 34.594","-9929.220, 433.641, 34.594"
3,동부 왕국,,황야의 땅,지역 경계 직접,3,덩치 큰 바위산코요테 (2729),"-6847.490, -3008.190, 242.100","-6847.490, -2998.190, 242.100","-6847.490, -3018.190, 242.100",덩치 큰 바위산표범 (2732),"-6760.770, -3279.660, 242.453","-6760.770, -3269.660, 242.453","-6760.770, -3289.660, 242.453",흉포한 바위산코요테 (2728),"-6750.660, -3407.980, 241.792","-6750.660, -3397.980, 241.792","-6750.660, -3417.980, 241.792"
4,동부 왕국,,저주받은 땅,지역 경계 직접,4,네더가드 광부 (5996),"-10863.900, -3047.230, 48.497","-10863.900, -3037.230, 48.497","-10863.900, -3057.230, 48.497",네더가드 병사 (5999),"-11064.600, -3264.580, 54.306","-11064.600, -3254.580, 54.306","-11064.600, -3274.580, 54.306",정예 지옥군단병 (8717),"-11884.700, -2719.640, 3.814","-11884.700, -2709.640, 3.814","-11884.700, -2729.640, 3.814"
7,동부 왕국,가시덤불 골짜기,검은바다 만,상위지역 경계 대체,33,술취한 투사 (15724),"-14258.600, 327.030, 26.364","-14258.600, 337.030, 26.364","-14258.600, 317.030, 26.364",무법항 투사 (4624),"-14258.600, 327.030, 26.427","-14258.600, 337.030, 26.427","-14258.600, 317.030, 26.427",가시덤불 암호랑이 (772),"-12907.700, -407.618, 12.128","-12907.700, -397.618, 12.128","-12907.700, -417.618, 12.128"
8,동부 왕국,,슬픔의 늪,지역 경계 직접,8,네더가드 광부 (5996),"-10499.000, -3328.550, -4.555","-10499.000, -3318.550, -4.555","-10499.000, -3338.550, -4.555",네더가드 병사 (5999),"-10874.300, -3284.880, 88.425","-10874.300, -3274.880, 88.425","-10874.300, -3294.880, 88.425",늪지멀록 먹물쟁이 (750),"-10865.800, -3642.490, 13.737","-10865.800, -3632.490, 13.737","-10865.800, -3652.490, 13.737"
9,동부 왕국,엘윈 숲,노스샤이어 계곡,상위지역 경계 대체,12,병든 늑대 (525),"-9222.780, -53.985, 73.610","-9222.780, -43.985, 73.610","-9222.780, -63.985, 73.610",돌가죽멧돼지 (524),"-9652.080, -306.250, 58.709","-9652.080, -296.250, 58.709","-9652.080, -316.250, 58.709",굶주린 늑대 (118),"-8941.040, -734.319, 70.435","-8941.040, -724.319, 70.435","-8941.040, -744.319, 70.435"
10,동부 왕국,,그늘숲,지역 경계 직접,10,돌가죽멧돼지 (524),"-9926.910, -371.035, 27.431","-9926.910, -361.035, 27.431","-9926.910, -381.035, 27.431",파멸의어둠일족 암흑길잡이 (205),"-10530.900, -786.683, 57.438","-10530.900, -776.683, 57.438","-10530.900, -796.683, 57.438",새끼 검은과부거미 (930),"-10751.200, -172.226, 40.478","-10751.200, -162.226, 40.478","-10751.200, -182.226, 40.478"
11,동부 왕국,,저습지,지역 경계 직접,11,새끼 습지악어 (1417),"-3406.250, -2668.750, 6.533","-3406.250, -2658.750, 6.533","-3406.250, -2678.750, 6.533",용아귀부족 약탈자 (1034),"-3482.190, -2451.440, 46.543","-3482.190, -2441.440, 46.543","-3482.190, -2461.440, 46.543",습지악어 (1400),"-3162.970, -2301.090, 7.082","-3162.970, -2291.090, 7.082","-3162.970, -2311.090, 7.082"
12,동부 왕국,,엘윈 숲,지역 경계 직접,12,병든 늑대 (525),"-9222.780, -53.985, 73.610","-9222.780, -43.985, 73.610","-9222.780, -63.985, 73.610",돌가죽멧돼지 (524),"-9652.080, -306.250, 58.709","-9652.080, -296.250, 58.709","-9652.080, -316.250, 58.709",굶주린 늑대 (118),"-8941.040, -734.319, 70.435","-8941.040, -724.319, 70.435","-8941.040, -744.319, 70.435"
13,동부 왕국,그늘숲,세계수,상위지역 경계 대체,10,돌가죽멧돼지 (524),"-9926.910, -371.035, 27.431","-9926.910, -361.035, 27.431","-9926.910, -381.035, 27.431",파멸의어둠일족 암흑길잡이 (205),"-10530.900, -786.683, 57.438","-10530.900, -776.683, 57.438","-10530.900, -796.683, 57.438",새끼 검은과부거미 (930),"-10751.200, -172.226, 40.478","-10751.200, -162.226, 40.478","-10751.200, -182.226, 40.478"
14,칼림도어,,듀로타,지역 경계 직접,14,긴송곳니 열대초원랩터 (3255),"-138.366, -3690.130, 27.531","-138.366, -3680.130, 27.531","-138.366, -3700.130, 27.531",덩치 큰 점박이멧돼지 (3100),"63.938, -4054.780, 53.847","63.938, -4044.780, 53.847","63.938, -4064.780, 53.847",검은부리초원타조 (3246),"-318.000, -3817.240, 29.120","-318.000, -3807.240, 29.120","-318.000, -3827.240, 29.120"
15,칼림도어,,먼지진흙 습지대,지역 경계 직접,15,비수송곳니 늪지악어 (4345),"-3753.070, -3518.840, 28.647","-3753.070, -3508.840, 28.647","-3753.070, -3528.840, 28.647",얼룩무늬 늪지악어 (4344),"-3764.010, -3379.690, 32.323","-3764.010, -3369.690, 32.323","-3764.010, -3389.690, 32.323",검은송곳니 땅거미 (4412),"-3625.550, -3438.380, 37.343","-3625.550, -3428.380, 37.343","-3625.550, -3448.380, 37.343"
16,칼림도어,,아즈샤라,지역 경계 직접,16,덩치 큰 이끼발굽순록 (8761),"4144.930, -5919.240, 100.680","4144.930, -5909.240, 100.680","4144.930, -5929.240, 100.680",원한의꼬리일족 세이렌 (6195),"3671.970, -5745.800, 6.533","3671.970, -5735.800, 6.533","3671.970, -5755.800, 6.533",갈퀴발톱 천둥뿔 히포그리프 (6378),"4056.840, -5901.820, 102.057","4056.840, -5891.820, 102.057","4056.840, -5911.820, 102.057"
17,칼림도어,,불모의 땅,지역 경계 직접,17,긴송곳니 열대초원랩터 (3255),"-1525.840, -2634.480, 93.120","-1525.840, -2624.480, 93.120","-1525.840, -2644.480, 93.120",굶주린 얼룩말 (3242),"-1047.420, -2714.390, 92.212","-1047.420, -2704.390, 92.212","-1047.420, -2724.390, 92.212",검은부리초원타조 (3246),"-1014.420, -2361.710, 94.964","-1014.420, -2351.710, 94.964","-1014.420, -2371.710, 94.964"
18,동부 왕국,엘윈 숲,수정 호수,상위지역 경계 대체,12,병든 늑대 (525),"-9222.780, -53.985, 73.610","-9222.780, -43.985, 73.610","-9222.780, -63.985, 73.610",돌가죽멧돼지 (524),"-9652.080, -306.250, 58.709","-9652.080, -296.250, 58.709","-9652.080, -316.250, 58.709",굶주린 늑대 (118),"-8941.040, -734.319, 70.435","-8941.040, -724.319, 70.435","-8941.040, -744.319, 70.435"
19,동부 왕국,가시덤불 골짜기,줄구룹,상위지역 경계 대체,33,술취한 투사 (15724),"-14258.600, 327.030, 26.364","-14258.600, 337.030, 26.364","-14258.600, 317.030, 26.364",무법항 투사 (4624),"-14258.600, 327.030, 26.427","-14258.600, 337.030, 26.427","-14258.600, 317.030, 26.427",가시덤불 암호랑이 (772),"-12907.700, -407.618, 12.128","-12907.700, -397.618, 12.128","-12907.700, -417.618, 12.128"
20,동부 왕국,서부 몰락지대,문브룩,상위지역 경계 대체,40,병든 늑대 (525),"-9707.640, 782.041, 31.745","-9707.640, 792.041, 31.745","-9707.640, 772.041, 31.745",뿔엄니멧돼지 (157),"-10627.600, 1326.260, 38.080","-10627.600, 1336.260, 38.080","-10627.600, 1316.260, 38.080",돌엄니멧돼지 (113),"-9929.220, 443.641, 34.594","-9929.220, 453.641, 34.594","-9929.220, 433.641, 34.594"
21,동부 왕국,,쿨 티라스,없음,,없음,,,,없음,,,,없음,,,
23,동부 왕국,엘윈 숲,노스샤이어 강,상위지역 경계 대체,12,병든 늑대 (525),"-9222.780, -53.985, 73.610","-9222.780, -43.985, 73.610","-9222.780, -63.985, 73.610",돌가죽멧돼지 (524),"-9652.080, -306.250, 58.709","-9652.080, -296.250, 58.709","-9652.080, -316.250, 58.709",굶주린 늑대 (118),"-8941.040, -734.319, 70.435","-8941.040, -724.319, 70.435","-8941.040, -744.319, 70.435"
24,동부 왕국,엘윈 숲,노스샤이어 수도원,상위지역 경계 대체,12,병든 늑대 (525),"-9222.780, -53.985, 73.610","-9222.780, -43.985, 73.610","-9222.780, -63.985, 73.610",돌가죽멧돼지 (524),"-9652.080, -306.250, 58.709","-9652.080, -296.250, 58.709","-9652.080, -316.250, 58.709",굶주린 늑대 (118),"-8941.040, -734.319, 70.435","-8941.040, -724.319, 70.435","-8941.040, -744.319, 70.435"
25,동부 왕국,,검은바위 산,없음,,없음,,,,없음,,,,없음,,,
26,동부 왕국,서부 몰락지대,등대,상위지역 경계 대체,40,병든 늑대 (525),"-9707.640, 782.041, 31.745","-9707.640, 792.041, 31.745","-9707.640, 772.041, 31.745",뿔엄니멧돼지 (157),"-10627.600, 1326.260, 38.080","-10627.600, 1336.260, 38.080","-10627.600, 1316.260, 38.080",돌엄니멧돼지 (113),"-9929.220, 443.641, 34.594","-9929.220, 453.641, 34.594","-9929.220, 433.641, 34.594"
28,동부 왕국,,서부 역병지대,지역 경계 직접,28,그늘흡혈박쥐 (1554),"2487.740, -1050.970, 93.581","2487.740, -1040.970, 93.581","2487.740, -1060.970, 93.581",저주받은 암흑사냥개 (1548),"1888.410, -643.062, 48.334","1888.410, -633.062, 48.334","1888.410, -653.062, 48.334",투명 추적자 (31576),"1808.840, 204.643, 60.500","1808.840, 214.643, 60.500","1808.840, 194.643, 60.500"
30,동부 왕국,,나인,없음,,없음,,,,없음,,,,없음,,,
32,동부 왕국,그늘숲,묘지,상위지역 경계 대체,10,돌가죽멧돼지 (524),"-9926.910, -371.035, 27.431","-9926.910, -361.035, 27.431","-9926.910, -381.035, 27.431",파멸의어둠일족 암흑길잡이 (205),"-10530.900, -786.683, 57.438","-10530.900, -776.683, 57.438","-10530.900, -796.683, 57.438",새끼 검은과부거미 (930),"-10751.200, -172.226, 40.478","-10751.200, -162.226, 40.478","-10751.200, -182.226, 40.478"
33,동부 왕국,,가시덤불 골짜기,지역 경계 직접,33,술취한 투사 (15724),"-14258.600, 327.030, 26.364","-14258.600, 337.030, 26.364","-14258.600, 317.030, 26.364",무법항 투사 (4624),"-14258.600, 327.030, 26.427","-14258.600, 337.030, 26.427","-14258.600, 317.030, 26.427",가시덤불 암호랑이 (772),"-12907.700, -407.618, 12.128","-12907.700, -397.618, 12.128","-12907.700, -417.618, 12.128"
34,동부 왕국,엘윈 숲,메아리 광산,상위지역 경계 대체,12,병든 늑대 (525),"-9222.780, -53.985, 73.610","-9222.780, -43.985, 73.610","-9222.780, -63.985, 73.610",돌가죽멧돼지 (524),"-9652.080, -306.250, 58.709","-9652.080, -296.250, 58.709","-9652.080, -316.250, 58.709",굶주린 늑대 (118),"-8941.040, -734.319, 70.435","-8941.040, -724.319, 70.435","-8941.040, -744.319, 70.435"
35,동부 왕국,가시덤불 골짜기,무법항,상위지역 경계 대체,33,술취한 투사 (15724),"-14258.600, 327.030, 26.364","-14258.600, 337.030, 26.364","-14258.600, 317.030, 26.364",무법항 투사 (4624),"-14258.600, 327.030, 26.427","-14258.600, 337.030, 26.427","-14258.600, 317.030, 26.427",가시덤불 암호랑이 (772),"-12907.700, -407.618, 12.128","-12907.700, -397.618, 12.128","-12907.700, -417.618, 12.128"
36,동부 왕국,,알터랙 산맥,지역 경계 직접,36,무쇠턱거북 (2408),"838.392, -88.203, 35.664","838.392, -78.203, 35.664","838.392, -98.203, 35.664",썩은지느러미멀록 술사 (1909),"1175.480, 274.852, 27.072","1175.480, 284.852, 27.072","1175.480, 264.852, 27.072",산사태 오우거 (2252),"515.574, -620.737, 170.678","515.574, -610.737, 170.678","515.574, -630.737, 170.678"
37,동부 왕국,가시덤불 골짜기,나즈페리티 호수,상위지역 경계 대체,33,술취한 투사 (15724),"-14258.600, 327.030, 26.364","-14258.600, 337.030, 26.364","-14258.600, 317.030, 26.364",무법항 투사 (4624),"-14258.600, 327.030, 26.427","-14258.600, 337.030, 26.427","-14258.600, 317.030, 26.427",가시덤불 암호랑이 (772),"-12907.700, -407.618, 12.128","-12907.700, -397.618, 12.128","-12907.700, -417.618, 12.128"
38,동부 왕국,,모단 호수,지역 경계 직접,38,가루바위일족 점쟁이 (1166),"-5038.670, -3361.670, 298.385","-5038.670, -3351.670, 298.385","-5038.670, -3371.670, 298.385",동굴쥐일족 졸개 (1172),"-5030.430, -3014.490, 330.606","-5030.430, -3004.490, 330.606","-5030.430, -3024.490, 330.606",가루바위 트로그 (1161),"-5810.560, -2965.800, 365.715","-5810.560, -2955.800, 365.715","-5810.560, -2975.800, 365.715"
40,동부 왕국,,서부 몰락지대,지역 경계 직접,40,병든 늑대 (525),"-9707.640, 782.041, 31.745","-9707.640, 792.041, 31.745","-9707.640, 772.041, 31.745",뿔엄니멧돼지 (157),"-10627.600, 1326.260, 38.080","-10627.600, 1336.260, 38.080","-10627.600, 1316.260, 38.080",돌엄니멧돼지 (113),"-9929.220, 443.641, 34.594","-9929.220, 453.641, 34.594","-9929.220, 433.641, 34.594"
41,동부 왕국,,죽음의 고개,지역 경계 직접,41,네더가드 광부 (5996),"-10863.900, -3047.230, 48.497","-10863.900, -3037.230, 48.497","-10863.900, -3057.230, 48.497",늪지재규어 (767),"-10529.400, -2499.150, 22.331","-10529.400, -2489.150, 22.331","-10529.400, -2509.150, 22.331",파멸의어둠일족 암흑길잡이 (205),"-10542.100, -991.466, 52.687","-10542.100, -981.466, 52.687","-10542.100, -1001.466, 52.687"
42,동부 왕국,그늘숲,다크샤이어,상위지역 경계 대체,10,돌가죽멧돼지 (524),"-9926.910, -371.035, 27.431","-9926.910, -361.035, 27.431","-9926.910, -381.035, 27.431",파멸의어둠일족 암흑길잡이 (205),"-10530.900, -786.683, 57.438","-10530.900, -776.683, 57.438","-10530.900, -796.683, 57.438",새끼 검은과부거미 (930),"-10751.200, -172.226, 40.478","-10751.200, -162.226, 40.478","-10751.200, -182.226, 40.478"
43,동부 왕국,가시덤불 골짜기,거친 해안,상위지역 경계 대체,33,술취한 투사 (15724),"-14258.600, 327.030, 26.364","-14258.600, 337.030, 26.364","-14258.600, 317.030, 26.364",무법항 투사 (4624),"-14258.600, 327.030, 26.427","-14258.600, 337.030, 26.427","-14258.600, 317.030, 26.427",가시덤불 암호랑이 (772),"-12907.700, -407.618, 12.128","-12907.700, -397.618, 12.128","-12907.700, -417.618, 12.128"
44,동부 왕국,,붉은마루 산맥,지역 경계 직접,44,붉은마루일족 전사 (446),"-8980.150, -2337.880, 132.631","-8980.150, -2327.880, 132.631","-8980.150, -2347.880, 132.631",새끼 검은용 (441),"-9166.640, -2518.350, 110.678","-9166.640, -2508.350, 110.678","-9166.640, -2528.350, 110.678",검은바위부족 길잡이 (485),"-9138.150, -2556.150, 116.649","-9138.150, -2546.150, 116.649","-9138.150, -2566.150, 116.649"
45,동부 왕국,,아라시 고원,지역 경계 직접,45,줄무늬 고원랩터 (2559),"-1317.800, -2641.540, 64.874","-1317.800, -2631.540, 64.874","-1317.800, -2651.540, 64.874",평원타란툴라 (2563),"-1353.260, -2619.610, 73.142","-1353.260, -2609.610, 73.142","-1353.260, -2629.610, 73.142",외뿔 고원랩터 (2560),"-1516.830, -2813.330, 39.461","-1516.830, -2803.330, 39.461","-1516.830, -2823.330, 39.461"
46,동부 왕국,,불타는 평원,지역 경계 직접,46,채석장 노예 (8917),"-7433.470, -1049.260, 177.515","-7433.470, -1039.260, 177.515","-7433.470, -1059.260, 177.515",상급 바위 정령 (2736),"-7291.040, -2118.210, 297.682","-7291.040, -2108.210, 297.682","-7291.040, -2128.210, 297.682",불자루일족 오우거 (7033),"-7984.000, -2448.870, 131.915","-7984.000, -2438.870, 131.915","-7984.000, -2458.870, 131.915"
47,동부 왕국,,동부 내륙지,지역 경계 직접,47,무쇠턱 바다거북 (2505),"-286.143, -4448.270, 14.091","-286.143, -4438.270, 14.091","-286.143, -4458.270, 14.091",긴발톱 은빛갈기늑대 (2926),"206.152, -3585.180, 126.379","206.152, -3575.180, 126.379","206.152, -3595.180, 126.379",녹색 녹괴물 (2655),"145.146, -3473.670, 109.429","145.146, -3463.670, 109.429","145.146, -3483.670, 109.429"
51,동부 왕국,,이글거리는 협곡,지역 경계 직접,51,채석장 노예 (8917),"-7322.720, -1026.880, 181.021","-7322.720, -1016.880, 181.021","-7322.720, -1036.880, 181.021",검은무쇠단 감독관 (5846),"-6872.400, -1322.400, 243.141","-6872.400, -1312.400, 243.141","-6872.400, -1332.400, 243.141",상급 바위 정령 (2736),"-7194.270, -2102.410, 327.469","-7194.270, -2092.410, 327.469","-7194.270, -2112.410, 327.469"
53,동부 왕국,엘윈 숲,도둑 야영지,상위지역 경계 대체,12,병든 늑대 (525),"-9222.780, -53.985, 73.610","-9222.780, -43.985, 73.610","-9222.780, -63.985, 73.610",돌가죽멧돼지 (524),"-9652.080, -306.250, 58.709","-9652.080, -296.250, 58.709","-9652.080, -316.250, 58.709",굶주린 늑대 (118),"-8941.040, -734.319, 70.435","-8941.040, -724.319, 70.435","-8941.040, -744.319, 70.435"
54,동부 왕국,엘윈 숲,석영 광산,상위지역 경계 대체,12,병든 늑대 (525),"-9222.780, -53.985, 73.610","-9222.780, -43.985, 73.610","-9222.780, -63.985, 73.610",돌가죽멧돼지 (524),"-9652.080, -306.250, 58.709","-9652.080, -296.250, 58.709","-9652.080, -316.250, 58.709",굶주린 늑대 (118),"-8941.040, -734.319, 70.435","-8941.040, -724.319, 70.435","-8941.040, -744.319, 70.435"
55,동부 왕국,엘윈 숲,영웅의 계곡 미사용,상위지역 경계 대체,12,병든 늑대 (525),"-9222.780, -53.985, 73.610","-9222.780, -43.985, 73.610","-9222.780, -63.985, 73.610",돌가죽멧돼지 (524),"-9652.080, -306.250, 58.709","-9652.080, -296.250, 58.709","-9652.080, -316.250, 58.709",굶주린 늑대 (118),"-8941.040, -734.319, 70.435","-8941.040, -724.319, 70.435","-8941.040, -744.319, 70.435"
56,동부 왕국,엘윈 숲,수호영웅의 안식처,상위지역 경계 대체,12,병든 늑대 (525),"-9222.780, -53.985, 73.610","-9222.780, -43.985, 73.610","-9222.780, -63.985, 73.610",돌가죽멧돼지 (524),"-9652.080, -306.250, 58.709","-9652.080, -296.250, 58.709","-9652.080, -316.250, 58.709",굶주린 늑대 (118),"-8941.040, -734.319, 70.435","-8941.040, -724.319, 70.435","-8941.040, -744.319, 70.435"
57,동부 왕국,엘윈 숲,개미굴 광산,상위지역 경계 대체,12,병든 늑대 (525),"-9222.780, -53.985, 73.610","-9222.780, -43.985, 73.610","-9222.780, -63.985, 73.610",돌가죽멧돼지 (524),"-9652.080, -306.250, 58.709","-9652.080, -296.250, 58.709","-9652.080, -316.250, 58.709",굶주린 늑대 (118),"-8941.040, -734.319, 70.435","-8941.040, -724.319, 70.435","-8941.040, -744.319, 70.435"
59,동부 왕국,엘윈 숲,노스샤이어 포도밭,상위지역 경계 대체,12,병든 늑대 (525),"-9222.780, -53.985, 73.610","-9222.780, -43.985, 73.610","-9222.780, -63.985, 73.610",돌가죽멧돼지 (524),"-9652.080, -306.250, 58.709","-9652.080, -296.250, 58.709","-9652.080, -316.250, 58.709",굶주린 늑대 (118),"-8941.040, -734.319, 70.435","-8941.040, -724.319, 70.435","-8941.040, -744.319, 70.435"
60,동부 왕국,엘윈 숲,숲 가장자리,상위지역 경계 대체,12,병든 늑대 (525),"-9222.780, -53.985, 73.610","-9222.780, -43.985, 73.610","-9222.780, -63.985, 73.610",돌가죽멧돼지 (524),"-9652.080, -306.250, 58.709","-9652.080, -296.250, 58.709","-9652.080, -316.250, 58.709",굶주린 늑대 (118),"-8941.040, -734.319, 70.435","-8941.040, -724.319, 70.435","-8941.040, -744.319, 70.435"
61,동부 왕국,엘윈 숲,천둥 폭포,상위지역 경계 대체,12,병든 늑대 (525),"-9222.780, -53.985, 73.610","-9222.780, -43.985, 73.610","-9222.780, -63.985, 73.610",돌가죽멧돼지 (524),"-9652.080, -306.250, 58.709","-9652.080, -296.250, 58.709","-9652.080, -316.250, 58.709",굶주린 늑대 (118),"-8941.040, -734.319, 70.435","-8941.040, -724.319, 70.435","-8941.040, -744.319, 70.435"
62,동부 왕국,엘윈 숲,브랙웰 호박밭,상위지역 경계 대체,12,병든 늑대 (525),"-9222.780, -53.985, 73.610","-9222.780, -43.985, 73.610","-9222.780, -63.985, 73.610",돌가죽멧돼지 (524),"-9652.080, -306.250, 58.709","-9652.080, -296.250, 58.709","-9652.080, -316.250, 58.709",굶주린 늑대 (118),"-8941.040, -734.319, 70.435","-8941.040, -724.319, 70.435","-8941.040, -744.319, 70.435"
63,동부 왕국,엘윈 숲,스톤필드 농장,상위지역 경계 대체,12,병든 늑대 (525),"-9222.780, -53.985, 73.610","-9222.780, -43.985, 73.610","-9222.780, -63.985, 73.610",돌가죽멧돼지 (524),"-9652.080, -306.250, 58.709","-9652.080, -296.250, 58.709","-9652.080, -316.250, 58.709",굶주린 늑대 (118),"-8941.040, -734.319, 70.435","-8941.040, -724.319, 70.435","-8941.040, -744.319, 70.435"
64,동부 왕국,엘윈 숲,맥클루어 포도밭,상위지역 경계 대체,12,병든 늑대 (525),"-9222.780, -53.985, 73.610","-9222.780, -43.985, 73.610","-9222.780, -63.985, 73.610",돌가죽멧돼지 (524),"-9652.080, -306.250, 58.709","-9652.080, -296.250, 58.709","-9652.080, -316.250, 58.709",굶주린 늑대 (118),"-8941.040, -734.319, 70.435","-8941.040, -724.319, 70.435","-8941.040, -744.319, 70.435"
65,노스렌드,,용의 안식처,지역 경계 직접,65,눈사태 숲 사슴 (26615),"3572.370, 1110.300, 148.846","3572.370, 1120.300, 148.846","3572.370, 1100.300, 148.846",굶주린 망자 (27290),"3528.940, -1069.420, 127.462","3528.940, -1059.420, 127.462","3528.940, -1079.420, 127.462",용뼈 대머리수리 (26483),"3567.510, 755.088, 98.581","3567.510, 765.088, 98.581","3567.510, 745.088, 98.581"
66,노스렌드,,줄드락,지역 경계 직접,66,되살아난 시체 (29897),"5745.640, -2214.740, 237.548","5745.640, -2204.740, 237.548","5745.640, -2224.740, 237.548",산악 야생마 (26472),"5084.860, -4386.400, 281.887","5084.860, -4376.400, 281.887","5084.860, -4396.400, 281.887",굶주린 스컬지 트롤 (26570),"4530.450, -2217.350, 169.775","4530.450, -2207.350, 169.775","4530.450, -2227.350, 169.775"
67,노스렌드,,폭풍우 봉우리,지역 경계 직접,67,썩은 구울 (31812),"7612.200, 1249.040, 347.691","7612.200, 1259.040, 347.691","7612.200, 1239.040, 347.691",되살아난 시체 (29897),"5876.930, -1956.730, 237.907","5876.930, -1946.730, 237.907","5876.930, -1966.730, 237.907",푸른용 알 (31836),"7530.150, 688.302, 475.453","7530.150, 698.302, 475.453","7530.150, 678.302, 475.453"
68,동부 왕국,붉은마루 산맥,영원의 호수,상위지역 경계 대체,44,붉은마루일족 전사 (446),"-8980.150, -2337.880, 132.631","-8980.150, -2327.880, 132.631","-8980.150, -2347.880, 132.631",새끼 검은용 (441),"-9166.640, -2518.350, 110.678","-9166.640, -2508.350, 110.678","-9166.640, -2528.350, 110.678",검은바위부족 길잡이 (485),"-9138.150, -2556.150, 116.649","-9138.150, -2546.150, 116.649","-9138.150, -2566.150, 116.649"
69,동부 왕국,붉은마루 산맥,레이크샤이어,상위지역 경계 대체,44,붉은마루일족 전사 (446),"-8980.150, -2337.880, 132.631","-8980.150, -2327.880, 132.631","-8980.150, -2347.880, 132.631",새끼 검은용 (441),"-9166.640, -2518.350, 110.678","-9166.640, -2508.350, 110.678","-9166.640, -2528.350, 110.678",검은바위부족 길잡이 (485),"-9138.150, -2556.150, 116.649","-9138.150, -2546.150, 116.649","-9138.150, -2566.150, 116.649"
70,동부 왕국,붉은마루 산맥,돌망루 요새,상위지역 경계 대체,44,붉은마루일족 전사 (446),"-8980.150, -2337.880, 132.631","-8980.150, -2327.880, 132.631","-8980.150, -2347.880, 132.631",새끼 검은용 (441),"-9166.640, -2518.350, 110.678","-9166.640, -2508.350, 110.678","-9166.640, -2528.350, 110.678",검은바위부족 길잡이 (485),"-9138.150, -2556.150, 116.649","-9138.150, -2546.150, 116.649","-9138.150, -2566.150, 116.649"
71,동부 왕국,붉은마루 산맥,돌망루 언덕,상위지역 경계 대체,44,붉은마루일족 전사 (446),"-8980.150, -2337.880, 132.631","-8980.150, -2327.880, 132.631","-8980.150, -2347.880, 132.631",새끼 검은용 (441),"-9166.640, -2518.350, 110.678","-9166.640, -2508.350, 110.678","-9166.640, -2528.350, 110.678",검은바위부족 길잡이 (485),"-9138.150, -2556.150, 116.649","-9138.150, -2546.150, 116.649","-9138.150, -2566.150, 116.649"
72,동부 왕국,저주받은 땅,어둠의 문,상위지역 경계 대체,4,네더가드 광부 (5996),"-10863.900, -3047.230, 48.497","-10863.900, -3037.230, 48.497","-10863.900, -3057.230, 48.497",네더가드 병사 (5999),"-11064.600, -3264.580, 54.306","-11064.600, -3254.580, 54.306","-11064.600, -3274.580, 54.306",정예 지옥군단병 (8717),"-11884.700, -2719.640, 3.814","-11884.700, -2709.640, 3.814","-11884.700, -2729.640, 3.814"
73,동부 왕국,저주받은 땅,타락의 흉터,상위지역 경계 대체,4,네더가드 광부 (5996),"-10863.900, -3047.230, 48.497","-10863.900, -3037.230, 48.497","-10863.900, -3057.230, 48.497",네더가드 병사 (5999),"-11064.600, -3264.580, 54.306","-11064.600, -3254.580, 54.306","-11064.600, -3274.580, 54.306",정예 지옥군단병 (8717),"-11884.700, -2719.640, 3.814","-11884.700, -2709.640, 3.814","-11884.700, -2729.640, 3.814"
74,동부 왕국,슬픔의 늪,눈물의 연못,상위지역 경계 대체,8,네더가드 광부 (5996),"-10499.000, -3328.550, -4.555","-10499.000, -3318.550, -4.555","-10499.000, -3338.550, -4.555",네더가드 병사 (5999),"-10874.300, -3284.880, 88.425","-10874.300, -3274.880, 88.425","-10874.300, -3294.880, 88.425",늪지멀록 먹물쟁이 (750),"-10865.800, -3642.490, 13.737","-10865.800, -3632.490, 13.737","-10865.800, -3652.490, 13.737"
75,동부 왕국,슬픔의 늪,스토나드,상위지역 경계 대체,8,네더가드 광부 (5996),"-10499.000, -3328.550, -4.555","-10499.000, -3318.550, -4.555","-10499.000, -3338.550, -4.555",네더가드 병사 (5999),"-10874.300, -3284.880, 88.425","-10874.300, -3274.880, 88.425","-10874.300, -3294.880, 88.425",늪지멀록 먹물쟁이 (750),"-10865.800, -3642.490, 13.737","-10865.800, -3632.490, 13.737","-10865.800, -3652.490, 13.737"
76,동부 왕국,슬픔의 늪,드레노어 성역,상위지역 경계 대체,8,네더가드 광부 (5996),"-10499.000, -3328.550, -4.555","-10499.000, -3318.550, -4.555","-10499.000, -3338.550, -4.555",네더가드 병사 (5999),"-10874.300, -3284.880, 88.425","-10874.300, -3274.880, 88.425","-10874.300, -3294.880, 88.425",늪지멀록 먹물쟁이 (750),"-10865.800, -3642.490, 13.737","-10865.800, -3632.490, 13.737","-10865.800, -3652.490, 13.737"
77,동부 왕국,던 모로,앤빌마,상위지역 경계 대체,1,덩치 큰 멧돼지 (1127),"-5660.910, -922.077, 412.427","-5660.910, -912.077, 412.427","-5660.910, -932.077, 412.427",멧돼지 (1125),"-5534.430, -632.649, 407.758","-5534.430, -622.649, 407.758","-5534.430, -642.649, 407.758",눈표범 (1201),"-5733.190, -576.408, 399.414","-5733.190, -566.408, 399.414","-5733.190, -586.408, 399.414"
80,동부 왕국,엘윈 숲,스톰윈드 산맥,상위지역 경계 대체,12,병든 늑대 (525),"-9222.780, -53.985, 73.610","-9222.780, -43.985, 73.610","-9222.780, -63.985, 73.610",돌가죽멧돼지 (524),"-9652.080, -306.250, 58.709","-9652.080, -296.250, 58.709","-9652.080, -316.250, 58.709",굶주린 늑대 (118),"-8941.040, -734.319, 70.435","-8941.040, -724.319, 70.435","-8941.040, -744.319, 70.435"
85,동부 왕국,,티리스팔 숲,지역 경계 직접,85,저주받은 암흑사냥개 (1548),"2334.720, 776.210, 33.650","2334.720, 786.210, 33.650","2334.720, 766.210, 33.650",그늘흡혈박쥐 (1554),"2035.300, 813.816, 34.843","2035.300, 823.816, 34.843","2035.300, 803.816, 34.843",거대한 그늘박쥐 (1553),"2340.460, 796.870, 35.299","2340.460, 806.870, 35.299","2340.460, 786.870, 35.299"
86,동부 왕국,엘윈 숲,돌무덤 호수,상위지역 경계 대체,12,병든 늑대 (525),"-9222.780, -53.985, 73.610","-9222.780, -43.985, 73.610","-9222.780, -63.985, 73.610",돌가죽멧돼지 (524),"-9652.080, -306.250, 58.709","-9652.080, -296.250, 58.709","-9652.080, -316.250, 58.709",굶주린 늑대 (118),"-8941.040, -734.319, 70.435","-8941.040, -724.319, 70.435","-8941.040, -744.319, 70.435"
87,동부 왕국,엘윈 숲,골드샤이어,상위지역 경계 대체,12,병든 늑대 (525),"-9222.780, -53.985, 73.610","-9222.780, -43.985, 73.610","-9222.780, -63.985, 73.610",돌가죽멧돼지 (524),"-9652.080, -306.250, 58.709","-9652.080, -296.250, 58.709","-9652.080, -316.250, 58.709",굶주린 늑대 (118),"-8941.040, -734.319, 70.435","-8941.040, -724.319, 70.435","-8941.040, -744.319, 70.435"
88,동부 왕국,엘윈 숲,동부 벌목지,상위지역 경계 대체,12,병든 늑대 (525),"-9222.780, -53.985, 73.610","-9222.780, -43.985, 73.610","-9222.780, -63.985, 73.610",돌가죽멧돼지 (524),"-9652.080, -306.250, 58.709","-9652.080, -296.250, 58.709","-9652.080, -316.250, 58.709",굶주린 늑대 (118),"-8941.040, -734.319, 70.435","-8941.040, -724.319, 70.435","-8941.040, -744.319, 70.435"
89,동부 왕국,엘윈 숲,거울 호수 과수원,상위지역 경계 대체,12,병든 늑대 (525),"-9222.780, -53.985, 73.610","-9222.780, -43.985, 73.610","-9222.780, -63.985, 73.610",돌가죽멧돼지 (524),"-9652.080, -306.250, 58.709","-9652.080, -296.250, 58.709","-9652.080, -316.250, 58.709",굶주린 늑대 (118),"-8941.040, -734.319, 70.435","-8941.040, -724.319, 70.435","-8941.040, -744.319, 70.435"
91,동부 왕국,엘윈 숲,아조라의 탑,상위지역 경계 대체,12,병든 늑대 (525),"-9222.780, -53.985, 73.610","-9222.780, -43.985, 73.610","-9222.780, -63.985, 73.610",돌가죽멧돼지 (524),"-9652.080, -306.250, 58.709","-9652.080, -296.250, 58.709","-9652.080, -316.250, 58.709",굶주린 늑대 (118),"-8941.040, -734.319, 70.435","-8941.040, -724.319, 70.435","-8941.040, -744.319, 70.435"
92,동부 왕국,엘윈 숲,거울 호수,상위지역 경계 대체,12,병든 늑대 (525),"-9222.780, -53.985, 73.610","-9222.780, -43.985, 73.610","-9222.780, -63.985, 73.610",돌가죽멧돼지 (524),"-9652.080, -306.250, 58.709","-9652.080, -296.250, 58.709","-9652.080, -316.250, 58.709",굶주린 늑대 (118),"-8941.040, -734.319, 70.435","-8941.040, -724.319, 70.435","-8941.040, -744.319, 70.435"
93,동부 왕국,그늘숲,벌골 오우거 소굴,상위지역 경계 대체,10,돌가죽멧돼지 (524),"-9926.910, -371.035, 27.431","-9926.910, -361.035, 27.431","-9926.910, -381.035, 27.431",파멸의어둠일족 암흑길잡이 (205),"-10530.900, -786.683, 57.438","-10530.900, -776.683, 57.438","-10530.900, -796.683, 57.438",새끼 검은과부거미 (930),"-10751.200, -172.226, 40.478","-10751.200, -162.226, 40.478","-10751.200, -182.226, 40.478"
94,동부 왕국,그늘숲,까마귀 언덕,상위지역 경계 대체,10,돌가죽멧돼지 (524),"-9926.910, -371.035, 27.431","-9926.910, -361.035, 27.431","-9926.910, -381.035, 27.431",파멸의어둠일족 암흑길잡이 (205),"-10530.900, -786.683, 57.438","-10530.900, -776.683, 57.438","-10530.900, -796.683, 57.438",새끼 검은과부거미 (930),"-10751.200, -172.226, 40.478","-10751.200, -162.226, 40.478","-10751.200, -182.226, 40.478"
95,동부 왕국,붉은마루 산맥,붉은마루 협곡,상위지역 경계 대체,44,붉은마루일족 전사 (446),"-8980.150, -2337.880, 132.631","-8980.150, -2327.880, 132.631","-8980.150, -2347.880, 132.631",새끼 검은용 (441),"-9166.640, -2518.350, 110.678","-9166.640, -2508.350, 110.678","-9166.640, -2528.350, 110.678",검은바위부족 길잡이 (485),"-9138.150, -2556.150, 116.649","-9138.150, -2546.150, 116.649","-9138.150, -2566.150, 116.649"
96,동부 왕국,붉은마루 산맥,일갈라의 탑,상위지역 경계 대체,44,붉은마루일족 전사 (446),"-8980.150, -2337.880, 132.631","-8980.150, -2327.880, 132.631","-8980.150, -2347.880, 132.631",새끼 검은용 (441),"-9166.640, -2518.350, 110.678","-9166.640, -2508.350, 110.678","-9166.640, -2528.350, 110.678",검은바위부족 길잡이 (485),"-9138.150, -2556.150, 116.649","-9138.150, -2546.150, 116.649","-9138.150, -2566.150, 116.649"
97,동부 왕국,붉은마루 산맥,앨더의 제재소,상위지역 경계 대체,44,붉은마루일족 전사 (446),"-8980.150, -2337.880, 132.631","-8980.150, -2327.880, 132.631","-8980.150, -2347.880, 132.631",새끼 검은용 (441),"-9166.640, -2518.350, 110.678","-9166.640, -2508.350, 110.678","-9166.640, -2528.350, 110.678",검은바위부족 길잡이 (485),"-9138.150, -2556.150, 116.649","-9138.150, -2546.150, 116.649","-9138.150, -2566.150, 116.649"
98,동부 왕국,붉은마루 산맥,레스밴 동굴,상위지역 경계 대체,44,붉은마루일족 전사 (446),"-8980.150, -2337.880, 132.631","-8980.150, -2327.880, 132.631","-8980.150, -2347.880, 132.631",새끼 검은용 (441),"-9166.640, -2518.350, 110.678","-9166.640, -2508.350, 110.678","-9166.640, -2528.350, 110.678",검은바위부족 길잡이 (485),"-9138.150, -2556.150, 116.649","-9138.150, -2546.150, 116.649","-9138.150, -2566.150, 116.649"
99,동부 왕국,가시덤불 골짜기,반란군 야영지,상위지역 경계 대체,33,술취한 투사 (15724),"-14258.600, 327.030, 26.364","-14258.600, 337.030, 26.364","-14258.600, 317.030, 26.364",무법항 투사 (4624),"-14258.600, 327.030, 26.427","-14258.600, 337.030, 26.427","-14258.600, 317.030, 26.427",가시덤불 암호랑이 (772),"-12907.700, -407.618, 12.128","-12907.700, -397.618, 12.128","-12907.700, -417.618, 12.128"
100,동부 왕국,가시덤불 골짜기,네싱워리 원정대,상위지역 경계 대체,33,술취한 투사 (15724),"-14258.600, 327.030, 26.364","-14258.600, 337.030, 26.364","-14258.600, 317.030, 26.364",무법항 투사 (4624),"-14258.600, 327.030, 26.427","-14258.600, 337.030, 26.427","-14258.600, 317.030, 26.427",가시덤불 암호랑이 (772),"-12907.700, -407.618, 12.128","-12907.700, -397.618, 12.128","-12907.700, -417.618, 12.128"
101,동부 왕국,가시덤불 골짜기,쿠르젠 주둔지,상위지역 경계 대체,33,술취한 투사 (15724),"-14258.600, 327.030, 26.364","-14258.600, 337.030, 26.364","-14258.600, 317.030, 26.364",무법항 투사 (4624),"-14258.600, 327.030, 26.427","-14258.600, 337.030, 26.427","-14258.600, 317.030, 26.427",가시덤불 암호랑이 (772),"-12907.700, -407.618, 12.128","-12907.700, -397.618, 12.128","-12907.700, -417.618, 12.128"
102,동부 왕국,가시덤불 골짜기,줄쿤다의 폐허,상위지역 경계 대체,33,술취한 투사 (15724),"-14258.600, 327.030, 26.364","-14258.600, 337.030, 26.364","-14258.600, 317.030, 26.364",무법항 투사 (4624),"-14258.600, 327.030, 26.427","-14258.600, 337.030, 26.427","-14258.600, 317.030, 26.427",가시덤불 암호랑이 (772),"-12907.700, -407.618, 12.128","-12907.700, -397.618, 12.128","-12907.700, -417.618, 12.128"
103,동부 왕국,가시덤불 골짜기,줄맘웨의 폐허,상위지역 경계 대체,33,술취한 투사 (15724),"-14258.600, 327.030, 26.364","-14258.600, 337.030, 26.364","-14258.600, 317.030, 26.364",무법항 투사 (4624),"-14258.600, 327.030, 26.427","-14258.600, 337.030, 26.427","-14258.600, 317.030, 26.427",가시덤불 암호랑이 (772),"-12907.700, -407.618, 12.128","-12907.700, -397.618, 12.128","-12907.700, -417.618, 12.128"
104,동부 왕국,가시덤불 골짜기,썩은내 산호초,상위지역 경계 대체,33,술취한 투사 (15724),"-14258.600, 327.030, 26.364","-14258.600, 337.030, 26.364","-14258.600, 317.030, 26.364",무법항 투사 (4624),"-14258.600, 327.030, 26.427","-14258.600, 337.030, 26.427","-14258.600, 317.030, 26.427",가시덤불 암호랑이 (772),"-12907.700, -407.618, 12.128","-12907.700, -397.618, 12.128","-12907.700, -417.618, 12.128"
105,동부 왕국,가시덤불 골짜기,모쉬오그 오우거 소굴,상위지역 경계 대체,33,술취한 투사 (15724),"-14258.600, 327.030, 26.364","-14258.600, 337.030, 26.364","-14258.600, 317.030, 26.364",무법항 투사 (4624),"-14258.600, 327.030, 26.427","-14258.600, 337.030, 26.427","-14258.600, 317.030, 26.427",가시덤불 암호랑이 (772),"-12907.700, -407.618, 12.128","-12907.700, -397.618, 12.128","-12907.700, -417.618, 12.128"
106,동부 왕국,가시덤불 골짜기,보급창,상위지역 경계 대체,33,술취한 투사 (15724),"-14258.600, 327.030, 26.364","-14258.600, 337.030, 26.364","-14258.600, 317.030, 26.364",무법항 투사 (4624),"-14258.600, 327.030, 26.427","-14258.600, 337.030, 26.427","-14258.600, 317.030, 26.427",가시덤불 암호랑이 (772),"-12907.700, -407.618, 12.128","-12907.700, -397.618, 12.128","-12907.700, -417.618, 12.128"
107,동부 왕국,서부 몰락지대,살딘 농장,상위지역 경계 대체,40,병든 늑대 (525),"-9707.640, 782.041, 31.745","-9707.640, 792.041, 31.745","-9707.640, 772.041, 31.745",뿔엄니멧돼지 (157),"-10627.600, 1326.260, 38.080","-10627.600, 1336.260, 38.080","-10627.600, 1316.260, 38.080",돌엄니멧돼지 (113),"-9929.220, 443.641, 34.594","-9929.220, 453.641, 34.594","-9929.220, 433.641, 34.594"
108,동부 왕국,서부 몰락지대,감시의 언덕,상위지역 경계 대체,40,병든 늑대 (525),"-9707.640, 782.041, 31.745","-9707.640, 792.041, 31.745","-9707.640, 772.041, 31.745",뿔엄니멧돼지 (157),"-10627.600, 1326.260, 38.080","-10627.600, 1336.260, 38.080","-10627.600, 1316.260, 38.080",돌엄니멧돼지 (113),"-9929.220, 443.641, 34.594","-9929.220, 453.641, 34.594","-9929.220, 433.641, 34.594"
109,동부 왕국,서부 몰락지대,펄브로우 호박밭,상위지역 경계 대체,40,병든 늑대 (525),"-9707.640, 782.041, 31.745","-9707.640, 792.041, 31.745","-9707.640, 772.041, 31.745",뿔엄니멧돼지 (157),"-10627.600, 1326.260, 38.080","-10627.600, 1336.260, 38.080","-10627.600, 1316.260, 38.080",돌엄니멧돼지 (113),"-9929.220, 443.641, 34.594","-9929.220, 453.641, 34.594","-9929.220, 433.641, 34.594"
111,동부 왕국,서부 몰락지대,장고로드 광산,상위지역 경계 대체,40,병든 늑대 (525),"-9707.640, 782.041, 31.745","-9707.640, 792.041, 31.745","-9707.640, 772.041, 31.745",뿔엄니멧돼지 (157),"-10627.600, 1326.260, 38.080","-10627.600, 1336.260, 38.080","-10627.600, 1316.260, 38.080",돌엄니멧돼지 (113),"-9929.220, 443.641, 34.594","-9929.220, 453.641, 34.594","-9929.220, 433.641, 34.594"
113,동부 왕국,서부 몰락지대,황금해안 채석장,상위지역 경계 대체,40,병든 늑대 (525),"-9707.640, 782.041, 31.745","-9707.640, 792.041, 31.745","-9707.640, 772.041, 31.745",뿔엄니멧돼지 (157),"-10627.600, 1326.260, 38.080","-10627.600, 1336.260, 38.080","-10627.600, 1316.260, 38.080",돌엄니멧돼지 (113),"-9929.220, 443.641, 34.594","-9929.220, 453.641, 34.594","-9929.220, 433.641, 34.594"
115,동부 왕국,서부 몰락지대,서부 몰락지대 등대,상위지역 경계 대체,40,병든 늑대 (525),"-9707.640, 782.041, 31.745","-9707.640, 792.041, 31.745","-9707.640, 772.041, 31.745",뿔엄니멧돼지 (157),"-10627.600, 1326.260, 38.080","-10627.600, 1336.260, 38.080","-10627.600, 1316.260, 38.080",돌엄니멧돼지 (113),"-9929.220, 443.641, 34.594","-9929.220, 453.641, 34.594","-9929.220, 433.641, 34.594"
116,동부 왕국,슬픔의 늪,안개 골짜기,상위지역 경계 대체,8,네더가드 광부 (5996),"-10499.000, -3328.550, -4.555","-10499.000, -3318.550, -4.555","-10499.000, -3338.550, -4.555",네더가드 병사 (5999),"-10874.300, -3284.880, 88.425","-10874.300, -3274.880, 88.425","-10874.300, -3294.880, 88.425",늪지멀록 먹물쟁이 (750),"-10865.800, -3642.490, 13.737","-10865.800, -3632.490, 13.737","-10865.800, -3652.490, 13.737"
117,동부 왕국,가시덤불 골짜기,그롬골 주둔지,상위지역 경계 대체,33,술취한 투사 (15724),"-14258.600, 327.030, 26.364","-14258.600, 337.030, 26.364","-14258.600, 317.030, 26.364",무법항 투사 (4624),"-14258.600, 327.030, 26.427","-14258.600, 337.030, 26.427","-14258.600, 317.030, 26.427",가시덤불 암호랑이 (772),"-12907.700, -407.618, 12.128","-12907.700, -397.618, 12.128","-12907.700, -417.618, 12.128"
118,동부 왕국,저습지,웰가르의 발굴현장,상위지역 경계 대체,11,새끼 습지악어 (1417),"-3406.250, -2668.750, 6.533","-3406.250, -2658.750, 6.533","-3406.250, -2678.750, 6.533",용아귀부족 약탈자 (1034),"-3482.190, -2451.440, 46.543","-3482.190, -2441.440, 46.543","-3482.190, -2461.440, 46.543",습지악어 (1400),"-3162.970, -2301.090, 7.082","-3162.970, -2291.090, 7.082","-3162.970, -2311.090, 7.082"
120,동부 왕국,엘윈 숲,서부 주둔지,상위지역 경계 대체,12,병든 늑대 (525),"-9222.780, -53.985, 73.610","-9222.780, -43.985, 73.610","-9222.780, -63.985, 73.610",돌가죽멧돼지 (524),"-9652.080, -306.250, 58.709","-9652.080, -296.250, 58.709","-9652.080, -316.250, 58.709",굶주린 늑대 (118),"-8941.040, -734.319, 70.435","-8941.040, -724.319, 70.435","-8941.040, -744.319, 70.435"
121,동부 왕국,그늘숲,고요의 정원 묘지,상위지역 경계 대체,10,돌가죽멧돼지 (524),"-9926.910, -371.035, 27.431","-9926.910, -361.035, 27.431","-9926.910, -381.035, 27.431",파멸의어둠일족 암흑길잡이 (205),"-10530.900, -786.683, 57.438","-10530.900, -776.683, 57.438","-10530.900, -796.683, 57.438",새끼 검은과부거미 (930),"-10751.200, -172.226, 40.478","-10751.200, -162.226, 40.478","-10751.200, -182.226, 40.478"
122,동부 왕국,가시덤불 골짜기,줄다이아 폐허,상위지역 경계 대체,33,술취한 투사 (15724),"-14258.600, 327.030, 26.364","-14258.600, 337.030, 26.364","-14258.600, 317.030, 26.364",무법항 투사 (4624),"-14258.600, 327.030, 26.427","-14258.600, 337.030, 26.427","-14258.600, 317.030, 26.427",가시덤불 암호랑이 (772),"-12907.700, -407.618, 12.128","-12907.700, -397.618, 12.128","-12907.700, -417.618, 12.128"
123,동부 왕국,가시덤불 골짜기,발랄 폐허,상위지역 경계 대체,33,술취한 투사 (15724),"-14258.600, 327.030, 26.364","-14258.600, 337.030, 26.364","-14258.600, 317.030, 26.364",무법항 투사 (4624),"-14258.600, 327.030, 26.427","-14258.600, 337.030, 26.427","-14258.600, 317.030, 26.427",가시덤불 암호랑이 (772),"-12907.700, -407.618, 12.128","-12907.700, -397.618, 12.128","-12907.700, -417.618, 12.128"
125,동부 왕국,가시덤불 골짜기,칼아이 폐허,상위지역 경계 대체,33,술취한 투사 (15724),"-14258.600, 327.030, 26.364","-14258.600, 337.030, 26.364","-14258.600, 317.030, 26.364",무법항 투사 (4624),"-14258.600, 327.030, 26.427","-14258.600, 337.030, 26.427","-14258.600, 317.030, 26.427",가시덤불 암호랑이 (772),"-12907.700, -407.618, 12.128","-12907.700, -397.618, 12.128","-12907.700, -417.618, 12.128"
126,동부 왕국,가시덤불 골짜기,트카시 폐허,상위지역 경계 대체,33,술취한 투사 (15724),"-14258.600, 327.030, 26.364","-14258.600, 337.030, 26.364","-14258.600, 317.030, 26.364",무법항 투사 (4624),"-14258.600, 327.030, 26.427","-14258.600, 337.030, 26.427","-14258.600, 317.030, 26.427",가시덤불 암호랑이 (772),"-12907.700, -407.618, 12.128","-12907.700, -397.618, 12.128","-12907.700, -417.618, 12.128"
127,동부 왕국,가시덤불 골짜기,발리아마 폐허,상위지역 경계 대체,33,술취한 투사 (15724),"-14258.600, 327.030, 26.364","-14258.600, 337.030, 26.364","-14258.600, 317.030, 26.364",무법항 투사 (4624),"-14258.600, 327.030, 26.427","-14258.600, 337.030, 26.427","-14258.600, 317.030, 26.427",가시덤불 암호랑이 (772),"-12907.700, -407.618, 12.128","-12907.700, -397.618, 12.128","-12907.700, -417.618, 12.128"
128,동부 왕국,가시덤불 골짜기,지아타자이 폐허,상위지역 경계 대체,33,술취한 투사 (15724),"-14258.600, 327.030, 26.364","-14258.600, 337.030, 26.364","-14258.600, 317.030, 26.364",무법항 투사 (4624),"-14258.600, 327.030, 26.427","-14258.600, 337.030, 26.427","-14258.600, 317.030, 26.427",가시덤불 암호랑이 (772),"-12907.700, -407.618, 12.128","-12907.700, -397.618, 12.128","-12907.700, -417.618, 12.128"
129,동부 왕국,가시덤불 골짜기,미즈자 폐허,상위지역 경계 대체,33,술취한 투사 (15724),"-14258.600, 327.030, 26.364","-14258.600, 337.030, 26.364","-14258.600, 317.030, 26.364",무법항 투사 (4624),"-14258.600, 327.030, 26.427","-14258.600, 337.030, 26.427","-14258.600, 317.030, 26.427",가시덤불 암호랑이 (772),"-12907.700, -407.618, 12.128","-12907.700, -397.618, 12.128","-12907.700, -417.618, 12.128"
130,동부 왕국,,은빛소나무 숲,지역 경계 직접,130,거대한 이끼거미 (2349),"-24.688, 375.408, 51.507","-24.688, 385.408, 51.507","-24.688, 365.408, 51.507",덩치 큰 회색곰 (2356),"-53.883, 351.264, 62.596","-53.883, 361.264, 62.596","-53.883, 341.264, 62.596",썩은지느러미멀록 술사 (1909),"456.141, 741.376, 38.490","456.141, 751.376, 38.490","456.141, 731.376, 38.490"
131,동부 왕국,던 모로,카라노스,상위지역 경계 대체,1,덩치 큰 멧돼지 (1127),"-5660.910, -922.077, 412.427","-5660.910, -912.077, 412.427","-5660.910, -932.077, 412.427",멧돼지 (1125),"-5534.430, -632.649, 407.758","-5534.430, -622.649, 407.758","-5534.430, -642.649, 407.758",눈표범 (1201),"-5733.190, -576.408, 399.414","-5733.190, -566.408, 399.414","-5733.190, -586.408, 399.414"
132,동부 왕국,던 모로,눈마루 골짜기,상위지역 경계 대체,1,덩치 큰 멧돼지 (1127),"-5660.910, -922.077, 412.427","-5660.910, -912.077, 412.427","-5660.910, -932.077, 412.427",멧돼지 (1125),"-5534.430, -632.649, 407.758","-5534.430, -622.649, 407.758","-5534.430, -642.649, 407.758",눈표범 (1201),"-5733.190, -576.408, 399.414","-5733.190, -566.408, 399.414","-5733.190, -586.408, 399.414"
133,동부 왕국,던 모로,놈리건,상위지역 경계 대체,1,덩치 큰 멧돼지 (1127),"-5660.910, -922.077, 412.427","-5660.910, -912.077, 412.427","-5660.910, -932.077, 412.427",멧돼지 (1125),"-5534.430, -632.649, 407.758","-5534.430, -622.649, 407.758","-5534.430, -642.649, 407.758",눈표범 (1201),"-5733.190, -576.408, 399.414","-5733.190, -566.408, 399.414","-5733.190, -586.408, 399.414"
134,동부 왕국,던 모로,골볼라 채석장,상위지역 경계 대체,1,덩치 큰 멧돼지 (1127),"-5660.910, -922.077, 412.427","-5660.910, -912.077, 412.427","-5660.910, -932.077, 412.427",멧돼지 (1125),"-5534.430, -632.649, 407.758","-5534.430, -622.649, 407.758","-5534.430, -642.649, 407.758",눈표범 (1201),"-5733.190, -576.408, 399.414","-5733.190, -566.408, 399.414","-5733.190, -586.408, 399.414"
135,동부 왕국,던 모로,서리갈기 소굴,상위지역 경계 대체,1,덩치 큰 멧돼지 (1127),"-5660.910, -922.077, 412.427","-5660.910, -912.077, 412.427","-5660.910, -932.077, 412.427",멧돼지 (1125),"-5534.430, -632.649, 407.758","-5534.430, -622.649, 407.758","-5534.430, -642.649, 407.758",눈표범 (1201),"-5733.190, -576.408, 399.414","-5733.190, -566.408, 399.414","-5733.190, -586.408, 399.414"
136,동부 왕국,던 모로,은빛 동굴,상위지역 경계 대체,1,덩치 큰 멧돼지 (1127),"-5660.910, -922.077, 412.427","-5660.910, -912.077, 412.427","-5660.910, -932.077, 412.427",멧돼지 (1125),"-5534.430, -632.649, 407.758","-5534.430, -622.649, 407.758","-5534.430, -642.649, 407.758",눈표범 (1201),"-5733.190, -576.408, 399.414","-5733.190, -566.408, 399.414","-5733.190, -586.408, 399.414"
137,동부 왕국,던 모로,브루날 마을,상위지역 경계 대체,1,덩치 큰 멧돼지 (1127),"-5660.910, -922.077, 412.427","-5660.910, -912.077, 412.427","-5660.910, -932.077, 412.427",멧돼지 (1125),"-5534.430, -632.649, 407.758","-5534.430, -622.649, 407.758","-5534.430, -642.649, 407.758",눈표범 (1201),"-5733.190, -576.408, 399.414","-5733.190, -566.408, 399.414","-5733.190, -586.408, 399.414"
138,동부 왕국,던 모로,안개소나무 은거처,상위지역 경계 대체,1,덩치 큰 멧돼지 (1127),"-5660.910, -922.077, 412.427","-5660.910, -912.077, 412.427","-5660.910, -932.077, 412.427",멧돼지 (1125),"-5534.430, -632.649, 407.758","-5534.430, -622.649, 407.758","-5534.430, -642.649, 407.758",눈표범 (1201),"-5733.190, -576.408, 399.414","-5733.190, -566.408, 399.414","-5733.190, -586.408, 399.414"
139,동부 왕국,,동부 역병지대,지역 경계 직접,139,청소부구더기 (8603),"2373.640, -4302.370, 77.802","2373.640, -4292.370, 77.802","2373.640, -4312.370, 77.802",역병박쥐 (8600),"1964.440, -4051.470, 89.981","1964.440, -4041.470, 89.981","1964.440, -4061.470, 89.981",광포한 역병사냥개 (8598),"2611.910, -4366.740, 79.316","2611.910, -4356.740, 79.316","2611.910, -4376.740, 79.316"
141,칼림도어,,텔드랏실,지역 경계 직접,141,나무옹이일족 파수꾼 (2010),"9928.130, 1534.450, 1317.680","9928.130, 1544.450, 1317.680","9928.130, 1524.450, 1317.680",나무옹이일족 주술사 (2009),"9869.990, 1511.570, 1272.790","9869.990, 1521.570, 1272.790","9869.990, 1501.570, 1272.790",나무그물거미 (1986),"10666.500, 933.339, 1322.000","10666.500, 943.339, 1322.000","10666.500, 923.339, 1322.000"
142,동부 왕국,모단 호수,아이언밴드의 발굴현장,상위지역 경계 대체,38,가루바위일족 점쟁이 (1166),"-5038.670, -3361.670, 298.385","-5038.670, -3351.670, 298.385","-5038.670, -3371.670, 298.385",동굴쥐일족 졸개 (1172),"-5030.430, -3014.490, 330.606","-5030.430, -3004.490, 330.606","-5030.430, -3024.490, 330.606",가루바위 트로그 (1161),"-5810.560, -2965.800, 365.715","-5810.560, -2955.800, 365.715","-5810.560, -2975.800, 365.715"
143,동부 왕국,모단 호수,모그로쉬 소굴,상위지역 경계 대체,38,가루바위일족 점쟁이 (1166),"-5038.670, -3361.670, 298.385","-5038.670, -3351.670, 298.385","-5038.670, -3371.670, 298.385",동굴쥐일족 졸개 (1172),"-5030.430, -3014.490, 330.606","-5030.430, -3004.490, 330.606","-5030.430, -3024.490, 330.606",가루바위 트로그 (1161),"-5810.560, -2965.800, 365.715","-5810.560, -2955.800, 365.715","-5810.560, -2975.800, 365.715"
144,동부 왕국,모단 호수,텔사마,상위지역 경계 대체,38,가루바위일족 점쟁이 (1166),"-5038.670, -3361.670, 298.385","-5038.670, -3351.670, 298.385","-5038.670, -3371.670, 298.385",동굴쥐일족 졸개 (1172),"-5030.430, -3014.490, 330.606","-5030.430, -3004.490, 330.606","-5030.430, -3024.490, 330.606",가루바위 트로그 (1161),"-5810.560, -2965.800, 365.715","-5810.560, -2955.800, 365.715","-5810.560, -2975.800, 365.715"
145,동부 왕국,모단 호수,알가즈 관문,상위지역 경계 대체,38,가루바위일족 점쟁이 (1166),"-5038.670, -3361.670, 298.385","-5038.670, -3351.670, 298.385","-5038.670, -3371.670, 298.385",동굴쥐일족 졸개 (1172),"-5030.430, -3014.490, 330.606","-5030.430, -3004.490, 330.606","-5030.430, -3024.490, 330.606",가루바위 트로그 (1161),"-5810.560, -2965.800, 365.715","-5810.560, -2955.800, 365.715","-5810.560, -2975.800, 365.715"
146,동부 왕국,모단 호수,돌다지 댐,상위지역 경계 대체,38,가루바위일족 점쟁이 (1166),"-5038.670, -3361.670, 298.385","-5038.670, -3351.670, 298.385","-5038.670, -3371.670, 298.385",동굴쥐일족 졸개 (1172),"-5030.430, -3014.490, 330.606","-5030.430, -3004.490, 330.606","-5030.430, -3024.490, 330.606",가루바위 트로그 (1161),"-5810.560, -2965.800, 365.715","-5810.560, -2955.800, 365.715","-5810.560, -2975.800, 365.715"
147,동부 왕국,모단 호수,순찰자의 오두막,상위지역 경계 대체,38,가루바위일족 점쟁이 (1166),"-5038.670, -3361.670, 298.385","-5038.670, -3351.670, 298.385","-5038.670, -3371.670, 298.385",동굴쥐일족 졸개 (1172),"-5030.430, -3014.490, 330.606","-5030.430, -3004.490, 330.606","-5030.430, -3024.490, 330.606",가루바위 트로그 (1161),"-5810.560, -2965.800, 365.715","-5810.560, -2955.800, 365.715","-5810.560, -2975.800, 365.715"
148,칼림도어,,어둠의 해안,지역 경계 직접,148,광포한 엉겅퀴곰 (2164),"6778.400, -231.362, 35.105","6778.400, -221.362, 35.105","6778.400, -241.362, 35.105",새끼 숲타조 (2321),"6018.120, -77.943, 57.790","6018.120, -67.943, 57.790","6018.120, -87.943, 57.790",엉겅퀴곰 (2163),"5940.990, -91.419, 57.738","5940.990, -81.419, 57.738","5940.990, -101.419, 57.738"
149,동부 왕국,모단 호수,은여울 광산,상위지역 경계 대체,38,가루바위일족 점쟁이 (1166),"-5038.670, -3361.670, 298.385","-5038.670, -3351.670, 298.385","-5038.670, -3371.670, 298.385",동굴쥐일족 졸개 (1172),"-5030.430, -3014.490, 330.606","-5030.430, -3004.490, 330.606","-5030.430, -3024.490, 330.606",가루바위 트로그 (1161),"-5810.560, -2965.800, 365.715","-5810.560, -2955.800, 365.715","-5810.560, -2975.800, 365.715"
150,동부 왕국,저습지,메네실 항구,상위지역 경계 대체,11,새끼 습지악어 (1417),"-3406.250, -2668.750, 6.533","-3406.250, -2658.750, 6.533","-3406.250, -2678.750, 6.533",용아귀부족 약탈자 (1034),"-3482.190, -2451.440, 46.543","-3482.190, -2441.440, 46.543","-3482.190, -2461.440, 46.543",습지악어 (1400),"-3162.970, -2301.090, 7.082","-3162.970, -2291.090, 7.082","-3162.970, -2311.090, 7.082"
152,동부 왕국,티리스팔 숲,보루,상위지역 경계 대체,85,저주받은 암흑사냥개 (1548),"2334.720, 776.210, 33.650","2334.720, 786.210, 33.650","2334.720, 766.210, 33.650",그늘흡혈박쥐 (1554),"2035.300, 813.816, 34.843","2035.300, 823.816, 34.843","2035.300, 803.816, 34.843",거대한 그늘박쥐 (1553),"2340.460, 796.870, 35.299","2340.460, 806.870, 35.299","2340.460, 786.870, 35.299"
153,동부 왕국,티리스팔 숲,로데론의 폐허,상위지역 경계 대체,85,저주받은 암흑사냥개 (1548),"2334.720, 776.210, 33.650","2334.720, 786.210, 33.650","2334.720, 766.210, 33.650",그늘흡혈박쥐 (1554),"2035.300, 813.816, 34.843","2035.300, 823.816, 34.843","2035.300, 803.816, 34.843",거대한 그늘박쥐 (1553),"2340.460, 796.870, 35.299","2340.460, 806.870, 35.299","2340.460, 786.870, 35.299"
154,동부 왕국,티리스팔 숲,데스넬,상위지역 경계 대체,85,저주받은 암흑사냥개 (1548),"2334.720, 776.210, 33.650","2334.720, 786.210, 33.650","2334.720, 766.210, 33.650",그늘흡혈박쥐 (1554),"2035.300, 813.816, 34.843","2035.300, 823.816, 34.843","2035.300, 803.816, 34.843",거대한 그늘박쥐 (1553),"2340.460, 796.870, 35.299","2340.460, 806.870, 35.299","2340.460, 786.870, 35.299"
155,동부 왕국,티리스팔 숲,검은그물 거미굴,상위지역 경계 대체,85,저주받은 암흑사냥개 (1548),"2334.720, 776.210, 33.650","2334.720, 786.210, 33.650","2334.720, 766.210, 33.650",그늘흡혈박쥐 (1554),"2035.300, 813.816, 34.843","2035.300, 823.816, 34.843","2035.300, 803.816, 34.843",거대한 그늘박쥐 (1553),"2340.460, 796.870, 35.299","2340.460, 806.870, 35.299","2340.460, 786.870, 35.299"
156,동부 왕국,티리스팔 숲,솔리덴 농장,상위지역 경계 대체,85,저주받은 암흑사냥개 (1548),"2334.720, 776.210, 33.650","2334.720, 786.210, 33.650","2334.720, 766.210, 33.650",그늘흡혈박쥐 (1554),"2035.300, 813.816, 34.843","2035.300, 823.816, 34.843","2035.300, 803.816, 34.843",거대한 그늘박쥐 (1553),"2340.460, 796.870, 35.299","2340.460, 806.870, 35.299","2340.460, 786.870, 35.299"
157,동부 왕국,티리스팔 숲,아가만드 밀농장,상위지역 경계 대체,85,저주받은 암흑사냥개 (1548),"2334.720, 776.210, 33.650","2334.720, 786.210, 33.650","2334.720, 766.210, 33.650",그늘흡혈박쥐 (1554),"2035.300, 813.816, 34.843","2035.300, 823.816, 34.843","2035.300, 803.816, 34.843",거대한 그늘박쥐 (1553),"2340.460, 796.870, 35.299","2340.460, 806.870, 35.299","2340.460, 786.870, 35.299"
158,동부 왕국,티리스팔 숲,아가만드가 납골당,상위지역 경계 대체,85,저주받은 암흑사냥개 (1548),"2334.720, 776.210, 33.650","2334.720, 786.210, 33.650","2334.720, 766.210, 33.650",그늘흡혈박쥐 (1554),"2035.300, 813.816, 34.843","2035.300, 823.816, 34.843","2035.300, 803.816, 34.843",거대한 그늘박쥐 (1553),"2340.460, 796.870, 35.299","2340.460, 806.870, 35.299","2340.460, 786.870, 35.299"
159,동부 왕국,티리스팔 숲,브릴,상위지역 경계 대체,85,저주받은 암흑사냥개 (1548),"2334.720, 776.210, 33.650","2334.720, 786.210, 33.650","2334.720, 766.210, 33.650",그늘흡혈박쥐 (1554),"2035.300, 813.816, 34.843","2035.300, 823.816, 34.843","2035.300, 803.816, 34.843",거대한 그늘박쥐 (1553),"2340.460, 796.870, 35.299","2340.460, 806.870, 35.299","2340.460, 786.870, 35.299"
160,동부 왕국,티리스팔 숲,속삭임의 정원,상위지역 경계 대체,85,저주받은 암흑사냥개 (1548),"2334.720, 776.210, 33.650","2334.720, 786.210, 33.650","2334.720, 766.210, 33.650",그늘흡혈박쥐 (1554),"2035.300, 813.816, 34.843","2035.300, 823.816, 34.843","2035.300, 803.816, 34.843",거대한 그늘박쥐 (1553),"2340.460, 796.870, 35.299","2340.460, 806.870, 35.299","2340.460, 786.870, 35.299"
161,동부 왕국,티리스팔 숲,평온의 정원,상위지역 경계 대체,85,저주받은 암흑사냥개 (1548),"2334.720, 776.210, 33.650","2334.720, 786.210, 33.650","2334.720, 766.210, 33.650",그늘흡혈박쥐 (1554),"2035.300, 813.816, 34.843","2035.300, 823.816, 34.843","2035.300, 803.816, 34.843",거대한 그늘박쥐 (1553),"2340.460, 796.870, 35.299","2340.460, 806.870, 35.299","2340.460, 786.870, 35.299"
162,동부 왕국,티리스팔 숲,청명 호수,상위지역 경계 대체,85,저주받은 암흑사냥개 (1548),"2334.720, 776.210, 33.650","2334.720, 786.210, 33.650","2334.720, 766.210, 33.650",그늘흡혈박쥐 (1554),"2035.300, 813.816, 34.843","2035.300, 823.816, 34.843","2035.300, 803.816, 34.843",거대한 그늘박쥐 (1553),"2340.460, 796.870, 35.299","2340.460, 806.870, 35.299","2340.460, 786.870, 35.299"
163,동부 왕국,티리스팔 숲,군터의 은거지,상위지역 경계 대체,85,저주받은 암흑사냥개 (1548),"2334.720, 776.210, 33.650","2334.720, 786.210, 33.650","2334.720, 766.210, 33.650",그늘흡혈박쥐 (1554),"2035.300, 813.816, 34.843","2035.300, 823.816, 34.843","2035.300, 803.816, 34.843",거대한 그늘박쥐 (1553),"2340.460, 796.870, 35.299","2340.460, 806.870, 35.299","2340.460, 786.870, 35.299"
164,동부 왕국,티리스팔 숲,가렌의 흉가,상위지역 경계 대체,85,저주받은 암흑사냥개 (1548),"2334.720, 776.210, 33.650","2334.720, 786.210, 33.650","2334.720, 766.210, 33.650",그늘흡혈박쥐 (1554),"2035.300, 813.816, 34.843","2035.300, 823.816, 34.843","2035.300, 803.816, 34.843",거대한 그늘박쥐 (1553),"2340.460, 796.870, 35.299","2340.460, 806.870, 35.299","2340.460, 786.870, 35.299"
165,동부 왕국,티리스팔 숲,발니르 농장,상위지역 경계 대체,85,저주받은 암흑사냥개 (1548),"2334.720, 776.210, 33.650","2334.720, 786.210, 33.650","2334.720, 766.210, 33.650",그늘흡혈박쥐 (1554),"2035.300, 813.816, 34.843","2035.300, 823.816, 34.843","2035.300, 803.816, 34.843",거대한 그늘박쥐 (1553),"2340.460, 796.870, 35.299","2340.460, 806.870, 35.299","2340.460, 786.870, 35.299"
166,동부 왕국,티리스팔 숲,버려진 장원,상위지역 경계 대체,85,저주받은 암흑사냥개 (1548),"2334.720, 776.210, 33.650","2334.720, 786.210, 33.650","2334.720, 766.210, 33.650",그늘흡혈박쥐 (1554),"2035.300, 813.816, 34.843","2035.300, 823.816, 34.843","2035.300, 803.816, 34.843",거대한 그늘박쥐 (1553),"2340.460, 796.870, 35.299","2340.460, 806.870, 35.299","2340.460, 786.870, 35.299"
167,동부 왕국,티리스팔 숲,붉은십자군 전초기지,상위지역 경계 대체,85,저주받은 암흑사냥개 (1548),"2334.720, 776.210, 33.650","2334.720, 786.210, 33.650","2334.720, 766.210, 33.650",그늘흡혈박쥐 (1554),"2035.300, 813.816, 34.843","2035.300, 823.816, 34.843","2035.300, 803.816, 34.843",거대한 그늘박쥐 (1553),"2340.460, 796.870, 35.299","2340.460, 806.870, 35.299","2340.460, 786.870, 35.299"
168,동부 왕국,티리스팔 숲,북부 해안,상위지역 경계 대체,85,저주받은 암흑사냥개 (1548),"2334.720, 776.210, 33.650","2334.720, 786.210, 33.650","2334.720, 766.210, 33.650",그늘흡혈박쥐 (1554),"2035.300, 813.816, 34.843","2035.300, 823.816, 34.843","2035.300, 803.816, 34.843",거대한 그늘박쥐 (1553),"2340.460, 796.870, 35.299","2340.460, 806.870, 35.299","2340.460, 786.870, 35.299"
169,동부 왕국,티리스팔 숲,속삭임의 해안,상위지역 경계 대체,85,저주받은 암흑사냥개 (1548),"2334.720, 776.210, 33.650","2334.720, 786.210, 33.650","2334.720, 766.210, 33.650",그늘흡혈박쥐 (1554),"2035.300, 813.816, 34.843","2035.300, 823.816, 34.843","2035.300, 803.816, 34.843",거대한 그늘박쥐 (1553),"2340.460, 796.870, 35.299","2340.460, 806.870, 35.299","2340.460, 786.870, 35.299"
170,동부 왕국,,로다미어 호수,없음,,없음,,,,없음,,,,없음,,,
172,동부 왕국,은빛소나무 숲,펜리스 섬,상위지역 경계 대체,130,거대한 이끼거미 (2349),"-24.688, 375.408, 51.507","-24.688, 385.408, 51.507","-24.688, 365.408, 51.507",덩치 큰 회색곰 (2356),"-53.883, 351.264, 62.596","-53.883, 361.264, 62.596","-53.883, 341.264, 62.596",썩은지느러미멀록 술사 (1909),"456.141, 741.376, 38.490","456.141, 751.376, 38.490","456.141, 731.376, 38.490"
173,동부 왕국,티리스팔 숲,파올의 안식처,상위지역 경계 대체,85,저주받은 암흑사냥개 (1548),"2334.720, 776.210, 33.650","2334.720, 786.210, 33.650","2334.720, 766.210, 33.650",그늘흡혈박쥐 (1554),"2035.300, 813.816, 34.843","2035.300, 823.816, 34.843","2035.300, 803.816, 34.843",거대한 그늘박쥐 (1553),"2340.460, 796.870, 35.299","2340.460, 806.870, 35.299","2340.460, 786.870, 35.299"
186,칼림도어,텔드랏실,돌라나르,상위지역 경계 대체,141,나무옹이일족 파수꾼 (2010),"9928.130, 1534.450, 1317.680","9928.130, 1544.450, 1317.680","9928.130, 1524.450, 1317.680",나무옹이일족 주술사 (2009),"9869.990, 1511.570, 1272.790","9869.990, 1521.570, 1272.790","9869.990, 1501.570, 1272.790",나무그물거미 (1986),"10666.500, 933.339, 1322.000","10666.500, 943.339, 1322.000","10666.500, 923.339, 1322.000"
187,칼림도어,텔드랏실,다르나서스 미사용,상위지역 경계 대체,141,나무옹이일족 파수꾼 (2010),"9928.130, 1534.450, 1317.680","9928.130, 1544.450, 1317.680","9928.130, 1524.450, 1317.680",나무옹이일족 주술사 (2009),"9869.990, 1511.570, 1272.790","9869.990, 1521.570, 1272.790","9869.990, 1501.570, 1272.790",나무그물거미 (1986),"10666.500, 933.339, 1322.000","10666.500, 943.339, 1322.000","10666.500, 923.339, 1322.000"
188,칼림도어,텔드랏실,그늘 협곡,상위지역 경계 대체,141,나무옹이일족 파수꾼 (2010),"9928.130, 1534.450, 1317.680","9928.130, 1544.450, 1317.680","9928.130, 1524.450, 1317.680",나무옹이일족 주술사 (2009),"9869.990, 1511.570, 1272.790","9869.990, 1521.570, 1272.790","9869.990, 1501.570, 1272.790",나무그물거미 (1986),"10666.500, 933.339, 1322.000","10666.500, 943.339, 1322.000","10666.500, 923.339, 1322.000"
189,동부 왕국,던 모로,스틸그릴의 정비소,상위지역 경계 대체,1,덩치 큰 멧돼지 (1127),"-5660.910, -922.077, 412.427","-5660.910, -912.077, 412.427","-5660.910, -932.077, 412.427",멧돼지 (1125),"-5534.430, -632.649, 407.758","-5534.430, -622.649, 407.758","-5534.430, -642.649, 407.758",눈표범 (1201),"-5733.190, -576.408, 399.414","-5733.190, -566.408, 399.414","-5733.190, -586.408, 399.414"
190,동부 왕국,서부 역병지대,하스글렌,상위지역 경계 대체,28,그늘흡혈박쥐 (1554),"2487.740, -1050.970, 93.581","2487.740, -1040.970, 93.581","2487.740, -1060.970, 93.581",저주받은 암흑사냥개 (1548),"1888.410, -643.062, 48.334","1888.410, -633.062, 48.334","1888.410, -653.062, 48.334",투명 추적자 (31576),"1808.840, 204.643, 60.500","1808.840, 214.643, 60.500","1808.840, 194.643, 60.500"
192,동부 왕국,서부 역병지대,북마루 벌목지,상위지역 경계 대체,28,그늘흡혈박쥐 (1554),"2487.740, -1050.970, 93.581","2487.740, -1040.970, 93.581","2487.740, -1060.970, 93.581",저주받은 암흑사냥개 (1548),"1888.410, -643.062, 48.334","1888.410, -633.062, 48.334","1888.410, -653.062, 48.334",투명 추적자 (31576),"1808.840, 204.643, 60.500","1808.840, 214.643, 60.500","1808.840, 194.643, 60.500"
193,동부 왕국,서부 역병지대,안돌할 폐허,상위지역 경계 대체,28,그늘흡혈박쥐 (1554),"2487.740, -1050.970, 93.581","2487.740, -1040.970, 93.581","2487.740, -1060.970, 93.581",저주받은 암흑사냥개 (1548),"1888.410, -643.062, 48.334","1888.410, -633.062, 48.334","1888.410, -653.062, 48.334",투명 추적자 (31576),"1808.840, 204.643, 60.500","1808.840, 214.643, 60.500","1808.840, 194.643, 60.500"
195,동부 왕국,서부 역병지대,강령술 학교,상위지역 경계 대체,28,그늘흡혈박쥐 (1554),"2487.740, -1050.970, 93.581","2487.740, -1040.970, 93.581","2487.740, -1060.970, 93.581",저주받은 암흑사냥개 (1548),"1888.410, -643.062, 48.334","1888.410, -633.062, 48.334","1888.410, -653.062, 48.334",투명 추적자 (31576),"1808.840, 204.643, 60.500","1808.840, 214.643, 60.500","1808.840, 194.643, 60.500"
196,동부 왕국,서부 역병지대,우서 경의 무덤,상위지역 경계 대체,28,그늘흡혈박쥐 (1554),"2487.740, -1050.970, 93.581","2487.740, -1040.970, 93.581","2487.740, -1060.970, 93.581",저주받은 암흑사냥개 (1548),"1888.410, -643.062, 48.334","1888.410, -633.062, 48.334","1888.410, -653.062, 48.334",투명 추적자 (31576),"1808.840, 204.643, 60.500","1808.840, 214.643, 60.500","1808.840, 194.643, 60.500"
197,동부 왕국,서부 역병지대,슬픔의 언덕,상위지역 경계 대체,28,그늘흡혈박쥐 (1554),"2487.740, -1050.970, 93.581","2487.740, -1040.970, 93.581","2487.740, -1060.970, 93.581",저주받은 암흑사냥개 (1548),"1888.410, -643.062, 48.334","1888.410, -633.062, 48.334","1888.410, -653.062, 48.334",투명 추적자 (31576),"1808.840, 204.643, 60.500","1808.840, 214.643, 60.500","1808.840, 194.643, 60.500"
198,동부 왕국,서부 역병지대,진흙탕 동굴,상위지역 경계 대체,28,그늘흡혈박쥐 (1554),"2487.740, -1050.970, 93.581","2487.740, -1040.970, 93.581","2487.740, -1060.970, 93.581",저주받은 암흑사냥개 (1548),"1888.410, -643.062, 48.334","1888.410, -633.062, 48.334","1888.410, -653.062, 48.334",투명 추적자 (31576),"1808.840, 204.643, 60.500","1808.840, 214.643, 60.500","1808.840, 194.643, 60.500"
199,동부 왕국,서부 역병지대,펠스톤 농장,상위지역 경계 대체,28,그늘흡혈박쥐 (1554),"2487.740, -1050.970, 93.581","2487.740, -1040.970, 93.581","2487.740, -1060.970, 93.581",저주받은 암흑사냥개 (1548),"1888.410, -643.062, 48.334","1888.410, -633.062, 48.334","1888.410, -653.062, 48.334",투명 추적자 (31576),"1808.840, 204.643, 60.500","1808.840, 214.643, 60.500","1808.840, 194.643, 60.500"
200,동부 왕국,서부 역병지대,달슨의 눈물,상위지역 경계 대체,28,그늘흡혈박쥐 (1554),"2487.740, -1050.970, 93.581","2487.740, -1040.970, 93.581","2487.740, -1060.970, 93.581",저주받은 암흑사냥개 (1548),"1888.410, -643.062, 48.334","1888.410, -633.062, 48.334","1888.410, -653.062, 48.334",투명 추적자 (31576),"1808.840, 204.643, 60.500","1808.840, 214.643, 60.500","1808.840, 194.643, 60.500"
201,동부 왕국,서부 역병지대,가론의 흉가,상위지역 경계 대체,28,그늘흡혈박쥐 (1554),"2487.740, -1050.970, 93.581","2487.740, -1040.970, 93.581","2487.740, -1060.970, 93.581",저주받은 암흑사냥개 (1548),"1888.410, -643.062, 48.334","1888.410, -633.062, 48.334","1888.410, -653.062, 48.334",투명 추적자 (31576),"1808.840, 204.643, 60.500","1808.840, 214.643, 60.500","1808.840, 194.643, 60.500"
202,동부 왕국,서부 역병지대,고통의 흉가,상위지역 경계 대체,28,그늘흡혈박쥐 (1554),"2487.740, -1050.970, 93.581","2487.740, -1040.970, 93.581","2487.740, -1060.970, 93.581",저주받은 암흑사냥개 (1548),"1888.410, -643.062, 48.334","1888.410, -633.062, 48.334","1888.410, -653.062, 48.334",투명 추적자 (31576),"1808.840, 204.643, 60.500","1808.840, 214.643, 60.500","1808.840, 194.643, 60.500"
203,동부 왕국,서부 역병지대,마르덴홀드 요새,상위지역 경계 대체,28,그늘흡혈박쥐 (1554),"2487.740, -1050.970, 93.581","2487.740, -1040.970, 93.581","2487.740, -1060.970, 93.581",저주받은 암흑사냥개 (1548),"1888.410, -643.062, 48.334","1888.410, -633.062, 48.334","1888.410, -653.062, 48.334",투명 추적자 (31576),"1808.840, 204.643, 60.500","1808.840, 214.643, 60.500","1808.840, 194.643, 60.500"
204,동부 왕국,은빛소나무 숲,장작나무 마을,상위지역 경계 대체,130,거대한 이끼거미 (2349),"-24.688, 375.408, 51.507","-24.688, 385.408, 51.507","-24.688, 365.408, 51.507",덩치 큰 회색곰 (2356),"-53.883, 351.264, 62.596","-53.883, 361.264, 62.596","-53.883, 341.264, 62.596",썩은지느러미멀록 술사 (1909),"456.141, 741.376, 38.490","456.141, 751.376, 38.490","456.141, 731.376, 38.490"
205,동부 왕국,저습지,던 모드르,상위지역 경계 대체,11,새끼 습지악어 (1417),"-3406.250, -2668.750, 6.533","-3406.250, -2658.750, 6.533","-3406.250, -2678.750, 6.533",용아귀부족 약탈자 (1034),"-3482.190, -2451.440, 46.543","-3482.190, -2441.440, 46.543","-3482.190, -2461.440, 46.543",습지악어 (1400),"-3162.970, -2301.090, 7.082","-3162.970, -2291.090, 7.082","-3162.970, -2311.090, 7.082"
210,노스렌드,,얼음왕관,지역 경계 직접,210,썩은 구울 (31812),"7555.260, 1556.580, 342.748","7555.260, 1566.580, 342.748","7555.260, 1546.580, 342.748",조종 당하는 영웅 (32255),"7321.900, 2447.820, 395.389","7321.900, 2457.820, 395.389","7321.900, 2437.820, 395.389",해골경비대 보병 (33438),"6390.260, 2071.170, 511.026","6390.260, 2081.170, 511.026","6390.260, 2061.170, 511.026"
211,동부 왕국,던 모로,얼음 호수,상위지역 경계 대체,1,덩치 큰 멧돼지 (1127),"-5660.910, -922.077, 412.427","-5660.910, -912.077, 412.427","-5660.910, -932.077, 412.427",멧돼지 (1125),"-5534.430, -632.649, 407.758","-5534.430, -622.649, 407.758","-5534.430, -642.649, 407.758",눈표범 (1201),"-5733.190, -576.408, 399.414","-5733.190, -566.408, 399.414","-5733.190, -586.408, 399.414"
212,동부 왕국,던 모로,투구바닥 호수,상위지역 경계 대체,1,덩치 큰 멧돼지 (1127),"-5660.910, -922.077, 412.427","-5660.910, -912.077, 412.427","-5660.910, -932.077, 412.427",멧돼지 (1125),"-5534.430, -632.649, 407.758","-5534.430, -622.649, 407.758","-5534.430, -642.649, 407.758",눈표범 (1201),"-5733.190, -576.408, 399.414","-5733.190, -566.408, 399.414","-5733.190, -586.408, 399.414"
213,동부 왕국,은빛소나무 숲,심원 광산,상위지역 경계 대체,130,거대한 이끼거미 (2349),"-24.688, 375.408, 51.507","-24.688, 385.408, 51.507","-24.688, 365.408, 51.507",덩치 큰 회색곰 (2356),"-53.883, 351.264, 62.596","-53.883, 361.264, 62.596","-53.883, 341.264, 62.596",썩은지느러미멀록 술사 (1909),"456.141, 741.376, 38.490","456.141, 751.376, 38.490","456.141, 731.376, 38.490"
214,동부 왕국,,대해,없음,,없음,,,,없음,,,,없음,,,
215,칼림도어,,멀고어,지역 경계 직접,215,긴발톱 초원늑대 (2959),"-1950.900, -482.575, -7.776","-1950.900, -472.575, -7.776","-1950.900, -492.575, -7.776",투자개발회사 노역꾼 (2978),"-1914.360, -1012.180, 45.407","-1914.360, -1002.180, 45.407","-1914.360, -1022.180, 45.407",초원늑대 (2958),"-2249.060, -719.273, -4.384","-2249.060, -709.273, -4.384","-2249.060, -729.273, -4.384"
219,동부 왕국,서부 몰락지대,알렉스턴 농장,상위지역 경계 대체,40,병든 늑대 (525),"-9707.640, 782.041, 31.745","-9707.640, 792.041, 31.745","-9707.640, 772.041, 31.745",뿔엄니멧돼지 (157),"-10627.600, 1326.260, 38.080","-10627.600, 1336.260, 38.080","-10627.600, 1316.260, 38.080",돌엄니멧돼지 (113),"-9929.220, 443.641, 34.594","-9929.220, 453.641, 34.594","-9929.220, 433.641, 34.594"
220,칼림도어,멀고어,붉은구름 고원,상위지역 경계 대체,215,긴발톱 초원늑대 (2959),"-1950.900, -482.575, -7.776","-1950.900, -472.575, -7.776","-1950.900, -492.575, -7.776",투자개발회사 노역꾼 (2978),"-1914.360, -1012.180, 45.407","-1914.360, -1002.180, 45.407","-1914.360, -1022.180, 45.407",초원늑대 (2958),"-2249.060, -719.273, -4.384","-2249.060, -709.273, -4.384","-2249.060, -729.273, -4.384"
221,칼림도어,멀고어,나라체 야영지,상위지역 경계 대체,215,긴발톱 초원늑대 (2959),"-1950.900, -482.575, -7.776","-1950.900, -472.575, -7.776","-1950.900, -492.575, -7.776",투자개발회사 노역꾼 (2978),"-1914.360, -1012.180, 45.407","-1914.360, -1002.180, 45.407","-1914.360, -1022.180, 45.407",초원늑대 (2958),"-2249.060, -719.273, -4.384","-2249.060, -709.273, -4.384","-2249.060, -729.273, -4.384"
222,칼림도어,멀고어,블러드후프 마을,상위지역 경계 대체,215,긴발톱 초원늑대 (2959),"-1950.900, -482.575, -7.776","-1950.900, -472.575, -7.776","-1950.900, -492.575, -7.776",투자개발회사 노역꾼 (2978),"-1914.360, -1012.180, 45.407","-1914.360, -1002.180, 45.407","-1914.360, -1022.180, 45.407",초원늑대 (2958),"-2249.060, -719.273, -4.384","-2249.060, -709.273, -4.384","-2249.060, -729.273, -4.384"
223,칼림도어,멀고어,황소바위 호수,상위지역 경계 대체,215,긴발톱 초원늑대 (2959),"-1950.900, -482.575, -7.776","-1950.900, -472.575, -7.776","-1950.900, -492.575, -7.776",투자개발회사 노역꾼 (2978),"-1914.360, -1012.180, 45.407","-1914.360, -1002.180, 45.407","-1914.360, -1022.180, 45.407",초원늑대 (2958),"-2249.060, -719.273, -4.384","-2249.060, -709.273, -4.384","-2249.060, -729.273, -4.384"
224,칼림도어,멀고어,습격당한 짐마차 행렬,상위지역 경계 대체,215,긴발톱 초원늑대 (2959),"-1950.900, -482.575, -7.776","-1950.900, -472.575, -7.776","-1950.900, -492.575, -7.776",투자개발회사 노역꾼 (2978),"-1914.360, -1012.180, 45.407","-1914.360, -1002.180, 45.407","-1914.360, -1022.180, 45.407",초원늑대 (2958),"-2249.060, -719.273, -4.384","-2249.060, -709.273, -4.384","-2249.060, -729.273, -4.384"
225,칼림도어,멀고어,붉은 바위 언덕,상위지역 경계 대체,215,긴발톱 초원늑대 (2959),"-1950.900, -482.575, -7.776","-1950.900, -472.575, -7.776","-1950.900, -492.575, -7.776",투자개발회사 노역꾼 (2978),"-1914.360, -1012.180, 45.407","-1914.360, -1002.180, 45.407","-1914.360, -1022.180, 45.407",초원늑대 (2958),"-2249.060, -719.273, -4.384","-2249.060, -709.273, -4.384","-2249.060, -729.273, -4.384"
226,동부 왕국,은빛소나무 숲,암흑 땅거미굴,상위지역 경계 대체,130,거대한 이끼거미 (2349),"-24.688, 375.408, 51.507","-24.688, 385.408, 51.507","-24.688, 365.408, 51.507",덩치 큰 회색곰 (2356),"-53.883, 351.264, 62.596","-53.883, 361.264, 62.596","-53.883, 341.264, 62.596",썩은지느러미멀록 술사 (1909),"456.141, 741.376, 38.490","456.141, 751.376, 38.490","456.141, 731.376, 38.490"
227,동부 왕국,은빛소나무 숲,발간 농장,상위지역 경계 대체,130,거대한 이끼거미 (2349),"-24.688, 375.408, 51.507","-24.688, 385.408, 51.507","-24.688, 365.408, 51.507",덩치 큰 회색곰 (2356),"-53.883, 351.264, 62.596","-53.883, 361.264, 62.596","-53.883, 341.264, 62.596",썩은지느러미멀록 술사 (1909),"456.141, 741.376, 38.490","456.141, 751.376, 38.490","456.141, 731.376, 38.490"
228,동부 왕국,은빛소나무 숲,공동묘지,상위지역 경계 대체,130,거대한 이끼거미 (2349),"-24.688, 375.408, 51.507","-24.688, 385.408, 51.507","-24.688, 365.408, 51.507",덩치 큰 회색곰 (2356),"-53.883, 351.264, 62.596","-53.883, 361.264, 62.596","-53.883, 341.264, 62.596",썩은지느러미멀록 술사 (1909),"456.141, 741.376, 38.490","456.141, 751.376, 38.490","456.141, 731.376, 38.490"
229,동부 왕국,은빛소나무 숲,올슨 농장,상위지역 경계 대체,130,거대한 이끼거미 (2349),"-24.688, 375.408, 51.507","-24.688, 385.408, 51.507","-24.688, 365.408, 51.507",덩치 큰 회색곰 (2356),"-53.883, 351.264, 62.596","-53.883, 361.264, 62.596","-53.883, 341.264, 62.596",썩은지느러미멀록 술사 (1909),"456.141, 741.376, 38.490","456.141, 751.376, 38.490","456.141, 731.376, 38.490"
230,동부 왕국,은빛소나무 숲,그레이메인 성벽,상위지역 경계 대체,130,거대한 이끼거미 (2349),"-24.688, 375.408, 51.507","-24.688, 385.408, 51.507","-24.688, 365.408, 51.507",덩치 큰 회색곰 (2356),"-53.883, 351.264, 62.596","-53.883, 361.264, 62.596","-53.883, 341.264, 62.596",썩은지느러미멀록 술사 (1909),"456.141, 741.376, 38.490","456.141, 751.376, 38.490","456.141, 731.376, 38.490"
231,동부 왕국,은빛소나무 숲,베렌의 동굴,상위지역 경계 대체,130,거대한 이끼거미 (2349),"-24.688, 375.408, 51.507","-24.688, 385.408, 51.507","-24.688, 365.408, 51.507",덩치 큰 회색곰 (2356),"-53.883, 351.264, 62.596","-53.883, 361.264, 62.596","-53.883, 341.264, 62.596",썩은지느러미멀록 술사 (1909),"456.141, 741.376, 38.490","456.141, 751.376, 38.490","456.141, 731.376, 38.490"
232,동부 왕국,은빛소나무 숲,여명의 섬,상위지역 경계 대체,130,거대한 이끼거미 (2349),"-24.688, 375.408, 51.507","-24.688, 385.408, 51.507","-24.688, 365.408, 51.507",덩치 큰 회색곰 (2356),"-53.883, 351.264, 62.596","-53.883, 361.264, 62.596","-53.883, 341.264, 62.596",썩은지느러미멀록 술사 (1909),"456.141, 741.376, 38.490","456.141, 751.376, 38.490","456.141, 731.376, 38.490"
233,동부 왕국,은빛소나무 숲,앰버밀,상위지역 경계 대체,130,거대한 이끼거미 (2349),"-24.688, 375.408, 51.507","-24.688, 385.408, 51.507","-24.688, 365.408, 51.507",덩치 큰 회색곰 (2356),"-53.883, 351.264, 62.596","-53.883, 361.264, 62.596","-53.883, 341.264, 62.596",썩은지느러미멀록 술사 (1909),"456.141, 741.376, 38.490","456.141, 751.376, 38.490","456.141, 731.376, 38.490"
235,동부 왕국,은빛소나무 숲,펜리스 요새,상위지역 경계 대체,130,거대한 이끼거미 (2349),"-24.688, 375.408, 51.507","-24.688, 385.408, 51.507","-24.688, 365.408, 51.507",덩치 큰 회색곰 (2356),"-53.883, 351.264, 62.596","-53.883, 361.264, 62.596","-53.883, 341.264, 62.596",썩은지느러미멀록 술사 (1909),"456.141, 741.376, 38.490","456.141, 751.376, 38.490","456.141, 731.376, 38.490"
236,동부 왕국,은빛소나무 숲,그림자송곳니 성채,상위지역 경계 대체,130,거대한 이끼거미 (2349),"-24.688, 375.408, 51.507","-24.688, 385.408, 51.507","-24.688, 365.408, 51.507",덩치 큰 회색곰 (2356),"-53.883, 351.264, 62.596","-53.883, 361.264, 62.596","-53.883, 341.264, 62.596",썩은지느러미멀록 술사 (1909),"456.141, 741.376, 38.490","456.141, 751.376, 38.490","456.141, 731.376, 38.490"
237,동부 왕국,은빛소나무 숲,오래된 나루터,상위지역 경계 대체,130,거대한 이끼거미 (2349),"-24.688, 375.408, 51.507","-24.688, 385.408, 51.507","-24.688, 365.408, 51.507",덩치 큰 회색곰 (2356),"-53.883, 351.264, 62.596","-53.883, 361.264, 62.596","-53.883, 341.264, 62.596",썩은지느러미멀록 술사 (1909),"456.141, 741.376, 38.490","456.141, 751.376, 38.490","456.141, 731.376, 38.490"
238,동부 왕국,은빛소나무 숲,말덴의 과수원,상위지역 경계 대체,130,거대한 이끼거미 (2349),"-24.688, 375.408, 51.507","-24.688, 385.408, 51.507","-24.688, 365.408, 51.507",덩치 큰 회색곰 (2356),"-53.883, 351.264, 62.596","-53.883, 361.264, 62.596","-53.883, 341.264, 62.596",썩은지느러미멀록 술사 (1909),"456.141, 741.376, 38.490","456.141, 751.376, 38.490","456.141, 731.376, 38.490"
239,동부 왕국,은빛소나무 숲,이바르 호박밭,상위지역 경계 대체,130,거대한 이끼거미 (2349),"-24.688, 375.408, 51.507","-24.688, 385.408, 51.507","-24.688, 365.408, 51.507",덩치 큰 회색곰 (2356),"-53.883, 351.264, 62.596","-53.883, 361.264, 62.596","-53.883, 341.264, 62.596",썩은지느러미멀록 술사 (1909),"456.141, 741.376, 38.490","456.141, 751.376, 38.490","456.141, 731.376, 38.490"
240,동부 왕국,은빛소나무 숲,죽음의 농장,상위지역 경계 대체,130,거대한 이끼거미 (2349),"-24.688, 375.408, 51.507","-24.688, 385.408, 51.507","-24.688, 365.408, 51.507",덩치 큰 회색곰 (2356),"-53.883, 351.264, 62.596","-53.883, 361.264, 62.596","-53.883, 341.264, 62.596",썩은지느러미멀록 술사 (1909),"456.141, 741.376, 38.490","456.141, 751.376, 38.490","456.141, 731.376, 38.490"
241,동부 왕국,그늘숲,오염된 과수원,상위지역 경계 대체,10,돌가죽멧돼지 (524),"-9926.910, -371.035, 27.431","-9926.910, -361.035, 27.431","-9926.910, -381.035, 27.431",파멸의어둠일족 암흑길잡이 (205),"-10530.900, -786.683, 57.438","-10530.900, -776.683, 57.438","-10530.900, -796.683, 57.438",새끼 검은과부거미 (930),"-10751.200, -172.226, 40.478","-10751.200, -162.226, 40.478","-10751.200, -182.226, 40.478"
242,동부 왕국,그늘숲,밝은숲,상위지역 경계 대체,10,돌가죽멧돼지 (524),"-9926.910, -371.035, 27.431","-9926.910, -361.035, 27.431","-9926.910, -381.035, 27.431",파멸의어둠일족 암흑길잡이 (205),"-10530.900, -786.683, 57.438","-10530.900, -776.683, 57.438","-10530.900, -796.683, 57.438",새끼 검은과부거미 (930),"-10751.200, -172.226, 40.478","-10751.200, -162.226, 40.478","-10751.200, -182.226, 40.478"
243,동부 왕국,그늘숲,버려진 흉가,상위지역 경계 대체,10,돌가죽멧돼지 (524),"-9926.910, -371.035, 27.431","-9926.910, -361.035, 27.431","-9926.910, -381.035, 27.431",파멸의어둠일족 암흑길잡이 (205),"-10530.900, -786.683, 57.438","-10530.900, -776.683, 57.438","-10530.900, -796.683, 57.438",새끼 검은과부거미 (930),"-10751.200, -172.226, 40.478","-10751.200, -162.226, 40.478","-10751.200, -182.226, 40.478"
244,동부 왕국,그늘숲,휘플가 저택,상위지역 경계 대체,10,돌가죽멧돼지 (524),"-9926.910, -371.035, 27.431","-9926.910, -361.035, 27.431","-9926.910, -381.035, 27.431",파멸의어둠일족 암흑길잡이 (205),"-10530.900, -786.683, 57.438","-10530.900, -776.683, 57.438","-10530.900, -796.683, 57.438",새끼 검은과부거미 (930),"-10751.200, -172.226, 40.478","-10751.200, -162.226, 40.478","-10751.200, -182.226, 40.478"
245,동부 왕국,그늘숲,요르겐 농장,상위지역 경계 대체,10,돌가죽멧돼지 (524),"-9926.910, -371.035, 27.431","-9926.910, -361.035, 27.431","-9926.910, -381.035, 27.431",파멸의어둠일족 암흑길잡이 (205),"-10530.900, -786.683, 57.438","-10530.900, -776.683, 57.438","-10530.900, -796.683, 57.438",새끼 검은과부거미 (930),"-10751.200, -172.226, 40.478","-10751.200, -162.226, 40.478","-10751.200, -182.226, 40.478"
246,동부 왕국,이글거리는 협곡,용광로,상위지역 경계 대체,51,채석장 노예 (8917),"-7322.720, -1026.880, 181.021","-7322.720, -1016.880, 181.021","-7322.720, -1036.880, 181.021",검은무쇠단 감독관 (5846),"-6872.400, -1322.400, 243.141","-6872.400, -1312.400, 243.141","-6872.400, -1332.400, 243.141",상급 바위 정령 (2736),"-7194.270, -2102.410, 327.469","-7194.270, -2092.410, 327.469","-7194.270, -2112.410, 327.469"
247,동부 왕국,이글거리는 협곡,검댕가루 발굴현장,상위지역 경계 대체,51,채석장 노예 (8917),"-7322.720, -1026.880, 181.021","-7322.720, -1016.880, 181.021","-7322.720, -1036.880, 181.021",검은무쇠단 감독관 (5846),"-6872.400, -1322.400, 243.141","-6872.400, -1312.400, 243.141","-6872.400, -1332.400, 243.141",상급 바위 정령 (2736),"-7194.270, -2102.410, 327.469","-7194.270, -2092.410, 327.469","-7194.270, -2112.410, 327.469"
249,동부 왕국,불타는 평원,우레망치 바위굴,상위지역 경계 대체,46,채석장 노예 (8917),"-7433.470, -1049.260, 177.515","-7433.470, -1039.260, 177.515","-7433.470, -1059.260, 177.515",상급 바위 정령 (2736),"-7291.040, -2118.210, 297.682","-7291.040, -2108.210, 297.682","-7291.040, -2128.210, 297.682",불자루일족 오우거 (7033),"-7984.000, -2448.870, 131.915","-7984.000, -2438.870, 131.915","-7984.000, -2458.870, 131.915"
250,동부 왕국,불타는 평원,타우릿산의 폐허,상위지역 경계 대체,46,채석장 노예 (8917),"-7433.470, -1049.260, 177.515","-7433.470, -1039.260, 177.515","-7433.470, -1059.260, 177.515",상급 바위 정령 (2736),"-7291.040, -2118.210, 297.682","-7291.040, -2108.210, 297.682","-7291.040, -2128.210, 297.682",불자루일족 오우거 (7033),"-7984.000, -2448.870, 131.915","-7984.000, -2438.870, 131.915","-7984.000, -2458.870, 131.915"
251,동부 왕국,불타는 평원,화염 마루,상위지역 경계 대체,46,채석장 노예 (8917),"-7433.470, -1049.260, 177.515","-7433.470, -1039.260, 177.515","-7433.470, -1059.260, 177.515",상급 바위 정령 (2736),"-7291.040, -2118.210, 297.682","-7291.040, -2108.210, 297.682","-7291.040, -2128.210, 297.682",불자루일족 오우거 (7033),"-7984.000, -2448.870, 131.915","-7984.000, -2438.870, 131.915","-7984.000, -2458.870, 131.915"
252,동부 왕국,불타는 평원,검은바위 요새,상위지역 경계 대체,46,채석장 노예 (8917),"-7433.470, -1049.260, 177.515","-7433.470, -1039.260, 177.515","-7433.470, -1059.260, 177.515",상급 바위 정령 (2736),"-7291.040, -2118.210, 297.682","-7291.040, -2108.210, 297.682","-7291.040, -2128.210, 297.682",불자루일족 오우거 (7033),"-7984.000, -2448.870, 131.915","-7984.000, -2438.870, 131.915","-7984.000, -2458.870, 131.915"
253,동부 왕국,불타는 평원,잿빛 기둥,상위지역 경계 대체,46,채석장 노예 (8917),"-7433.470, -1049.260, 177.515","-7433.470, -1039.260, 177.515","-7433.470, -1059.260, 177.515",상급 바위 정령 (2736),"-7291.040, -2118.210, 297.682","-7291.040, -2108.210, 297.682","-7291.040, -2128.210, 297.682",불자루일족 오우거 (7033),"-7984.000, -2448.870, 131.915","-7984.000, -2438.870, 131.915","-7984.000, -2458.870, 131.915"
254,동부 왕국,불타는 평원,검은바위 산,상위지역 경계 대체,46,채석장 노예 (8917),"-7433.470, -1049.260, 177.515","-7433.470, -1039.260, 177.515","-7433.470, -1059.260, 177.515",상급 바위 정령 (2736),"-7291.040, -2118.210, 297.682","-7291.040, -2108.210, 297.682","-7291.040, -2128.210, 297.682",불자루일족 오우거 (7033),"-7984.000, -2448.870, 131.915","-7984.000, -2438.870, 131.915","-7984.000, -2458.870, 131.915"
255,동부 왕국,불타는 평원,폭풍의 제단,상위지역 경계 대체,46,채석장 노예 (8917),"-7433.470, -1049.260, 177.515","-7433.470, -1039.260, 177.515","-7433.470, -1059.260, 177.515",상급 바위 정령 (2736),"-7291.040, -2118.210, 297.682","-7291.040, -2108.210, 297.682","-7291.040, -2128.210, 297.682",불자루일족 오우거 (7033),"-7984.000, -2448.870, 131.915","-7984.000, -2438.870, 131.915","-7984.000, -2458.870, 131.915"
256,칼림도어,텔드랏실,알드랏실,상위지역 경계 대체,141,나무옹이일족 파수꾼 (2010),"9928.130, 1534.450, 1317.680","9928.130, 1544.450, 1317.680","9928.130, 1524.450, 1317.680",나무옹이일족 주술사 (2009),"9869.990, 1511.570, 1272.790","9869.990, 1521.570, 1272.790","9869.990, 1501.570, 1272.790",나무그물거미 (1986),"10666.500, 933.339, 1322.000","10666.500, 943.339, 1322.000","10666.500, 923.339, 1322.000"
257,칼림도어,텔드랏실,그늘 거미굴,상위지역 경계 대체,141,나무옹이일족 파수꾼 (2010),"9928.130, 1534.450, 1317.680","9928.130, 1544.450, 1317.680","9928.130, 1524.450, 1317.680",나무옹이일족 주술사 (2009),"9869.990, 1511.570, 1272.790","9869.990, 1521.570, 1272.790","9869.990, 1501.570, 1272.790",나무그물거미 (1986),"10666.500, 933.339, 1322.000","10666.500, 943.339, 1322.000","10666.500, 923.339, 1322.000"
258,칼림도어,텔드랏실,악마 바위굴,상위지역 경계 대체,141,나무옹이일족 파수꾼 (2010),"9928.130, 1534.450, 1317.680","9928.130, 1544.450, 1317.680","9928.130, 1524.450, 1317.680",나무옹이일족 주술사 (2009),"9869.990, 1511.570, 1272.790","9869.990, 1521.570, 1272.790","9869.990, 1501.570, 1272.790",나무그물거미 (1986),"10666.500, 933.339, 1322.000","10666.500, 943.339, 1322.000","10666.500, 923.339, 1322.000"
259,칼림도어,텔드랏실,알아메스 호수,상위지역 경계 대체,141,나무옹이일족 파수꾼 (2010),"9928.130, 1534.450, 1317.680","9928.130, 1544.450, 1317.680","9928.130, 1524.450, 1317.680",나무옹이일족 주술사 (2009),"9869.990, 1511.570, 1272.790","9869.990, 1521.570, 1272.790","9869.990, 1501.570, 1272.790",나무그물거미 (1986),"10666.500, 933.339, 1322.000","10666.500, 943.339, 1322.000","10666.500, 923.339, 1322.000"
260,칼림도어,텔드랏실,별바람 마을,상위지역 경계 대체,141,나무옹이일족 파수꾼 (2010),"9928.130, 1534.450, 1317.680","9928.130, 1544.450, 1317.680","9928.130, 1524.450, 1317.680",나무옹이일족 주술사 (2009),"9869.990, 1511.570, 1272.790","9869.990, 1521.570, 1272.790","9869.990, 1501.570, 1272.790",나무그물거미 (1986),"10666.500, 933.339, 1322.000","10666.500, 943.339, 1322.000","10666.500, 923.339, 1322.000"
261,칼림도어,텔드랏실,나무옹이 요새,상위지역 경계 대체,141,나무옹이일족 파수꾼 (2010),"9928.130, 1534.450, 1317.680","9928.130, 1544.450, 1317.680","9928.130, 1524.450, 1317.680",나무옹이일족 주술사 (2009),"9869.990, 1511.570, 1272.790","9869.990, 1521.570, 1272.790","9869.990, 1501.570, 1272.790",나무그물거미 (1986),"10666.500, 933.339, 1322.000","10666.500, 943.339, 1322.000","10666.500, 923.339, 1322.000"
262,칼림도어,텔드랏실,바네실 지하굴,상위지역 경계 대체,141,나무옹이일족 파수꾼 (2010),"9928.130, 1534.450, 1317.680","9928.130, 1544.450, 1317.680","9928.130, 1524.450, 1317.680",나무옹이일족 주술사 (2009),"9869.990, 1511.570, 1272.790","9869.990, 1521.570, 1272.790","9869.990, 1501.570, 1272.790",나무그물거미 (1986),"10666.500, 933.339, 1322.000","10666.500, 943.339, 1322.000","10666.500, 923.339, 1322.000"
263,칼림도어,텔드랏실,바위 동굴,상위지역 경계 대체,141,나무옹이일족 파수꾼 (2010),"9928.130, 1534.450, 1317.680","9928.130, 1544.450, 1317.680","9928.130, 1524.450, 1317.680",나무옹이일족 주술사 (2009),"9869.990, 1511.570, 1272.790","9869.990, 1521.570, 1272.790","9869.990, 1501.570, 1272.790",나무그물거미 (1986),"10666.500, 933.339, 1322.000","10666.500, 943.339, 1322.000","10666.500, 923.339, 1322.000"
264,칼림도어,텔드랏실,신탁의 숲,상위지역 경계 대체,141,나무옹이일족 파수꾼 (2010),"9928.130, 1534.450, 1317.680","9928.130, 1544.450, 1317.680","9928.130, 1524.450, 1317.680",나무옹이일족 주술사 (2009),"9869.990, 1511.570, 1272.790","9869.990, 1521.570, 1272.790","9869.990, 1501.570, 1272.790",나무그물거미 (1986),"10666.500, 933.339, 1322.000","10666.500, 943.339, 1322.000","10666.500, 923.339, 1322.000"
265,칼림도어,텔드랏실,생명의 강,상위지역 경계 대체,141,나무옹이일족 파수꾼 (2010),"9928.130, 1534.450, 1317.680","9928.130, 1544.450, 1317.680","9928.130, 1524.450, 1317.680",나무옹이일족 주술사 (2009),"9869.990, 1511.570, 1272.790","9869.990, 1521.570, 1272.790","9869.990, 1501.570, 1272.790",나무그물거미 (1986),"10666.500, 933.339, 1322.000","10666.500, 943.339, 1322.000","10666.500, 923.339, 1322.000"
266,칼림도어,텔드랏실,생명의 호수,상위지역 경계 대체,141,나무옹이일족 파수꾼 (2010),"9928.130, 1534.450, 1317.680","9928.130, 1544.450, 1317.680","9928.130, 1524.450, 1317.680",나무옹이일족 주술사 (2009),"9869.990, 1511.570, 1272.790","9869.990, 1521.570, 1272.790","9869.990, 1501.570, 1272.790",나무그물거미 (1986),"10666.500, 933.339, 1322.000","10666.500, 943.339, 1322.000","10666.500, 923.339, 1322.000"
267,동부 왕국,,힐스브래드 구릉지,지역 경계 직접,267,거대한 이끼거미 (2349),"-713.209, -253.896, 34.575","-713.209, -243.896, 34.575","-713.209, -263.896, 34.575",덩치 큰 회색곰 (2356),"-803.369, -428.865, 17.009","-803.369, -418.865, 17.009","-803.369, -438.865, 17.009",비밀결사대 경비병 (2261),"-634.535, -1038.210, 62.336","-634.535, -1028.210, 62.336","-634.535, -1048.210, 62.336"
269,동부 왕국,,던 알가즈,없음,,없음,,,,없음,,,,없음,,,
271,동부 왕국,힐스브래드 구릉지,사우스쇼어,상위지역 경계 대체,267,거대한 이끼거미 (2349),"-713.209, -253.896, 34.575","-713.209, -243.896, 34.575","-713.209, -263.896, 34.575",덩치 큰 회색곰 (2356),"-803.369, -428.865, 17.009","-803.369, -418.865, 17.009","-803.369, -438.865, 17.009",비밀결사대 경비병 (2261),"-634.535, -1038.210, 62.336","-634.535, -1028.210, 62.336","-634.535, -1048.210, 62.336"
272,동부 왕국,힐스브래드 구릉지,타렌 밀농장,상위지역 경계 대체,267,거대한 이끼거미 (2349),"-713.209, -253.896, 34.575","-713.209, -243.896, 34.575","-713.209, -263.896, 34.575",덩치 큰 회색곰 (2356),"-803.369, -428.865, 17.009","-803.369, -418.865, 17.009","-803.369, -438.865, 17.009",비밀결사대 경비병 (2261),"-634.535, -1038.210, 62.336","-634.535, -1028.210, 62.336","-634.535, -1048.210, 62.336"
275,동부 왕국,힐스브래드 구릉지,던홀드 요새,상위지역 경계 대체,267,거대한 이끼거미 (2349),"-713.209, -253.896, 34.575","-713.209, -243.896, 34.575","-713.209, -263.896, 34.575",덩치 큰 회색곰 (2356),"-803.369, -428.865, 17.009","-803.369, -418.865, 17.009","-803.369, -438.865, 17.009",비밀결사대 경비병 (2261),"-634.535, -1038.210, 62.336","-634.535, -1028.210, 62.336","-634.535, -1048.210, 62.336"
276,동부 왕국,,돌다지 고개 미사용,없음,,없음,,,,없음,,,,없음,,,
277,동부 왕국,알터랙 산맥,구릉지 동굴,상위지역 경계 대체,36,무쇠턱거북 (2408),"838.392, -88.203, 35.664","838.392, -78.203, 35.664","838.392, -98.203, 35.664",썩은지느러미멀록 술사 (1909),"1175.480, 274.852, 27.072","1175.480, 284.852, 27.072","1175.480, 264.852, 27.072",산사태 오우거 (2252),"515.574, -620.737, 170.678","515.574, -610.737, 170.678","515.574, -630.737, 170.678"
278,동부 왕국,알터랙 산맥,로다미어 포로수용소,상위지역 경계 대체,36,무쇠턱거북 (2408),"838.392, -88.203, 35.664","838.392, -78.203, 35.664","838.392, -98.203, 35.664",썩은지느러미멀록 술사 (1909),"1175.480, 274.852, 27.072","1175.480, 284.852, 27.072","1175.480, 264.852, 27.072",산사태 오우거 (2252),"515.574, -620.737, 170.678","515.574, -610.737, 170.678","515.574, -630.737, 170.678"
279,동부 왕국,알터랙 산맥,달라란 구덩이,상위지역 경계 대체,36,무쇠턱거북 (2408),"838.392, -88.203, 35.664","838.392, -78.203, 35.664","838.392, -98.203, 35.664",썩은지느러미멀록 술사 (1909),"1175.480, 274.852, 27.072","1175.480, 284.852, 27.072","1175.480, 264.852, 27.072",산사태 오우거 (2252),"515.574, -620.737, 170.678","515.574, -610.737, 170.678","515.574, -630.737, 170.678"
280,동부 왕국,알터랙 산맥,스트란브래드,상위지역 경계 대체,36,무쇠턱거북 (2408),"838.392, -88.203, 35.664","838.392, -78.203, 35.664","838.392, -98.203, 35.664",썩은지느러미멀록 술사 (1909),"1175.480, 274.852, 27.072","1175.480, 284.852, 27.072","1175.480, 264.852, 27.072",산사태 오우거 (2252),"515.574, -620.737, 170.678","515.574, -610.737, 170.678","515.574, -630.737, 170.678"
281,동부 왕국,알터랙 산맥,알터랙 폐허,상위지역 경계 대체,36,무쇠턱거북 (2408),"838.392, -88.203, 35.664","838.392, -78.203, 35.664","838.392, -98.203, 35.664",썩은지느러미멀록 술사 (1909),"1175.480, 274.852, 27.072","1175.480, 284.852, 27.072","1175.480, 264.852, 27.072",산사태 오우거 (2252),"515.574, -620.737, 170.678","515.574, -610.737, 170.678","515.574, -630.737, 170.678"
282,동부 왕국,알터랙 산맥,산사태 오우거 소굴,상위지역 경계 대체,36,무쇠턱거북 (2408),"838.392, -88.203, 35.664","838.392, -78.203, 35.664","838.392, -98.203, 35.664",썩은지느러미멀록 술사 (1909),"1175.480, 274.852, 27.072","1175.480, 284.852, 27.072","1175.480, 264.852, 27.072",산사태 오우거 (2252),"515.574, -620.737, 170.678","515.574, -610.737, 170.678","515.574, -630.737, 170.678"
283,동부 왕국,알터랙 산맥,살육의 동굴,상위지역 경계 대체,36,무쇠턱거북 (2408),"838.392, -88.203, 35.664","838.392, -78.203, 35.664","838.392, -98.203, 35.664",썩은지느러미멀록 술사 (1909),"1175.480, 274.852, 27.072","1175.480, 284.852, 27.072","1175.480, 264.852, 27.072",산사태 오우거 (2252),"515.574, -620.737, 170.678","515.574, -610.737, 170.678","515.574, -630.737, 170.678"
284,동부 왕국,알터랙 산맥,고원,상위지역 경계 대체,36,무쇠턱거북 (2408),"838.392, -88.203, 35.664","838.392, -78.203, 35.664","838.392, -98.203, 35.664",썩은지느러미멀록 술사 (1909),"1175.480, 274.852, 27.072","1175.480, 284.852, 27.072","1175.480, 264.852, 27.072",산사태 오우거 (2252),"515.574, -620.737, 170.678","515.574, -610.737, 170.678","515.574, -630.737, 170.678"
285,동부 왕국,힐스브래드 구릉지,남부 경비탑,상위지역 경계 대체,267,거대한 이끼거미 (2349),"-713.209, -253.896, 34.575","-713.209, -243.896, 34.575","-713.209, -263.896, 34.575",덩치 큰 회색곰 (2356),"-803.369, -428.865, 17.009","-803.369, -418.865, 17.009","-803.369, -438.865, 17.009",비밀결사대 경비병 (2261),"-634.535, -1038.210, 62.336","-634.535, -1028.210, 62.336","-634.535, -1048.210, 62.336"
286,동부 왕국,힐스브래드 구릉지,힐스브래드 농장,상위지역 경계 대체,267,거대한 이끼거미 (2349),"-713.209, -253.896, 34.575","-713.209, -243.896, 34.575","-713.209, -263.896, 34.575",덩치 큰 회색곰 (2356),"-803.369, -428.865, 17.009","-803.369, -418.865, 17.009","-803.369, -438.865, 17.009",비밀결사대 경비병 (2261),"-634.535, -1038.210, 62.336","-634.535, -1028.210, 62.336","-634.535, -1048.210, 62.336"
287,동부 왕국,힐스브래드 구릉지,힐스브래드,상위지역 경계 대체,267,거대한 이끼거미 (2349),"-713.209, -253.896, 34.575","-713.209, -243.896, 34.575","-713.209, -263.896, 34.575",덩치 큰 회색곰 (2356),"-803.369, -428.865, 17.009","-803.369, -418.865, 17.009","-803.369, -438.865, 17.009",비밀결사대 경비병 (2261),"-634.535, -1038.210, 62.336","-634.535, -1028.210, 62.336","-634.535, -1048.210, 62.336"
288,동부 왕국,힐스브래드 구릉지,청금석 광산,상위지역 경계 대체,267,거대한 이끼거미 (2349),"-713.209, -253.896, 34.575","-713.209, -243.896, 34.575","-713.209, -263.896, 34.575",덩치 큰 회색곰 (2356),"-803.369, -428.865, 17.009","-803.369, -418.865, 17.009","-803.369, -438.865, 17.009",비밀결사대 경비병 (2261),"-634.535, -1038.210, 62.336","-634.535, -1028.210, 62.336","-634.535, -1048.210, 62.336"
289,동부 왕국,힐스브래드 구릉지,네산더 농장,상위지역 경계 대체,267,거대한 이끼거미 (2349),"-713.209, -253.896, 34.575","-713.209, -243.896, 34.575","-713.209, -263.896, 34.575",덩치 큰 회색곰 (2356),"-803.369, -428.865, 17.009","-803.369, -418.865, 17.009","-803.369, -438.865, 17.009",비밀결사대 경비병 (2261),"-634.535, -1038.210, 62.336","-634.535, -1028.210, 62.336","-634.535, -1048.210, 62.336"
290,동부 왕국,힐스브래드 구릉지,던 가록,상위지역 경계 대체,267,거대한 이끼거미 (2349),"-713.209, -253.896, 34.575","-713.209, -243.896, 34.575","-713.209, -263.896, 34.575",덩치 큰 회색곰 (2356),"-803.369, -428.865, 17.009","-803.369, -418.865, 17.009","-803.369, -438.865, 17.009",비밀결사대 경비병 (2261),"-634.535, -1038.210, 62.336","-634.535, -1028.210, 62.336","-634.535, -1048.210, 62.336"
293,동부 왕국,,소라딘의 성벽,없음,,없음,,,,없음,,,,없음,,,
294,동부 왕국,힐스브래드 구릉지,동부 해안,상위지역 경계 대체,267,거대한 이끼거미 (2349),"-713.209, -253.896, 34.575","-713.209, -243.896, 34.575","-713.209, -263.896, 34.575",덩치 큰 회색곰 (2356),"-803.369, -428.865, 17.009","-803.369, -418.865, 17.009","-803.369, -438.865, 17.009",비밀결사대 경비병 (2261),"-634.535, -1038.210, 62.336","-634.535, -1028.210, 62.336","-634.535, -1048.210, 62.336"
295,동부 왕국,힐스브래드 구릉지,서부 해안,상위지역 경계 대체,267,거대한 이끼거미 (2349),"-713.209, -253.896, 34.575","-713.209, -243.896, 34.575","-713.209, -263.896, 34.575",덩치 큰 회색곰 (2356),"-803.369, -428.865, 17.009","-803.369, -418.865, 17.009","-803.369, -438.865, 17.009",비밀결사대 경비병 (2261),"-634.535, -1038.210, 62.336","-634.535, -1028.210, 62.336","-634.535, -1048.210, 62.336"
296,동부 왕국,,남쪽 바다 미사용,없음,,없음,,,,없음,,,,없음,,,
297,동부 왕국,가시덤불 골짜기,자구에로 섬,상위지역 경계 대체,33,술취한 투사 (15724),"-14258.600, 327.030, 26.364","-14258.600, 337.030, 26.364","-14258.600, 317.030, 26.364",무법항 투사 (4624),"-14258.600, 327.030, 26.427","-14258.600, 337.030, 26.427","-14258.600, 317.030, 26.427",가시덤불 암호랑이 (772),"-12907.700, -407.618, 12.128","-12907.700, -397.618, 12.128","-12907.700, -417.618, 12.128"
298,동부 왕국,저습지,바라딘 만,상위지역 경계 대체,11,새끼 습지악어 (1417),"-3406.250, -2668.750, 6.533","-3406.250, -2658.750, 6.533","-3406.250, -2678.750, 6.533",용아귀부족 약탈자 (1034),"-3482.190, -2451.440, 46.543","-3482.190, -2441.440, 46.543","-3482.190, -2461.440, 46.543",습지악어 (1400),"-3162.970, -2301.090, 7.082","-3162.970, -2291.090, 7.082","-3162.970, -2311.090, 7.082"
299,동부 왕국,저습지,메네실 만,상위지역 경계 대체,11,새끼 습지악어 (1417),"-3406.250, -2668.750, 6.533","-3406.250, -2658.750, 6.533","-3406.250, -2678.750, 6.533",용아귀부족 약탈자 (1034),"-3482.190, -2451.440, 46.543","-3482.190, -2441.440, 46.543","-3482.190, -2461.440, 46.543",습지악어 (1400),"-3162.970, -2301.090, 7.082","-3162.970, -2291.090, 7.082","-3162.970, -2311.090, 7.082"
300,동부 왕국,슬픔의 늪,안개갈대 해안,상위지역 경계 대체,8,네더가드 광부 (5996),"-10499.000, -3328.550, -4.555","-10499.000, -3318.550, -4.555","-10499.000, -3338.550, -4.555",네더가드 병사 (5999),"-10874.300, -3284.880, 88.425","-10874.300, -3274.880, 88.425","-10874.300, -3294.880, 88.425",늪지멀록 먹물쟁이 (750),"-10865.800, -3642.490, 13.737","-10865.800, -3632.490, 13.737","-10865.800, -3652.490, 13.737"
301,동부 왕국,가시덤불 골짜기,폭풍 해안,상위지역 경계 대체,33,술취한 투사 (15724),"-14258.600, 327.030, 26.364","-14258.600, 337.030, 26.364","-14258.600, 317.030, 26.364",무법항 투사 (4624),"-14258.600, 327.030, 26.427","-14258.600, 337.030, 26.427","-14258.600, 317.030, 26.427",가시덤불 암호랑이 (772),"-12907.700, -407.618, 12.128","-12907.700, -397.618, 12.128","-12907.700, -417.618, 12.128"
302,동부 왕국,가시덤불 골짜기,수정 해안,상위지역 경계 대체,33,술취한 투사 (15724),"-14258.600, 327.030, 26.364","-14258.600, 337.030, 26.364","-14258.600, 317.030, 26.364",무법항 투사 (4624),"-14258.600, 327.030, 26.427","-14258.600, 337.030, 26.427","-14258.600, 317.030, 26.427",가시덤불 암호랑이 (772),"-12907.700, -407.618, 12.128","-12907.700, -397.618, 12.128","-12907.700, -417.618, 12.128"
303,동부 왕국,가시덤불 골짜기,조개껍질 해안,상위지역 경계 대체,33,술취한 투사 (15724),"-14258.600, 327.030, 26.364","-14258.600, 337.030, 26.364","-14258.600, 317.030, 26.364",무법항 투사 (4624),"-14258.600, 327.030, 26.427","-14258.600, 337.030, 26.427","-14258.600, 317.030, 26.427",가시덤불 암호랑이 (772),"-12907.700, -407.618, 12.128","-12907.700, -397.618, 12.128","-12907.700, -417.618, 12.128"
305,동부 왕국,은빛소나무 숲,북부 해안가,상위지역 경계 대체,130,거대한 이끼거미 (2349),"-24.688, 375.408, 51.507","-24.688, 385.408, 51.507","-24.688, 365.408, 51.507",덩치 큰 회색곰 (2356),"-53.883, 351.264, 62.596","-53.883, 361.264, 62.596","-53.883, 341.264, 62.596",썩은지느러미멀록 술사 (1909),"456.141, 741.376, 38.490","456.141, 751.376, 38.490","456.141, 731.376, 38.490"
306,동부 왕국,은빛소나무 숲,남부 해안가,상위지역 경계 대체,130,거대한 이끼거미 (2349),"-24.688, 375.408, 51.507","-24.688, 385.408, 51.507","-24.688, 365.408, 51.507",덩치 큰 회색곰 (2356),"-53.883, 351.264, 62.596","-53.883, 361.264, 62.596","-53.883, 341.264, 62.596",썩은지느러미멀록 술사 (1909),"456.141, 741.376, 38.490","456.141, 751.376, 38.490","456.141, 731.376, 38.490"
307,동부 왕국,동부 내륙지,전망대 절벽,상위지역 경계 대체,47,무쇠턱 바다거북 (2505),"-286.143, -4448.270, 14.091","-286.143, -4438.270, 14.091","-286.143, -4458.270, 14.091",긴발톱 은빛갈기늑대 (2926),"206.152, -3585.180, 126.379","206.152, -3575.180, 126.379","206.152, -3595.180, 126.379",녹색 녹괴물 (2655),"145.146, -3473.670, 109.429","145.146, -3463.670, 109.429","145.146, -3483.670, 109.429"
308,동부 왕국,,성난 바다,없음,,없음,,,,없음,,,,없음,,,
309,동부 왕국,저습지,아이언비어드의 고분,상위지역 경계 대체,11,새끼 습지악어 (1417),"-3406.250, -2668.750, 6.533","-3406.250, -2658.750, 6.533","-3406.250, -2678.750, 6.533",용아귀부족 약탈자 (1034),"-3482.190, -2451.440, 46.543","-3482.190, -2441.440, 46.543","-3482.190, -2461.440, 46.543",습지악어 (1400),"-3162.970, -2301.090, 7.082","-3162.970, -2291.090, 7.082","-3162.970, -2311.090, 7.082"
310,동부 왕국,가시덤불 골짜기,수정 광산,상위지역 경계 대체,33,술취한 투사 (15724),"-14258.600, 327.030, 26.364","-14258.600, 337.030, 26.364","-14258.600, 317.030, 26.364",무법항 투사 (4624),"-14258.600, 327.030, 26.427","-14258.600, 337.030, 26.427","-14258.600, 317.030, 26.427",가시덤불 암호랑이 (772),"-12907.700, -407.618, 12.128","-12907.700, -397.618, 12.128","-12907.700, -417.618, 12.128"
311,동부 왕국,가시덤불 골짜기,아보라즈의 폐허,상위지역 경계 대체,33,술취한 투사 (15724),"-14258.600, 327.030, 26.364","-14258.600, 337.030, 26.364","-14258.600, 317.030, 26.364",무법항 투사 (4624),"-14258.600, 327.030, 26.427","-14258.600, 337.030, 26.427","-14258.600, 317.030, 26.427",가시덤불 암호랑이 (772),"-12907.700, -407.618, 12.128","-12907.700, -397.618, 12.128","-12907.700, -417.618, 12.128"
312,동부 왕국,가시덤불 골짜기,자네이로 섬,상위지역 경계 대체,33,술취한 투사 (15724),"-14258.600, 327.030, 26.364","-14258.600, 337.030, 26.364","-14258.600, 317.030, 26.364",무법항 투사 (4624),"-14258.600, 327.030, 26.427","-14258.600, 337.030, 26.427","-14258.600, 317.030, 26.427",가시덤불 암호랑이 (772),"-12907.700, -407.618, 12.128","-12907.700, -397.618, 12.128","-12907.700, -417.618, 12.128"
313,동부 왕국,아라시 고원,북부습곡 장원,상위지역 경계 대체,45,줄무늬 고원랩터 (2559),"-1317.800, -2641.540, 64.874","-1317.800, -2631.540, 64.874","-1317.800, -2651.540, 64.874",평원타란툴라 (2563),"-1353.260, -2619.610, 73.142","-1353.260, -2609.610, 73.142","-1353.260, -2629.610, 73.142",외뿔 고원랩터 (2560),"-1516.830, -2813.330, 39.461","-1516.830, -2803.330, 39.461","-1516.830, -2823.330, 39.461"
314,동부 왕국,아라시 고원,고셰크 농장,상위지역 경계 대체,45,줄무늬 고원랩터 (2559),"-1317.800, -2641.540, 64.874","-1317.800, -2631.540, 64.874","-1317.800, -2651.540, 64.874",평원타란툴라 (2563),"-1353.260, -2619.610, 73.142","-1353.260, -2609.610, 73.142","-1353.260, -2629.610, 73.142",외뿔 고원랩터 (2560),"-1516.830, -2813.330, 39.461","-1516.830, -2803.330, 39.461","-1516.830, -2823.330, 39.461"
315,동부 왕국,아라시 고원,다비리 농장,상위지역 경계 대체,45,줄무늬 고원랩터 (2559),"-1317.800, -2641.540, 64.874","-1317.800, -2631.540, 64.874","-1317.800, -2651.540, 64.874",평원타란툴라 (2563),"-1353.260, -2619.610, 73.142","-1353.260, -2609.610, 73.142","-1353.260, -2629.610, 73.142",외뿔 고원랩터 (2560),"-1516.830, -2813.330, 39.461","-1516.830, -2803.330, 39.461","-1516.830, -2823.330, 39.461"
316,동부 왕국,아라시 고원,돌주먹일족 소굴,상위지역 경계 대체,45,줄무늬 고원랩터 (2559),"-1317.800, -2641.540, 64.874","-1317.800, -2631.540, 64.874","-1317.800, -2651.540, 64.874",평원타란툴라 (2563),"-1353.260, -2619.610, 73.142","-1353.260, -2609.610, 73.142","-1353.260, -2629.610, 73.142",외뿔 고원랩터 (2560),"-1516.830, -2813.330, 39.461","-1516.830, -2803.330, 39.461","-1516.830, -2823.330, 39.461"
317,동부 왕국,아라시 고원,마른나무껍질 마을,상위지역 경계 대체,45,줄무늬 고원랩터 (2559),"-1317.800, -2641.540, 64.874","-1317.800, -2631.540, 64.874","-1317.800, -2651.540, 64.874",평원타란툴라 (2563),"-1353.260, -2619.610, 73.142","-1353.260, -2609.610, 73.142","-1353.260, -2629.610, 73.142",외뿔 고원랩터 (2560),"-1516.830, -2813.330, 39.461","-1516.830, -2803.330, 39.461","-1516.830, -2823.330, 39.461"
318,동부 왕국,아라시 고원,마른수염 골짜기,상위지역 경계 대체,45,줄무늬 고원랩터 (2559),"-1317.800, -2641.540, 64.874","-1317.800, -2631.540, 64.874","-1317.800, -2651.540, 64.874",평원타란툴라 (2563),"-1353.260, -2619.610, 73.142","-1353.260, -2609.610, 73.142","-1353.260, -2629.610, 73.142",외뿔 고원랩터 (2560),"-1516.830, -2813.330, 39.461","-1516.830, -2803.330, 39.461","-1516.830, -2823.330, 39.461"
320,동부 왕국,아라시 고원,임시 주둔지,상위지역 경계 대체,45,줄무늬 고원랩터 (2559),"-1317.800, -2641.540, 64.874","-1317.800, -2631.540, 64.874","-1317.800, -2651.540, 64.874",평원타란툴라 (2563),"-1353.260, -2619.610, 73.142","-1353.260, -2609.610, 73.142","-1353.260, -2629.610, 73.142",외뿔 고원랩터 (2560),"-1516.830, -2813.330, 39.461","-1516.830, -2803.330, 39.461","-1516.830, -2823.330, 39.461"
321,동부 왕국,아라시 고원,해머폴,상위지역 경계 대체,45,줄무늬 고원랩터 (2559),"-1317.800, -2641.540, 64.874","-1317.800, -2631.540, 64.874","-1317.800, -2651.540, 64.874",평원타란툴라 (2563),"-1353.260, -2619.610, 73.142","-1353.260, -2609.610, 73.142","-1353.260, -2629.610, 73.142",외뿔 고원랩터 (2560),"-1516.830, -2813.330, 39.461","-1516.830, -2803.330, 39.461","-1516.830, -2823.330, 39.461"
322,동부 왕국,아라시 고원,검은바다 난파지,상위지역 경계 대체,45,줄무늬 고원랩터 (2559),"-1317.800, -2641.540, 64.874","-1317.800, -2631.540, 64.874","-1317.800, -2651.540, 64.874",평원타란툴라 (2563),"-1353.260, -2619.610, 73.142","-1353.260, -2609.610, 73.142","-1353.260, -2629.610, 73.142",외뿔 고원랩터 (2560),"-1516.830, -2813.330, 39.461","-1516.830, -2803.330, 39.461","-1516.830, -2823.330, 39.461"
323,동부 왕국,아라시 고원,오브린의 야영지,상위지역 경계 대체,45,줄무늬 고원랩터 (2559),"-1317.800, -2641.540, 64.874","-1317.800, -2631.540, 64.874","-1317.800, -2651.540, 64.874",평원타란툴라 (2563),"-1353.260, -2619.610, 73.142","-1353.260, -2609.610, 73.142","-1353.260, -2629.610, 73.142",외뿔 고원랩터 (2560),"-1516.830, -2813.330, 39.461","-1516.830, -2803.330, 39.461","-1516.830, -2823.330, 39.461"
324,동부 왕국,아라시 고원,스트롬가드 요새,상위지역 경계 대체,45,줄무늬 고원랩터 (2559),"-1317.800, -2641.540, 64.874","-1317.800, -2631.540, 64.874","-1317.800, -2651.540, 64.874",평원타란툴라 (2563),"-1353.260, -2619.610, 73.142","-1353.260, -2609.610, 73.142","-1353.260, -2629.610, 73.142",외뿔 고원랩터 (2560),"-1516.830, -2813.330, 39.461","-1516.830, -2803.330, 39.461","-1516.830, -2823.330, 39.461"
325,동부 왕국,아라시 고원,아라소르의 탑,상위지역 경계 대체,45,줄무늬 고원랩터 (2559),"-1317.800, -2641.540, 64.874","-1317.800, -2631.540, 64.874","-1317.800, -2651.540, 64.874",평원타란툴라 (2563),"-1353.260, -2619.610, 73.142","-1353.260, -2609.610, 73.142","-1353.260, -2629.610, 73.142",외뿔 고원랩터 (2560),"-1516.830, -2813.330, 39.461","-1516.830, -2803.330, 39.461","-1516.830, -2823.330, 39.461"
326,동부 왕국,아라시 고원,성소,상위지역 경계 대체,45,줄무늬 고원랩터 (2559),"-1317.800, -2641.540, 64.874","-1317.800, -2631.540, 64.874","-1317.800, -2651.540, 64.874",평원타란툴라 (2563),"-1353.260, -2619.610, 73.142","-1353.260, -2609.610, 73.142","-1353.260, -2629.610, 73.142",외뿔 고원랩터 (2560),"-1516.830, -2813.330, 39.461","-1516.830, -2803.330, 39.461","-1516.830, -2823.330, 39.461"
327,동부 왕국,아라시 고원,팔디르의 만,상위지역 경계 대체,45,줄무늬 고원랩터 (2559),"-1317.800, -2641.540, 64.874","-1317.800, -2631.540, 64.874","-1317.800, -2651.540, 64.874",평원타란툴라 (2563),"-1353.260, -2619.610, 73.142","-1353.260, -2609.610, 73.142","-1353.260, -2629.610, 73.142",외뿔 고원랩터 (2560),"-1516.830, -2813.330, 39.461","-1516.830, -2803.330, 39.461","-1516.830, -2823.330, 39.461"
328,동부 왕국,아라시 고원,가라앉은 산호초,상위지역 경계 대체,45,줄무늬 고원랩터 (2559),"-1317.800, -2641.540, 64.874","-1317.800, -2631.540, 64.874","-1317.800, -2651.540, 64.874",평원타란툴라 (2563),"-1353.260, -2619.610, 73.142","-1353.260, -2609.610, 73.142","-1353.260, -2629.610, 73.142",외뿔 고원랩터 (2560),"-1516.830, -2813.330, 39.461","-1516.830, -2803.330, 39.461","-1516.830, -2823.330, 39.461"
330,동부 왕국,,탄돌 교각,없음,,없음,,,,없음,,,,없음,,,
331,칼림도어,,잿빛 골짜기,지역 경계 직접,331,찔레가시 거미 (3819),"2745.000, -851.066, 151.039","2745.000, -841.066, 151.039","2745.000, -861.066, 151.039",잿빛골짜기곰 (3809),"2710.550, -1146.070, 170.394","2710.550, -1136.070, 170.394","2710.550, -1156.070, 170.394",야생 순록 (3816),"3594.910, -225.610, 8.752","3594.910, -215.610, 8.752","3594.910, -235.610, 8.752"
332,칼림도어,,대해,없음,,없음,,,,없음,,,,없음,,,
333,동부 왕국,아라시 고원,동쪽 봉인의 마법진,상위지역 경계 대체,45,줄무늬 고원랩터 (2559),"-1317.800, -2641.540, 64.874","-1317.800, -2631.540, 64.874","-1317.800, -2651.540, 64.874",평원타란툴라 (2563),"-1353.260, -2619.610, 73.142","-1353.260, -2609.610, 73.142","-1353.260, -2629.610, 73.142",외뿔 고원랩터 (2560),"-1516.830, -2813.330, 39.461","-1516.830, -2803.330, 39.461","-1516.830, -2823.330, 39.461"
334,동부 왕국,아라시 고원,서쪽 봉인의 마법진,상위지역 경계 대체,45,줄무늬 고원랩터 (2559),"-1317.800, -2641.540, 64.874","-1317.800, -2631.540, 64.874","-1317.800, -2651.540, 64.874",평원타란툴라 (2563),"-1353.260, -2619.610, 73.142","-1353.260, -2609.610, 73.142","-1353.260, -2629.610, 73.142",외뿔 고원랩터 (2560),"-1516.830, -2813.330, 39.461","-1516.830, -2803.330, 39.461","-1516.830, -2823.330, 39.461"
335,동부 왕국,아라시 고원,내부 봉인의 마법진,상위지역 경계 대체,45,줄무늬 고원랩터 (2559),"-1317.800, -2641.540, 64.874","-1317.800, -2631.540, 64.874","-1317.800, -2651.540, 64.874",평원타란툴라 (2563),"-1353.260, -2619.610, 73.142","-1353.260, -2609.610, 73.142","-1353.260, -2629.610, 73.142",외뿔 고원랩터 (2560),"-1516.830, -2813.330, 39.461","-1516.830, -2803.330, 39.461","-1516.830, -2823.330, 39.461"
336,동부 왕국,아라시 고원,외부 봉인의 마법진,상위지역 경계 대체,45,줄무늬 고원랩터 (2559),"-1317.800, -2641.540, 64.874","-1317.800, -2631.540, 64.874","-1317.800, -2651.540, 64.874",평원타란툴라 (2563),"-1353.260, -2619.610, 73.142","-1353.260, -2609.610, 73.142","-1353.260, -2629.610, 73.142",외뿔 고원랩터 (2560),"-1516.830, -2813.330, 39.461","-1516.830, -2803.330, 39.461","-1516.830, -2823.330, 39.461"
337,동부 왕국,황야의 땅,아포크리판의 안식처,상위지역 경계 대체,3,덩치 큰 바위산코요테 (2729),"-6847.490, -3008.190, 242.100","-6847.490, -2998.190, 242.100","-6847.490, -3018.190, 242.100",덩치 큰 바위산표범 (2732),"-6760.770, -3279.660, 242.453","-6760.770, -3269.660, 242.453","-6760.770, -3289.660, 242.453",흉포한 바위산코요테 (2728),"-6750.660, -3407.980, 241.792","-6750.660, -3397.980, 241.792","-6750.660, -3417.980, 241.792"
338,동부 왕국,황야의 땅,고통의 요새,상위지역 경계 대체,3,덩치 큰 바위산코요테 (2729),"-6847.490, -3008.190, 242.100","-6847.490, -2998.190, 242.100","-6847.490, -3018.190, 242.100",덩치 큰 바위산표범 (2732),"-6760.770, -3279.660, 242.453","-6760.770, -3269.660, 242.453","-6760.770, -3289.660, 242.453",흉포한 바위산코요테 (2728),"-6750.660, -3407.980, 241.792","-6750.660, -3397.980, 241.792","-6750.660, -3417.980, 241.792"
339,동부 왕국,황야의 땅,레슬로 협곡,상위지역 경계 대체,3,덩치 큰 바위산코요테 (2729),"-6847.490, -3008.190, 242.100","-6847.490, -2998.190, 242.100","-6847.490, -3018.190, 242.100",덩치 큰 바위산표범 (2732),"-6760.770, -3279.660, 242.453","-6760.770, -3269.660, 242.453","-6760.770, -3289.660, 242.453",흉포한 바위산코요테 (2728),"-6750.660, -3407.980, 241.792","-6750.660, -3397.980, 241.792","-6750.660, -3417.980, 241.792"
340,동부 왕국,황야의 땅,카르가스,상위지역 경계 대체,3,덩치 큰 바위산코요테 (2729),"-6847.490, -3008.190, 242.100","-6847.490, -2998.190, 242.100","-6847.490, -3018.190, 242.100",덩치 큰 바위산표범 (2732),"-6760.770, -3279.660, 242.453","-6760.770, -3269.660, 242.453","-6760.770, -3289.660, 242.453",흉포한 바위산코요테 (2728),"-6750.660, -3407.980, 241.792","-6750.660, -3397.980, 241.792","-6750.660, -3417.980, 241.792"
341,동부 왕국,황야의 땅,코쉬 야영지,상위지역 경계 대체,3,덩치 큰 바위산코요테 (2729),"-6847.490, -3008.190, 242.100","-6847.490, -2998.190, 242.100","-6847.490, -3018.190, 242.100",덩치 큰 바위산표범 (2732),"-6760.770, -3279.660, 242.453","-6760.770, -3269.660, 242.453","-6760.770, -3289.660, 242.453",흉포한 바위산코요테 (2728),"-6750.660, -3407.980, 241.792","-6750.660, -3397.980, 241.792","-6750.660, -3417.980, 241.792"
342,동부 왕국,황야의 땅,보프 야영지,상위지역 경계 대체,3,덩치 큰 바위산코요테 (2729),"-6847.490, -3008.190, 242.100","-6847.490, -2998.190, 242.100","-6847.490, -3018.190, 242.100",덩치 큰 바위산표범 (2732),"-6760.770, -3279.660, 242.453","-6760.770, -3269.660, 242.453","-6760.770, -3289.660, 242.453",흉포한 바위산코요테 (2728),"-6750.660, -3407.980, 241.792","-6750.660, -3397.980, 241.792","-6750.660, -3417.980, 241.792"
343,동부 왕국,황야의 땅,우르그 야영지,상위지역 경계 대체,3,덩치 큰 바위산코요테 (2729),"-6847.490, -3008.190, 242.100","-6847.490, -2998.190, 242.100","-6847.490, -3018.190, 242.100",덩치 큰 바위산표범 (2732),"-6760.770, -3279.660, 242.453","-6760.770, -3269.660, 242.453","-6760.770, -3289.660, 242.453",흉포한 바위산코요테 (2728),"-6750.660, -3407.980, 241.792","-6750.660, -3397.980, 241.792","-6750.660, -3417.980, 241.792"
344,동부 왕국,황야의 땅,카그 야영지,상위지역 경계 대체,3,덩치 큰 바위산코요테 (2729),"-6847.490, -3008.190, 242.100","-6847.490, -2998.190, 242.100","-6847.490, -3018.190, 242.100",덩치 큰 바위산표범 (2732),"-6760.770, -3279.660, 242.453","-6760.770, -3269.660, 242.453","-6760.770, -3289.660, 242.453",흉포한 바위산코요테 (2728),"-6750.660, -3407.980, 241.792","-6750.660, -3397.980, 241.792","-6750.660, -3417.980, 241.792"
345,동부 왕국,황야의 땅,아그몬드의 최후,상위지역 경계 대체,3,덩치 큰 바위산코요테 (2729),"-6847.490, -3008.190, 242.100","-6847.490, -2998.190, 242.100","-6847.490, -3018.190, 242.100",덩치 큰 바위산표범 (2732),"-6760.770, -3279.660, 242.453","-6760.770, -3269.660, 242.453","-6760.770, -3289.660, 242.453",흉포한 바위산코요테 (2728),"-6750.660, -3407.980, 241.792","-6750.660, -3397.980, 241.792","-6750.660, -3417.980, 241.792"
346,동부 왕국,황야의 땅,해머토의 발굴현장,상위지역 경계 대체,3,덩치 큰 바위산코요테 (2729),"-6847.490, -3008.190, 242.100","-6847.490, -2998.190, 242.100","-6847.490, -3018.190, 242.100",덩치 큰 바위산표범 (2732),"-6760.770, -3279.660, 242.453","-6760.770, -3269.660, 242.453","-6760.770, -3289.660, 242.453",흉포한 바위산코요테 (2728),"-6750.660, -3407.980, 241.792","-6750.660, -3397.980, 241.792","-6750.660, -3417.980, 241.792"
347,동부 왕국,황야의 땅,먼지목도리 소굴,상위지역 경계 대체,3,덩치 큰 바위산코요테 (2729),"-6847.490, -3008.190, 242.100","-6847.490, -2998.190, 242.100","-6847.490, -3018.190, 242.100",덩치 큰 바위산표범 (2732),"-6760.770, -3279.660, 242.453","-6760.770, -3269.660, 242.453","-6760.770, -3289.660, 242.453",흉포한 바위산코요테 (2728),"-6750.660, -3407.980, 241.792","-6750.660, -3397.980, 241.792","-6750.660, -3417.980, 241.792"
348,동부 왕국,동부 내륙지,맹금의 봉우리,상위지역 경계 대체,47,무쇠턱 바다거북 (2505),"-286.143, -4448.270, 14.091","-286.143, -4438.270, 14.091","-286.143, -4458.270, 14.091",긴발톱 은빛갈기늑대 (2926),"206.152, -3585.180, 126.379","206.152, -3575.180, 126.379","206.152, -3595.180, 126.379",녹색 녹괴물 (2655),"145.146, -3473.670, 109.429","145.146, -3463.670, 109.429","145.146, -3483.670, 109.429"
349,동부 왕국,동부 내륙지,와일드해머 요새,상위지역 경계 대체,47,무쇠턱 바다거북 (2505),"-286.143, -4448.270, 14.091","-286.143, -4438.270, 14.091","-286.143, -4458.270, 14.091",긴발톱 은빛갈기늑대 (2926),"206.152, -3585.180, 126.379","206.152, -3575.180, 126.379","206.152, -3595.180, 126.379",녹색 녹괴물 (2655),"145.146, -3473.670, 109.429","145.146, -3463.670, 109.429","145.146, -3483.670, 109.429"
350,동부 왕국,동부 내륙지,쿠엘다닐 오두막,상위지역 경계 대체,47,무쇠턱 바다거북 (2505),"-286.143, -4448.270, 14.091","-286.143, -4438.270, 14.091","-286.143, -4458.270, 14.091",긴발톱 은빛갈기늑대 (2926),"206.152, -3585.180, 126.379","206.152, -3575.180, 126.379","206.152, -3595.180, 126.379",녹색 녹괴물 (2655),"145.146, -3473.670, 109.429","145.146, -3463.670, 109.429","145.146, -3483.670, 109.429"
351,동부 왕국,동부 내륙지,굼벵이 바위굴,상위지역 경계 대체,47,무쇠턱 바다거북 (2505),"-286.143, -4448.270, 14.091","-286.143, -4438.270, 14.091","-286.143, -4458.270, 14.091",긴발톱 은빛갈기늑대 (2926),"206.152, -3585.180, 126.379","206.152, -3575.180, 126.379","206.152, -3595.180, 126.379",녹색 녹괴물 (2655),"145.146, -3473.670, 109.429","145.146, -3463.670, 109.429","145.146, -3483.670, 109.429"
352,동부 왕국,동부 내륙지,준와타,상위지역 경계 대체,47,무쇠턱 바다거북 (2505),"-286.143, -4448.270, 14.091","-286.143, -4438.270, 14.091","-286.143, -4458.270, 14.091",긴발톱 은빛갈기늑대 (2926),"206.152, -3585.180, 126.379","206.152, -3575.180, 126.379","206.152, -3595.180, 126.379",녹색 녹괴물 (2655),"145.146, -3473.670, 109.429","145.146, -3463.670, 109.429","145.146, -3483.670, 109.429"
353,동부 왕국,동부 내륙지,샤드라알로,상위지역 경계 대체,47,무쇠턱 바다거북 (2505),"-286.143, -4448.270, 14.091","-286.143, -4438.270, 14.091","-286.143, -4458.270, 14.091",긴발톱 은빛갈기늑대 (2926),"206.152, -3585.180, 126.379","206.152, -3575.180, 126.379","206.152, -3595.180, 126.379",녹색 녹괴물 (2655),"145.146, -3473.670, 109.429","145.146, -3463.670, 109.429","145.146, -3483.670, 109.429"
354,동부 왕국,동부 내륙지,진타알로,상위지역 경계 대체,47,무쇠턱 바다거북 (2505),"-286.143, -4448.270, 14.091","-286.143, -4438.270, 14.091","-286.143, -4458.270, 14.091",긴발톱 은빛갈기늑대 (2926),"206.152, -3585.180, 126.379","206.152, -3575.180, 126.379","206.152, -3595.180, 126.379",녹색 녹괴물 (2655),"145.146, -3473.670, 109.429","145.146, -3463.670, 109.429","145.146, -3483.670, 109.429"
355,동부 왕국,동부 내륙지,줄의 제단,상위지역 경계 대체,47,무쇠턱 바다거북 (2505),"-286.143, -4448.270, 14.091","-286.143, -4438.270, 14.091","-286.143, -4458.270, 14.091",긴발톱 은빛갈기늑대 (2926),"206.152, -3585.180, 126.379","206.152, -3575.180, 126.379","206.152, -3595.180, 126.379",녹색 녹괴물 (2655),"145.146, -3473.670, 109.429","145.146, -3463.670, 109.429","145.146, -3483.670, 109.429"
356,동부 왕국,동부 내륙지,세라데인,상위지역 경계 대체,47,무쇠턱 바다거북 (2505),"-286.143, -4448.270, 14.091","-286.143, -4438.270, 14.091","-286.143, -4458.270, 14.091",긴발톱 은빛갈기늑대 (2926),"206.152, -3585.180, 126.379","206.152, -3575.180, 126.379","206.152, -3595.180, 126.379",녹색 녹괴물 (2655),"145.146, -3473.670, 109.429","145.146, -3463.670, 109.429","145.146, -3483.670, 109.429"
357,칼림도어,,페랄라스,지역 경계 직접,357,긴다리 송곳니늑대 (5286),"-4618.120, 956.096, 57.850","-4618.120, 966.096, 57.850","-4618.120, 946.096, 57.850",초원타조 (2955),"-3284.410, -217.130, 39.616","-3284.410, -207.130, 39.616","-3284.410, -227.130, 39.616",초원늑대 (2958),"-2989.230, 298.476, 115.955","-2989.230, 308.476, 115.955","-2989.230, 288.476, 115.955"
358,칼림도어,멀고어,칼날가시 협곡,상위지역 경계 대체,215,긴발톱 초원늑대 (2959),"-1950.900, -482.575, -7.776","-1950.900, -472.575, -7.776","-1950.900, -492.575, -7.776",투자개발회사 노역꾼 (2978),"-1914.360, -1012.180, 45.407","-1914.360, -1002.180, 45.407","-1914.360, -1022.180, 45.407",초원늑대 (2958),"-2249.060, -719.273, -4.384","-2249.060, -709.273, -4.384","-2249.060, -729.273, -4.384"
359,칼림도어,불모의 땅,바엘 모단,상위지역 경계 대체,17,긴송곳니 열대초원랩터 (3255),"-1525.840, -2634.480, 93.120","-1525.840, -2624.480, 93.120","-1525.840, -2644.480, 93.120",굶주린 얼룩말 (3242),"-1047.420, -2714.390, 92.212","-1047.420, -2704.390, 92.212","-1047.420, -2724.390, 92.212",검은부리초원타조 (3246),"-1014.420, -2361.710, 94.964","-1014.420, -2351.710, 94.964","-1014.420, -2371.710, 94.964"
360,칼림도어,멀고어,투자개발회사 광산,상위지역 경계 대체,215,긴발톱 초원늑대 (2959),"-1950.900, -482.575, -7.776","-1950.900, -472.575, -7.776","-1950.900, -492.575, -7.776",투자개발회사 노역꾼 (2978),"-1914.360, -1012.180, 45.407","-1914.360, -1002.180, 45.407","-1914.360, -1022.180, 45.407",초원늑대 (2958),"-2249.060, -719.273, -4.384","-2249.060, -709.273, -4.384","-2249.060, -729.273, -4.384"
361,칼림도어,,악령의 숲,지역 경계 직접,361,광포한 엉겅퀴곰 (2164),"5415.720, -5.040, 77.552","5415.720, 4.960, 77.552","5415.720, -15.040, 77.552",새끼 숲타조 (2321),"5326.310, 40.085, 54.773","5326.310, 50.085, 54.773","5326.310, 30.085, 54.773",야생 순록 (3816),"4091.320, 43.783, 24.576","4091.320, 53.783, 24.576","4091.320, 33.783, 24.576"
362,칼림도어,듀로타,칼바위 언덕,상위지역 경계 대체,14,긴송곳니 열대초원랩터 (3255),"-138.366, -3690.130, 27.531","-138.366, -3680.130, 27.531","-138.366, -3700.130, 27.531",덩치 큰 점박이멧돼지 (3100),"63.938, -4054.780, 53.847","63.938, -4044.780, 53.847","63.938, -4064.780, 53.847",검은부리초원타조 (3246),"-318.000, -3817.240, 29.120","-318.000, -3807.240, 29.120","-318.000, -3827.240, 29.120"
363,칼림도어,듀로타,시험의 골짜기,상위지역 경계 대체,14,긴송곳니 열대초원랩터 (3255),"-138.366, -3690.130, 27.531","-138.366, -3680.130, 27.531","-138.366, -3700.130, 27.531",덩치 큰 점박이멧돼지 (3100),"63.938, -4054.780, 53.847","63.938, -4044.780, 53.847","63.938, -4064.780, 53.847",검은부리초원타조 (3246),"-318.000, -3817.240, 29.120","-318.000, -3807.240, 29.120","-318.000, -3827.240, 29.120"
364,칼림도어,듀로타,동굴 막사,상위지역 경계 대체,14,긴송곳니 열대초원랩터 (3255),"-138.366, -3690.130, 27.531","-138.366, -3680.130, 27.531","-138.366, -3700.130, 27.531",덩치 큰 점박이멧돼지 (3100),"63.938, -4054.780, 53.847","63.938, -4044.780, 53.847","63.938, -4064.780, 53.847",검은부리초원타조 (3246),"-318.000, -3817.240, 29.120","-318.000, -3807.240, 29.120","-318.000, -3827.240, 29.120"
365,칼림도어,듀로타,불타는 칼날 소굴,상위지역 경계 대체,14,긴송곳니 열대초원랩터 (3255),"-138.366, -3690.130, 27.531","-138.366, -3680.130, 27.531","-138.366, -3700.130, 27.531",덩치 큰 점박이멧돼지 (3100),"63.938, -4054.780, 53.847","63.938, -4044.780, 53.847","63.938, -4064.780, 53.847",검은부리초원타조 (3246),"-318.000, -3817.240, 29.120","-318.000, -3807.240, 29.120","-318.000, -3827.240, 29.120"
366,칼림도어,듀로타,콜카르 바윗골,상위지역 경계 대체,14,긴송곳니 열대초원랩터 (3255),"-138.366, -3690.130, 27.531","-138.366, -3680.130, 27.531","-138.366, -3700.130, 27.531",덩치 큰 점박이멧돼지 (3100),"63.938, -4054.780, 53.847","63.938, -4044.780, 53.847","63.938, -4064.780, 53.847",검은부리초원타조 (3246),"-318.000, -3817.240, 29.120","-318.000, -3807.240, 29.120","-318.000, -3827.240, 29.120"
367,칼림도어,듀로타,센진 마을,상위지역 경계 대체,14,긴송곳니 열대초원랩터 (3255),"-138.366, -3690.130, 27.531","-138.366, -3680.130, 27.531","-138.366, -3700.130, 27.531",덩치 큰 점박이멧돼지 (3100),"63.938, -4054.780, 53.847","63.938, -4044.780, 53.847","63.938, -4064.780, 53.847",검은부리초원타조 (3246),"-318.000, -3817.240, 29.120","-318.000, -3807.240, 29.120","-318.000, -3827.240, 29.120"
368,칼림도어,듀로타,메아리 섬,상위지역 경계 대체,14,긴송곳니 열대초원랩터 (3255),"-138.366, -3690.130, 27.531","-138.366, -3680.130, 27.531","-138.366, -3700.130, 27.531",덩치 큰 점박이멧돼지 (3100),"63.938, -4054.780, 53.847","63.938, -4044.780, 53.847","63.938, -4064.780, 53.847",검은부리초원타조 (3246),"-318.000, -3817.240, 29.120","-318.000, -3807.240, 29.120","-318.000, -3827.240, 29.120"
369,칼림도어,듀로타,천둥 골짜기,상위지역 경계 대체,14,긴송곳니 열대초원랩터 (3255),"-138.366, -3690.130, 27.531","-138.366, -3680.130, 27.531","-138.366, -3700.130, 27.531",덩치 큰 점박이멧돼지 (3100),"63.938, -4054.780, 53.847","63.938, -4044.780, 53.847","63.938, -4064.780, 53.847",검은부리초원타조 (3246),"-318.000, -3817.240, 29.120","-318.000, -3807.240, 29.120","-318.000, -3827.240, 29.120"
370,칼림도어,듀로타,모래바람 협곡,상위지역 경계 대체,14,긴송곳니 열대초원랩터 (3255),"-138.366, -3690.130, 27.531","-138.366, -3680.130, 27.531","-138.366, -3700.130, 27.531",덩치 큰 점박이멧돼지 (3100),"63.938, -4054.780, 53.847","63.938, -4044.780, 53.847","63.938, -4064.780, 53.847",검은부리초원타조 (3246),"-318.000, -3817.240, 29.120","-318.000, -3807.240, 29.120","-318.000, -3827.240, 29.120"
371,칼림도어,듀로타,먼지바람 동굴,상위지역 경계 대체,14,긴송곳니 열대초원랩터 (3255),"-138.366, -3690.130, 27.531","-138.366, -3680.130, 27.531","-138.366, -3700.130, 27.531",덩치 큰 점박이멧돼지 (3100),"63.938, -4054.780, 53.847","63.938, -4044.780, 53.847","63.938, -4064.780, 53.847",검은부리초원타조 (3246),"-318.000, -3817.240, 29.120","-318.000, -3807.240, 29.120","-318.000, -3827.240, 29.120"
372,칼림도어,듀로타,타이라가드 요새,상위지역 경계 대체,14,긴송곳니 열대초원랩터 (3255),"-138.366, -3690.130, 27.531","-138.366, -3680.130, 27.531","-138.366, -3700.130, 27.531",덩치 큰 점박이멧돼지 (3100),"63.938, -4054.780, 53.847","63.938, -4044.780, 53.847","63.938, -4064.780, 53.847",검은부리초원타조 (3246),"-318.000, -3817.240, 29.120","-318.000, -3807.240, 29.120","-318.000, -3827.240, 29.120"
373,칼림도어,듀로타,가라앉은 해안,상위지역 경계 대체,14,긴송곳니 열대초원랩터 (3255),"-138.366, -3690.130, 27.531","-138.366, -3680.130, 27.531","-138.366, -3700.130, 27.531",덩치 큰 점박이멧돼지 (3100),"63.938, -4054.780, 53.847","63.938, -4044.780, 53.847","63.938, -4064.780, 53.847",검은부리초원타조 (3246),"-318.000, -3817.240, 29.120","-318.000, -3807.240, 29.120","-318.000, -3827.240, 29.120"
374,칼림도어,듀로타,칼날주먹 만,상위지역 경계 대체,14,긴송곳니 열대초원랩터 (3255),"-138.366, -3690.130, 27.531","-138.366, -3680.130, 27.531","-138.366, -3700.130, 27.531",덩치 큰 점박이멧돼지 (3100),"63.938, -4054.780, 53.847","63.938, -4044.780, 53.847","63.938, -4064.780, 53.847",검은부리초원타조 (3246),"-318.000, -3817.240, 29.120","-318.000, -3807.240, 29.120","-318.000, -3827.240, 29.120"
375,칼림도어,듀로타,데드아이 해안,상위지역 경계 대체,14,긴송곳니 열대초원랩터 (3255),"-138.366, -3690.130, 27.531","-138.366, -3680.130, 27.531","-138.366, -3700.130, 27.531",덩치 큰 점박이멧돼지 (3100),"63.938, -4054.780, 53.847","63.938, -4044.780, 53.847","63.938, -4064.780, 53.847",검은부리초원타조 (3246),"-318.000, -3817.240, 29.120","-318.000, -3807.240, 29.120","-318.000, -3827.240, 29.120"
377,칼림도어,,분노의 강,없음,,없음,,,,없음,,,,없음,,,
378,칼림도어,불모의 땅,타우라조 야영지,상위지역 경계 대체,17,긴송곳니 열대초원랩터 (3255),"-1525.840, -2634.480, 93.120","-1525.840, -2624.480, 93.120","-1525.840, -2644.480, 93.120",굶주린 얼룩말 (3242),"-1047.420, -2714.390, 92.212","-1047.420, -2704.390, 92.212","-1047.420, -2724.390, 92.212",검은부리초원타조 (3246),"-1014.420, -2361.710, 94.964","-1014.420, -2351.710, 94.964","-1014.420, -2371.710, 94.964"
379,칼림도어,불모의 땅,전초 기지,상위지역 경계 대체,17,긴송곳니 열대초원랩터 (3255),"-1525.840, -2634.480, 93.120","-1525.840, -2624.480, 93.120","-1525.840, -2644.480, 93.120",굶주린 얼룩말 (3242),"-1047.420, -2714.390, 92.212","-1047.420, -2704.390, 92.212","-1047.420, -2724.390, 92.212",검은부리초원타조 (3246),"-1014.420, -2361.710, 94.964","-1014.420, -2351.710, 94.964","-1014.420, -2371.710, 94.964"
380,칼림도어,불모의 땅,크로스로드,상위지역 경계 대체,17,긴송곳니 열대초원랩터 (3255),"-1525.840, -2634.480, 93.120","-1525.840, -2624.480, 93.120","-1525.840, -2644.480, 93.120",굶주린 얼룩말 (3242),"-1047.420, -2714.390, 92.212","-1047.420, -2704.390, 92.212","-1047.420, -2724.390, 92.212",검은부리초원타조 (3246),"-1014.420, -2361.710, 94.964","-1014.420, -2351.710, 94.964","-1014.420, -2371.710, 94.964"
381,칼림도어,불모의 땅,돌무더기 광산,상위지역 경계 대체,17,긴송곳니 열대초원랩터 (3255),"-1525.840, -2634.480, 93.120","-1525.840, -2624.480, 93.120","-1525.840, -2644.480, 93.120",굶주린 얼룩말 (3242),"-1047.420, -2714.390, 92.212","-1047.420, -2704.390, 92.212","-1047.420, -2724.390, 92.212",검은부리초원타조 (3246),"-1014.420, -2361.710, 94.964","-1014.420, -2351.710, 94.964","-1014.420, -2371.710, 94.964"
382,칼림도어,불모의 땅,진흙늪,상위지역 경계 대체,17,긴송곳니 열대초원랩터 (3255),"-1525.840, -2634.480, 93.120","-1525.840, -2624.480, 93.120","-1525.840, -2644.480, 93.120",굶주린 얼룩말 (3242),"-1047.420, -2714.390, 92.212","-1047.420, -2704.390, 92.212","-1047.420, -2724.390, 92.212",검은부리초원타조 (3246),"-1014.420, -2361.710, 94.964","-1014.420, -2351.710, 94.964","-1014.420, -2371.710, 94.964"
383,칼림도어,불모의 땅,메마른 언덕,상위지역 경계 대체,17,긴송곳니 열대초원랩터 (3255),"-1525.840, -2634.480, 93.120","-1525.840, -2624.480, 93.120","-1525.840, -2644.480, 93.120",굶주린 얼룩말 (3242),"-1047.420, -2714.390, 92.212","-1047.420, -2704.390, 92.212","-1047.420, -2724.390, 92.212",검은부리초원타조 (3246),"-1014.420, -2361.710, 94.964","-1014.420, -2351.710, 94.964","-1014.420, -2371.710, 94.964"
384,칼림도어,불모의 땅,공포의 안개봉우리,상위지역 경계 대체,17,긴송곳니 열대초원랩터 (3255),"-1525.840, -2634.480, 93.120","-1525.840, -2624.480, 93.120","-1525.840, -2644.480, 93.120",굶주린 얼룩말 (3242),"-1047.420, -2714.390, 92.212","-1047.420, -2704.390, 92.212","-1047.420, -2724.390, 92.212",검은부리초원타조 (3246),"-1014.420, -2361.710, 94.964","-1014.420, -2351.710, 94.964","-1014.420, -2371.710, 94.964"
385,칼림도어,불모의 땅,북부 전초기지,상위지역 경계 대체,17,긴송곳니 열대초원랩터 (3255),"-1525.840, -2634.480, 93.120","-1525.840, -2624.480, 93.120","-1525.840, -2644.480, 93.120",굶주린 얼룩말 (3242),"-1047.420, -2714.390, 92.212","-1047.420, -2704.390, 92.212","-1047.420, -2724.390, 92.212",검은부리초원타조 (3246),"-1014.420, -2361.710, 94.964","-1014.420, -2351.710, 94.964","-1014.420, -2371.710, 94.964"
386,칼림도어,불모의 땅,잊혀진 웅덩이,상위지역 경계 대체,17,긴송곳니 열대초원랩터 (3255),"-1525.840, -2634.480, 93.120","-1525.840, -2624.480, 93.120","-1525.840, -2644.480, 93.120",굶주린 얼룩말 (3242),"-1047.420, -2714.390, 92.212","-1047.420, -2704.390, 92.212","-1047.420, -2724.390, 92.212",검은부리초원타조 (3246),"-1014.420, -2361.710, 94.964","-1014.420, -2351.710, 94.964","-1014.420, -2371.710, 94.964"
387,칼림도어,불모의 땅,푸른 오아시스,상위지역 경계 대체,17,긴송곳니 열대초원랩터 (3255),"-1525.840, -2634.480, 93.120","-1525.840, -2624.480, 93.120","-1525.840, -2644.480, 93.120",굶주린 얼룩말 (3242),"-1047.420, -2714.390, 92.212","-1047.420, -2704.390, 92.212","-1047.420, -2724.390, 92.212",검은부리초원타조 (3246),"-1014.420, -2361.710, 94.964","-1014.420, -2351.710, 94.964","-1014.420, -2371.710, 94.964"
388,칼림도어,불모의 땅,죽은 오아시스,상위지역 경계 대체,17,긴송곳니 열대초원랩터 (3255),"-1525.840, -2634.480, 93.120","-1525.840, -2624.480, 93.120","-1525.840, -2644.480, 93.120",굶주린 얼룩말 (3242),"-1047.420, -2714.390, 92.212","-1047.420, -2704.390, 92.212","-1047.420, -2724.390, 92.212",검은부리초원타조 (3246),"-1014.420, -2361.710, 94.964","-1014.420, -2351.710, 94.964","-1014.420, -2371.710, 94.964"
390,칼림도어,불모의 땅,거인의 들판,상위지역 경계 대체,17,긴송곳니 열대초원랩터 (3255),"-1525.840, -2634.480, 93.120","-1525.840, -2624.480, 93.120","-1525.840, -2644.480, 93.120",굶주린 얼룩말 (3242),"-1047.420, -2714.390, 92.212","-1047.420, -2704.390, 92.212","-1047.420, -2724.390, 92.212",검은부리초원타조 (3246),"-1014.420, -2361.710, 94.964","-1014.420, -2351.710, 94.964","-1014.420, -2371.710, 94.964"
391,칼림도어,불모의 땅,무역 해안,상위지역 경계 대체,17,긴송곳니 열대초원랩터 (3255),"-1525.840, -2634.480, 93.120","-1525.840, -2624.480, 93.120","-1525.840, -2644.480, 93.120",굶주린 얼룩말 (3242),"-1047.420, -2714.390, 92.212","-1047.420, -2704.390, 92.212","-1047.420, -2724.390, 92.212",검은부리초원타조 (3246),"-1014.420, -2361.710, 94.964","-1014.420, -2351.710, 94.964","-1014.420, -2371.710, 94.964"
392,칼림도어,불모의 땅,톱니항,상위지역 경계 대체,17,긴송곳니 열대초원랩터 (3255),"-1525.840, -2634.480, 93.120","-1525.840, -2624.480, 93.120","-1525.840, -2644.480, 93.120",굶주린 얼룩말 (3242),"-1047.420, -2714.390, 92.212","-1047.420, -2704.390, 92.212","-1047.420, -2724.390, 92.212",검은부리초원타조 (3246),"-1014.420, -2361.710, 94.964","-1014.420, -2351.710, 94.964","-1014.420, -2371.710, 94.964"
393,칼림도어,듀로타,검은창 해안,상위지역 경계 대체,14,긴송곳니 열대초원랩터 (3255),"-138.366, -3690.130, 27.531","-138.366, -3680.130, 27.531","-138.366, -3700.130, 27.531",덩치 큰 점박이멧돼지 (3100),"63.938, -4054.780, 53.847","63.938, -4044.780, 53.847","63.938, -4064.780, 53.847",검은부리초원타조 (3246),"-318.000, -3817.240, 29.120","-318.000, -3807.240, 29.120","-318.000, -3827.240, 29.120"
394,노스렌드,,회색 구릉지,지역 경계 직접,394,긴뿔 순록 (26363),"3815.740, -3532.190, 248.631","3815.740, -3522.190, 248.631","3815.740, -3542.190, 248.631",서리뿔 산양 (23740),"3279.640, -4430.550, 327.579","3279.640, -4420.550, 327.579","3279.640, -4440.550, 327.579",굶주린 망자 (27290),"3505.120, -1226.770, 109.837","3505.120, -1216.770, 109.837","3505.120, -1236.770, 109.837"
395,노스렌드,회색 구릉지,회색구렁 요새,상위지역 경계 대체,394,긴뿔 순록 (26363),"3815.740, -3532.190, 248.631","3815.740, -3522.190, 248.631","3815.740, -3542.190, 248.631",서리뿔 산양 (23740),"3279.640, -4430.550, 327.579","3279.640, -4420.550, 327.579","3279.640, -4440.550, 327.579",굶주린 망자 (27290),"3505.120, -1226.770, 109.837","3505.120, -1216.770, 109.837","3505.120, -1236.770, 109.837"
396,칼림도어,멀고어,윈터후프 우물,상위지역 경계 대체,215,긴발톱 초원늑대 (2959),"-1950.900, -482.575, -7.776","-1950.900, -472.575, -7.776","-1950.900, -492.575, -7.776",투자개발회사 노역꾼 (2978),"-1914.360, -1012.180, 45.407","-1914.360, -1002.180, 45.407","-1914.360, -1022.180, 45.407",초원늑대 (2958),"-2249.060, -719.273, -4.384","-2249.060, -709.273, -4.384","-2249.060, -729.273, -4.384"
397,칼림도어,멀고어,썬더혼 우물,상위지역 경계 대체,215,긴발톱 초원늑대 (2959),"-1950.900, -482.575, -7.776","-1950.900, -472.575, -7.776","-1950.900, -492.575, -7.776",투자개발회사 노역꾼 (2978),"-1914.360, -1012.180, 45.407","-1914.360, -1002.180, 45.407","-1914.360, -1022.180, 45.407",초원늑대 (2958),"-2249.060, -719.273, -4.384","-2249.060, -709.273, -4.384","-2249.060, -729.273, -4.384"
398,칼림도어,멀고어,와일드메인 우물,상위지역 경계 대체,215,긴발톱 초원늑대 (2959),"-1950.900, -482.575, -7.776","-1950.900, -472.575, -7.776","-1950.900, -492.575, -7.776",투자개발회사 노역꾼 (2978),"-1914.360, -1012.180, 45.407","-1914.360, -1002.180, 45.407","-1914.360, -1022.180, 45.407",초원늑대 (2958),"-2249.060, -719.273, -4.384","-2249.060, -709.273, -4.384","-2249.060, -729.273, -4.384"
399,칼림도어,멀고어,지평선 마루,상위지역 경계 대체,215,긴발톱 초원늑대 (2959),"-1950.900, -482.575, -7.776","-1950.900, -472.575, -7.776","-1950.900, -492.575, -7.776",투자개발회사 노역꾼 (2978),"-1914.360, -1012.180, 45.407","-1914.360, -1002.180, 45.407","-1914.360, -1022.180, 45.407",초원늑대 (2958),"-2249.060, -719.273, -4.384","-2249.060, -709.273, -4.384","-2249.060, -729.273, -4.384"
400,칼림도어,,버섯구름 봉우리,지역 경계 직접,400,비수송곳니 늪지악어 (4345),"-4787.520, -3244.550, 29.785","-4787.520, -3234.550, 29.785","-4787.520, -3254.550, 29.785",가시덩굴일족 전투호위병 (7873),"-4845.940, -2328.120, 96.337","-4845.940, -2318.120, 96.337","-4845.940, -2338.120, 96.337",점박이하이에나 (4248),"-5550.440, -2575.780, -56.447","-5550.440, -2565.780, -56.447","-5550.440, -2585.780, -56.447"
401,칼림도어,불모의 땅,타이더스 계단,상위지역 경계 대체,17,긴송곳니 열대초원랩터 (3255),"-1525.840, -2634.480, 93.120","-1525.840, -2624.480, 93.120","-1525.840, -2644.480, 93.120",굶주린 얼룩말 (3242),"-1047.420, -2714.390, 92.212","-1047.420, -2704.390, 92.212","-1047.420, -2724.390, 92.212",검은부리초원타조 (3246),"-1014.420, -2361.710, 94.964","-1014.420, -2351.710, 94.964","-1014.420, -2371.710, 94.964"
403,칼림도어,먼지진흙 습지대,그늘 쉼터 여관,상위지역 경계 대체,15,비수송곳니 늪지악어 (4345),"-3753.070, -3518.840, 28.647","-3753.070, -3508.840, 28.647","-3753.070, -3528.840, 28.647",얼룩무늬 늪지악어 (4344),"-3764.010, -3379.690, 32.323","-3764.010, -3369.690, 32.323","-3764.010, -3389.690, 32.323",검은송곳니 땅거미 (4412),"-3625.550, -3438.380, 37.343","-3625.550, -3428.380, 37.343","-3625.550, -3448.380, 37.343"
404,칼림도어,멀고어,바엘던 발굴현장,상위지역 경계 대체,215,긴발톱 초원늑대 (2959),"-1950.900, -482.575, -7.776","-1950.900, -472.575, -7.776","-1950.900, -492.575, -7.776",투자개발회사 노역꾼 (2978),"-1914.360, -1012.180, 45.407","-1914.360, -1002.180, 45.407","-1914.360, -1022.180, 45.407",초원늑대 (2958),"-2249.060, -719.273, -4.384","-2249.060, -709.273, -4.384","-2249.060, -729.273, -4.384"
405,칼림도어,,잊혀진 땅,지역 경계 직접,405,공포의 독수리 (4692),"-778.516, 2084.120, 96.564","-778.516, 2094.120, 96.564","-778.516, 2074.120, 96.564",흉포한 번개도마뱀 (4726),"-792.666, 2019.200, 82.617","-792.666, 2029.200, 82.617","-792.666, 2009.200, 82.617",모래턱 바실리스크 (4728),"-767.390, 1946.490, 90.206","-767.390, 1956.490, 90.206","-767.390, 1936.490, 90.206"
406,칼림도어,,돌발톱 산맥,지역 경계 직접,406,투자개발회사 나무꾼 (3989),"1215.000, 343.344, 32.464","1215.000, 353.344, 32.464","1215.000, 333.344, 32.464",검은뿔순록 (3817),"2009.650, -368.157, 99.981","2009.650, -358.157, 99.981","2009.650, -378.157, 99.981",잿빛골짜기곰 (3809),"1981.450, -404.674, 97.399","1981.450, -394.674, 97.399","1981.450, -414.674, 97.399"
407,칼림도어,듀로타,오그리마 미사용,상위지역 경계 대체,14,긴송곳니 열대초원랩터 (3255),"-138.366, -3690.130, 27.531","-138.366, -3680.130, 27.531","-138.366, -3700.130, 27.531",덩치 큰 점박이멧돼지 (3100),"63.938, -4054.780, 53.847","63.938, -4044.780, 53.847","63.938, -4064.780, 53.847",검은부리초원타조 (3246),"-318.000, -3817.240, 29.120","-318.000, -3807.240, 29.120","-318.000, -3827.240, 29.120"
408,동부 왕국,,길리짐의 섬,없음,,없음,,,,없음,,,,없음,,,
409,동부 왕국,,학자 라피디스의 섬,없음,,없음,,,,없음,,,,없음,,,
410,칼림도어,듀로타,칼바람 협곡,상위지역 경계 대체,14,긴송곳니 열대초원랩터 (3255),"-138.366, -3690.130, 27.531","-138.366, -3680.130, 27.531","-138.366, -3700.130, 27.531",덩치 큰 점박이멧돼지 (3100),"63.938, -4054.780, 53.847","63.938, -4044.780, 53.847","63.938, -4064.780, 53.847",검은부리초원타조 (3246),"-318.000, -3817.240, 29.120","-318.000, -3807.240, 29.120","-318.000, -3827.240, 29.120"
411,칼림도어,잿빛 골짜기,배스랜 서식지,상위지역 경계 대체,331,찔레가시 거미 (3819),"2745.000, -851.066, 151.039","2745.000, -841.066, 151.039","2745.000, -861.066, 151.039",잿빛골짜기곰 (3809),"2710.550, -1146.070, 170.394","2710.550, -1136.070, 170.394","2710.550, -1156.070, 170.394",야생 순록 (3816),"3594.910, -225.610, 8.752","3594.910, -215.610, 8.752","3594.910, -235.610, 8.752"
412,칼림도어,잿빛 골짜기,오르딜아란의 폐허,상위지역 경계 대체,331,찔레가시 거미 (3819),"2745.000, -851.066, 151.039","2745.000, -841.066, 151.039","2745.000, -861.066, 151.039",잿빛골짜기곰 (3809),"2710.550, -1146.070, 170.394","2710.550, -1136.070, 170.394","2710.550, -1156.070, 170.394",야생 순록 (3816),"3594.910, -225.610, 8.752","3594.910, -215.610, 8.752","3594.910, -235.610, 8.752"
413,칼림도어,잿빛 골짜기,마에스트라 주둔지,상위지역 경계 대체,331,찔레가시 거미 (3819),"2745.000, -851.066, 151.039","2745.000, -841.066, 151.039","2745.000, -861.066, 151.039",잿빛골짜기곰 (3809),"2710.550, -1146.070, 170.394","2710.550, -1136.070, 170.394","2710.550, -1156.070, 170.394",야생 순록 (3816),"3594.910, -225.610, 8.752","3594.910, -215.610, 8.752","3594.910, -235.610, 8.752"
414,칼림도어,잿빛 골짜기,조람 해안,상위지역 경계 대체,331,찔레가시 거미 (3819),"2745.000, -851.066, 151.039","2745.000, -841.066, 151.039","2745.000, -861.066, 151.039",잿빛골짜기곰 (3809),"2710.550, -1146.070, 170.394","2710.550, -1136.070, 170.394","2710.550, -1156.070, 170.394",야생 순록 (3816),"3594.910, -225.610, 8.752","3594.910, -215.610, 8.752","3594.910, -235.610, 8.752"
415,칼림도어,잿빛 골짜기,아스트라나르,상위지역 경계 대체,331,찔레가시 거미 (3819),"2745.000, -851.066, 151.039","2745.000, -841.066, 151.039","2745.000, -861.066, 151.039",잿빛골짜기곰 (3809),"2710.550, -1146.070, 170.394","2710.550, -1136.070, 170.394","2710.550, -1156.070, 170.394",야생 순록 (3816),"3594.910, -225.610, 8.752","3594.910, -215.610, 8.752","3594.910, -235.610, 8.752"
416,칼림도어,잿빛 골짜기,아에시나의 제단,상위지역 경계 대체,331,찔레가시 거미 (3819),"2745.000, -851.066, 151.039","2745.000, -841.066, 151.039","2745.000, -861.066, 151.039",잿빛골짜기곰 (3809),"2710.550, -1146.070, 170.394","2710.550, -1136.070, 170.394","2710.550, -1156.070, 170.394",야생 순록 (3816),"3594.910, -225.610, 8.752","3594.910, -215.610, 8.752","3594.910, -235.610, 8.752"
417,칼림도어,잿빛 골짜기,불타버린 신전,상위지역 경계 대체,331,찔레가시 거미 (3819),"2745.000, -851.066, 151.039","2745.000, -841.066, 151.039","2745.000, -861.066, 151.039",잿빛골짜기곰 (3809),"2710.550, -1146.070, 170.394","2710.550, -1136.070, 170.394","2710.550, -1156.070, 170.394",야생 순록 (3816),"3594.910, -225.610, 8.752","3594.910, -215.610, 8.752","3594.910, -235.610, 8.752"
418,칼림도어,잿빛 골짜기,별가루의 폐허,상위지역 경계 대체,331,찔레가시 거미 (3819),"2745.000, -851.066, 151.039","2745.000, -841.066, 151.039","2745.000, -861.066, 151.039",잿빛골짜기곰 (3809),"2710.550, -1146.070, 170.394","2710.550, -1136.070, 170.394","2710.550, -1156.070, 170.394",야생 순록 (3816),"3594.910, -225.610, 8.752","3594.910, -215.610, 8.752","3594.910, -235.610, 8.752"
419,칼림도어,잿빛 골짜기,울부짖는 골짜기,상위지역 경계 대체,331,찔레가시 거미 (3819),"2745.000, -851.066, 151.039","2745.000, -841.066, 151.039","2745.000, -861.066, 151.039",잿빛골짜기곰 (3809),"2710.550, -1146.070, 170.394","2710.550, -1136.070, 170.394","2710.550, -1156.070, 170.394",야생 순록 (3816),"3594.910, -225.610, 8.752","3594.910, -215.610, 8.752","3594.910, -235.610, 8.752"
420,칼림도어,잿빛 골짜기,실바람 산장,상위지역 경계 대체,331,찔레가시 거미 (3819),"2745.000, -851.066, 151.039","2745.000, -841.066, 151.039","2745.000, -861.066, 151.039",잿빛골짜기곰 (3809),"2710.550, -1146.070, 170.394","2710.550, -1136.070, 170.394","2710.550, -1156.070, 170.394",야생 순록 (3816),"3594.910, -225.610, 8.752","3594.910, -215.610, 8.752","3594.910, -235.610, 8.752"
421,칼림도어,잿빛 골짜기,미스트랄 호수,상위지역 경계 대체,331,찔레가시 거미 (3819),"2745.000, -851.066, 151.039","2745.000, -841.066, 151.039","2745.000, -861.066, 151.039",잿빛골짜기곰 (3809),"2710.550, -1146.070, 170.394","2710.550, -1136.070, 170.394","2710.550, -1156.070, 170.394",야생 순록 (3816),"3594.910, -225.610, 8.752","3594.910, -215.610, 8.752","3594.910, -235.610, 8.752"
422,칼림도어,잿빛 골짜기,유성 호수,상위지역 경계 대체,331,찔레가시 거미 (3819),"2745.000, -851.066, 151.039","2745.000, -841.066, 151.039","2745.000, -861.066, 151.039",잿빛골짜기곰 (3809),"2710.550, -1146.070, 170.394","2710.550, -1136.070, 170.394","2710.550, -1156.070, 170.394",야생 순록 (3816),"3594.910, -225.610, 8.752","3594.910, -215.610, 8.752","3594.910, -235.610, 8.752"
424,칼림도어,잿빛 골짜기,아이리스 호수,상위지역 경계 대체,331,찔레가시 거미 (3819),"2745.000, -851.066, 151.039","2745.000, -841.066, 151.039","2745.000, -861.066, 151.039",잿빛골짜기곰 (3809),"2710.550, -1146.070, 170.394","2710.550, -1136.070, 170.394","2710.550, -1156.070, 170.394",야생 순록 (3816),"3594.910, -225.610, 8.752","3594.910, -215.610, 8.752","3594.910, -235.610, 8.752"
425,칼림도어,잿빛 골짜기,달샘,상위지역 경계 대체,331,찔레가시 거미 (3819),"2745.000, -851.066, 151.039","2745.000, -841.066, 151.039","2745.000, -861.066, 151.039",잿빛골짜기곰 (3809),"2710.550, -1146.070, 170.394","2710.550, -1136.070, 170.394","2710.550, -1156.070, 170.394",야생 순록 (3816),"3594.910, -225.610, 8.752","3594.910, -215.610, 8.752","3594.910, -235.610, 8.752"
426,칼림도어,잿빛 골짜기,라이네나무 은신처,상위지역 경계 대체,331,찔레가시 거미 (3819),"2745.000, -851.066, 151.039","2745.000, -841.066, 151.039","2745.000, -861.066, 151.039",잿빛골짜기곰 (3809),"2710.550, -1146.070, 170.394","2710.550, -1136.070, 170.394","2710.550, -1156.070, 170.394",야생 순록 (3816),"3594.910, -225.610, 8.752","3594.910, -215.610, 8.752","3594.910, -235.610, 8.752"
427,칼림도어,잿빛 골짜기,그늘 동굴,상위지역 경계 대체,331,찔레가시 거미 (3819),"2745.000, -851.066, 151.039","2745.000, -841.066, 151.039","2745.000, -861.066, 151.039",잿빛골짜기곰 (3809),"2710.550, -1146.070, 170.394","2710.550, -1136.070, 170.394","2710.550, -1156.070, 170.394",야생 순록 (3816),"3594.910, -225.610, 8.752","3594.910, -215.610, 8.752","3594.910, -235.610, 8.752"
428,칼림도어,잿빛 골짜기,어둠의 터,상위지역 경계 대체,331,찔레가시 거미 (3819),"2745.000, -851.066, 151.039","2745.000, -841.066, 151.039","2745.000, -861.066, 151.039",잿빛골짜기곰 (3809),"2710.550, -1146.070, 170.394","2710.550, -1136.070, 170.394","2710.550, -1156.070, 170.394",야생 순록 (3816),"3594.910, -225.610, 8.752","3594.910, -215.610, 8.752","3594.910, -235.610, 8.752"
429,칼림도어,잿빛 골짜기,사비안,상위지역 경계 대체,331,찔레가시 거미 (3819),"2745.000, -851.066, 151.039","2745.000, -841.066, 151.039","2745.000, -861.066, 151.039",잿빛골짜기곰 (3809),"2710.550, -1146.070, 170.394","2710.550, -1136.070, 170.394","2710.550, -1156.070, 170.394",야생 순록 (3816),"3594.910, -225.610, 8.752","3594.910, -215.610, 8.752","3594.910, -235.610, 8.752"
430,칼림도어,잿빛 골짜기,사티르나르,상위지역 경계 대체,331,찔레가시 거미 (3819),"2745.000, -851.066, 151.039","2745.000, -841.066, 151.039","2745.000, -861.066, 151.039",잿빛골짜기곰 (3809),"2710.550, -1146.070, 170.394","2710.550, -1136.070, 170.394","2710.550, -1156.070, 170.394",야생 순록 (3816),"3594.910, -225.610, 8.752","3594.910, -215.610, 8.752","3594.910, -235.610, 8.752"
431,칼림도어,잿빛 골짜기,토막나무 주둔지,상위지역 경계 대체,331,찔레가시 거미 (3819),"2745.000, -851.066, 151.039","2745.000, -841.066, 151.039","2745.000, -861.066, 151.039",잿빛골짜기곰 (3809),"2710.550, -1146.070, 170.394","2710.550, -1136.070, 170.394","2710.550, -1156.070, 170.394",야생 순록 (3816),"3594.910, -225.610, 8.752","3594.910, -215.610, 8.752","3594.910, -235.610, 8.752"
432,칼림도어,잿빛 골짜기,도르다닐 지하굴,상위지역 경계 대체,331,찔레가시 거미 (3819),"2745.000, -851.066, 151.039","2745.000, -841.066, 151.039","2745.000, -861.066, 151.039",잿빛골짜기곰 (3809),"2710.550, -1146.070, 170.394","2710.550, -1136.070, 170.394","2710.550, -1156.070, 170.394",야생 순록 (3816),"3594.910, -225.610, 8.752","3594.910, -215.610, 8.752","3594.910, -235.610, 8.752"
433,칼림도어,잿빛 골짜기,팔파렌 강,상위지역 경계 대체,331,찔레가시 거미 (3819),"2745.000, -851.066, 151.039","2745.000, -841.066, 151.039","2745.000, -861.066, 151.039",잿빛골짜기곰 (3809),"2710.550, -1146.070, 170.394","2710.550, -1136.070, 170.394","2710.550, -1156.070, 170.394",야생 순록 (3816),"3594.910, -225.610, 8.752","3594.910, -215.610, 8.752","3594.910, -235.610, 8.752"
434,칼림도어,잿빛 골짜기,악령불 언덕,상위지역 경계 대체,331,찔레가시 거미 (3819),"2745.000, -851.066, 151.039","2745.000, -841.066, 151.039","2745.000, -861.066, 151.039",잿빛골짜기곰 (3809),"2710.550, -1146.070, 170.394","2710.550, -1136.070, 170.394","2710.550, -1156.070, 170.394",야생 순록 (3816),"3594.910, -225.610, 8.752","3594.910, -215.610, 8.752","3594.910, -235.610, 8.752"
435,칼림도어,잿빛 골짜기,악마벼락 협곡,상위지역 경계 대체,331,찔레가시 거미 (3819),"2745.000, -851.066, 151.039","2745.000, -841.066, 151.039","2745.000, -861.066, 151.039",잿빛골짜기곰 (3809),"2710.550, -1146.070, 170.394","2710.550, -1136.070, 170.394","2710.550, -1156.070, 170.394",야생 순록 (3816),"3594.910, -225.610, 8.752","3594.910, -215.610, 8.752","3594.910, -235.610, 8.752"
436,칼림도어,잿빛 골짜기,악마벼락 마루,상위지역 경계 대체,331,찔레가시 거미 (3819),"2745.000, -851.066, 151.039","2745.000, -841.066, 151.039","2745.000, -861.066, 151.039",잿빛골짜기곰 (3809),"2710.550, -1146.070, 170.394","2710.550, -1136.070, 170.394","2710.550, -1156.070, 170.394",야생 순록 (3816),"3594.910, -225.610, 8.752","3594.910, -215.610, 8.752","3594.910, -235.610, 8.752"
437,칼림도어,잿빛 골짜기,전쟁노래부족 벌목기지,상위지역 경계 대체,331,찔레가시 거미 (3819),"2745.000, -851.066, 151.039","2745.000, -841.066, 151.039","2745.000, -861.066, 151.039",잿빛골짜기곰 (3809),"2710.550, -1146.070, 170.394","2710.550, -1136.070, 170.394","2710.550, -1156.070, 170.394",야생 순록 (3816),"3594.910, -225.610, 8.752","3594.910, -215.610, 8.752","3594.910, -235.610, 8.752"
438,칼림도어,잿빛 골짜기,어둠의 나무,상위지역 경계 대체,331,찔레가시 거미 (3819),"2745.000, -851.066, 151.039","2745.000, -841.066, 151.039","2745.000, -861.066, 151.039",잿빛골짜기곰 (3809),"2710.550, -1146.070, 170.394","2710.550, -1136.070, 170.394","2710.550, -1156.070, 170.394",야생 순록 (3816),"3594.910, -225.610, 8.752","3594.910, -215.610, 8.752","3594.910, -235.610, 8.752"
439,칼림도어,버섯구름 봉우리,소금 평원,상위지역 경계 대체,400,비수송곳니 늪지악어 (4345),"-4787.520, -3244.550, 29.785","-4787.520, -3234.550, 29.785","-4787.520, -3254.550, 29.785",가시덩굴일족 전투호위병 (7873),"-4845.940, -2328.120, 96.337","-4845.940, -2318.120, 96.337","-4845.940, -2338.120, 96.337",점박이하이에나 (4248),"-5550.440, -2575.780, -56.447","-5550.440, -2565.780, -56.447","-5550.440, -2585.780, -56.447"
440,칼림도어,,타나리스,지역 경계 직접,440,파도거북 (5431),"-8715.440, -4653.530, 5.043","-8715.440, -4643.530, 5.043","-8715.440, -4663.530, 5.043",문둥발하이에나 (5426),"-8255.710, -3667.660, 12.231","-8255.710, -3657.660, 12.231","-8255.710, -3677.660, 12.231",유리비늘 큰눈바실리스크 (5420),"-8181.370, -3683.780, 25.425","-8181.370, -3673.780, 25.425","-8181.370, -3693.780, 25.425"
441,칼림도어,잿빛 골짜기,팔라딤 호수,상위지역 경계 대체,331,찔레가시 거미 (3819),"2745.000, -851.066, 151.039","2745.000, -841.066, 151.039","2745.000, -861.066, 151.039",잿빛골짜기곰 (3809),"2710.550, -1146.070, 170.394","2710.550, -1136.070, 170.394","2710.550, -1156.070, 170.394",야생 순록 (3816),"3594.910, -225.610, 8.752","3594.910, -215.610, 8.752","3594.910, -235.610, 8.752"
442,칼림도어,어둠의 해안,아우버다인,상위지역 경계 대체,148,광포한 엉겅퀴곰 (2164),"6778.400, -231.362, 35.105","6778.400, -221.362, 35.105","6778.400, -241.362, 35.105",새끼 숲타조 (2321),"6018.120, -77.943, 57.790","6018.120, -67.943, 57.790","6018.120, -87.943, 57.790",엉겅퀴곰 (2163),"5940.990, -91.419, 57.738","5940.990, -81.419, 57.738","5940.990, -101.419, 57.738"
443,칼림도어,어둠의 해안,마시스트라 폐허,상위지역 경계 대체,148,광포한 엉겅퀴곰 (2164),"6778.400, -231.362, 35.105","6778.400, -221.362, 35.105","6778.400, -241.362, 35.105",새끼 숲타조 (2321),"6018.120, -77.943, 57.790","6018.120, -67.943, 57.790","6018.120, -87.943, 57.790",엉겅퀴곰 (2163),"5940.990, -91.419, 57.738","5940.990, -81.419, 57.738","5940.990, -101.419, 57.738"
444,칼림도어,어둠의 해안,알살락스의 탑,상위지역 경계 대체,148,광포한 엉겅퀴곰 (2164),"6778.400, -231.362, 35.105","6778.400, -221.362, 35.105","6778.400, -241.362, 35.105",새끼 숲타조 (2321),"6018.120, -77.943, 57.790","6018.120, -67.943, 57.790","6018.120, -87.943, 57.790",엉겅퀴곰 (2163),"5940.990, -91.419, 57.738","5940.990, -81.419, 57.738","5940.990, -101.419, 57.738"
445,칼림도어,어둠의 해안,절벽 폭포,상위지역 경계 대체,148,광포한 엉겅퀴곰 (2164),"6778.400, -231.362, 35.105","6778.400, -221.362, 35.105","6778.400, -241.362, 35.105",새끼 숲타조 (2321),"6018.120, -77.943, 57.790","6018.120, -67.943, 57.790","6018.120, -87.943, 57.790",엉겅퀴곰 (2163),"5940.990, -91.419, 57.738","5940.990, -81.419, 57.738","5940.990, -101.419, 57.738"
446,칼림도어,어둠의 해안,바샬아란,상위지역 경계 대체,148,광포한 엉겅퀴곰 (2164),"6778.400, -231.362, 35.105","6778.400, -221.362, 35.105","6778.400, -241.362, 35.105",새끼 숲타조 (2321),"6018.120, -77.943, 57.790","6018.120, -67.943, 57.790","6018.120, -87.943, 57.790",엉겅퀴곰 (2163),"5940.990, -91.419, 57.738","5940.990, -81.419, 57.738","5940.990, -101.419, 57.738"
447,칼림도어,어둠의 해안,아메스아란,상위지역 경계 대체,148,광포한 엉겅퀴곰 (2164),"6778.400, -231.362, 35.105","6778.400, -221.362, 35.105","6778.400, -241.362, 35.105",새끼 숲타조 (2321),"6018.120, -77.943, 57.790","6018.120, -67.943, 57.790","6018.120, -87.943, 57.790",엉겅퀴곰 (2163),"5940.990, -91.419, 57.738","5940.990, -81.419, 57.738","5940.990, -101.419, 57.738"
448,칼림도어,어둠의 해안,고대정령의 숲,상위지역 경계 대체,148,광포한 엉겅퀴곰 (2164),"6778.400, -231.362, 35.105","6778.400, -221.362, 35.105","6778.400, -241.362, 35.105",새끼 숲타조 (2321),"6018.120, -77.943, 57.790","6018.120, -67.943, 57.790","6018.120, -87.943, 57.790",엉겅퀴곰 (2163),"5940.990, -91.419, 57.738","5940.990, -81.419, 57.738","5940.990, -101.419, 57.738"
449,칼림도어,어둠의 해안,지배자의 무덤,상위지역 경계 대체,148,광포한 엉겅퀴곰 (2164),"6778.400, -231.362, 35.105","6778.400, -221.362, 35.105","6778.400, -241.362, 35.105",새끼 숲타조 (2321),"6018.120, -77.943, 57.790","6018.120, -67.943, 57.790","6018.120, -87.943, 57.790",엉겅퀴곰 (2163),"5940.990, -91.419, 57.738","5940.990, -81.419, 57.738","5940.990, -101.419, 57.738"
450,칼림도어,어둠의 해안,렘트래블의 발굴현장,상위지역 경계 대체,148,광포한 엉겅퀴곰 (2164),"6778.400, -231.362, 35.105","6778.400, -221.362, 35.105","6778.400, -241.362, 35.105",새끼 숲타조 (2321),"6018.120, -77.943, 57.790","6018.120, -67.943, 57.790","6018.120, -87.943, 57.790",엉겅퀴곰 (2163),"5940.990, -91.419, 57.738","5940.990, -81.419, 57.738","5940.990, -101.419, 57.738"
452,칼림도어,어둠의 해안,안개 해안,상위지역 경계 대체,148,광포한 엉겅퀴곰 (2164),"6778.400, -231.362, 35.105","6778.400, -221.362, 35.105","6778.400, -241.362, 35.105",새끼 숲타조 (2321),"6018.120, -77.943, 57.790","6018.120, -67.943, 57.790","6018.120, -87.943, 57.790",엉겅퀴곰 (2163),"5940.990, -91.419, 57.738","5940.990, -81.419, 57.738","5940.990, -101.419, 57.738"
453,칼림도어,어둠의 해안,침식지,상위지역 경계 대체,148,광포한 엉겅퀴곰 (2164),"6778.400, -231.362, 35.105","6778.400, -221.362, 35.105","6778.400, -241.362, 35.105",새끼 숲타조 (2321),"6018.120, -77.943, 57.790","6018.120, -67.943, 57.790","6018.120, -87.943, 57.790",엉겅퀴곰 (2163),"5940.990, -91.419, 57.738","5940.990, -81.419, 57.738","5940.990, -101.419, 57.738"
454,칼림도어,어둠의 해안,성난굽이 강,상위지역 경계 대체,148,광포한 엉겅퀴곰 (2164),"6778.400, -231.362, 35.105","6778.400, -221.362, 35.105","6778.400, -241.362, 35.105",새끼 숲타조 (2321),"6018.120, -77.943, 57.790","6018.120, -67.943, 57.790","6018.120, -87.943, 57.790",엉겅퀴곰 (2163),"5940.990, -91.419, 57.738","5940.990, -81.419, 57.738","5940.990, -101.419, 57.738"
455,칼림도어,어둠의 해안,검은나무일족 소굴,상위지역 경계 대체,148,광포한 엉겅퀴곰 (2164),"6778.400, -231.362, 35.105","6778.400, -221.362, 35.105","6778.400, -241.362, 35.105",새끼 숲타조 (2321),"6018.120, -77.943, 57.790","6018.120, -67.943, 57.790","6018.120, -87.943, 57.790",엉겅퀴곰 (2163),"5940.990, -91.419, 57.738","5940.990, -81.419, 57.738","5940.990, -101.419, 57.738"
456,칼림도어,어둠의 해안,폭포수 강,상위지역 경계 대체,148,광포한 엉겅퀴곰 (2164),"6778.400, -231.362, 35.105","6778.400, -221.362, 35.105","6778.400, -241.362, 35.105",새끼 숲타조 (2321),"6018.120, -77.943, 57.790","6018.120, -67.943, 57.790","6018.120, -87.943, 57.790",엉겅퀴곰 (2163),"5940.990, -91.419, 57.738","5940.990, -81.419, 57.738","5940.990, -101.419, 57.738"
457,칼림도어,,장막의 바다,없음,,없음,,,,없음,,,,없음,,,
458,칼림도어,불모의 땅,황금길,상위지역 경계 대체,17,긴송곳니 열대초원랩터 (3255),"-1525.840, -2634.480, 93.120","-1525.840, -2624.480, 93.120","-1525.840, -2644.480, 93.120",굶주린 얼룩말 (3242),"-1047.420, -2714.390, 92.212","-1047.420, -2704.390, 92.212","-1047.420, -2724.390, 92.212",검은부리초원타조 (3246),"-1014.420, -2361.710, 94.964","-1014.420, -2351.710, 94.964","-1014.420, -2371.710, 94.964"
459,동부 왕국,티리스팔 숲,붉은십자군 경비초소,상위지역 경계 대체,85,저주받은 암흑사냥개 (1548),"2334.720, 776.210, 33.650","2334.720, 786.210, 33.650","2334.720, 766.210, 33.650",그늘흡혈박쥐 (1554),"2035.300, 813.816, 34.843","2035.300, 823.816, 34.843","2035.300, 803.816, 34.843",거대한 그늘박쥐 (1553),"2340.460, 796.870, 35.299","2340.460, 806.870, 35.299","2340.460, 786.870, 35.299"
460,칼림도어,돌발톱 산맥,해바위 야영지,상위지역 경계 대체,406,투자개발회사 나무꾼 (3989),"1215.000, 343.344, 32.464","1215.000, 353.344, 32.464","1215.000, 333.344, 32.464",검은뿔순록 (3817),"2009.650, -368.157, 99.981","2009.650, -358.157, 99.981","2009.650, -378.157, 99.981",잿빛골짜기곰 (3809),"1981.450, -404.674, 97.399","1981.450, -394.674, 97.399","1981.450, -414.674, 97.399"
461,칼림도어,돌발톱 산맥,칼바람 바위산,상위지역 경계 대체,406,투자개발회사 나무꾼 (3989),"1215.000, 343.344, 32.464","1215.000, 353.344, 32.464","1215.000, 333.344, 32.464",검은뿔순록 (3817),"2009.650, -368.157, 99.981","2009.650, -358.157, 99.981","2009.650, -378.157, 99.981",잿빛골짜기곰 (3809),"1981.450, -404.674, 97.399","1981.450, -394.674, 97.399","1981.450, -414.674, 97.399"
463,칼림도어,돌발톱 산맥,바위웅덩이 호수,상위지역 경계 대체,406,투자개발회사 나무꾼 (3989),"1215.000, 343.344, 32.464","1215.000, 353.344, 32.464","1215.000, 333.344, 32.464",검은뿔순록 (3817),"2009.650, -368.157, 99.981","2009.650, -358.157, 99.981","2009.650, -378.157, 99.981",잿빛골짜기곰 (3809),"1981.450, -404.674, 97.399","1981.450, -394.674, 97.399","1981.450, -414.674, 97.399"
464,칼림도어,돌발톱 산맥,땅거미 호수,상위지역 경계 대체,406,투자개발회사 나무꾼 (3989),"1215.000, 343.344, 32.464","1215.000, 353.344, 32.464","1215.000, 333.344, 32.464",검은뿔순록 (3817),"2009.650, -368.157, 99.981","2009.650, -358.157, 99.981","2009.650, -378.157, 99.981",잿빛골짜기곰 (3809),"1981.450, -404.674, 97.399","1981.450, -394.674, 97.399","1981.450, -414.674, 97.399"
465,칼림도어,돌발톱 산맥,잿더미 계곡,상위지역 경계 대체,406,투자개발회사 나무꾼 (3989),"1215.000, 343.344, 32.464","1215.000, 353.344, 32.464","1215.000, 333.344, 32.464",검은뿔순록 (3817),"2009.650, -368.157, 99.981","2009.650, -358.157, 99.981","2009.650, -378.157, 99.981",잿빛골짜기곰 (3809),"1981.450, -404.674, 97.399","1981.450, -394.674, 97.399","1981.450, -414.674, 97.399"
466,칼림도어,돌발톱 산맥,혈폭풍일족의 골짜기,상위지역 경계 대체,406,투자개발회사 나무꾼 (3989),"1215.000, 343.344, 32.464","1215.000, 353.344, 32.464","1215.000, 333.344, 32.464",검은뿔순록 (3817),"2009.650, -368.157, 99.981","2009.650, -358.157, 99.981","2009.650, -378.157, 99.981",잿빛골짜기곰 (3809),"1981.450, -404.674, 97.399","1981.450, -394.674, 97.399","1981.450, -414.674, 97.399"
467,칼림도어,돌발톱 산맥,돌발톱 봉우리,상위지역 경계 대체,406,투자개발회사 나무꾼 (3989),"1215.000, 343.344, 32.464","1215.000, 353.344, 32.464","1215.000, 333.344, 32.464",검은뿔순록 (3817),"2009.650, -368.157, 99.981","2009.650, -358.157, 99.981","2009.650, -378.157, 99.981",잿빛골짜기곰 (3809),"1981.450, -404.674, 97.399","1981.450, -394.674, 97.399","1981.450, -414.674, 97.399"
468,칼림도어,돌발톱 산맥,갈퀴발톱굴,상위지역 경계 대체,406,투자개발회사 나무꾼 (3989),"1215.000, 343.344, 32.464","1215.000, 353.344, 32.464","1215.000, 333.344, 32.464",검은뿔순록 (3817),"2009.650, -368.157, 99.981","2009.650, -358.157, 99.981","2009.650, -378.157, 99.981",잿빛골짜기곰 (3809),"1981.450, -404.674, 97.399","1981.450, -394.674, 97.399","1981.450, -414.674, 97.399"
469,칼림도어,돌발톱 산맥,큰소나무 계곡,상위지역 경계 대체,406,투자개발회사 나무꾼 (3989),"1215.000, 343.344, 32.464","1215.000, 353.344, 32.464","1215.000, 333.344, 32.464",검은뿔순록 (3817),"2009.650, -368.157, 99.981","2009.650, -358.157, 99.981","2009.650, -378.157, 99.981",잿빛골짜기곰 (3809),"1981.450, -404.674, 97.399","1981.450, -394.674, 97.399","1981.450, -414.674, 97.399"
470,칼림도어,멀고어,썬더 블러프 미사용,상위지역 경계 대체,215,긴발톱 초원늑대 (2959),"-1950.900, -482.575, -7.776","-1950.900, -472.575, -7.776","-1950.900, -492.575, -7.776",투자개발회사 노역꾼 (2978),"-1914.360, -1012.180, 45.407","-1914.360, -1002.180, 45.407","-1914.360, -1022.180, 45.407",초원늑대 (2958),"-2249.060, -719.273, -4.384","-2249.060, -709.273, -4.384","-2249.060, -729.273, -4.384"
471,칼림도어,멀고어,용사의 바람절벽,상위지역 경계 대체,215,긴발톱 초원늑대 (2959),"-1950.900, -482.575, -7.776","-1950.900, -472.575, -7.776","-1950.900, -492.575, -7.776",투자개발회사 노역꾼 (2978),"-1914.360, -1012.180, 45.407","-1914.360, -1002.180, 45.407","-1914.360, -1022.180, 45.407",초원늑대 (2958),"-2249.060, -719.273, -4.384","-2249.060, -709.273, -4.384","-2249.060, -729.273, -4.384"
472,칼림도어,멀고어,부싯돌 고원,상위지역 경계 대체,215,긴발톱 초원늑대 (2959),"-1950.900, -482.575, -7.776","-1950.900, -472.575, -7.776","-1950.900, -492.575, -7.776",투자개발회사 노역꾼 (2978),"-1914.360, -1012.180, 45.407","-1914.360, -1002.180, 45.407","-1914.360, -1022.180, 45.407",초원늑대 (2958),"-2249.060, -719.273, -4.384","-2249.060, -709.273, -4.384","-2249.060, -729.273, -4.384"
473,칼림도어,멀고어,바람막이 바위,상위지역 경계 대체,215,긴발톱 초원늑대 (2959),"-1950.900, -482.575, -7.776","-1950.900, -472.575, -7.776","-1950.900, -492.575, -7.776",투자개발회사 노역꾼 (2978),"-1914.360, -1012.180, 45.407","-1914.360, -1002.180, 45.407","-1914.360, -1022.180, 45.407",초원늑대 (2958),"-2249.060, -719.273, -4.384","-2249.060, -709.273, -4.384","-2249.060, -729.273, -4.384"
474,칼림도어,멀고어,수렵의 봉우리 미사용,상위지역 경계 대체,215,긴발톱 초원늑대 (2959),"-1950.900, -482.575, -7.776","-1950.900, -472.575, -7.776","-1950.900, -492.575, -7.776",투자개발회사 노역꾼 (2978),"-1914.360, -1012.180, 45.407","-1914.360, -1002.180, 45.407","-1914.360, -1022.180, 45.407",초원늑대 (2958),"-2249.060, -719.273, -4.384","-2249.060, -709.273, -4.384","-2249.060, -729.273, -4.384"
475,칼림도어,멀고어,정기의 봉우리 미사용,상위지역 경계 대체,215,긴발톱 초원늑대 (2959),"-1950.900, -482.575, -7.776","-1950.900, -472.575, -7.776","-1950.900, -492.575, -7.776",투자개발회사 노역꾼 (2978),"-1914.360, -1012.180, 45.407","-1914.360, -1002.180, 45.407","-1914.360, -1022.180, 45.407",초원늑대 (2958),"-2249.060, -719.273, -4.384","-2249.060, -709.273, -4.384","-2249.060, -729.273, -4.384"
476,칼림도어,멀고어,장로의 봉우리 미사용,상위지역 경계 대체,215,긴발톱 초원늑대 (2959),"-1950.900, -482.575, -7.776","-1950.900, -472.575, -7.776","-1950.900, -492.575, -7.776",투자개발회사 노역꾼 (2978),"-1914.360, -1012.180, 45.407","-1914.360, -1002.180, 45.407","-1914.360, -1022.180, 45.407",초원늑대 (2958),"-2249.060, -719.273, -4.384","-2249.060, -709.273, -4.384","-2249.060, -729.273, -4.384"
477,동부 왕국,가시덤불 골짜기,주부왈의 폐허,상위지역 경계 대체,33,술취한 투사 (15724),"-14258.600, 327.030, 26.364","-14258.600, 337.030, 26.364","-14258.600, 317.030, 26.364",무법항 투사 (4624),"-14258.600, 327.030, 26.427","-14258.600, 337.030, 26.427","-14258.600, 317.030, 26.427",가시덤불 암호랑이 (772),"-12907.700, -407.618, 12.128","-12907.700, -397.618, 12.128","-12907.700, -417.618, 12.128"
478,칼림도어,텔드랏실,아리스리엔 연못,상위지역 경계 대체,141,나무옹이일족 파수꾼 (2010),"9928.130, 1534.450, 1317.680","9928.130, 1544.450, 1317.680","9928.130, 1524.450, 1317.680",나무옹이일족 주술사 (2009),"9869.990, 1511.570, 1272.790","9869.990, 1521.570, 1272.790","9869.990, 1501.570, 1272.790",나무그물거미 (1986),"10666.500, 933.339, 1322.000","10666.500, 943.339, 1322.000","10666.500, 923.339, 1322.000"
479,칼림도어,버섯구름 봉우리,녹슨망치 발굴현장,상위지역 경계 대체,400,비수송곳니 늪지악어 (4345),"-4787.520, -3244.550, 29.785","-4787.520, -3234.550, 29.785","-4787.520, -3254.550, 29.785",가시덩굴일족 전투호위병 (7873),"-4845.940, -2328.120, 96.337","-4845.940, -2318.120, 96.337","-4845.940, -2338.120, 96.337",점박이하이에나 (4248),"-5550.440, -2575.780, -56.447","-5550.440, -2565.780, -56.447","-5550.440, -2585.780, -56.447"
480,칼림도어,버섯구름 봉우리,에톡 야영지,상위지역 경계 대체,400,비수송곳니 늪지악어 (4345),"-4787.520, -3244.550, 29.785","-4787.520, -3234.550, 29.785","-4787.520, -3254.550, 29.785",가시덩굴일족 전투호위병 (7873),"-4845.940, -2328.120, 96.337","-4845.940, -2318.120, 96.337","-4845.940, -2338.120, 96.337",점박이하이에나 (4248),"-5550.440, -2575.780, -56.447","-5550.440, -2565.780, -56.447","-5550.440, -2585.780, -56.447"
481,칼림도어,버섯구름 봉우리,갈래발굽 바윗골,상위지역 경계 대체,400,비수송곳니 늪지악어 (4345),"-4787.520, -3244.550, 29.785","-4787.520, -3234.550, 29.785","-4787.520, -3254.550, 29.785",가시덩굴일족 전투호위병 (7873),"-4845.940, -2328.120, 96.337","-4845.940, -2318.120, 96.337","-4845.940, -2338.120, 96.337",점박이하이에나 (4248),"-5550.440, -2575.780, -56.447","-5550.440, -2565.780, -56.447","-5550.440, -2585.780, -56.447"
482,칼림도어,버섯구름 봉우리,마루둥지,상위지역 경계 대체,400,비수송곳니 늪지악어 (4345),"-4787.520, -3244.550, 29.785","-4787.520, -3234.550, 29.785","-4787.520, -3254.550, 29.785",가시덩굴일족 전투호위병 (7873),"-4845.940, -2328.120, 96.337","-4845.940, -2318.120, 96.337","-4845.940, -2338.120, 96.337",점박이하이에나 (4248),"-5550.440, -2575.780, -56.447","-5550.440, -2565.780, -56.447","-5550.440, -2585.780, -56.447"
483,칼림도어,버섯구름 봉우리,회오리 협곡,상위지역 경계 대체,400,비수송곳니 늪지악어 (4345),"-4787.520, -3244.550, 29.785","-4787.520, -3234.550, 29.785","-4787.520, -3254.550, 29.785",가시덩굴일족 전투호위병 (7873),"-4845.940, -2328.120, 96.337","-4845.940, -2318.120, 96.337","-4845.940, -2338.120, 96.337",점박이하이에나 (4248),"-5550.440, -2575.780, -56.447","-5550.440, -2565.780, -56.447","-5550.440, -2585.780, -56.447"
484,칼림도어,버섯구름 봉우리,높새바람 봉우리,상위지역 경계 대체,400,비수송곳니 늪지악어 (4345),"-4787.520, -3244.550, 29.785","-4787.520, -3234.550, 29.785","-4787.520, -3254.550, 29.785",가시덩굴일족 전투호위병 (7873),"-4845.940, -2328.120, 96.337","-4845.940, -2318.120, 96.337","-4845.940, -2338.120, 96.337",점박이하이에나 (4248),"-5550.440, -2575.780, -56.447","-5550.440, -2565.780, -56.447","-5550.440, -2585.780, -56.447"
485,칼림도어,버섯구름 봉우리,구름 승강장,상위지역 경계 대체,400,비수송곳니 늪지악어 (4345),"-4787.520, -3244.550, 29.785","-4787.520, -3234.550, 29.785","-4787.520, -3254.550, 29.785",가시덩굴일족 전투호위병 (7873),"-4845.940, -2328.120, 96.337","-4845.940, -2318.120, 96.337","-4845.940, -2338.120, 96.337",점박이하이에나 (4248),"-5550.440, -2575.780, -56.447","-5550.440, -2565.780, -56.447","-5550.440, -2585.780, -56.447"
486,칼림도어,버섯구름 봉우리,갈라크 소굴,상위지역 경계 대체,400,비수송곳니 늪지악어 (4345),"-4787.520, -3244.550, 29.785","-4787.520, -3234.550, 29.785","-4787.520, -3254.550, 29.785",가시덩굴일족 전투호위병 (7873),"-4845.940, -2328.120, 96.337","-4845.940, -2318.120, 96.337","-4845.940, -2338.120, 96.337",점박이하이에나 (4248),"-5550.440, -2575.780, -56.447","-5550.440, -2565.780, -56.447","-5550.440, -2585.780, -56.447"
487,칼림도어,버섯구름 봉우리,하피 동굴,상위지역 경계 대체,400,비수송곳니 늪지악어 (4345),"-4787.520, -3244.550, 29.785","-4787.520, -3234.550, 29.785","-4787.520, -3254.550, 29.785",가시덩굴일족 전투호위병 (7873),"-4845.940, -2328.120, 96.337","-4845.940, -2318.120, 96.337","-4845.940, -2338.120, 96.337",점박이하이에나 (4248),"-5550.440, -2575.780, -56.447","-5550.440, -2565.780, -56.447","-5550.440, -2585.780, -56.447"
488,칼림도어,버섯구름 봉우리,비바람 바위굴,상위지역 경계 대체,400,비수송곳니 늪지악어 (4345),"-4787.520, -3244.550, 29.785","-4787.520, -3234.550, 29.785","-4787.520, -3254.550, 29.785",가시덩굴일족 전투호위병 (7873),"-4845.940, -2328.120, 96.337","-4845.940, -2318.120, 96.337","-4845.940, -2338.120, 96.337",점박이하이에나 (4248),"-5550.440, -2575.780, -56.447","-5550.440, -2565.780, -56.447","-5550.440, -2585.780, -56.447"
489,칼림도어,페랄라스,탈라나르,상위지역 경계 대체,357,긴다리 송곳니늑대 (5286),"-4618.120, 956.096, 57.850","-4618.120, 966.096, 57.850","-4618.120, 946.096, 57.850",초원타조 (2955),"-3284.410, -217.130, 39.616","-3284.410, -207.130, 39.616","-3284.410, -227.130, 39.616",초원늑대 (2958),"-2989.230, 298.476, 115.955","-2989.230, 308.476, 115.955","-2989.230, 288.476, 115.955"
490,칼림도어,,운고로 분화구,지역 경계 직접,490,칼날가시 붉은꽃잎덩굴손 (6510),"-7450.560, -1367.240, -267.996","-7450.560, -1357.240, -267.996","-7450.560, -1377.240, -267.996",광포한 테러닥스 (9167),"-7248.710, -988.150, -271.454","-7248.710, -978.150, -271.454","-7248.710, -998.150, -271.454",덩치 큰 디메트로돈 (9164),"-7119.090, -1050.620, -272.131","-7119.090, -1040.620, -272.131","-7119.090, -1060.620, -272.131"
492,동부 왕국,그늘숲,까마귀 언덕 묘지,상위지역 경계 대체,10,돌가죽멧돼지 (524),"-9926.910, -371.035, 27.431","-9926.910, -361.035, 27.431","-9926.910, -381.035, 27.431",파멸의어둠일족 암흑길잡이 (205),"-10530.900, -786.683, 57.438","-10530.900, -776.683, 57.438","-10530.900, -796.683, 57.438",새끼 검은과부거미 (930),"-10751.200, -172.226, 40.478","-10751.200, -162.226, 40.478","-10751.200, -182.226, 40.478"
493,칼림도어,,달의 숲,지역 경계 직접,493,뾰족창부족 트롤 (10919),"7401.470, -1658.750, 195.958","7401.470, -1648.750, 195.958","7401.470, -1668.750, 195.958",달의숲 집행자 (11822),"7810.990, -2567.440, 488.578","7810.990, -2557.440, 488.578","7810.990, -2577.440, 488.578",상상의 악몽 (30627),"7810.730, -2233.280, 462.651","7810.730, -2223.280, 462.651","7810.730, -2243.280, 462.651"
495,노스렌드,,울부짖는 협만,지역 경계 직접,495,뾰족엄니 (23690),"1223.380, -4393.920, 159.790","1223.380, -4383.920, 159.790","1223.380, -4403.920, 159.790",새끼 뾰족엄니 (24791),"1182.580, -4437.890, 170.242","1182.580, -4427.890, 170.242","1182.580, -4447.890, 170.242",수컷 뾰족엄니 (23691),"1222.560, -4382.410, 158.040","1222.560, -4372.410, 158.040","1222.560, -4392.410, 158.040"
496,칼림도어,먼지진흙 습지대,담쟁이 마을,상위지역 경계 대체,15,비수송곳니 늪지악어 (4345),"-3753.070, -3518.840, 28.647","-3753.070, -3508.840, 28.647","-3753.070, -3528.840, 28.647",얼룩무늬 늪지악어 (4344),"-3764.010, -3379.690, 32.323","-3764.010, -3369.690, 32.323","-3764.010, -3389.690, 32.323",검은송곳니 땅거미 (4412),"-3625.550, -3438.380, 37.343","-3625.550, -3428.380, 37.343","-3625.550, -3448.380, 37.343"
497,칼림도어,먼지진흙 습지대,늪지기 오두막,상위지역 경계 대체,15,비수송곳니 늪지악어 (4345),"-3753.070, -3518.840, 28.647","-3753.070, -3508.840, 28.647","-3753.070, -3528.840, 28.647",얼룩무늬 늪지악어 (4344),"-3764.010, -3379.690, 32.323","-3764.010, -3369.690, 32.323","-3764.010, -3389.690, 32.323",검은송곳니 땅거미 (4412),"-3625.550, -3438.380, 37.343","-3625.550, -3428.380, 37.343","-3625.550, -3448.380, 37.343"
498,칼림도어,먼지진흙 습지대,붉은늪지 동굴,상위지역 경계 대체,15,비수송곳니 늪지악어 (4345),"-3753.070, -3518.840, 28.647","-3753.070, -3508.840, 28.647","-3753.070, -3528.840, 28.647",얼룩무늬 늪지악어 (4344),"-3764.010, -3379.690, 32.323","-3764.010, -3369.690, 32.323","-3764.010, -3389.690, 32.323",검은송곳니 땅거미 (4412),"-3625.550, -3438.380, 37.343","-3625.550, -3428.380, 37.343","-3625.550, -3448.380, 37.343"
499,칼림도어,먼지진흙 습지대,암흑안개 거미굴,상위지역 경계 대체,15,비수송곳니 늪지악어 (4345),"-3753.070, -3518.840, 28.647","-3753.070, -3508.840, 28.647","-3753.070, -3528.840, 28.647",얼룩무늬 늪지악어 (4344),"-3764.010, -3379.690, 32.323","-3764.010, -3369.690, 32.323","-3764.010, -3389.690, 32.323",검은송곳니 땅거미 (4412),"-3625.550, -3438.380, 37.343","-3625.550, -3428.380, 37.343","-3625.550, -3448.380, 37.343"
500,칼림도어,먼지진흙 습지대,모글 야영지,상위지역 경계 대체,15,비수송곳니 늪지악어 (4345),"-3753.070, -3518.840, 28.647","-3753.070, -3508.840, 28.647","-3753.070, -3528.840, 28.647",얼룩무늬 늪지악어 (4344),"-3764.010, -3379.690, 32.323","-3764.010, -3369.690, 32.323","-3764.010, -3389.690, 32.323",검은송곳니 땅거미 (4412),"-3625.550, -3438.380, 37.343","-3625.550, -3428.380, 37.343","-3625.550, -3448.380, 37.343"
501,칼림도어,먼지진흙 습지대,비질의 추락지,상위지역 경계 대체,15,비수송곳니 늪지악어 (4345),"-3753.070, -3518.840, 28.647","-3753.070, -3508.840, 28.647","-3753.070, -3528.840, 28.647",얼룩무늬 늪지악어 (4344),"-3764.010, -3379.690, 32.323","-3764.010, -3369.690, 32.323","-3764.010, -3389.690, 32.323",검은송곳니 땅거미 (4412),"-3625.550, -3438.380, 37.343","-3625.550, -3428.380, 37.343","-3625.550, -3448.380, 37.343"
502,칼림도어,먼지진흙 습지대,마녀 언덕,상위지역 경계 대체,15,비수송곳니 늪지악어 (4345),"-3753.070, -3518.840, 28.647","-3753.070, -3508.840, 28.647","-3753.070, -3528.840, 28.647",얼룩무늬 늪지악어 (4344),"-3764.010, -3379.690, 32.323","-3764.010, -3369.690, 32.323","-3764.010, -3389.690, 32.323",검은송곳니 땅거미 (4412),"-3625.550, -3438.380, 37.343","-3625.550, -3428.380, 37.343","-3625.550, -3448.380, 37.343"
503,칼림도어,먼지진흙 습지대,감시초소,상위지역 경계 대체,15,비수송곳니 늪지악어 (4345),"-3753.070, -3518.840, 28.647","-3753.070, -3508.840, 28.647","-3753.070, -3528.840, 28.647",얼룩무늬 늪지악어 (4344),"-3764.010, -3379.690, 32.323","-3764.010, -3369.690, 32.323","-3764.010, -3389.690, 32.323",검은송곳니 땅거미 (4412),"-3625.550, -3438.380, 37.343","-3625.550, -3428.380, 37.343","-3625.550, -3448.380, 37.343"
504,칼림도어,먼지진흙 습지대,북부 경비탑,상위지역 경계 대체,15,비수송곳니 늪지악어 (4345),"-3753.070, -3518.840, 28.647","-3753.070, -3508.840, 28.647","-3753.070, -3528.840, 28.647",얼룩무늬 늪지악어 (4344),"-3764.010, -3379.690, 32.323","-3764.010, -3369.690, 32.323","-3764.010, -3389.690, 32.323",검은송곳니 땅거미 (4412),"-3625.550, -3438.380, 37.343","-3625.550, -3428.380, 37.343","-3625.550, -3448.380, 37.343"
505,칼림도어,먼지진흙 습지대,서부 경비탑,상위지역 경계 대체,15,비수송곳니 늪지악어 (4345),"-3753.070, -3518.840, 28.647","-3753.070, -3508.840, 28.647","-3753.070, -3528.840, 28.647",얼룩무늬 늪지악어 (4344),"-3764.010, -3379.690, 32.323","-3764.010, -3369.690, 32.323","-3764.010, -3389.690, 32.323",검은송곳니 땅거미 (4412),"-3625.550, -3438.380, 37.343","-3625.550, -3428.380, 37.343","-3625.550, -3448.380, 37.343"
506,칼림도어,먼지진흙 습지대,버려진 경비탑,상위지역 경계 대체,15,비수송곳니 늪지악어 (4345),"-3753.070, -3518.840, 28.647","-3753.070, -3508.840, 28.647","-3753.070, -3528.840, 28.647",얼룩무늬 늪지악어 (4344),"-3764.010, -3379.690, 32.323","-3764.010, -3369.690, 32.323","-3764.010, -3389.690, 32.323",검은송곳니 땅거미 (4412),"-3625.550, -3438.380, 37.343","-3625.550, -3428.380, 37.343","-3625.550, -3448.380, 37.343"
507,칼림도어,먼지진흙 습지대,푸른늪지,상위지역 경계 대체,15,비수송곳니 늪지악어 (4345),"-3753.070, -3518.840, 28.647","-3753.070, -3508.840, 28.647","-3753.070, -3528.840, 28.647",얼룩무늬 늪지악어 (4344),"-3764.010, -3379.690, 32.323","-3764.010, -3369.690, 32.323","-3764.010, -3389.690, 32.323",검은송곳니 땅거미 (4412),"-3625.550, -3438.380, 37.343","-3625.550, -3428.380, 37.343","-3625.550, -3448.380, 37.343"
508,칼림도어,먼지진흙 습지대,돌망치일족 폐허,상위지역 경계 대체,15,비수송곳니 늪지악어 (4345),"-3753.070, -3518.840, 28.647","-3753.070, -3508.840, 28.647","-3753.070, -3528.840, 28.647",얼룩무늬 늪지악어 (4344),"-3764.010, -3379.690, 32.323","-3764.010, -3369.690, 32.323","-3764.010, -3389.690, 32.323",검은송곳니 땅거미 (4412),"-3625.550, -3438.380, 37.343","-3625.550, -3428.380, 37.343","-3625.550, -3448.380, 37.343"
509,칼림도어,먼지진흙 습지대,화염의 둥지,상위지역 경계 대체,15,비수송곳니 늪지악어 (4345),"-3753.070, -3518.840, 28.647","-3753.070, -3508.840, 28.647","-3753.070, -3528.840, 28.647",얼룩무늬 늪지악어 (4344),"-3764.010, -3379.690, 32.323","-3764.010, -3369.690, 32.323","-3764.010, -3389.690, 32.323",검은송곳니 땅거미 (4412),"-3625.550, -3438.380, 37.343","-3625.550, -3428.380, 37.343","-3625.550, -3448.380, 37.343"
510,칼림도어,먼지진흙 습지대,용의 늪,상위지역 경계 대체,15,비수송곳니 늪지악어 (4345),"-3753.070, -3518.840, 28.647","-3753.070, -3508.840, 28.647","-3753.070, -3528.840, 28.647",얼룩무늬 늪지악어 (4344),"-3764.010, -3379.690, 32.323","-3764.010, -3369.690, 32.323","-3764.010, -3389.690, 32.323",검은송곳니 땅거미 (4412),"-3625.550, -3438.380, 37.343","-3625.550, -3428.380, 37.343","-3625.550, -3448.380, 37.343"
511,칼림도어,먼지진흙 습지대,용의 둥지,상위지역 경계 대체,15,비수송곳니 늪지악어 (4345),"-3753.070, -3518.840, 28.647","-3753.070, -3508.840, 28.647","-3753.070, -3528.840, 28.647",얼룩무늬 늪지악어 (4344),"-3764.010, -3379.690, 32.323","-3764.010, -3369.690, 32.323","-3764.010, -3389.690, 32.323",검은송곳니 땅거미 (4412),"-3625.550, -3438.380, 37.343","-3625.550, -3428.380, 37.343","-3625.550, -3448.380, 37.343"
512,칼림도어,먼지진흙 습지대,블랙후프 마을,상위지역 경계 대체,15,비수송곳니 늪지악어 (4345),"-3753.070, -3518.840, 28.647","-3753.070, -3508.840, 28.647","-3753.070, -3528.840, 28.647",얼룩무늬 늪지악어 (4344),"-3764.010, -3379.690, 32.323","-3764.010, -3369.690, 32.323","-3764.010, -3389.690, 32.323",검은송곳니 땅거미 (4412),"-3625.550, -3438.380, 37.343","-3625.550, -3428.380, 37.343","-3625.550, -3448.380, 37.343"
513,칼림도어,먼지진흙 습지대,테라모어 섬,상위지역 경계 대체,15,비수송곳니 늪지악어 (4345),"-3753.070, -3518.840, 28.647","-3753.070, -3508.840, 28.647","-3753.070, -3528.840, 28.647",얼룩무늬 늪지악어 (4344),"-3764.010, -3379.690, 32.323","-3764.010, -3369.690, 32.323","-3764.010, -3389.690, 32.323",검은송곳니 땅거미 (4412),"-3625.550, -3438.380, 37.343","-3625.550, -3428.380, 37.343","-3625.550, -3448.380, 37.343"
514,칼림도어,먼지진흙 습지대,거점 요새,상위지역 경계 대체,15,비수송곳니 늪지악어 (4345),"-3753.070, -3518.840, 28.647","-3753.070, -3508.840, 28.647","-3753.070, -3528.840, 28.647",얼룩무늬 늪지악어 (4344),"-3764.010, -3379.690, 32.323","-3764.010, -3369.690, 32.323","-3764.010, -3389.690, 32.323",검은송곳니 땅거미 (4412),"-3625.550, -3438.380, 37.343","-3625.550, -3428.380, 37.343","-3625.550, -3448.380, 37.343"
515,칼림도어,먼지진흙 습지대,철갑 감옥,상위지역 경계 대체,15,비수송곳니 늪지악어 (4345),"-3753.070, -3518.840, 28.647","-3753.070, -3508.840, 28.647","-3753.070, -3528.840, 28.647",얼룩무늬 늪지악어 (4344),"-3764.010, -3379.690, 32.323","-3764.010, -3369.690, 32.323","-3764.010, -3389.690, 32.323",검은송곳니 땅거미 (4412),"-3625.550, -3438.380, 37.343","-3625.550, -3428.380, 37.343","-3625.550, -3448.380, 37.343"
516,칼림도어,먼지진흙 습지대,먼지진흙 만,상위지역 경계 대체,15,비수송곳니 늪지악어 (4345),"-3753.070, -3518.840, 28.647","-3753.070, -3508.840, 28.647","-3753.070, -3528.840, 28.647",얼룩무늬 늪지악어 (4344),"-3764.010, -3379.690, 32.323","-3764.010, -3369.690, 32.323","-3764.010, -3389.690, 32.323",검은송곳니 땅거미 (4412),"-3625.550, -3438.380, 37.343","-3625.550, -3428.380, 37.343","-3625.550, -3448.380, 37.343"
517,칼림도어,먼지진흙 습지대,성난파도 만,상위지역 경계 대체,15,비수송곳니 늪지악어 (4345),"-3753.070, -3518.840, 28.647","-3753.070, -3508.840, 28.647","-3753.070, -3528.840, 28.647",얼룩무늬 늪지악어 (4344),"-3764.010, -3379.690, 32.323","-3764.010, -3369.690, 32.323","-3764.010, -3389.690, 32.323",검은송곳니 땅거미 (4412),"-3625.550, -3438.380, 37.343","-3625.550, -3428.380, 37.343","-3625.550, -3448.380, 37.343"
518,칼림도어,먼지진흙 습지대,몸서리 해안,상위지역 경계 대체,15,비수송곳니 늪지악어 (4345),"-3753.070, -3518.840, 28.647","-3753.070, -3508.840, 28.647","-3753.070, -3528.840, 28.647",얼룩무늬 늪지악어 (4344),"-3764.010, -3379.690, 32.323","-3764.010, -3369.690, 32.323","-3764.010, -3389.690, 32.323",검은송곳니 땅거미 (4412),"-3625.550, -3438.380, 37.343","-3625.550, -3428.380, 37.343","-3625.550, -3448.380, 37.343"
536,동부 왕국,그늘숲,에이들의 은신처,상위지역 경계 대체,10,돌가죽멧돼지 (524),"-9926.910, -371.035, 27.431","-9926.910, -361.035, 27.431","-9926.910, -381.035, 27.431",파멸의어둠일족 암흑길잡이 (205),"-10530.900, -786.683, 57.438","-10530.900, -776.683, 57.438","-10530.900, -796.683, 57.438",새끼 검은과부거미 (930),"-10751.200, -172.226, 40.478","-10751.200, -162.226, 40.478","-10751.200, -182.226, 40.478"
537,칼림도어,운고로 분화구,불기둥 마루,상위지역 경계 대체,490,칼날가시 붉은꽃잎덩굴손 (6510),"-7450.560, -1367.240, -267.996","-7450.560, -1357.240, -267.996","-7450.560, -1377.240, -267.996",광포한 테러닥스 (9167),"-7248.710, -988.150, -271.454","-7248.710, -978.150, -271.454","-7248.710, -998.150, -271.454",덩치 큰 디메트로돈 (9164),"-7119.090, -1050.620, -272.131","-7119.090, -1040.620, -272.131","-7119.090, -1060.620, -272.131"
538,칼림도어,운고로 분화구,락카리 잿구덩이,상위지역 경계 대체,490,칼날가시 붉은꽃잎덩굴손 (6510),"-7450.560, -1367.240, -267.996","-7450.560, -1357.240, -267.996","-7450.560, -1377.240, -267.996",광포한 테러닥스 (9167),"-7248.710, -988.150, -271.454","-7248.710, -978.150, -271.454","-7248.710, -998.150, -271.454",덩치 큰 디메트로돈 (9164),"-7119.090, -1050.620, -272.131","-7119.090, -1040.620, -272.131","-7119.090, -1060.620, -272.131"
539,칼림도어,운고로 분화구,공포의 터,상위지역 경계 대체,490,칼날가시 붉은꽃잎덩굴손 (6510),"-7450.560, -1367.240, -267.996","-7450.560, -1357.240, -267.996","-7450.560, -1377.240, -267.996",광포한 테러닥스 (9167),"-7248.710, -988.150, -271.454","-7248.710, -978.150, -271.454","-7248.710, -998.150, -271.454",덩치 큰 디메트로돈 (9164),"-7119.090, -1050.620, -272.131","-7119.090, -1040.620, -272.131","-7119.090, -1060.620, -272.131"
540,칼림도어,운고로 분화구,갈래굽이 구렁,상위지역 경계 대체,490,칼날가시 붉은꽃잎덩굴손 (6510),"-7450.560, -1367.240, -267.996","-7450.560, -1357.240, -267.996","-7450.560, -1377.240, -267.996",광포한 테러닥스 (9167),"-7248.710, -988.150, -271.454","-7248.710, -978.150, -271.454","-7248.710, -998.150, -271.454",덩치 큰 디메트로돈 (9164),"-7119.090, -1050.620, -272.131","-7119.090, -1040.620, -272.131","-7119.090, -1060.620, -272.131"
541,칼림도어,운고로 분화구,마샬의 야영지,상위지역 경계 대체,490,칼날가시 붉은꽃잎덩굴손 (6510),"-7450.560, -1367.240, -267.996","-7450.560, -1357.240, -267.996","-7450.560, -1377.240, -267.996",광포한 테러닥스 (9167),"-7248.710, -988.150, -271.454","-7248.710, -978.150, -271.454","-7248.710, -998.150, -271.454",덩치 큰 디메트로돈 (9164),"-7119.090, -1050.620, -272.131","-7119.090, -1040.620, -272.131","-7119.090, -1060.620, -272.131"
542,칼림도어,운고로 분화구,버섯 바위굴,상위지역 경계 대체,490,칼날가시 붉은꽃잎덩굴손 (6510),"-7450.560, -1367.240, -267.996","-7450.560, -1357.240, -267.996","-7450.560, -1377.240, -267.996",광포한 테러닥스 (9167),"-7248.710, -988.150, -271.454","-7248.710, -978.150, -271.454","-7248.710, -998.150, -271.454",덩치 큰 디메트로돈 (9164),"-7119.090, -1050.620, -272.131","-7119.090, -1040.620, -272.131","-7119.090, -1060.620, -272.131"
543,칼림도어,운고로 분화구,골락카 간헐천,상위지역 경계 대체,490,칼날가시 붉은꽃잎덩굴손 (6510),"-7450.560, -1367.240, -267.996","-7450.560, -1357.240, -267.996","-7450.560, -1377.240, -267.996",광포한 테러닥스 (9167),"-7248.710, -988.150, -271.454","-7248.710, -978.150, -271.454","-7248.710, -998.150, -271.454",덩치 큰 디메트로돈 (9164),"-7119.090, -1050.620, -272.131","-7119.090, -1040.620, -272.131","-7119.090, -1060.620, -272.131"
556,동부 왕국,모단 호수,대호수,상위지역 경계 대체,38,가루바위일족 점쟁이 (1166),"-5038.670, -3361.670, 298.385","-5038.670, -3351.670, 298.385","-5038.670, -3371.670, 298.385",동굴쥐일족 졸개 (1172),"-5030.430, -3014.490, 330.606","-5030.430, -3004.490, 330.606","-5030.430, -3024.490, 330.606",가루바위 트로그 (1161),"-5810.560, -2965.800, 365.715","-5810.560, -2955.800, 365.715","-5810.560, -2975.800, 365.715"
576,동부 왕국,그늘숲,부랑자 소굴,상위지역 경계 대체,10,돌가죽멧돼지 (524),"-9926.910, -371.035, 27.431","-9926.910, -361.035, 27.431","-9926.910, -381.035, 27.431",파멸의어둠일족 암흑길잡이 (205),"-10530.900, -786.683, 57.438","-10530.900, -776.683, 57.438","-10530.900, -796.683, 57.438",새끼 검은과부거미 (930),"-10751.200, -172.226, 40.478","-10751.200, -162.226, 40.478","-10751.200, -182.226, 40.478"
596,칼림도어,잊혀진 땅,코도 무덤,상위지역 경계 대체,405,공포의 독수리 (4692),"-778.516, 2084.120, 96.564","-778.516, 2094.120, 96.564","-778.516, 2074.120, 96.564",흉포한 번개도마뱀 (4726),"-792.666, 2019.200, 82.617","-792.666, 2029.200, 82.617","-792.666, 2009.200, 82.617",모래턱 바실리스크 (4728),"-767.390, 1946.490, 90.206","-767.390, 1956.490, 90.206","-767.390, 1936.490, 90.206"
597,칼림도어,잊혀진 땅,침묵의 초소,상위지역 경계 대체,405,공포의 독수리 (4692),"-778.516, 2084.120, 96.564","-778.516, 2094.120, 96.564","-778.516, 2074.120, 96.564",흉포한 번개도마뱀 (4726),"-792.666, 2019.200, 82.617","-792.666, 2029.200, 82.617","-792.666, 2009.200, 82.617",모래턱 바실리스크 (4728),"-767.390, 1946.490, 90.206","-767.390, 1956.490, 90.206","-767.390, 1936.490, 90.206"
598,칼림도어,잊혀진 땅,살데리스 해안,상위지역 경계 대체,405,공포의 독수리 (4692),"-778.516, 2084.120, 96.564","-778.516, 2094.120, 96.564","-778.516, 2074.120, 96.564",흉포한 번개도마뱀 (4726),"-792.666, 2019.200, 82.617","-792.666, 2029.200, 82.617","-792.666, 2009.200, 82.617",모래턱 바실리스크 (4728),"-767.390, 1946.490, 90.206","-767.390, 1956.490, 90.206","-767.390, 1936.490, 90.206"
599,칼림도어,잊혀진 땅,천둥도끼 요새,상위지역 경계 대체,405,공포의 독수리 (4692),"-778.516, 2084.120, 96.564","-778.516, 2094.120, 96.564","-778.516, 2074.120, 96.564",흉포한 번개도마뱀 (4726),"-792.666, 2019.200, 82.617","-792.666, 2029.200, 82.617","-792.666, 2009.200, 82.617",모래턱 바실리스크 (4728),"-767.390, 1946.490, 90.206","-767.390, 1956.490, 90.206","-767.390, 1936.490, 90.206"
600,칼림도어,잊혀진 땅,볼간의 구덩이,상위지역 경계 대체,405,공포의 독수리 (4692),"-778.516, 2084.120, 96.564","-778.516, 2094.120, 96.564","-778.516, 2074.120, 96.564",흉포한 번개도마뱀 (4726),"-792.666, 2019.200, 82.617","-792.666, 2029.200, 82.617","-792.666, 2009.200, 82.617",모래턱 바실리스크 (4728),"-767.390, 1946.490, 90.206","-767.390, 1956.490, 90.206","-767.390, 1936.490, 90.206"
602,칼림도어,잊혀진 땅,만노로크 소굴,상위지역 경계 대체,405,공포의 독수리 (4692),"-778.516, 2084.120, 96.564","-778.516, 2094.120, 96.564","-778.516, 2074.120, 96.564",흉포한 번개도마뱀 (4726),"-792.666, 2019.200, 82.617","-792.666, 2029.200, 82.617","-792.666, 2009.200, 82.617",모래턱 바실리스크 (4728),"-767.390, 1946.490, 90.206","-767.390, 1956.490, 90.206","-767.390, 1936.490, 90.206"
603,칼림도어,잊혀진 땅,살게론,상위지역 경계 대체,405,공포의 독수리 (4692),"-778.516, 2084.120, 96.564","-778.516, 2094.120, 96.564","-778.516, 2074.120, 96.564",흉포한 번개도마뱀 (4726),"-792.666, 2019.200, 82.617","-792.666, 2029.200, 82.617","-792.666, 2009.200, 82.617",모래턱 바실리스크 (4728),"-767.390, 1946.490, 90.206","-767.390, 1956.490, 90.206","-767.390, 1936.490, 90.206"
604,칼림도어,잊혀진 땅,마그람 마을,상위지역 경계 대체,405,공포의 독수리 (4692),"-778.516, 2084.120, 96.564","-778.516, 2094.120, 96.564","-778.516, 2074.120, 96.564",흉포한 번개도마뱀 (4726),"-792.666, 2019.200, 82.617","-792.666, 2029.200, 82.617","-792.666, 2009.200, 82.617",모래턱 바실리스크 (4728),"-767.390, 1946.490, 90.206","-767.390, 1956.490, 90.206","-767.390, 1936.490, 90.206"
606,칼림도어,잊혀진 땅,겔키스 마을,상위지역 경계 대체,405,공포의 독수리 (4692),"-778.516, 2084.120, 96.564","-778.516, 2094.120, 96.564","-778.516, 2074.120, 96.564",흉포한 번개도마뱀 (4726),"-792.666, 2019.200, 82.617","-792.666, 2029.200, 82.617","-792.666, 2009.200, 82.617",모래턱 바실리스크 (4728),"-767.390, 1946.490, 90.206","-767.390, 1956.490, 90.206","-767.390, 1936.490, 90.206"
607,칼림도어,잊혀진 땅,뾰족바위 골짜기,상위지역 경계 대체,405,공포의 독수리 (4692),"-778.516, 2084.120, 96.564","-778.516, 2094.120, 96.564","-778.516, 2074.120, 96.564",흉포한 번개도마뱀 (4726),"-792.666, 2019.200, 82.617","-792.666, 2029.200, 82.617","-792.666, 2009.200, 82.617",모래턱 바실리스크 (4728),"-767.390, 1946.490, 90.206","-767.390, 1956.490, 90.206","-767.390, 1936.490, 90.206"
608,칼림도어,잊혀진 땅,나이젤의 야영지,상위지역 경계 대체,405,공포의 독수리 (4692),"-778.516, 2084.120, 96.564","-778.516, 2094.120, 96.564","-778.516, 2074.120, 96.564",흉포한 번개도마뱀 (4726),"-792.666, 2019.200, 82.617","-792.666, 2029.200, 82.617","-792.666, 2009.200, 82.617",모래턱 바실리스크 (4728),"-767.390, 1946.490, 90.206","-767.390, 1956.490, 90.206","-767.390, 1936.490, 90.206"
609,칼림도어,잊혀진 땅,콜카르 마을,상위지역 경계 대체,405,공포의 독수리 (4692),"-778.516, 2084.120, 96.564","-778.516, 2094.120, 96.564","-778.516, 2074.120, 96.564",흉포한 번개도마뱀 (4726),"-792.666, 2019.200, 82.617","-792.666, 2029.200, 82.617","-792.666, 2009.200, 82.617",모래턱 바실리스크 (4728),"-767.390, 1946.490, 90.206","-767.390, 1956.490, 90.206","-767.390, 1936.490, 90.206"
616,칼림도어,,하이잘 산,없음,,없음,,,,없음,,,,없음,,,
618,칼림도어,,여명의 설원,지역 경계 직접,618,갈퀴발톱 천둥뿔 히포그리프 (6378),"4800.580, -5733.070, 105.259","4800.580, -5723.070, 105.259","4800.580, -5743.070, 105.259",덩치 큰 이끼발굽순록 (8761),"4713.220, -5618.980, 114.516","4713.220, -5608.980, 114.516","4713.220, -5628.980, 114.516",긴발톱 톱니이빨곰 (7443),"6213.320, -4171.970, 725.299","6213.320, -4161.970, 725.299","6213.320, -4181.970, 725.299"
636,칼림도어,돌발톱 산맥,검은늑대 강,상위지역 경계 대체,406,투자개발회사 나무꾼 (3989),"1215.000, 343.344, 32.464","1215.000, 353.344, 32.464","1215.000, 333.344, 32.464",검은뿔순록 (3817),"2009.650, -368.157, 99.981","2009.650, -358.157, 99.981","2009.650, -378.157, 99.981",잿빛골짜기곰 (3809),"1981.450, -404.674, 97.399","1981.450, -394.674, 97.399","1981.450, -414.674, 97.399"
637,칼림도어,멀고어,코도 바위,상위지역 경계 대체,215,긴발톱 초원늑대 (2959),"-1950.900, -482.575, -7.776","-1950.900, -472.575, -7.776","-1950.900, -492.575, -7.776",투자개발회사 노역꾼 (2978),"-1914.360, -1012.180, 45.407","-1914.360, -1002.180, 45.407","-1914.360, -1022.180, 45.407",초원늑대 (2958),"-2249.060, -719.273, -4.384","-2249.060, -709.273, -4.384","-2249.060, -729.273, -4.384"
638,칼림도어,듀로타,비밀의 길,상위지역 경계 대체,14,긴송곳니 열대초원랩터 (3255),"-138.366, -3690.130, 27.531","-138.366, -3680.130, 27.531","-138.366, -3700.130, 27.531",덩치 큰 점박이멧돼지 (3100),"63.938, -4054.780, 53.847","63.938, -4044.780, 53.847","63.938, -4064.780, 53.847",검은부리초원타조 (3246),"-318.000, -3817.240, 29.120","-318.000, -3807.240, 29.120","-318.000, -3827.240, 29.120"
639,칼림도어,듀로타,정기 바위,상위지역 경계 대체,14,긴송곳니 열대초원랩터 (3255),"-138.366, -3690.130, 27.531","-138.366, -3680.130, 27.531","-138.366, -3700.130, 27.531",덩치 큰 점박이멧돼지 (3100),"63.938, -4054.780, 53.847","63.938, -4044.780, 53.847","63.938, -4064.780, 53.847",검은부리초원타조 (3246),"-318.000, -3817.240, 29.120","-318.000, -3807.240, 29.120","-318.000, -3827.240, 29.120"
640,칼림도어,듀로타,희미한 불꽃의 제단,상위지역 경계 대체,14,긴송곳니 열대초원랩터 (3255),"-138.366, -3690.130, 27.531","-138.366, -3680.130, 27.531","-138.366, -3700.130, 27.531",덩치 큰 점박이멧돼지 (3100),"63.938, -4054.780, 53.847","63.938, -4044.780, 53.847","63.938, -4064.780, 53.847",검은부리초원타조 (3246),"-318.000, -3817.240, 29.120","-318.000, -3807.240, 29.120","-318.000, -3827.240, 29.120"
656,칼림도어,달의 숲,엘룬아라 호수,상위지역 경계 대체,493,뾰족창부족 트롤 (10919),"7401.470, -1658.750, 195.958","7401.470, -1648.750, 195.958","7401.470, -1668.750, 195.958",달의숲 집행자 (11822),"7810.990, -2567.440, 488.578","7810.990, -2557.440, 488.578","7810.990, -2577.440, 488.578",상상의 악몽 (30627),"7810.730, -2233.280, 462.651","7810.730, -2223.280, 462.651","7810.730, -2243.280, 462.651"
657,동부 왕국,슬픔의 늪,피난처,상위지역 경계 대체,8,네더가드 광부 (5996),"-10499.000, -3328.550, -4.555","-10499.000, -3318.550, -4.555","-10499.000, -3338.550, -4.555",네더가드 병사 (5999),"-10874.300, -3284.880, 88.425","-10874.300, -3274.880, 88.425","-10874.300, -3294.880, 88.425",늪지멀록 먹물쟁이 (750),"-10865.800, -3642.490, 13.737","-10865.800, -3632.490, 13.737","-10865.800, -3652.490, 13.737"
696,칼림도어,텔드랏실,장인의 정원 미사용,상위지역 경계 대체,141,나무옹이일족 파수꾼 (2010),"9928.130, 1534.450, 1317.680","9928.130, 1544.450, 1317.680","9928.130, 1524.450, 1317.680",나무옹이일족 주술사 (2009),"9869.990, 1511.570, 1272.790","9869.990, 1521.570, 1272.790","9869.990, 1501.570, 1272.790",나무그물거미 (1986),"10666.500, 933.339, 1322.000","10666.500, 943.339, 1322.000","10666.500, 923.339, 1322.000"
697,칼림도어,텔드랏실,상인의 정원 미사용,상위지역 경계 대체,141,나무옹이일족 파수꾼 (2010),"9928.130, 1534.450, 1317.680","9928.130, 1544.450, 1317.680","9928.130, 1524.450, 1317.680",나무옹이일족 주술사 (2009),"9869.990, 1511.570, 1272.790","9869.990, 1521.570, 1272.790","9869.990, 1501.570, 1272.790",나무그물거미 (1986),"10666.500, 933.339, 1322.000","10666.500, 943.339, 1322.000","10666.500, 923.339, 1322.000"
698,칼림도어,텔드랏실,신전 정원 미사용,상위지역 경계 대체,141,나무옹이일족 파수꾼 (2010),"9928.130, 1534.450, 1317.680","9928.130, 1544.450, 1317.680","9928.130, 1524.450, 1317.680",나무옹이일족 주술사 (2009),"9869.990, 1511.570, 1272.790","9869.990, 1521.570, 1272.790","9869.990, 1501.570, 1272.790",나무그물거미 (1986),"10666.500, 933.339, 1322.000","10666.500, 943.339, 1322.000","10666.500, 923.339, 1322.000"
699,칼림도어,텔드랏실,엘룬의 신전 미사용,상위지역 경계 대체,141,나무옹이일족 파수꾼 (2010),"9928.130, 1534.450, 1317.680","9928.130, 1544.450, 1317.680","9928.130, 1524.450, 1317.680",나무옹이일족 주술사 (2009),"9869.990, 1511.570, 1272.790","9869.990, 1521.570, 1272.790","9869.990, 1501.570, 1272.790",나무그물거미 (1986),"10666.500, 933.339, 1322.000","10666.500, 943.339, 1322.000","10666.500, 923.339, 1322.000"
700,칼림도어,텔드랏실,세나리온 자치령 미사용,상위지역 경계 대체,141,나무옹이일족 파수꾼 (2010),"9928.130, 1534.450, 1317.680","9928.130, 1544.450, 1317.680","9928.130, 1524.450, 1317.680",나무옹이일족 주술사 (2009),"9869.990, 1511.570, 1272.790","9869.990, 1521.570, 1272.790","9869.990, 1501.570, 1272.790",나무그물거미 (1986),"10666.500, 933.339, 1322.000","10666.500, 943.339, 1322.000","10666.500, 923.339, 1322.000"
701,칼림도어,텔드랏실,전사의 정원 미사용,상위지역 경계 대체,141,나무옹이일족 파수꾼 (2010),"9928.130, 1534.450, 1317.680","9928.130, 1544.450, 1317.680","9928.130, 1524.450, 1317.680",나무옹이일족 주술사 (2009),"9869.990, 1511.570, 1272.790","9869.990, 1521.570, 1272.790","9869.990, 1501.570, 1272.790",나무그물거미 (1986),"10666.500, 933.339, 1322.000","10666.500, 943.339, 1322.000","10666.500, 923.339, 1322.000"
702,칼림도어,텔드랏실,루테란 마을,상위지역 경계 대체,141,나무옹이일족 파수꾼 (2010),"9928.130, 1534.450, 1317.680","9928.130, 1544.450, 1317.680","9928.130, 1524.450, 1317.680",나무옹이일족 주술사 (2009),"9869.990, 1511.570, 1272.790","9869.990, 1521.570, 1272.790","9869.990, 1501.570, 1272.790",나무그물거미 (1986),"10666.500, 933.339, 1322.000","10666.500, 943.339, 1322.000","10666.500, 923.339, 1322.000"
716,동부 왕국,던 모로,아이언밴드 야영지,상위지역 경계 대체,1,덩치 큰 멧돼지 (1127),"-5660.910, -922.077, 412.427","-5660.910, -912.077, 412.427","-5660.910, -932.077, 412.427",멧돼지 (1125),"-5534.430, -632.649, 407.758","-5534.430, -622.649, 407.758","-5534.430, -642.649, 407.758",눈표범 (1201),"-5733.190, -576.408, 399.414","-5733.190, -566.408, 399.414","-5733.190, -586.408, 399.414"
720,칼림도어,불모의 땅,격투의 섬,상위지역 경계 대체,17,긴송곳니 열대초원랩터 (3255),"-1525.840, -2634.480, 93.120","-1525.840, -2624.480, 93.120","-1525.840, -2644.480, 93.120",굶주린 얼룩말 (3242),"-1047.420, -2714.390, 92.212","-1047.420, -2704.390, 92.212","-1047.420, -2724.390, 92.212",검은부리초원타조 (3246),"-1014.420, -2361.710, 94.964","-1014.420, -2351.710, 94.964","-1014.420, -2371.710, 94.964"
736,칼림도어,텔드랏실,바네실 동굴,상위지역 경계 대체,141,나무옹이일족 파수꾼 (2010),"9928.130, 1534.450, 1317.680","9928.130, 1544.450, 1317.680","9928.130, 1524.450, 1317.680",나무옹이일족 주술사 (2009),"9869.990, 1511.570, 1272.790","9869.990, 1521.570, 1272.790","9869.990, 1501.570, 1272.790",나무그물거미 (1986),"10666.500, 933.339, 1322.000","10666.500, 943.339, 1322.000","10666.500, 923.339, 1322.000"
797,동부 왕국,엘윈 숲,제로드 선착장,상위지역 경계 대체,12,병든 늑대 (525),"-9222.780, -53.985, 73.610","-9222.780, -43.985, 73.610","-9222.780, -63.985, 73.610",돌가죽멧돼지 (524),"-9652.080, -306.250, 58.709","-9652.080, -296.250, 58.709","-9652.080, -316.250, 58.709",굶주린 늑대 (118),"-8941.040, -734.319, 70.435","-8941.040, -724.319, 70.435","-8941.040, -744.319, 70.435"
798,동부 왕국,엘윈 숲,마루목 감시탑,상위지역 경계 대체,12,병든 늑대 (525),"-9222.780, -53.985, 73.610","-9222.780, -43.985, 73.610","-9222.780, -63.985, 73.610",돌가죽멧돼지 (524),"-9652.080, -306.250, 58.709","-9652.080, -296.250, 58.709","-9652.080, -316.250, 58.709",굶주린 늑대 (118),"-8941.040, -734.319, 70.435","-8941.040, -724.319, 70.435","-8941.040, -744.319, 70.435"
799,동부 왕국,그늘숲,어스름 강둑,상위지역 경계 대체,10,돌가죽멧돼지 (524),"-9926.910, -371.035, 27.431","-9926.910, -361.035, 27.431","-9926.910, -381.035, 27.431",파멸의어둠일족 암흑길잡이 (205),"-10530.900, -786.683, 57.438","-10530.900, -776.683, 57.438","-10530.900, -796.683, 57.438",새끼 검은과부거미 (930),"-10751.200, -172.226, 40.478","-10751.200, -162.226, 40.478","-10751.200, -182.226, 40.478"
800,동부 왕국,던 모로,눈마루 고개,상위지역 경계 대체,1,덩치 큰 멧돼지 (1127),"-5660.910, -922.077, 412.427","-5660.910, -912.077, 412.427","-5660.910, -932.077, 412.427",멧돼지 (1125),"-5534.430, -632.649, 407.758","-5534.430, -622.649, 407.758","-5534.430, -642.649, 407.758",눈표범 (1201),"-5733.190, -576.408, 399.414","-5733.190, -566.408, 399.414","-5733.190, -586.408, 399.414"
801,동부 왕국,던 모로,찬바람 골짜기,상위지역 경계 대체,1,덩치 큰 멧돼지 (1127),"-5660.910, -922.077, 412.427","-5660.910, -912.077, 412.427","-5660.910, -932.077, 412.427",멧돼지 (1125),"-5534.430, -632.649, 407.758","-5534.430, -622.649, 407.758","-5534.430, -642.649, 407.758",눈표범 (1201),"-5733.190, -576.408, 399.414","-5733.190, -566.408, 399.414","-5733.190, -586.408, 399.414"
802,동부 왕국,던 모로,쉼머 마루,상위지역 경계 대체,1,덩치 큰 멧돼지 (1127),"-5660.910, -922.077, 412.427","-5660.910, -912.077, 412.427","-5660.910, -932.077, 412.427",멧돼지 (1125),"-5534.430, -632.649, 407.758","-5534.430, -622.649, 407.758","-5534.430, -642.649, 407.758",눈표범 (1201),"-5733.190, -576.408, 399.414","-5733.190, -566.408, 399.414","-5733.190, -586.408, 399.414"
803,동부 왕국,던 모로,앰버스틸 목장,상위지역 경계 대체,1,덩치 큰 멧돼지 (1127),"-5660.910, -922.077, 412.427","-5660.910, -912.077, 412.427","-5660.910, -932.077, 412.427",멧돼지 (1125),"-5534.430, -632.649, 407.758","-5534.430, -622.649, 407.758","-5534.430, -642.649, 407.758",눈표범 (1201),"-5733.190, -576.408, 399.414","-5733.190, -566.408, 399.414","-5733.190, -586.408, 399.414"
804,동부 왕국,던 모로,툰드리드 언덕,상위지역 경계 대체,1,덩치 큰 멧돼지 (1127),"-5660.910, -922.077, 412.427","-5660.910, -912.077, 412.427","-5660.910, -932.077, 412.427",멧돼지 (1125),"-5534.430, -632.649, 407.758","-5534.430, -622.649, 407.758","-5534.430, -642.649, 407.758",눈표범 (1201),"-5733.190, -576.408, 399.414","-5733.190, -566.408, 399.414","-5733.190, -586.408, 399.414"
805,동부 왕국,던 모로,남부 관문 통행로,상위지역 경계 대체,1,덩치 큰 멧돼지 (1127),"-5660.910, -922.077, 412.427","-5660.910, -912.077, 412.427","-5660.910, -932.077, 412.427",멧돼지 (1125),"-5534.430, -632.649, 407.758","-5534.430, -622.649, 407.758","-5534.430, -642.649, 407.758",눈표범 (1201),"-5733.190, -576.408, 399.414","-5733.190, -566.408, 399.414","-5733.190, -586.408, 399.414"
806,동부 왕국,던 모로,남부 관문 전초기지,상위지역 경계 대체,1,덩치 큰 멧돼지 (1127),"-5660.910, -922.077, 412.427","-5660.910, -912.077, 412.427","-5660.910, -932.077, 412.427",멧돼지 (1125),"-5534.430, -632.649, 407.758","-5534.430, -622.649, 407.758","-5534.430, -642.649, 407.758",눈표범 (1201),"-5733.190, -576.408, 399.414","-5733.190, -566.408, 399.414","-5733.190, -586.408, 399.414"
807,동부 왕국,던 모로,북부 관문 통행로,상위지역 경계 대체,1,덩치 큰 멧돼지 (1127),"-5660.910, -922.077, 412.427","-5660.910, -912.077, 412.427","-5660.910, -932.077, 412.427",멧돼지 (1125),"-5534.430, -632.649, 407.758","-5534.430, -622.649, 407.758","-5534.430, -642.649, 407.758",눈표범 (1201),"-5733.190, -576.408, 399.414","-5733.190, -566.408, 399.414","-5733.190, -586.408, 399.414"
808,동부 왕국,던 모로,북부 관문 전초기지,상위지역 경계 대체,1,덩치 큰 멧돼지 (1127),"-5660.910, -922.077, 412.427","-5660.910, -912.077, 412.427","-5660.910, -932.077, 412.427",멧돼지 (1125),"-5534.430, -632.649, 407.758","-5534.430, -622.649, 407.758","-5534.430, -642.649, 407.758",눈표범 (1201),"-5733.190, -576.408, 399.414","-5733.190, -566.408, 399.414","-5733.190, -586.408, 399.414"
809,동부 왕국,던 모로,아이언포지 성문,상위지역 경계 대체,1,덩치 큰 멧돼지 (1127),"-5660.910, -922.077, 412.427","-5660.910, -912.077, 412.427","-5660.910, -932.077, 412.427",멧돼지 (1125),"-5534.430, -632.649, 407.758","-5534.430, -622.649, 407.758","-5534.430, -642.649, 407.758",눈표범 (1201),"-5733.190, -576.408, 399.414","-5733.190, -566.408, 399.414","-5733.190, -586.408, 399.414"
810,동부 왕국,티리스팔 숲,고요의 연못,상위지역 경계 대체,85,저주받은 암흑사냥개 (1548),"2334.720, 776.210, 33.650","2334.720, 786.210, 33.650","2334.720, 766.210, 33.650",그늘흡혈박쥐 (1554),"2035.300, 813.816, 34.843","2035.300, 823.816, 34.843","2035.300, 803.816, 34.843",거대한 그늘박쥐 (1553),"2340.460, 796.870, 35.299","2340.460, 806.870, 35.299","2340.460, 786.870, 35.299"
811,동부 왕국,티리스팔 숲,악몽의 골짜기,상위지역 경계 대체,85,저주받은 암흑사냥개 (1548),"2334.720, 776.210, 33.650","2334.720, 786.210, 33.650","2334.720, 766.210, 33.650",그늘흡혈박쥐 (1554),"2035.300, 813.816, 34.843","2035.300, 823.816, 34.843","2035.300, 803.816, 34.843",거대한 그늘박쥐 (1553),"2340.460, 796.870, 35.299","2340.460, 806.870, 35.299","2340.460, 786.870, 35.299"
812,동부 왕국,티리스팔 숲,독그물 골짜기,상위지역 경계 대체,85,저주받은 암흑사냥개 (1548),"2334.720, 776.210, 33.650","2334.720, 786.210, 33.650","2334.720, 766.210, 33.650",그늘흡혈박쥐 (1554),"2035.300, 813.816, 34.843","2035.300, 823.816, 34.843","2035.300, 803.816, 34.843",거대한 그늘박쥐 (1553),"2340.460, 796.870, 35.299","2340.460, 806.870, 35.299","2340.460, 786.870, 35.299"
813,동부 왕국,서부 역병지대,보루,상위지역 경계 대체,28,그늘흡혈박쥐 (1554),"2487.740, -1050.970, 93.581","2487.740, -1040.970, 93.581","2487.740, -1060.970, 93.581",저주받은 암흑사냥개 (1548),"1888.410, -643.062, 48.334","1888.410, -633.062, 48.334","1888.410, -653.062, 48.334",투명 추적자 (31576),"1808.840, 204.643, 60.500","1808.840, 214.643, 60.500","1808.840, 194.643, 60.500"
814,칼림도어,듀로타,분노의 강,상위지역 경계 대체,14,긴송곳니 열대초원랩터 (3255),"-138.366, -3690.130, 27.531","-138.366, -3680.130, 27.531","-138.366, -3700.130, 27.531",덩치 큰 점박이멧돼지 (3100),"63.938, -4054.780, 53.847","63.938, -4044.780, 53.847","63.938, -4064.780, 53.847",검은부리초원타조 (3246),"-318.000, -3817.240, 29.120","-318.000, -3807.240, 29.120","-318.000, -3827.240, 29.120"
815,칼림도어,불모의 땅,분노의 강,상위지역 경계 대체,17,긴송곳니 열대초원랩터 (3255),"-1525.840, -2634.480, 93.120","-1525.840, -2624.480, 93.120","-1525.840, -2644.480, 93.120",굶주린 얼룩말 (3242),"-1047.420, -2714.390, 92.212","-1047.420, -2704.390, 92.212","-1047.420, -2724.390, 92.212",검은부리초원타조 (3246),"-1014.420, -2361.710, 94.964","-1014.420, -2351.710, 94.964","-1014.420, -2371.710, 94.964"
816,칼림도어,듀로타,서슬갈기일족 영토,상위지역 경계 대체,14,긴송곳니 열대초원랩터 (3255),"-138.366, -3690.130, 27.531","-138.366, -3680.130, 27.531","-138.366, -3700.130, 27.531",덩치 큰 점박이멧돼지 (3100),"63.938, -4054.780, 53.847","63.938, -4044.780, 53.847","63.938, -4064.780, 53.847",검은부리초원타조 (3246),"-318.000, -3817.240, 29.120","-318.000, -3807.240, 29.120","-318.000, -3827.240, 29.120"
817,칼림도어,듀로타,해골 바위굴,상위지역 경계 대체,14,긴송곳니 열대초원랩터 (3255),"-138.366, -3690.130, 27.531","-138.366, -3680.130, 27.531","-138.366, -3700.130, 27.531",덩치 큰 점박이멧돼지 (3100),"63.938, -4054.780, 53.847","63.938, -4044.780, 53.847","63.938, -4064.780, 53.847",검은부리초원타조 (3246),"-318.000, -3817.240, 29.120","-318.000, -3807.240, 29.120","-318.000, -3827.240, 29.120"
818,칼림도어,멀고어,회색갈기일족 바위굴,상위지역 경계 대체,215,긴발톱 초원늑대 (2959),"-1950.900, -482.575, -7.776","-1950.900, -472.575, -7.776","-1950.900, -492.575, -7.776",투자개발회사 노역꾼 (2978),"-1914.360, -1012.180, 45.407","-1914.360, -1002.180, 45.407","-1914.360, -1022.180, 45.407",초원늑대 (2958),"-2249.060, -719.273, -4.384","-2249.060, -709.273, -4.384","-2249.060, -729.273, -4.384"
819,칼림도어,멀고어,성난바람 마루,상위지역 경계 대체,215,긴발톱 초원늑대 (2959),"-1950.900, -482.575, -7.776","-1950.900, -472.575, -7.776","-1950.900, -492.575, -7.776",투자개발회사 노역꾼 (2978),"-1914.360, -1012.180, 45.407","-1914.360, -1002.180, 45.407","-1914.360, -1022.180, 45.407",초원늑대 (2958),"-2249.060, -719.273, -4.384","-2249.060, -709.273, -4.384","-2249.060, -729.273, -4.384"
820,칼림도어,멀고어,황금 초원,상위지역 경계 대체,215,긴발톱 초원늑대 (2959),"-1950.900, -482.575, -7.776","-1950.900, -472.575, -7.776","-1950.900, -492.575, -7.776",투자개발회사 노역꾼 (2978),"-1914.360, -1012.180, 45.407","-1914.360, -1002.180, 45.407","-1914.360, -1022.180, 45.407",초원늑대 (2958),"-2249.060, -719.273, -4.384","-2249.060, -709.273, -4.384","-2249.060, -729.273, -4.384"
821,칼림도어,멀고어,구릉 초원,상위지역 경계 대체,215,긴발톱 초원늑대 (2959),"-1950.900, -482.575, -7.776","-1950.900, -472.575, -7.776","-1950.900, -492.575, -7.776",투자개발회사 노역꾼 (2978),"-1914.360, -1012.180, 45.407","-1914.360, -1002.180, 45.407","-1914.360, -1022.180, 45.407",초원늑대 (2958),"-2249.060, -719.273, -4.384","-2249.060, -709.273, -4.384","-2249.060, -729.273, -4.384"
836,동부 왕국,저습지,던 알가즈,상위지역 경계 대체,11,새끼 습지악어 (1417),"-3406.250, -2668.750, 6.533","-3406.250, -2658.750, 6.533","-3406.250, -2678.750, 6.533",용아귀부족 약탈자 (1034),"-3482.190, -2451.440, 46.543","-3482.190, -2441.440, 46.543","-3482.190, -2461.440, 46.543",습지악어 (1400),"-3162.970, -2301.090, 7.082","-3162.970, -2291.090, 7.082","-3162.970, -2311.090, 7.082"
837,동부 왕국,모단 호수,던 알가즈,상위지역 경계 대체,38,가루바위일족 점쟁이 (1166),"-5038.670, -3361.670, 298.385","-5038.670, -3351.670, 298.385","-5038.670, -3371.670, 298.385",동굴쥐일족 졸개 (1172),"-5030.430, -3014.490, 330.606","-5030.430, -3004.490, 330.606","-5030.430, -3024.490, 330.606",가루바위 트로그 (1161),"-5810.560, -2965.800, 365.715","-5810.560, -2955.800, 365.715","-5810.560, -2975.800, 365.715"
838,동부 왕국,모단 호수,북부 관문 통행로,상위지역 경계 대체,38,가루바위일족 점쟁이 (1166),"-5038.670, -3361.670, 298.385","-5038.670, -3351.670, 298.385","-5038.670, -3371.670, 298.385",동굴쥐일족 졸개 (1172),"-5030.430, -3014.490, 330.606","-5030.430, -3004.490, 330.606","-5030.430, -3024.490, 330.606",가루바위 트로그 (1161),"-5810.560, -2965.800, 365.715","-5810.560, -2955.800, 365.715","-5810.560, -2975.800, 365.715"
839,동부 왕국,모단 호수,남부 관문 통행로,상위지역 경계 대체,38,가루바위일족 점쟁이 (1166),"-5038.670, -3361.670, 298.385","-5038.670, -3351.670, 298.385","-5038.670, -3371.670, 298.385",동굴쥐일족 졸개 (1172),"-5030.430, -3014.490, 330.606","-5030.430, -3004.490, 330.606","-5030.430, -3024.490, 330.606",가루바위 트로그 (1161),"-5810.560, -2965.800, 365.715","-5810.560, -2955.800, 365.715","-5810.560, -2975.800, 365.715"
856,동부 왕국,그늘숲,황혼의 숲,상위지역 경계 대체,10,돌가죽멧돼지 (524),"-9926.910, -371.035, 27.431","-9926.910, -361.035, 27.431","-9926.910, -381.035, 27.431",파멸의어둠일족 암흑길잡이 (205),"-10530.900, -786.683, 57.438","-10530.900, -776.683, 57.438","-10530.900, -796.683, 57.438",새끼 검은과부거미 (930),"-10751.200, -172.226, 40.478","-10751.200, -162.226, 40.478","-10751.200, -182.226, 40.478"
876,칼림도어,,GM의 안식처,없음,,없음,,,,없음,,,,없음,,,
877,칼림도어,불모의 땅,Delete ME,상위지역 경계 대체,17,긴송곳니 열대초원랩터 (3255),"-1525.840, -2634.480, 93.120","-1525.840, -2624.480, 93.120","-1525.840, -2644.480, 93.120",굶주린 얼룩말 (3242),"-1047.420, -2714.390, 92.212","-1047.420, -2704.390, 92.212","-1047.420, -2724.390, 92.212",검은부리초원타조 (3246),"-1014.420, -2361.710, 94.964","-1014.420, -2351.710, 94.964","-1014.420, -2371.710, 94.964"
878,칼림도어,아즈샤라,분노의 강,상위지역 경계 대체,16,덩치 큰 이끼발굽순록 (8761),"4144.930, -5919.240, 100.680","4144.930, -5909.240, 100.680","4144.930, -5929.240, 100.680",원한의꼬리일족 세이렌 (6195),"3671.970, -5745.800, 6.533","3671.970, -5735.800, 6.533","3671.970, -5755.800, 6.533",갈퀴발톱 천둥뿔 히포그리프 (6378),"4056.840, -5901.820, 102.057","4056.840, -5891.820, 102.057","4056.840, -5911.820, 102.057"
879,칼림도어,잿빛 골짜기,분노의 강,상위지역 경계 대체,331,찔레가시 거미 (3819),"2745.000, -851.066, 151.039","2745.000, -841.066, 151.039","2745.000, -861.066, 151.039",잿빛골짜기곰 (3809),"2710.550, -1146.070, 170.394","2710.550, -1136.070, 170.394","2710.550, -1156.070, 170.394",야생 순록 (3816),"3594.910, -225.610, 8.752","3594.910, -215.610, 8.752","3594.910, -235.610, 8.752"
880,동부 왕국,아라시 고원,탄돌 교각,상위지역 경계 대체,45,줄무늬 고원랩터 (2559),"-1317.800, -2641.540, 64.874","-1317.800, -2631.540, 64.874","-1317.800, -2651.540, 64.874",평원타란툴라 (2563),"-1353.260, -2619.610, 73.142","-1353.260, -2609.610, 73.142","-1353.260, -2629.610, 73.142",외뿔 고원랩터 (2560),"-1516.830, -2813.330, 39.461","-1516.830, -2803.330, 39.461","-1516.830, -2823.330, 39.461"
881,동부 왕국,저습지,탄돌 교각,상위지역 경계 대체,11,새끼 습지악어 (1417),"-3406.250, -2668.750, 6.533","-3406.250, -2658.750, 6.533","-3406.250, -2678.750, 6.533",용아귀부족 약탈자 (1034),"-3482.190, -2451.440, 46.543","-3482.190, -2441.440, 46.543","-3482.190, -2461.440, 46.543",습지악어 (1400),"-3162.970, -2301.090, 7.082","-3162.970, -2291.090, 7.082","-3162.970, -2311.090, 7.082"
896,동부 왕국,힐스브래드 구릉지,속죄의 섬,상위지역 경계 대체,267,거대한 이끼거미 (2349),"-713.209, -253.896, 34.575","-713.209, -243.896, 34.575","-713.209, -263.896, 34.575",덩치 큰 회색곰 (2356),"-803.369, -428.865, 17.009","-803.369, -418.865, 17.009","-803.369, -438.865, 17.009",비밀결사대 경비병 (2261),"-634.535, -1038.210, 62.336","-634.535, -1028.210, 62.336","-634.535, -1048.210, 62.336"
916,동부 왕국,서부 몰락지대,얀센 농장,상위지역 경계 대체,40,병든 늑대 (525),"-9707.640, 782.041, 31.745","-9707.640, 792.041, 31.745","-9707.640, 772.041, 31.745",뿔엄니멧돼지 (157),"-10627.600, 1326.260, 38.080","-10627.600, 1336.260, 38.080","-10627.600, 1316.260, 38.080",돌엄니멧돼지 (113),"-9929.220, 443.641, 34.594","-9929.220, 453.641, 34.594","-9929.220, 433.641, 34.594"
917,동부 왕국,서부 몰락지대,메마른 논밭,상위지역 경계 대체,40,병든 늑대 (525),"-9707.640, 782.041, 31.745","-9707.640, 792.041, 31.745","-9707.640, 772.041, 31.745",뿔엄니멧돼지 (157),"-10627.600, 1326.260, 38.080","-10627.600, 1336.260, 38.080","-10627.600, 1316.260, 38.080",돌엄니멧돼지 (113),"-9929.220, 443.641, 34.594","-9929.220, 453.641, 34.594","-9929.220, 433.641, 34.594"
918,동부 왕국,서부 몰락지대,몰센 농장,상위지역 경계 대체,40,병든 늑대 (525),"-9707.640, 782.041, 31.745","-9707.640, 792.041, 31.745","-9707.640, 772.041, 31.745",뿔엄니멧돼지 (157),"-10627.600, 1326.260, 38.080","-10627.600, 1336.260, 38.080","-10627.600, 1316.260, 38.080",돌엄니멧돼지 (113),"-9929.220, 443.641, 34.594","-9929.220, 453.641, 34.594","-9929.220, 433.641, 34.594"
919,동부 왕국,서부 몰락지대,스텐들의 연못,상위지역 경계 대체,40,병든 늑대 (525),"-9707.640, 782.041, 31.745","-9707.640, 792.041, 31.745","-9707.640, 772.041, 31.745",뿔엄니멧돼지 (157),"-10627.600, 1326.260, 38.080","-10627.600, 1336.260, 38.080","-10627.600, 1316.260, 38.080",돌엄니멧돼지 (113),"-9929.220, 443.641, 34.594","-9929.220, 453.641, 34.594","-9929.220, 433.641, 34.594"
920,동부 왕국,서부 몰락지대,비수 언덕,상위지역 경계 대체,40,병든 늑대 (525),"-9707.640, 782.041, 31.745","-9707.640, 792.041, 31.745","-9707.640, 772.041, 31.745",뿔엄니멧돼지 (157),"-10627.600, 1326.260, 38.080","-10627.600, 1336.260, 38.080","-10627.600, 1316.260, 38.080",돌엄니멧돼지 (113),"-9929.220, 443.641, 34.594","-9929.220, 453.641, 34.594","-9929.220, 433.641, 34.594"
921,동부 왕국,서부 몰락지대,데몬트의 집터,상위지역 경계 대체,40,병든 늑대 (525),"-9707.640, 782.041, 31.745","-9707.640, 792.041, 31.745","-9707.640, 772.041, 31.745",뿔엄니멧돼지 (157),"-10627.600, 1326.260, 38.080","-10627.600, 1336.260, 38.080","-10627.600, 1316.260, 38.080",돌엄니멧돼지 (113),"-9929.220, 443.641, 34.594","-9929.220, 453.641, 34.594","-9929.220, 433.641, 34.594"
922,동부 왕국,서부 몰락지대,먼지 언덕,상위지역 경계 대체,40,병든 늑대 (525),"-9707.640, 782.041, 31.745","-9707.640, 792.041, 31.745","-9707.640, 772.041, 31.745",뿔엄니멧돼지 (157),"-10627.600, 1326.260, 38.080","-10627.600, 1336.260, 38.080","-10627.600, 1316.260, 38.080",돌엄니멧돼지 (113),"-9929.220, 443.641, 34.594","-9929.220, 453.641, 34.594","-9929.220, 433.641, 34.594"
923,동부 왕국,모단 호수,가루바위 골짜기,상위지역 경계 대체,38,가루바위일족 점쟁이 (1166),"-5038.670, -3361.670, 298.385","-5038.670, -3351.670, 298.385","-5038.670, -3371.670, 298.385",동굴쥐일족 졸개 (1172),"-5030.430, -3014.490, 330.606","-5030.430, -3004.490, 330.606","-5030.430, -3024.490, 330.606",가루바위 트로그 (1161),"-5810.560, -2965.800, 365.715","-5810.560, -2955.800, 365.715","-5810.560, -2975.800, 365.715"
924,동부 왕국,모단 호수,왕의 계곡,상위지역 경계 대체,38,가루바위일족 점쟁이 (1166),"-5038.670, -3361.670, 298.385","-5038.670, -3351.670, 298.385","-5038.670, -3371.670, 298.385",동굴쥐일족 졸개 (1172),"-5030.430, -3014.490, 330.606","-5030.430, -3004.490, 330.606","-5030.430, -3024.490, 330.606",가루바위 트로그 (1161),"-5810.560, -2965.800, 365.715","-5810.560, -2955.800, 365.715","-5810.560, -2975.800, 365.715"
925,동부 왕국,모단 호수,알가즈 주둔지,상위지역 경계 대체,38,가루바위일족 점쟁이 (1166),"-5038.670, -3361.670, 298.385","-5038.670, -3351.670, 298.385","-5038.670, -3371.670, 298.385",동굴쥐일족 졸개 (1172),"-5030.430, -3014.490, 330.606","-5030.430, -3004.490, 330.606","-5030.430, -3024.490, 330.606",가루바위 트로그 (1161),"-5810.560, -2965.800, 365.715","-5810.560, -2955.800, 365.715","-5810.560, -2975.800, 365.715"
926,동부 왕국,은빛소나무 숲,버클브리 농장,상위지역 경계 대체,130,거대한 이끼거미 (2349),"-24.688, 375.408, 51.507","-24.688, 385.408, 51.507","-24.688, 365.408, 51.507",덩치 큰 회색곰 (2356),"-53.883, 351.264, 62.596","-53.883, 361.264, 62.596","-53.883, 341.264, 62.596",썩은지느러미멀록 술사 (1909),"456.141, 741.376, 38.490","456.141, 751.376, 38.490","456.141, 731.376, 38.490"
927,동부 왕국,은빛소나무 숲,반짝이는 호숫가,상위지역 경계 대체,130,거대한 이끼거미 (2349),"-24.688, 375.408, 51.507","-24.688, 385.408, 51.507","-24.688, 365.408, 51.507",덩치 큰 회색곰 (2356),"-53.883, 351.264, 62.596","-53.883, 361.264, 62.596","-53.883, 341.264, 62.596",썩은지느러미멀록 술사 (1909),"456.141, 741.376, 38.490","456.141, 751.376, 38.490","456.141, 731.376, 38.490"
928,동부 왕국,은빛소나무 숲,북부 해안 골짜기,상위지역 경계 대체,130,거대한 이끼거미 (2349),"-24.688, 375.408, 51.507","-24.688, 385.408, 51.507","-24.688, 365.408, 51.507",덩치 큰 회색곰 (2356),"-53.883, 351.264, 62.596","-53.883, 361.264, 62.596","-53.883, 341.264, 62.596",썩은지느러미멀록 술사 (1909),"456.141, 741.376, 38.490","456.141, 751.376, 38.490","456.141, 731.376, 38.490"
936,동부 왕국,모단 호수,곰발바닥 마루,상위지역 경계 대체,38,가루바위일족 점쟁이 (1166),"-5038.670, -3361.670, 298.385","-5038.670, -3351.670, 298.385","-5038.670, -3371.670, 298.385",동굴쥐일족 졸개 (1172),"-5030.430, -3014.490, 330.606","-5030.430, -3004.490, 330.606","-5030.430, -3024.490, 330.606",가루바위 트로그 (1161),"-5810.560, -2965.800, 365.715","-5810.560, -2955.800, 365.715","-5810.560, -2975.800, 365.715"
976,칼림도어,타나리스,가젯잔,상위지역 경계 대체,440,파도거북 (5431),"-8715.440, -4653.530, 5.043","-8715.440, -4643.530, 5.043","-8715.440, -4663.530, 5.043",문둥발하이에나 (5426),"-8255.710, -3667.660, 12.231","-8255.710, -3657.660, 12.231","-8255.710, -3677.660, 12.231",유리비늘 큰눈바실리스크 (5420),"-8181.370, -3683.780, 25.425","-8181.370, -3673.780, 25.425","-8181.370, -3693.780, 25.425"
977,칼림도어,타나리스,스팀휘들 항구,상위지역 경계 대체,440,파도거북 (5431),"-8715.440, -4653.530, 5.043","-8715.440, -4643.530, 5.043","-8715.440, -4663.530, 5.043",문둥발하이에나 (5426),"-8255.710, -3667.660, 12.231","-8255.710, -3657.660, 12.231","-8255.710, -3677.660, 12.231",유리비늘 큰눈바실리스크 (5420),"-8181.370, -3683.780, 25.425","-8181.370, -3673.780, 25.425","-8181.370, -3693.780, 25.425"
978,칼림도어,타나리스,줄파락,상위지역 경계 대체,440,파도거북 (5431),"-8715.440, -4653.530, 5.043","-8715.440, -4643.530, 5.043","-8715.440, -4663.530, 5.043",문둥발하이에나 (5426),"-8255.710, -3667.660, 12.231","-8255.710, -3657.660, 12.231","-8255.710, -3677.660, 12.231",유리비늘 큰눈바실리스크 (5420),"-8181.370, -3683.780, 25.425","-8181.370, -3673.780, 25.425","-8181.370, -3693.780, 25.425"
979,칼림도어,타나리스,슬픈모래 감시탑,상위지역 경계 대체,440,파도거북 (5431),"-8715.440, -4653.530, 5.043","-8715.440, -4643.530, 5.043","-8715.440, -4663.530, 5.043",문둥발하이에나 (5426),"-8255.710, -3667.660, 12.231","-8255.710, -3657.660, 12.231","-8255.710, -3677.660, 12.231",유리비늘 큰눈바실리스크 (5420),"-8181.370, -3683.780, 25.425","-8181.370, -3673.780, 25.425","-8181.370, -3693.780, 25.425"
980,칼림도어,타나리스,덤불나무 골짜기,상위지역 경계 대체,440,파도거북 (5431),"-8715.440, -4653.530, 5.043","-8715.440, -4643.530, 5.043","-8715.440, -4663.530, 5.043",문둥발하이에나 (5426),"-8255.710, -3667.660, 12.231","-8255.710, -3657.660, 12.231","-8255.710, -3677.660, 12.231",유리비늘 큰눈바실리스크 (5420),"-8181.370, -3683.780, 25.425","-8181.370, -3673.780, 25.425","-8181.370, -3693.780, 25.425"
981,칼림도어,타나리스,모래지옥 협곡,상위지역 경계 대체,440,파도거북 (5431),"-8715.440, -4653.530, 5.043","-8715.440, -4643.530, 5.043","-8715.440, -4663.530, 5.043",문둥발하이에나 (5426),"-8255.710, -3667.660, 12.231","-8255.710, -3657.660, 12.231","-8255.710, -3677.660, 12.231",유리비늘 큰눈바실리스크 (5420),"-8181.370, -3683.780, 25.425","-8181.370, -3673.780, 25.425","-8181.370, -3693.780, 25.425"
982,칼림도어,타나리스,맹독의 둥지,상위지역 경계 대체,440,파도거북 (5431),"-8715.440, -4653.530, 5.043","-8715.440, -4643.530, 5.043","-8715.440, -4663.530, 5.043",문둥발하이에나 (5426),"-8255.710, -3667.660, 12.231","-8255.710, -3657.660, 12.231","-8255.710, -3677.660, 12.231",유리비늘 큰눈바실리스크 (5420),"-8181.370, -3683.780, 25.425","-8181.370, -3673.780, 25.425","-8181.370, -3693.780, 25.425"
983,칼림도어,타나리스,모래망치 주둔지,상위지역 경계 대체,440,파도거북 (5431),"-8715.440, -4653.530, 5.043","-8715.440, -4643.530, 5.043","-8715.440, -4663.530, 5.043",문둥발하이에나 (5426),"-8255.710, -3667.660, 12.231","-8255.710, -3657.660, 12.231","-8255.710, -3677.660, 12.231",유리비늘 큰눈바실리스크 (5420),"-8181.370, -3683.780, 25.425","-8181.370, -3673.780, 25.425","-8181.370, -3693.780, 25.425"
984,칼림도어,타나리스,동쪽 달의 폐허,상위지역 경계 대체,440,파도거북 (5431),"-8715.440, -4653.530, 5.043","-8715.440, -4643.530, 5.043","-8715.440, -4663.530, 5.043",문둥발하이에나 (5426),"-8255.710, -3667.660, 12.231","-8255.710, -3657.660, 12.231","-8255.710, -3677.660, 12.231",유리비늘 큰눈바실리스크 (5420),"-8181.370, -3683.780, 25.425","-8181.370, -3673.780, 25.425","-8181.370, -3693.780, 25.425"
985,칼림도어,타나리스,샘솟는 벌판,상위지역 경계 대체,440,파도거북 (5431),"-8715.440, -4653.530, 5.043","-8715.440, -4643.530, 5.043","-8715.440, -4663.530, 5.043",문둥발하이에나 (5426),"-8255.710, -3667.660, 12.231","-8255.710, -3657.660, 12.231","-8255.710, -3677.660, 12.231",유리비늘 큰눈바실리스크 (5420),"-8181.370, -3683.780, 25.425","-8181.370, -3673.780, 25.425","-8181.370, -3693.780, 25.425"
986,칼림도어,타나리스,잘라쉬지의 굴,상위지역 경계 대체,440,파도거북 (5431),"-8715.440, -4653.530, 5.043","-8715.440, -4643.530, 5.043","-8715.440, -4663.530, 5.043",문둥발하이에나 (5426),"-8255.710, -3667.660, 12.231","-8255.710, -3657.660, 12.231","-8255.710, -3677.660, 12.231",유리비늘 큰눈바실리스크 (5420),"-8181.370, -3683.780, 25.425","-8181.370, -3673.780, 25.425","-8181.370, -3693.780, 25.425"
987,칼림도어,타나리스,끝자락 해안,상위지역 경계 대체,440,파도거북 (5431),"-8715.440, -4653.530, 5.043","-8715.440, -4643.530, 5.043","-8715.440, -4663.530, 5.043",문둥발하이에나 (5426),"-8255.710, -3667.660, 12.231","-8255.710, -3657.660, 12.231","-8255.710, -3677.660, 12.231",유리비늘 큰눈바실리스크 (5420),"-8181.370, -3683.780, 25.425","-8181.370, -3673.780, 25.425","-8181.370, -3693.780, 25.425"
988,칼림도어,타나리스,파도타기 해안,상위지역 경계 대체,440,파도거북 (5431),"-8715.440, -4653.530, 5.043","-8715.440, -4643.530, 5.043","-8715.440, -4663.530, 5.043",문둥발하이에나 (5426),"-8255.710, -3667.660, 12.231","-8255.710, -3657.660, 12.231","-8255.710, -3677.660, 12.231",유리비늘 큰눈바실리스크 (5420),"-8181.370, -3683.780, 25.425","-8181.370, -3673.780, 25.425","-8181.370, -3693.780, 25.425"
989,칼림도어,타나리스,울둠,상위지역 경계 대체,440,파도거북 (5431),"-8715.440, -4653.530, 5.043","-8715.440, -4643.530, 5.043","-8715.440, -4663.530, 5.043",문둥발하이에나 (5426),"-8255.710, -3667.660, 12.231","-8255.710, -3657.660, 12.231","-8255.710, -3677.660, 12.231",유리비늘 큰눈바실리스크 (5420),"-8181.370, -3683.780, 25.425","-8181.370, -3673.780, 25.425","-8181.370, -3693.780, 25.425"
990,칼림도어,타나리스,감시자의 골짜기,상위지역 경계 대체,440,파도거북 (5431),"-8715.440, -4653.530, 5.043","-8715.440, -4643.530, 5.043","-8715.440, -4663.530, 5.043",문둥발하이에나 (5426),"-8255.710, -3667.660, 12.231","-8255.710, -3657.660, 12.231","-8255.710, -3677.660, 12.231",유리비늘 큰눈바실리스크 (5420),"-8181.370, -3683.780, 25.425","-8181.370, -3673.780, 25.425","-8181.370, -3693.780, 25.425"
991,칼림도어,타나리스,건스탠의 야영지,상위지역 경계 대체,440,파도거북 (5431),"-8715.440, -4653.530, 5.043","-8715.440, -4643.530, 5.043","-8715.440, -4663.530, 5.043",문둥발하이에나 (5426),"-8255.710, -3667.660, 12.231","-8255.710, -3657.660, 12.231","-8255.710, -3677.660, 12.231",유리비늘 큰눈바실리스크 (5420),"-8181.370, -3683.780, 25.425","-8181.370, -3673.780, 25.425","-8181.370, -3693.780, 25.425"
992,칼림도어,타나리스,서쪽 달의 폐허,상위지역 경계 대체,440,파도거북 (5431),"-8715.440, -4653.530, 5.043","-8715.440, -4643.530, 5.043","-8715.440, -4663.530, 5.043",문둥발하이에나 (5426),"-8255.710, -3667.660, 12.231","-8255.710, -3657.660, 12.231","-8255.710, -3677.660, 12.231",유리비늘 큰눈바실리스크 (5420),"-8181.370, -3683.780, 25.425","-8181.370, -3673.780, 25.425","-8181.370, -3693.780, 25.425"
996,동부 왕국,붉은마루 산맥,약탈의 야영지,상위지역 경계 대체,44,붉은마루일족 전사 (446),"-8980.150, -2337.880, 132.631","-8980.150, -2327.880, 132.631","-8980.150, -2347.880, 132.631",새끼 검은용 (441),"-9166.640, -2518.350, 110.678","-9166.640, -2508.350, 110.678","-9166.640, -2528.350, 110.678",검은바위부족 길잡이 (485),"-9138.150, -2556.150, 116.649","-9138.150, -2546.150, 116.649","-9138.150, -2566.150, 116.649"
997,동부 왕국,붉은마루 산맥,약탈의 계곡,상위지역 경계 대체,44,붉은마루일족 전사 (446),"-8980.150, -2337.880, 132.631","-8980.150, -2327.880, 132.631","-8980.150, -2347.880, 132.631",새끼 검은용 (441),"-9166.640, -2518.350, 110.678","-9166.640, -2508.350, 110.678","-9166.640, -2528.350, 110.678",검은바위부족 길잡이 (485),"-9138.150, -2556.150, 116.649","-9138.150, -2546.150, 116.649","-9138.150, -2566.150, 116.649"
998,동부 왕국,붉은마루 산맥,약탈의 바위굴,상위지역 경계 대체,44,붉은마루일족 전사 (446),"-8980.150, -2337.880, 132.631","-8980.150, -2327.880, 132.631","-8980.150, -2347.880, 132.631",새끼 검은용 (441),"-9166.640, -2518.350, 110.678","-9166.640, -2508.350, 110.678","-9166.640, -2528.350, 110.678",검은바위부족 길잡이 (485),"-9138.150, -2556.150, 116.649","-9138.150, -2546.150, 116.649","-9138.150, -2566.150, 116.649"
999,동부 왕국,붉은마루 산맥,돌망루 탑,상위지역 경계 대체,44,붉은마루일족 전사 (446),"-8980.150, -2337.880, 132.631","-8980.150, -2327.880, 132.631","-8980.150, -2347.880, 132.631",새끼 검은용 (441),"-9166.640, -2518.350, 110.678","-9166.640, -2508.350, 110.678","-9166.640, -2528.350, 110.678",검은바위부족 길잡이 (485),"-9138.150, -2556.150, 116.649","-9138.150, -2546.150, 116.649","-9138.150, -2566.150, 116.649"
1000,동부 왕국,붉은마루 산맥,갈라델 골짜기,상위지역 경계 대체,44,붉은마루일족 전사 (446),"-8980.150, -2337.880, 132.631","-8980.150, -2327.880, 132.631","-8980.150, -2347.880, 132.631",새끼 검은용 (441),"-9166.640, -2518.350, 110.678","-9166.640, -2508.350, 110.678","-9166.640, -2528.350, 110.678",검은바위부족 길잡이 (485),"-9138.150, -2556.150, 116.649","-9138.150, -2546.150, 116.649","-9138.150, -2566.150, 116.649"
1001,동부 왕국,붉은마루 산맥,호수마루 오솔길,상위지역 경계 대체,44,붉은마루일족 전사 (446),"-8980.150, -2337.880, 132.631","-8980.150, -2327.880, 132.631","-8980.150, -2347.880, 132.631",새끼 검은용 (441),"-9166.640, -2518.350, 110.678","-9166.640, -2508.350, 110.678","-9166.640, -2528.350, 110.678",검은바위부족 길잡이 (485),"-9138.150, -2556.150, 116.649","-9138.150, -2546.150, 116.649","-9138.150, -2566.150, 116.649"
1002,동부 왕국,붉은마루 산맥,붉은마루 삼거리,상위지역 경계 대체,44,붉은마루일족 전사 (446),"-8980.150, -2337.880, 132.631","-8980.150, -2327.880, 132.631","-8980.150, -2347.880, 132.631",새끼 검은용 (441),"-9166.640, -2518.350, 110.678","-9166.640, -2508.350, 110.678","-9166.640, -2528.350, 110.678",검은바위부족 길잡이 (485),"-9138.150, -2556.150, 116.649","-9138.150, -2546.150, 116.649","-9138.150, -2566.150, 116.649"
1016,동부 왕국,저습지,불길한 언덕,상위지역 경계 대체,11,새끼 습지악어 (1417),"-3406.250, -2668.750, 6.533","-3406.250, -2658.750, 6.533","-3406.250, -2678.750, 6.533",용아귀부족 약탈자 (1034),"-3482.190, -2451.440, 46.543","-3482.190, -2441.440, 46.543","-3482.190, -2461.440, 46.543",습지악어 (1400),"-3162.970, -2301.090, 7.082","-3162.970, -2291.090, 7.082","-3162.970, -2311.090, 7.082"
1017,동부 왕국,저습지,랩터 마루,상위지역 경계 대체,11,새끼 습지악어 (1417),"-3406.250, -2668.750, 6.533","-3406.250, -2658.750, 6.533","-3406.250, -2678.750, 6.533",용아귀부족 약탈자 (1034),"-3482.190, -2451.440, 46.543","-3482.190, -2441.440, 46.543","-3482.190, -2461.440, 46.543",습지악어 (1400),"-3162.970, -2301.090, 7.082","-3162.970, -2291.090, 7.082","-3162.970, -2311.090, 7.082"
1018,동부 왕국,저습지,검은바닥 습지대,상위지역 경계 대체,11,새끼 습지악어 (1417),"-3406.250, -2668.750, 6.533","-3406.250, -2658.750, 6.533","-3406.250, -2678.750, 6.533",용아귀부족 약탈자 (1034),"-3482.190, -2451.440, 46.543","-3482.190, -2441.440, 46.543","-3482.190, -2461.440, 46.543",습지악어 (1400),"-3162.970, -2301.090, 7.082","-3162.970, -2291.090, 7.082","-3162.970, -2311.090, 7.082"
1019,동부 왕국,동부 역병지대,녹지대,상위지역 경계 대체,139,청소부구더기 (8603),"2373.640, -4302.370, 77.802","2373.640, -4292.370, 77.802","2373.640, -4312.370, 77.802",역병박쥐 (8600),"1964.440, -4051.470, 89.981","1964.440, -4041.470, 89.981","1964.440, -4061.470, 89.981",광포한 역병사냥개 (8598),"2611.910, -4366.740, 79.316","2611.910, -4356.740, 79.316","2611.910, -4376.740, 79.316"
1020,동부 왕국,저습지,이끼가죽 수렁,상위지역 경계 대체,11,새끼 습지악어 (1417),"-3406.250, -2668.750, 6.533","-3406.250, -2658.750, 6.533","-3406.250, -2678.750, 6.533",용아귀부족 약탈자 (1034),"-3482.190, -2451.440, 46.543","-3482.190, -2441.440, 46.543","-3482.190, -2461.440, 46.543",습지악어 (1400),"-3162.970, -2301.090, 7.082","-3162.970, -2291.090, 7.082","-3162.970, -2311.090, 7.082"
1021,동부 왕국,저습지,텔겐 바위굴,상위지역 경계 대체,11,새끼 습지악어 (1417),"-3406.250, -2668.750, 6.533","-3406.250, -2658.750, 6.533","-3406.250, -2678.750, 6.533",용아귀부족 약탈자 (1034),"-3482.190, -2451.440, 46.543","-3482.190, -2441.440, 46.543","-3482.190, -2461.440, 46.543",습지악어 (1400),"-3162.970, -2301.090, 7.082","-3162.970, -2291.090, 7.082","-3162.970, -2311.090, 7.082"
1022,동부 왕국,저습지,푸른아가미 습지대,상위지역 경계 대체,11,새끼 습지악어 (1417),"-3406.250, -2668.750, 6.533","-3406.250, -2658.750, 6.533","-3406.250, -2678.750, 6.533",용아귀부족 약탈자 (1034),"-3482.190, -2451.440, 46.543","-3482.190, -2441.440, 46.543","-3482.190, -2461.440, 46.543",습지악어 (1400),"-3162.970, -2301.090, 7.082","-3162.970, -2291.090, 7.082","-3162.970, -2311.090, 7.082"
1023,동부 왕국,저습지,소금물 습지대,상위지역 경계 대체,11,새끼 습지악어 (1417),"-3406.250, -2668.750, 6.533","-3406.250, -2658.750, 6.533","-3406.250, -2678.750, 6.533",용아귀부족 약탈자 (1034),"-3482.190, -2451.440, 46.543","-3482.190, -2441.440, 46.543","-3482.190, -2461.440, 46.543",습지악어 (1400),"-3162.970, -2301.090, 7.082","-3162.970, -2291.090, 7.082","-3162.970, -2311.090, 7.082"
1024,동부 왕국,저습지,해몰이 늪,상위지역 경계 대체,11,새끼 습지악어 (1417),"-3406.250, -2668.750, 6.533","-3406.250, -2658.750, 6.533","-3406.250, -2678.750, 6.533",용아귀부족 약탈자 (1034),"-3482.190, -2451.440, 46.543","-3482.190, -2441.440, 46.543","-3482.190, -2461.440, 46.543",습지악어 (1400),"-3162.970, -2301.090, 7.082","-3162.970, -2291.090, 7.082","-3162.970, -2311.090, 7.082"
1025,동부 왕국,저습지,녹지대,상위지역 경계 대체,11,새끼 습지악어 (1417),"-3406.250, -2668.750, 6.533","-3406.250, -2658.750, 6.533","-3406.250, -2678.750, 6.533",용아귀부족 약탈자 (1034),"-3482.190, -2451.440, 46.543","-3482.190, -2441.440, 46.543","-3482.190, -2461.440, 46.543",습지악어 (1400),"-3162.970, -2301.090, 7.082","-3162.970, -2291.090, 7.082","-3162.970, -2311.090, 7.082"
1036,동부 왕국,저습지,성난송곳니 야영지,상위지역 경계 대체,11,새끼 습지악어 (1417),"-3406.250, -2668.750, 6.533","-3406.250, -2658.750, 6.533","-3406.250, -2678.750, 6.533",용아귀부족 약탈자 (1034),"-3482.190, -2451.440, 46.543","-3482.190, -2441.440, 46.543","-3482.190, -2461.440, 46.543",습지악어 (1400),"-3162.970, -2301.090, 7.082","-3162.970, -2291.090, 7.082","-3162.970, -2311.090, 7.082"
1037,동부 왕국,저습지,그림 바톨,상위지역 경계 대체,11,새끼 습지악어 (1417),"-3406.250, -2668.750, 6.533","-3406.250, -2658.750, 6.533","-3406.250, -2678.750, 6.533",용아귀부족 약탈자 (1034),"-3482.190, -2451.440, 46.543","-3482.190, -2441.440, 46.543","-3482.190, -2461.440, 46.543",습지악어 (1400),"-3162.970, -2301.090, 7.082","-3162.970, -2291.090, 7.082","-3162.970, -2311.090, 7.082"
1038,동부 왕국,저습지,용아귀부족 관문,상위지역 경계 대체,11,새끼 습지악어 (1417),"-3406.250, -2668.750, 6.533","-3406.250, -2658.750, 6.533","-3406.250, -2678.750, 6.533",용아귀부족 약탈자 (1034),"-3482.190, -2451.440, 46.543","-3482.190, -2441.440, 46.543","-3482.190, -2461.440, 46.543",습지악어 (1400),"-3162.970, -2301.090, 7.082","-3162.970, -2291.090, 7.082","-3162.970, -2311.090, 7.082"
1039,동부 왕국,저습지,잃어버린 해안,상위지역 경계 대체,11,새끼 습지악어 (1417),"-3406.250, -2668.750, 6.533","-3406.250, -2658.750, 6.533","-3406.250, -2678.750, 6.533",용아귀부족 약탈자 (1034),"-3482.190, -2451.440, 46.543","-3482.190, -2441.440, 46.543","-3482.190, -2461.440, 46.543",습지악어 (1400),"-3162.970, -2301.090, 7.082","-3162.970, -2291.090, 7.082","-3162.970, -2311.090, 7.082"
1056,동부 왕국,힐스브래드 구릉지,다로우 언덕,상위지역 경계 대체,267,거대한 이끼거미 (2349),"-713.209, -253.896, 34.575","-713.209, -243.896, 34.575","-713.209, -263.896, 34.575",덩치 큰 회색곰 (2356),"-803.369, -428.865, 17.009","-803.369, -418.865, 17.009","-803.369, -438.865, 17.009",비밀결사대 경비병 (2261),"-634.535, -1038.210, 62.336","-634.535, -1028.210, 62.336","-634.535, -1048.210, 62.336"
1057,동부 왕국,힐스브래드 구릉지,소라딘의 성벽,상위지역 경계 대체,267,거대한 이끼거미 (2349),"-713.209, -253.896, 34.575","-713.209, -243.896, 34.575","-713.209, -263.896, 34.575",덩치 큰 회색곰 (2356),"-803.369, -428.865, 17.009","-803.369, -418.865, 17.009","-803.369, -438.865, 17.009",비밀결사대 경비병 (2261),"-634.535, -1038.210, 62.336","-634.535, -1028.210, 62.336","-634.535, -1048.210, 62.336"
1076,칼림도어,돌발톱 산맥,그물누비 고개,상위지역 경계 대체,406,투자개발회사 나무꾼 (3989),"1215.000, 343.344, 32.464","1215.000, 353.344, 32.464","1215.000, 333.344, 32.464",검은뿔순록 (3817),"2009.650, -368.157, 99.981","2009.650, -358.157, 99.981","2009.650, -378.157, 99.981",잿빛골짜기곰 (3809),"1981.450, -404.674, 97.399","1981.450, -394.674, 97.399","1981.450, -414.674, 97.399"
1097,동부 왕국,그늘숲,고요의 강둑,상위지역 경계 대체,10,돌가죽멧돼지 (524),"-9926.910, -371.035, 27.431","-9926.910, -361.035, 27.431","-9926.910, -381.035, 27.431",파멸의어둠일족 암흑길잡이 (205),"-10530.900, -786.683, 57.438","-10530.900, -776.683, 57.438","-10530.900, -796.683, 57.438",새끼 검은과부거미 (930),"-10751.200, -172.226, 40.478","-10751.200, -162.226, 40.478","-10751.200, -182.226, 40.478"
1098,동부 왕국,그늘숲,미스트맨틀 장원,상위지역 경계 대체,10,돌가죽멧돼지 (524),"-9926.910, -371.035, 27.431","-9926.910, -361.035, 27.431","-9926.910, -381.035, 27.431",파멸의어둠일족 암흑길잡이 (205),"-10530.900, -786.683, 57.438","-10530.900, -776.683, 57.438","-10530.900, -796.683, 57.438",새끼 검은과부거미 (930),"-10751.200, -172.226, 40.478","-10751.200, -162.226, 40.478","-10751.200, -182.226, 40.478"
1099,칼림도어,페랄라스,모자케 야영지,상위지역 경계 대체,357,긴다리 송곳니늑대 (5286),"-4618.120, 956.096, 57.850","-4618.120, 966.096, 57.850","-4618.120, 946.096, 57.850",초원타조 (2955),"-3284.410, -217.130, 39.616","-3284.410, -207.130, 39.616","-3284.410, -227.130, 39.616",초원늑대 (2958),"-2989.230, 298.476, 115.955","-2989.230, 308.476, 115.955","-2989.230, 288.476, 115.955"
1100,칼림도어,페랄라스,그림토템 주둔지,상위지역 경계 대체,357,긴다리 송곳니늑대 (5286),"-4618.120, 956.096, 57.850","-4618.120, 966.096, 57.850","-4618.120, 946.096, 57.850",초원타조 (2955),"-3284.410, -217.130, 39.616","-3284.410, -207.130, 39.616","-3284.410, -227.130, 39.616",초원늑대 (2958),"-2989.230, 298.476, 115.955","-2989.230, 308.476, 115.955","-2989.230, 288.476, 115.955"
1101,칼림도어,페랄라스,고통의 구덩이,상위지역 경계 대체,357,긴다리 송곳니늑대 (5286),"-4618.120, 956.096, 57.850","-4618.120, 966.096, 57.850","-4618.120, 946.096, 57.850",초원타조 (2955),"-3284.410, -217.130, 39.616","-3284.410, -207.130, 39.616","-3284.410, -227.130, 39.616",초원늑대 (2958),"-2989.230, 298.476, 115.955","-2989.230, 308.476, 115.955","-2989.230, 288.476, 115.955"
1102,칼림도어,페랄라스,갈기바람 호수,상위지역 경계 대체,357,긴다리 송곳니늑대 (5286),"-4618.120, 956.096, 57.850","-4618.120, 966.096, 57.850","-4618.120, 946.096, 57.850",초원타조 (2955),"-3284.410, -217.130, 39.616","-3284.410, -207.130, 39.616","-3284.410, -227.130, 39.616",초원늑대 (2958),"-2989.230, 298.476, 115.955","-2989.230, 308.476, 115.955","-2989.230, 288.476, 115.955"
1103,칼림도어,페랄라스,골두니 전초기지,상위지역 경계 대체,357,긴다리 송곳니늑대 (5286),"-4618.120, 956.096, 57.850","-4618.120, 966.096, 57.850","-4618.120, 946.096, 57.850",초원타조 (2955),"-3284.410, -217.130, 39.616","-3284.410, -207.130, 39.616","-3284.410, -227.130, 39.616",초원늑대 (2958),"-2989.230, 298.476, 115.955","-2989.230, 308.476, 115.955","-2989.230, 288.476, 115.955"
1104,칼림도어,페랄라스,모크골둔,상위지역 경계 대체,357,긴다리 송곳니늑대 (5286),"-4618.120, 956.096, 57.850","-4618.120, 966.096, 57.850","-4618.120, 946.096, 57.850",초원타조 (2955),"-3284.410, -217.130, 39.616","-3284.410, -207.130, 39.616","-3284.410, -227.130, 39.616",초원늑대 (2958),"-2989.230, 298.476, 115.955","-2989.230, 308.476, 115.955","-2989.230, 288.476, 115.955"
1105,칼림도어,페랄라스,거친흉터 골짜기,상위지역 경계 대체,357,긴다리 송곳니늑대 (5286),"-4618.120, 956.096, 57.850","-4618.120, 966.096, 57.850","-4618.120, 946.096, 57.850",초원타조 (2955),"-3284.410, -217.130, 39.616","-3284.410, -207.130, 39.616","-3284.410, -227.130, 39.616",초원늑대 (2958),"-2989.230, 298.476, 115.955","-2989.230, 308.476, 115.955","-2989.230, 288.476, 115.955"
1106,칼림도어,페랄라스,공작날개 고원,상위지역 경계 대체,357,긴다리 송곳니늑대 (5286),"-4618.120, 956.096, 57.850","-4618.120, 966.096, 57.850","-4618.120, 946.096, 57.850",초원타조 (2955),"-3284.410, -217.130, 39.616","-3284.410, -207.130, 39.616","-3284.410, -227.130, 39.616",초원늑대 (2958),"-2989.230, 298.476, 115.955","-2989.230, 308.476, 115.955","-2989.230, 288.476, 115.955"
1107,칼림도어,페랄라스,산들바람 호수,상위지역 경계 대체,357,긴다리 송곳니늑대 (5286),"-4618.120, 956.096, 57.850","-4618.120, 966.096, 57.850","-4618.120, 946.096, 57.850",초원타조 (2955),"-3284.410, -217.130, 39.616","-3284.410, -207.130, 39.616","-3284.410, -227.130, 39.616",초원늑대 (2958),"-2989.230, 298.476, 115.955","-2989.230, 308.476, 115.955","-2989.230, 288.476, 115.955"
1108,칼림도어,페랄라스,잊혀진 해안,상위지역 경계 대체,357,긴다리 송곳니늑대 (5286),"-4618.120, 956.096, 57.850","-4618.120, 966.096, 57.850","-4618.120, 946.096, 57.850",초원타조 (2955),"-3284.410, -217.130, 39.616","-3284.410, -207.130, 39.616","-3284.410, -227.130, 39.616",초원늑대 (2958),"-2989.230, 298.476, 115.955","-2989.230, 308.476, 115.955","-2989.230, 288.476, 115.955"
1109,칼림도어,페랄라스,동쪽 기둥,상위지역 경계 대체,357,긴다리 송곳니늑대 (5286),"-4618.120, 956.096, 57.850","-4618.120, 966.096, 57.850","-4618.120, 946.096, 57.850",초원타조 (2955),"-3284.410, -217.130, 39.616","-3284.410, -207.130, 39.616","-3284.410, -227.130, 39.616",초원늑대 (2958),"-2989.230, 298.476, 115.955","-2989.230, 308.476, 115.955","-2989.230, 288.476, 115.955"
1110,칼림도어,페랄라스,서쪽 기둥,상위지역 경계 대체,357,긴다리 송곳니늑대 (5286),"-4618.120, 956.096, 57.850","-4618.120, 966.096, 57.850","-4618.120, 946.096, 57.850",초원타조 (2955),"-3284.410, -217.130, 39.616","-3284.410, -207.130, 39.616","-3284.410, -227.130, 39.616",초원늑대 (2958),"-2989.230, 298.476, 115.955","-2989.230, 308.476, 115.955","-2989.230, 288.476, 115.955"
1111,칼림도어,페랄라스,꿈나무,상위지역 경계 대체,357,긴다리 송곳니늑대 (5286),"-4618.120, 956.096, 57.850","-4618.120, 966.096, 57.850","-4618.120, 946.096, 57.850",초원타조 (2955),"-3284.410, -217.130, 39.616","-3284.410, -207.130, 39.616","-3284.410, -227.130, 39.616",초원늑대 (2958),"-2989.230, 298.476, 115.955","-2989.230, 308.476, 115.955","-2989.230, 288.476, 115.955"
1112,칼림도어,페랄라스,비취비늘 호수,상위지역 경계 대체,357,긴다리 송곳니늑대 (5286),"-4618.120, 956.096, 57.850","-4618.120, 966.096, 57.850","-4618.120, 946.096, 57.850",초원타조 (2955),"-3284.410, -217.130, 39.616","-3284.410, -207.130, 39.616","-3284.410, -227.130, 39.616",초원늑대 (2958),"-2989.230, 298.476, 115.955","-2989.230, 308.476, 115.955","-2989.230, 288.476, 115.955"
1113,칼림도어,페랄라스,오네이로스,상위지역 경계 대체,357,긴다리 송곳니늑대 (5286),"-4618.120, 956.096, 57.850","-4618.120, 966.096, 57.850","-4618.120, 946.096, 57.850",초원타조 (2955),"-3284.410, -217.130, 39.616","-3284.410, -207.130, 39.616","-3284.410, -227.130, 39.616",초원늑대 (2958),"-2989.230, 298.476, 115.955","-2989.230, 308.476, 115.955","-2989.230, 288.476, 115.955"
1114,칼림도어,페랄라스,까마귀바람 폐허,상위지역 경계 대체,357,긴다리 송곳니늑대 (5286),"-4618.120, 956.096, 57.850","-4618.120, 966.096, 57.850","-4618.120, 946.096, 57.850",초원타조 (2955),"-3284.410, -217.130, 39.616","-3284.410, -207.130, 39.616","-3284.410, -227.130, 39.616",초원늑대 (2958),"-2989.230, 298.476, 115.955","-2989.230, 308.476, 115.955","-2989.230, 288.476, 115.955"
1115,칼림도어,페랄라스,무쇠설인 소굴,상위지역 경계 대체,357,긴다리 송곳니늑대 (5286),"-4618.120, 956.096, 57.850","-4618.120, 966.096, 57.850","-4618.120, 946.096, 57.850",초원타조 (2955),"-3284.410, -217.130, 39.616","-3284.410, -207.130, 39.616","-3284.410, -227.130, 39.616",초원늑대 (2958),"-2989.230, 298.476, 115.955","-2989.230, 308.476, 115.955","-2989.230, 288.476, 115.955"
1116,칼림도어,페랄라스,페더문 요새,상위지역 경계 대체,357,긴다리 송곳니늑대 (5286),"-4618.120, 956.096, 57.850","-4618.120, 966.096, 57.850","-4618.120, 946.096, 57.850",초원타조 (2955),"-3284.410, -217.130, 39.616","-3284.410, -207.130, 39.616","-3284.410, -227.130, 39.616",초원늑대 (2958),"-2989.230, 298.476, 115.955","-2989.230, 308.476, 115.955","-2989.230, 288.476, 115.955"
1117,칼림도어,페랄라스,솔라살 폐허,상위지역 경계 대체,357,긴다리 송곳니늑대 (5286),"-4618.120, 956.096, 57.850","-4618.120, 966.096, 57.850","-4618.120, 946.096, 57.850",초원타조 (2955),"-3284.410, -217.130, 39.616","-3284.410, -207.130, 39.616","-3284.410, -227.130, 39.616",초원늑대 (2958),"-2989.230, 298.476, 115.955","-2989.230, 308.476, 115.955","-2989.230, 288.476, 115.955"
1118,칼림도어,페랄라스,낮은벌 미사용,상위지역 경계 대체,357,긴다리 송곳니늑대 (5286),"-4618.120, 956.096, 57.850","-4618.120, 966.096, 57.850","-4618.120, 946.096, 57.850",초원타조 (2955),"-3284.410, -217.130, 39.616","-3284.410, -207.130, 39.616","-3284.410, -227.130, 39.616",초원늑대 (2958),"-2989.230, 298.476, 115.955","-2989.230, 308.476, 115.955","-2989.230, 288.476, 115.955"
1119,칼림도어,페랄라스,쌍둥이 바위산,상위지역 경계 대체,357,긴다리 송곳니늑대 (5286),"-4618.120, 956.096, 57.850","-4618.120, 966.096, 57.850","-4618.120, 946.096, 57.850",초원타조 (2955),"-3284.410, -217.130, 39.616","-3284.410, -207.130, 39.616","-3284.410, -227.130, 39.616",초원늑대 (2958),"-2989.230, 298.476, 115.955","-2989.230, 308.476, 115.955","-2989.230, 288.476, 115.955"
1120,칼림도어,페랄라스,살도르 섬,상위지역 경계 대체,357,긴다리 송곳니늑대 (5286),"-4618.120, 956.096, 57.850","-4618.120, 966.096, 57.850","-4618.120, 946.096, 57.850",초원타조 (2955),"-3284.410, -217.130, 39.616","-3284.410, -207.130, 39.616","-3284.410, -227.130, 39.616",초원늑대 (2958),"-2989.230, 298.476, 115.955","-2989.230, 308.476, 115.955","-2989.230, 288.476, 115.955"
1121,칼림도어,페랄라스,공포의 섬,상위지역 경계 대체,357,긴다리 송곳니늑대 (5286),"-4618.120, 956.096, 57.850","-4618.120, 966.096, 57.850","-4618.120, 946.096, 57.850",초원타조 (2955),"-3284.410, -217.130, 39.616","-3284.410, -207.130, 39.616","-3284.410, -227.130, 39.616",초원늑대 (2958),"-2989.230, 298.476, 115.955","-2989.230, 308.476, 115.955","-2989.230, 288.476, 115.955"
1136,칼림도어,페랄라스,높은벌,상위지역 경계 대체,357,긴다리 송곳니늑대 (5286),"-4618.120, 956.096, 57.850","-4618.120, 966.096, 57.850","-4618.120, 946.096, 57.850",초원타조 (2955),"-3284.410, -217.130, 39.616","-3284.410, -207.130, 39.616","-3284.410, -227.130, 39.616",초원늑대 (2958),"-2989.230, 298.476, 115.955","-2989.230, 308.476, 115.955","-2989.230, 288.476, 115.955"
1137,칼림도어,페랄라스,낮은벌,상위지역 경계 대체,357,긴다리 송곳니늑대 (5286),"-4618.120, 956.096, 57.850","-4618.120, 966.096, 57.850","-4618.120, 946.096, 57.850",초원타조 (2955),"-3284.410, -217.130, 39.616","-3284.410, -207.130, 39.616","-3284.410, -227.130, 39.616",초원늑대 (2958),"-2989.230, 298.476, 115.955","-2989.230, 308.476, 115.955","-2989.230, 288.476, 115.955"
1156,칼림도어,불모의 땅,남부 불모의 땅,상위지역 경계 대체,17,긴송곳니 열대초원랩터 (3255),"-1525.840, -2634.480, 93.120","-1525.840, -2624.480, 93.120","-1525.840, -2644.480, 93.120",굶주린 얼룩말 (3242),"-1047.420, -2714.390, 92.212","-1047.420, -2704.390, 92.212","-1047.420, -2724.390, 92.212",검은부리초원타조 (3246),"-1014.420, -2361.710, 94.964","-1014.420, -2351.710, 94.964","-1014.420, -2371.710, 94.964"
1157,칼림도어,불모의 땅,남부 황금길,상위지역 경계 대체,17,긴송곳니 열대초원랩터 (3255),"-1525.840, -2634.480, 93.120","-1525.840, -2624.480, 93.120","-1525.840, -2644.480, 93.120",굶주린 얼룩말 (3242),"-1047.420, -2714.390, 92.212","-1047.420, -2704.390, 92.212","-1047.420, -2724.390, 92.212",검은부리초원타조 (3246),"-1014.420, -2361.710, 94.964","-1014.420, -2351.710, 94.964","-1014.420, -2371.710, 94.964"
1216,칼림도어,아즈샤라,나무구렁 요새,상위지역 경계 대체,16,덩치 큰 이끼발굽순록 (8761),"4144.930, -5919.240, 100.680","4144.930, -5909.240, 100.680","4144.930, -5929.240, 100.680",원한의꼬리일족 세이렌 (6195),"3671.970, -5745.800, 6.533","3671.970, -5735.800, 6.533","3671.970, -5755.800, 6.533",갈퀴발톱 천둥뿔 히포그리프 (6378),"4056.840, -5901.820, 102.057","4056.840, -5891.820, 102.057","4056.840, -5911.820, 102.057"
1217,칼림도어,아즈샤라,반디르 야영지,상위지역 경계 대체,16,덩치 큰 이끼발굽순록 (8761),"4144.930, -5919.240, 100.680","4144.930, -5909.240, 100.680","4144.930, -5929.240, 100.680",원한의꼬리일족 세이렌 (6195),"3671.970, -5745.800, 6.533","3671.970, -5735.800, 6.533","3671.970, -5755.800, 6.533",갈퀴발톱 천둥뿔 히포그리프 (6378),"4056.840, -5901.820, 102.057","4056.840, -5891.820, 102.057","4056.840, -5911.820, 102.057"
1218,칼림도어,아즈샤라,아즈샤라,상위지역 경계 대체,16,덩치 큰 이끼발굽순록 (8761),"4144.930, -5919.240, 100.680","4144.930, -5909.240, 100.680","4144.930, -5929.240, 100.680",원한의꼬리일족 세이렌 (6195),"3671.970, -5745.800, 6.533","3671.970, -5735.800, 6.533","3671.970, -5755.800, 6.533",갈퀴발톱 천둥뿔 히포그리프 (6378),"4056.840, -5901.820, 102.057","4056.840, -5891.820, 102.057","4056.840, -5911.820, 102.057"
1219,칼림도어,아즈샤라,레가쉬 야영지,상위지역 경계 대체,16,덩치 큰 이끼발굽순록 (8761),"4144.930, -5919.240, 100.680","4144.930, -5909.240, 100.680","4144.930, -5929.240, 100.680",원한의꼬리일족 세이렌 (6195),"3671.970, -5745.800, 6.533","3671.970, -5735.800, 6.533","3671.970, -5755.800, 6.533",갈퀴발톱 천둥뿔 히포그리프 (6378),"4056.840, -5901.820, 102.057","4056.840, -5891.820, 102.057","4056.840, -5911.820, 102.057"
1220,칼림도어,아즈샤라,탈라시안 주둔지,상위지역 경계 대체,16,덩치 큰 이끼발굽순록 (8761),"4144.930, -5919.240, 100.680","4144.930, -5909.240, 100.680","4144.930, -5929.240, 100.680",원한의꼬리일족 세이렌 (6195),"3671.970, -5745.800, 6.533","3671.970, -5735.800, 6.533","3671.970, -5755.800, 6.533",갈퀴발톱 천둥뿔 히포그리프 (6378),"4056.840, -5901.820, 102.057","4056.840, -5891.820, 102.057","4056.840, -5911.820, 102.057"
1221,칼림도어,아즈샤라,엘다라스 폐허,상위지역 경계 대체,16,덩치 큰 이끼발굽순록 (8761),"4144.930, -5919.240, 100.680","4144.930, -5909.240, 100.680","4144.930, -5929.240, 100.680",원한의꼬리일족 세이렌 (6195),"3671.970, -5745.800, 6.533","3671.970, -5735.800, 6.533","3671.970, -5755.800, 6.533",갈퀴발톱 천둥뿔 히포그리프 (6378),"4056.840, -5901.820, 102.057","4056.840, -5891.820, 102.057","4056.840, -5911.820, 102.057"
1222,칼림도어,아즈샤라,헤타에라의 손아귀,상위지역 경계 대체,16,덩치 큰 이끼발굽순록 (8761),"4144.930, -5919.240, 100.680","4144.930, -5909.240, 100.680","4144.930, -5929.240, 100.680",원한의꼬리일족 세이렌 (6195),"3671.970, -5745.800, 6.533","3671.970, -5735.800, 6.533","3671.970, -5755.800, 6.533",갈퀴발톱 천둥뿔 히포그리프 (6378),"4056.840, -5901.820, 102.057","4056.840, -5891.820, 102.057","4056.840, -5911.820, 102.057"
1223,칼림도어,아즈샤라,진말로의 신전,상위지역 경계 대체,16,덩치 큰 이끼발굽순록 (8761),"4144.930, -5919.240, 100.680","4144.930, -5909.240, 100.680","4144.930, -5929.240, 100.680",원한의꼬리일족 세이렌 (6195),"3671.970, -5745.800, 6.533","3671.970, -5735.800, 6.533","3671.970, -5755.800, 6.533",갈퀴발톱 천둥뿔 히포그리프 (6378),"4056.840, -5901.820, 102.057","4056.840, -5891.820, 102.057","4056.840, -5911.820, 102.057"
1224,칼림도어,아즈샤라,곰마루,상위지역 경계 대체,16,덩치 큰 이끼발굽순록 (8761),"4144.930, -5919.240, 100.680","4144.930, -5909.240, 100.680","4144.930, -5929.240, 100.680",원한의꼬리일족 세이렌 (6195),"3671.970, -5745.800, 6.533","3671.970, -5735.800, 6.533","3671.970, -5755.800, 6.533",갈퀴발톱 천둥뿔 히포그리프 (6378),"4056.840, -5901.820, 102.057","4056.840, -5891.820, 102.057","4056.840, -5911.820, 102.057"
1225,칼림도어,아즈샤라,우르솔란,상위지역 경계 대체,16,덩치 큰 이끼발굽순록 (8761),"4144.930, -5919.240, 100.680","4144.930, -5909.240, 100.680","4144.930, -5929.240, 100.680",원한의꼬리일족 세이렌 (6195),"3671.970, -5745.800, 6.533","3671.970, -5735.800, 6.533","3671.970, -5755.800, 6.533",갈퀴발톱 천둥뿔 히포그리프 (6378),"4056.840, -5901.820, 102.057","4056.840, -5891.820, 102.057","4056.840, -5911.820, 102.057"
1226,칼림도어,아즈샤라,아크코란의 신전,상위지역 경계 대체,16,덩치 큰 이끼발굽순록 (8761),"4144.930, -5919.240, 100.680","4144.930, -5909.240, 100.680","4144.930, -5929.240, 100.680",원한의꼬리일족 세이렌 (6195),"3671.970, -5745.800, 6.533","3671.970, -5735.800, 6.533","3671.970, -5755.800, 6.533",갈퀴발톱 천둥뿔 히포그리프 (6378),"4056.840, -5901.820, 102.057","4056.840, -5891.820, 102.057","4056.840, -5911.820, 102.057"
1227,칼림도어,아즈샤라,폭풍의 만,상위지역 경계 대체,16,덩치 큰 이끼발굽순록 (8761),"4144.930, -5919.240, 100.680","4144.930, -5909.240, 100.680","4144.930, -5929.240, 100.680",원한의꼬리일족 세이렌 (6195),"3671.970, -5745.800, 6.533","3671.970, -5735.800, 6.533","3671.970, -5755.800, 6.533",갈퀴발톱 천둥뿔 히포그리프 (6378),"4056.840, -5901.820, 102.057","4056.840, -5891.820, 102.057","4056.840, -5911.820, 102.057"
1228,칼림도어,아즈샤라,조각난 해안,상위지역 경계 대체,16,덩치 큰 이끼발굽순록 (8761),"4144.930, -5919.240, 100.680","4144.930, -5909.240, 100.680","4144.930, -5929.240, 100.680",원한의꼬리일족 세이렌 (6195),"3671.970, -5745.800, 6.533","3671.970, -5735.800, 6.533","3671.970, -5755.800, 6.533",갈퀴발톱 천둥뿔 히포그리프 (6378),"4056.840, -5901.820, 102.057","4056.840, -5891.820, 102.057","4056.840, -5911.820, 102.057"
1229,칼림도어,아즈샤라,엘다라의 탑,상위지역 경계 대체,16,덩치 큰 이끼발굽순록 (8761),"4144.930, -5919.240, 100.680","4144.930, -5909.240, 100.680","4144.930, -5929.240, 100.680",원한의꼬리일족 세이렌 (6195),"3671.970, -5745.800, 6.533","3671.970, -5735.800, 6.533","3671.970, -5755.800, 6.533",갈퀴발톱 천둥뿔 히포그리프 (6378),"4056.840, -5901.820, 102.057","4056.840, -5891.820, 102.057","4056.840, -5911.820, 102.057"
1230,칼림도어,아즈샤라,톱니 산호초,상위지역 경계 대체,16,덩치 큰 이끼발굽순록 (8761),"4144.930, -5919.240, 100.680","4144.930, -5909.240, 100.680","4144.930, -5929.240, 100.680",원한의꼬리일족 세이렌 (6195),"3671.970, -5745.800, 6.533","3671.970, -5735.800, 6.533","3671.970, -5755.800, 6.533",갈퀴발톱 천둥뿔 히포그리프 (6378),"4056.840, -5901.820, 102.057","4056.840, -5891.820, 102.057","4056.840, -5911.820, 102.057"
1231,칼림도어,아즈샤라,남녘마루 해안,상위지역 경계 대체,16,덩치 큰 이끼발굽순록 (8761),"4144.930, -5919.240, 100.680","4144.930, -5909.240, 100.680","4144.930, -5929.240, 100.680",원한의꼬리일족 세이렌 (6195),"3671.970, -5745.800, 6.533","3671.970, -5735.800, 6.533","3671.970, -5755.800, 6.533",갈퀴발톱 천둥뿔 히포그리프 (6378),"4056.840, -5901.820, 102.057","4056.840, -5891.820, 102.057","4056.840, -5911.820, 102.057"
1232,칼림도어,아즈샤라,레이븐크레스트 기념비,상위지역 경계 대체,16,덩치 큰 이끼발굽순록 (8761),"4144.930, -5919.240, 100.680","4144.930, -5909.240, 100.680","4144.930, -5929.240, 100.680",원한의꼬리일족 세이렌 (6195),"3671.970, -5745.800, 6.533","3671.970, -5735.800, 6.533","3671.970, -5755.800, 6.533",갈퀴발톱 천둥뿔 히포그리프 (6378),"4056.840, -5901.820, 102.057","4056.840, -5891.820, 102.057","4056.840, -5911.820, 102.057"
1233,칼림도어,아즈샤라,쓸쓸한 마루,상위지역 경계 대체,16,덩치 큰 이끼발굽순록 (8761),"4144.930, -5919.240, 100.680","4144.930, -5909.240, 100.680","4144.930, -5929.240, 100.680",원한의꼬리일족 세이렌 (6195),"3671.970, -5745.800, 6.533","3671.970, -5735.800, 6.533","3671.970, -5755.800, 6.533",갈퀴발톱 천둥뿔 히포그리프 (6378),"4056.840, -5901.820, 102.057","4056.840, -5891.820, 102.057","4056.840, -5911.820, 102.057"
1234,칼림도어,아즈샤라,멘나르 호수,상위지역 경계 대체,16,덩치 큰 이끼발굽순록 (8761),"4144.930, -5919.240, 100.680","4144.930, -5909.240, 100.680","4144.930, -5929.240, 100.680",원한의꼬리일족 세이렌 (6195),"3671.970, -5745.800, 6.533","3671.970, -5735.800, 6.533","3671.970, -5755.800, 6.533",갈퀴발톱 천둥뿔 히포그리프 (6378),"4056.840, -5901.820, 102.057","4056.840, -5891.820, 102.057","4056.840, -5911.820, 102.057"
1235,칼림도어,아즈샤라,섀도송 제단,상위지역 경계 대체,16,덩치 큰 이끼발굽순록 (8761),"4144.930, -5919.240, 100.680","4144.930, -5909.240, 100.680","4144.930, -5929.240, 100.680",원한의꼬리일족 세이렌 (6195),"3671.970, -5745.800, 6.533","3671.970, -5735.800, 6.533","3671.970, -5755.800, 6.533",갈퀴발톱 천둥뿔 히포그리프 (6378),"4056.840, -5901.820, 102.057","4056.840, -5891.820, 102.057","4056.840, -5911.820, 102.057"
1236,칼림도어,아즈샤라,할다르 야영지,상위지역 경계 대체,16,덩치 큰 이끼발굽순록 (8761),"4144.930, -5919.240, 100.680","4144.930, -5909.240, 100.680","4144.930, -5929.240, 100.680",원한의꼬리일족 세이렌 (6195),"3671.970, -5745.800, 6.533","3671.970, -5735.800, 6.533","3671.970, -5755.800, 6.533",갈퀴발톱 천둥뿔 히포그리프 (6378),"4056.840, -5901.820, 102.057","4056.840, -5891.820, 102.057","4056.840, -5911.820, 102.057"
1237,칼림도어,아즈샤라,발로르모크,상위지역 경계 대체,16,덩치 큰 이끼발굽순록 (8761),"4144.930, -5919.240, 100.680","4144.930, -5909.240, 100.680","4144.930, -5929.240, 100.680",원한의꼬리일족 세이렌 (6195),"3671.970, -5745.800, 6.533","3671.970, -5735.800, 6.533","3671.970, -5755.800, 6.533",갈퀴발톱 천둥뿔 히포그리프 (6378),"4056.840, -5901.820, 102.057","4056.840, -5891.820, 102.057","4056.840, -5911.820, 102.057"
1256,칼림도어,아즈샤라,버려진 착륙장,상위지역 경계 대체,16,덩치 큰 이끼발굽순록 (8761),"4144.930, -5919.240, 100.680","4144.930, -5909.240, 100.680","4144.930, -5929.240, 100.680",원한의꼬리일족 세이렌 (6195),"3671.970, -5745.800, 6.533","3671.970, -5735.800, 6.533","3671.970, -5755.800, 6.533",갈퀴발톱 천둥뿔 히포그리프 (6378),"4056.840, -5901.820, 102.057","4056.840, -5891.820, 102.057","4056.840, -5911.820, 102.057"
1276,칼림도어,잿빛 골짜기,돌발톱 토굴길,상위지역 경계 대체,331,찔레가시 거미 (3819),"2745.000, -851.066, 151.039","2745.000, -841.066, 151.039","2745.000, -861.066, 151.039",잿빛골짜기곰 (3809),"2710.550, -1146.070, 170.394","2710.550, -1136.070, 170.394","2710.550, -1156.070, 170.394",야생 순록 (3816),"3594.910, -225.610, 8.752","3594.910, -215.610, 8.752","3594.910, -235.610, 8.752"
1277,칼림도어,돌발톱 산맥,돌발톱 토굴길,상위지역 경계 대체,406,투자개발회사 나무꾼 (3989),"1215.000, 343.344, 32.464","1215.000, 353.344, 32.464","1215.000, 333.344, 32.464",검은뿔순록 (3817),"2009.650, -368.157, 99.981","2009.650, -358.157, 99.981","2009.650, -378.157, 99.981",잿빛골짜기곰 (3809),"1981.450, -404.674, 97.399","1981.450, -394.674, 97.399","1981.450, -414.674, 97.399"
1296,칼림도어,듀로타,바위엄니 농장,상위지역 경계 대체,14,긴송곳니 열대초원랩터 (3255),"-138.366, -3690.130, 27.531","-138.366, -3680.130, 27.531","-138.366, -3700.130, 27.531",덩치 큰 점박이멧돼지 (3100),"63.938, -4054.780, 53.847","63.938, -4044.780, 53.847","63.938, -4064.780, 53.847",검은부리초원타조 (3246),"-318.000, -3817.240, 29.120","-318.000, -3807.240, 29.120","-318.000, -3827.240, 29.120"
1297,칼림도어,듀로타,톱니멧돼지 농장,상위지역 경계 대체,14,긴송곳니 열대초원랩터 (3255),"-138.366, -3690.130, 27.531","-138.366, -3680.130, 27.531","-138.366, -3700.130, 27.531",덩치 큰 점박이멧돼지 (3100),"63.938, -4054.780, 53.847","63.938, -4044.780, 53.847","63.938, -4064.780, 53.847",검은부리초원타조 (3246),"-318.000, -3817.240, 29.120","-318.000, -3807.240, 29.120","-318.000, -3827.240, 29.120"
1316,칼림도어,불모의 땅,가시덩굴 구릉,상위지역 경계 대체,17,긴송곳니 열대초원랩터 (3255),"-1525.840, -2634.480, 93.120","-1525.840, -2624.480, 93.120","-1525.840, -2644.480, 93.120",굶주린 얼룩말 (3242),"-1047.420, -2714.390, 92.212","-1047.420, -2704.390, 92.212","-1047.420, -2724.390, 92.212",검은부리초원타조 (3246),"-1014.420, -2361.710, 94.964","-1014.420, -2351.710, 94.964","-1014.420, -2371.710, 94.964"
1336,칼림도어,타나리스,해적단 소굴,상위지역 경계 대체,440,파도거북 (5431),"-8715.440, -4653.530, 5.043","-8715.440, -4643.530, 5.043","-8715.440, -4663.530, 5.043",문둥발하이에나 (5426),"-8255.710, -3667.660, 12.231","-8255.710, -3657.660, 12.231","-8255.710, -3677.660, 12.231",유리비늘 큰눈바실리스크 (5420),"-8181.370, -3683.780, 25.425","-8181.370, -3673.780, 25.425","-8181.370, -3693.780, 25.425"
1338,동부 왕국,은빛소나무 숲,로다미어 호수,상위지역 경계 대체,130,거대한 이끼거미 (2349),"-24.688, 375.408, 51.507","-24.688, 385.408, 51.507","-24.688, 365.408, 51.507",덩치 큰 회색곰 (2356),"-53.883, 351.264, 62.596","-53.883, 361.264, 62.596","-53.883, 341.264, 62.596",썩은지느러미멀록 술사 (1909),"456.141, 741.376, 38.490","456.141, 751.376, 38.490","456.141, 731.376, 38.490"
1339,동부 왕국,알터랙 산맥,로다미어 호수,상위지역 경계 대체,36,무쇠턱거북 (2408),"838.392, -88.203, 35.664","838.392, -78.203, 35.664","838.392, -98.203, 35.664",썩은지느러미멀록 술사 (1909),"1175.480, 274.852, 27.072","1175.480, 284.852, 27.072","1175.480, 264.852, 27.072",산사태 오우거 (2252),"515.574, -620.737, 170.678","515.574, -610.737, 170.678","515.574, -630.737, 170.678"
1357,동부 왕국,알터랙 산맥,갤로우 삼거리,상위지역 경계 대체,36,무쇠턱거북 (2408),"838.392, -88.203, 35.664","838.392, -78.203, 35.664","838.392, -98.203, 35.664",썩은지느러미멀록 술사 (1909),"1175.480, 274.852, 27.072","1175.480, 284.852, 27.072","1175.480, 264.852, 27.072",산사태 오우거 (2252),"515.574, -620.737, 170.678","515.574, -610.737, 170.678","515.574, -630.737, 170.678"
1377,칼림도어,,실리더스,지역 경계 직접,1377,돌꼬리집게전갈 (11736),"-7184.200, 903.520, 5.358","-7184.200, 913.520, 5.358","-7184.200, 893.520, 5.358",병정 하이브조라 (11727),"-7397.480, 1213.830, -77.551","-7397.480, 1223.830, -77.551","-7397.480, 1203.830, -77.551",돌꼬리채찍전갈 (11737),"-7504.840, 812.217, -11.603","-7504.840, 822.217, -11.603","-7504.840, 802.217, -11.603"
1437,동부 왕국,저주받은 땅,우레망치 요새,상위지역 경계 대체,4,네더가드 광부 (5996),"-10863.900, -3047.230, 48.497","-10863.900, -3037.230, 48.497","-10863.900, -3057.230, 48.497",네더가드 병사 (5999),"-11064.600, -3264.580, 54.306","-11064.600, -3254.580, 54.306","-11064.600, -3274.580, 54.306",정예 지옥군단병 (8717),"-11884.700, -2719.640, 3.814","-11884.700, -2709.640, 3.814","-11884.700, -2729.640, 3.814"
1438,동부 왕국,저주받은 땅,네더가드 요새,상위지역 경계 대체,4,네더가드 광부 (5996),"-10863.900, -3047.230, 48.497","-10863.900, -3037.230, 48.497","-10863.900, -3057.230, 48.497",네더가드 병사 (5999),"-11064.600, -3264.580, 54.306","-11064.600, -3254.580, 54.306","-11064.600, -3274.580, 54.306",정예 지옥군단병 (8717),"-11884.700, -2719.640, 3.814","-11884.700, -2709.640, 3.814","-11884.700, -2729.640, 3.814"
1439,동부 왕국,저주받은 땅,우레망치 주둔지,상위지역 경계 대체,4,네더가드 광부 (5996),"-10863.900, -3047.230, 48.497","-10863.900, -3037.230, 48.497","-10863.900, -3057.230, 48.497",네더가드 병사 (5999),"-11064.600, -3264.580, 54.306","-11064.600, -3254.580, 54.306","-11064.600, -3274.580, 54.306",정예 지옥군단병 (8717),"-11884.700, -2719.640, 3.814","-11884.700, -2709.640, 3.814","-11884.700, -2729.640, 3.814"
1440,동부 왕국,저주받은 땅,뱀의 보금자리,상위지역 경계 대체,4,네더가드 광부 (5996),"-10863.900, -3047.230, 48.497","-10863.900, -3037.230, 48.497","-10863.900, -3057.230, 48.497",네더가드 병사 (5999),"-11064.600, -3264.580, 54.306","-11064.600, -3254.580, 54.306","-11064.600, -3274.580, 54.306",정예 지옥군단병 (8717),"-11884.700, -2719.640, 3.814","-11884.700, -2709.640, 3.814","-11884.700, -2729.640, 3.814"
1441,동부 왕국,저주받은 땅,폭풍의 제단,상위지역 경계 대체,4,네더가드 광부 (5996),"-10863.900, -3047.230, 48.497","-10863.900, -3037.230, 48.497","-10863.900, -3057.230, 48.497",네더가드 병사 (5999),"-11064.600, -3264.580, 54.306","-11064.600, -3254.580, 54.306","-11064.600, -3274.580, 54.306",정예 지옥군단병 (8717),"-11884.700, -2719.640, 3.814","-11884.700, -2709.640, 3.814","-11884.700, -2729.640, 3.814"
1442,동부 왕국,이글거리는 협곡,불망루 마루,상위지역 경계 대체,51,채석장 노예 (8917),"-7322.720, -1026.880, 181.021","-7322.720, -1016.880, 181.021","-7322.720, -1036.880, 181.021",검은무쇠단 감독관 (5846),"-6872.400, -1322.400, 243.141","-6872.400, -1312.400, 243.141","-6872.400, -1332.400, 243.141",상급 바위 정령 (2736),"-7194.270, -2102.410, 327.469","-7194.270, -2092.410, 327.469","-7194.270, -2112.410, 327.469"
1443,동부 왕국,이글거리는 협곡,잿가루 채석장,상위지역 경계 대체,51,채석장 노예 (8917),"-7322.720, -1026.880, 181.021","-7322.720, -1016.880, 181.021","-7322.720, -1036.880, 181.021",검은무쇠단 감독관 (5846),"-6872.400, -1322.400, 243.141","-6872.400, -1312.400, 243.141","-6872.400, -1332.400, 243.141",상급 바위 정령 (2736),"-7194.270, -2102.410, 327.469","-7194.270, -2092.410, 327.469","-7194.270, -2112.410, 327.469"
1444,동부 왕국,이글거리는 협곡,잿더미 바다,상위지역 경계 대체,51,채석장 노예 (8917),"-7322.720, -1026.880, 181.021","-7322.720, -1016.880, 181.021","-7322.720, -1036.880, 181.021",검은무쇠단 감독관 (5846),"-6872.400, -1322.400, 243.141","-6872.400, -1312.400, 243.141","-6872.400, -1332.400, 243.141",상급 바위 정령 (2736),"-7194.270, -2102.410, 327.469","-7194.270, -2092.410, 327.469","-7194.270, -2112.410, 327.469"
1445,동부 왕국,이글거리는 협곡,검은바위 산,상위지역 경계 대체,51,채석장 노예 (8917),"-7322.720, -1026.880, 181.021","-7322.720, -1016.880, 181.021","-7322.720, -1036.880, 181.021",검은무쇠단 감독관 (5846),"-6872.400, -1322.400, 243.141","-6872.400, -1312.400, 243.141","-6872.400, -1332.400, 243.141",상급 바위 정령 (2736),"-7194.270, -2102.410, 327.469","-7194.270, -2092.410, 327.469","-7194.270, -2112.410, 327.469"
1446,동부 왕국,이글거리는 협곡,토륨 조합 거점,상위지역 경계 대체,51,채석장 노예 (8917),"-7322.720, -1026.880, 181.021","-7322.720, -1016.880, 181.021","-7322.720, -1036.880, 181.021",검은무쇠단 감독관 (5846),"-6872.400, -1322.400, 243.141","-6872.400, -1312.400, 243.141","-6872.400, -1332.400, 243.141",상급 바위 정령 (2736),"-7194.270, -2102.410, 327.469","-7194.270, -2092.410, 327.469","-7194.270, -2112.410, 327.469"
1457,동부 왕국,저주받은 땅,요새 무기고,상위지역 경계 대체,4,네더가드 광부 (5996),"-10863.900, -3047.230, 48.497","-10863.900, -3037.230, 48.497","-10863.900, -3057.230, 48.497",네더가드 병사 (5999),"-11064.600, -3264.580, 54.306","-11064.600, -3254.580, 54.306","-11064.600, -3274.580, 54.306",정예 지옥군단병 (8717),"-11884.700, -2719.640, 3.814","-11884.700, -2709.640, 3.814","-11884.700, -2729.640, 3.814"
1497,동부 왕국,,언더시티,지역 경계 직접,1497,투명 추적자 (31576),"1734.440, 262.346, 62.112","1734.440, 272.346, 62.112","1734.440, 252.346, 62.112",로데론 시민 유령 (3617),"1769.920, 285.161, 70.400","1769.920, 295.161, 70.400","1769.920, 275.161, 70.400",검은늑대 (1765),"1536.160, 510.723, 47.476","1536.160, 520.723, 47.476","1536.160, 500.723, 47.476"
1517,동부 왕국,황야의 땅,울다만,상위지역 경계 대체,3,덩치 큰 바위산코요테 (2729),"-6847.490, -3008.190, 242.100","-6847.490, -2998.190, 242.100","-6847.490, -3018.190, 242.100",덩치 큰 바위산표범 (2732),"-6760.770, -3279.660, 242.453","-6760.770, -3269.660, 242.453","-6760.770, -3289.660, 242.453",흉포한 바위산코요테 (2728),"-6750.660, -3407.980, 241.792","-6750.660, -3397.980, 241.792","-6750.660, -3417.980, 241.792"
1518,동부 왕국,서부 몰락지대,죽음의 폐광,상위지역 경계 대체,40,병든 늑대 (525),"-9707.640, 782.041, 31.745","-9707.640, 792.041, 31.745","-9707.640, 772.041, 31.745",뿔엄니멧돼지 (157),"-10627.600, 1326.260, 38.080","-10627.600, 1336.260, 38.080","-10627.600, 1316.260, 38.080",돌엄니멧돼지 (113),"-9929.220, 443.641, 34.594","-9929.220, 453.641, 34.594","-9929.220, 433.641, 34.594"
1519,동부 왕국,,스톰윈드,지역 경계 직접,1519,스톰윈드 왕실근위병 (1756),"-8533.000, 456.912, 104.917","-8533.000, 466.912, 104.917","-8533.000, 446.912, 104.917",엘윈 분홍색 엘레크 (23507),"-9052.200, 368.635, 92.912","-9052.200, 378.635, 92.912","-9052.200, 358.635, 92.912",증기 전차 기술자 (29016),"-8450.800, 1110.860, 19.056","-8450.800, 1120.860, 19.056","-8450.800, 1100.860, 19.056"
1537,동부 왕국,,아이언포지,지역 경계 직접,1537,전설의 영웅 (15113),"-5064.190, -801.367, 495.247","-5064.190, -791.367, 495.247","-5064.190, -811.367, 495.247",전쟁 지원 지원병 (15663),"-4917.320, -1224.880, 501.742","-4917.320, -1214.880, 501.742","-4917.320, -1234.880, 501.742",[DNT] Torch Tossing Target Bunny (25535),"-4685.860, -1219.040, 503.361","-4685.860, -1209.040, 503.361","-4685.860, -1229.040, 503.361"
1557,칼림도어,버섯구름 봉우리,갈래발굽 소굴,상위지역 경계 대체,400,비수송곳니 늪지악어 (4345),"-4787.520, -3244.550, 29.785","-4787.520, -3234.550, 29.785","-4787.520, -3254.550, 29.785",가시덩굴일족 전투호위병 (7873),"-4845.940, -2328.120, 96.337","-4845.940, -2318.120, 96.337","-4845.940, -2338.120, 96.337",점박이하이에나 (4248),"-5550.440, -2575.780, -56.447","-5550.440, -2565.780, -56.447","-5550.440, -2585.780, -56.447"
1577,동부 왕국,가시덤불 골짜기,가시덤불 봉우리,상위지역 경계 대체,33,술취한 투사 (15724),"-14258.600, 327.030, 26.364","-14258.600, 337.030, 26.364","-14258.600, 317.030, 26.364",무법항 투사 (4624),"-14258.600, 327.030, 26.427","-14258.600, 337.030, 26.427","-14258.600, 317.030, 26.427",가시덤불 암호랑이 (772),"-12907.700, -407.618, 12.128","-12907.700, -397.618, 12.128","-12907.700, -417.618, 12.128"
1578,동부 왕국,가시덤불 골짜기,폭풍 해안 남부,상위지역 경계 대체,33,술취한 투사 (15724),"-14258.600, 327.030, 26.364","-14258.600, 337.030, 26.364","-14258.600, 317.030, 26.364",무법항 투사 (4624),"-14258.600, 327.030, 26.427","-14258.600, 337.030, 26.427","-14258.600, 317.030, 26.427",가시덤불 암호랑이 (772),"-12907.700, -407.618, 12.128","-12907.700, -397.618, 12.128","-12907.700, -417.618, 12.128"
1579,동부 왕국,,죽음의 폐광 002 미사용,없음,,없음,,,,없음,,,,없음,,,
1580,동부 왕국,죽음의 폐광 002 미사용,철갑 동굴 003 미사용,없음,,없음,,,,없음,,,,없음,,,
1597,칼림도어,불모의 땅,랩터 서식지 미사용,상위지역 경계 대체,17,긴송곳니 열대초원랩터 (3255),"-1525.840, -2634.480, 93.120","-1525.840, -2624.480, 93.120","-1525.840, -2644.480, 93.120",굶주린 얼룩말 (3242),"-1047.420, -2714.390, 92.212","-1047.420, -2704.390, 92.212","-1047.420, -2724.390, 92.212",검은부리초원타조 (3246),"-1014.420, -2361.710, 94.964","-1014.420, -2351.710, 94.964","-1014.420, -2371.710, 94.964"
1598,칼림도어,불모의 땅,그롤돔 농장 미사용,상위지역 경계 대체,17,긴송곳니 열대초원랩터 (3255),"-1525.840, -2634.480, 93.120","-1525.840, -2624.480, 93.120","-1525.840, -2644.480, 93.120",굶주린 얼룩말 (3242),"-1047.420, -2714.390, 92.212","-1047.420, -2704.390, 92.212","-1047.420, -2724.390, 92.212",검은부리초원타조 (3246),"-1014.420, -2361.710, 94.964","-1014.420, -2351.710, 94.964","-1014.420, -2371.710, 94.964"
1599,칼림도어,불모의 땅,몰샨 주둔지,상위지역 경계 대체,17,긴송곳니 열대초원랩터 (3255),"-1525.840, -2634.480, 93.120","-1525.840, -2624.480, 93.120","-1525.840, -2644.480, 93.120",굶주린 얼룩말 (3242),"-1047.420, -2714.390, 92.212","-1047.420, -2704.390, 92.212","-1047.420, -2724.390, 92.212",검은부리초원타조 (3246),"-1014.420, -2361.710, 94.964","-1014.420, -2351.710, 94.964","-1014.420, -2371.710, 94.964"
1600,칼림도어,불모의 땅,Honor's Stand UNUSED,상위지역 경계 대체,17,긴송곳니 열대초원랩터 (3255),"-1525.840, -2634.480, 93.120","-1525.840, -2624.480, 93.120","-1525.840, -2644.480, 93.120",굶주린 얼룩말 (3242),"-1047.420, -2714.390, 92.212","-1047.420, -2704.390, 92.212","-1047.420, -2724.390, 92.212",검은부리초원타조 (3246),"-1014.420, -2361.710, 94.964","-1014.420, -2351.710, 94.964","-1014.420, -2371.710, 94.964"
1601,칼림도어,불모의 땅,검은가시 마루 미사용,상위지역 경계 대체,17,긴송곳니 열대초원랩터 (3255),"-1525.840, -2634.480, 93.120","-1525.840, -2624.480, 93.120","-1525.840, -2644.480, 93.120",굶주린 얼룩말 (3242),"-1047.420, -2714.390, 92.212","-1047.420, -2704.390, 92.212","-1047.420, -2724.390, 92.212",검은부리초원타조 (3246),"-1014.420, -2361.710, 94.964","-1014.420, -2351.710, 94.964","-1014.420, -2371.710, 94.964"
1602,칼림도어,불모의 땅,가시덩굴 벌판 미사용,상위지역 경계 대체,17,긴송곳니 열대초원랩터 (3255),"-1525.840, -2634.480, 93.120","-1525.840, -2624.480, 93.120","-1525.840, -2644.480, 93.120",굶주린 얼룩말 (3242),"-1047.420, -2714.390, 92.212","-1047.420, -2704.390, 92.212","-1047.420, -2724.390, 92.212",검은부리초원타조 (3246),"-1014.420, -2361.710, 94.964","-1014.420, -2351.710, 94.964","-1014.420, -2371.710, 94.964"
1603,칼림도어,불모의 땅,아가마고르 미사용,상위지역 경계 대체,17,긴송곳니 열대초원랩터 (3255),"-1525.840, -2634.480, 93.120","-1525.840, -2624.480, 93.120","-1525.840, -2644.480, 93.120",굶주린 얼룩말 (3242),"-1047.420, -2714.390, 92.212","-1047.420, -2704.390, 92.212","-1047.420, -2724.390, 92.212",검은부리초원타조 (3246),"-1014.420, -2361.710, 94.964","-1014.420, -2351.710, 94.964","-1014.420, -2371.710, 94.964"
1617,동부 왕국,스톰윈드,영웅의 계곡,상위지역 경계 대체,1519,스톰윈드 왕실근위병 (1756),"-8533.000, 456.912, 104.917","-8533.000, 466.912, 104.917","-8533.000, 446.912, 104.917",엘윈 분홍색 엘레크 (23507),"-9052.200, 368.635, 92.912","-9052.200, 378.635, 92.912","-9052.200, 358.635, 92.912",증기 전차 기술자 (29016),"-8450.800, 1110.860, 19.056","-8450.800, 1120.860, 19.056","-8450.800, 1100.860, 19.056"
1637,칼림도어,,오그리마,지역 경계 직접,1637,오그리마 그런트 (31416),"1817.080, -4357.140, -9.573","1817.080, -4347.140, -9.573","1817.080, -4367.140, -9.573",포세이큰 피난민 (31437),"1590.130, -4427.630, 8.814","1590.130, -4417.630, 8.814","1590.130, -4437.630, 8.814",포세이큰 피난민 (31467),"1591.920, -4421.750, 9.435","1591.920, -4411.750, 9.435","1591.920, -4431.750, 9.435"
1638,칼림도어,,썬더 블러프,지역 경계 직접,1638,굶주린 평원퓨마 (3566),"-1107.220, -153.451, 57.775","-1107.220, -143.451, 57.775","-1107.220, -163.451, 57.775",멀고어 분홍색 엘레크 (23529),"-1268.470, 195.125, 59.672","-1268.470, 205.125, 59.672","-1268.470, 185.125, 59.672",덩치 큰 초원타조 (2957),"-1010.170, -153.575, 39.133","-1010.170, -143.575, 39.133","-1010.170, -163.575, 39.133"
1639,칼림도어,썬더 블러프,장로의 봉우리,상위지역 경계 대체,1638,굶주린 평원퓨마 (3566),"-1107.220, -153.451, 57.775","-1107.220, -143.451, 57.775","-1107.220, -163.451, 57.775",멀고어 분홍색 엘레크 (23529),"-1268.470, 195.125, 59.672","-1268.470, 205.125, 59.672","-1268.470, 185.125, 59.672",덩치 큰 초원타조 (2957),"-1010.170, -153.575, 39.133","-1010.170, -143.575, 39.133","-1010.170, -163.575, 39.133"
1640,칼림도어,썬더 블러프,정기의 봉우리,상위지역 경계 대체,1638,굶주린 평원퓨마 (3566),"-1107.220, -153.451, 57.775","-1107.220, -143.451, 57.775","-1107.220, -163.451, 57.775",멀고어 분홍색 엘레크 (23529),"-1268.470, 195.125, 59.672","-1268.470, 205.125, 59.672","-1268.470, 185.125, 59.672",덩치 큰 초원타조 (2957),"-1010.170, -153.575, 39.133","-1010.170, -143.575, 39.133","-1010.170, -163.575, 39.133"
1641,칼림도어,썬더 블러프,수렵의 봉우리,상위지역 경계 대체,1638,굶주린 평원퓨마 (3566),"-1107.220, -153.451, 57.775","-1107.220, -143.451, 57.775","-1107.220, -163.451, 57.775",멀고어 분홍색 엘레크 (23529),"-1268.470, 195.125, 59.672","-1268.470, 205.125, 59.672","-1268.470, 185.125, 59.672",덩치 큰 초원타조 (2957),"-1010.170, -153.575, 39.133","-1010.170, -143.575, 39.133","-1010.170, -163.575, 39.133"
1657,칼림도어,,다르나서스,지역 경계 직접,1657,텔드랏실 분홍색 엘레크 (23527),"9967.020, 2253.170, 1334.840","9967.020, 2263.170, 1334.840","9967.020, 2243.170, 1334.840",가을 축제 구경꾼 (24484),"9963.350, 2242.590, 1333.610","9963.350, 2252.590, 1333.610","9963.350, 2232.590, 1333.610",기괴한 영혼 (16437),"9938.650, 1955.290, 1336.420","9938.650, 1965.290, 1336.420","9938.650, 1945.290, 1336.420"
1658,칼림도어,다르나서스,세나리온 자치령,상위지역 경계 대체,1657,텔드랏실 분홍색 엘레크 (23527),"9967.020, 2253.170, 1334.840","9967.020, 2263.170, 1334.840","9967.020, 2243.170, 1334.840",가을 축제 구경꾼 (24484),"9963.350, 2242.590, 1333.610","9963.350, 2252.590, 1333.610","9963.350, 2232.590, 1333.610",기괴한 영혼 (16437),"9938.650, 1955.290, 1336.420","9938.650, 1965.290, 1336.420","9938.650, 1945.290, 1336.420"
1659,칼림도어,다르나서스,장인의 정원,상위지역 경계 대체,1657,텔드랏실 분홍색 엘레크 (23527),"9967.020, 2253.170, 1334.840","9967.020, 2263.170, 1334.840","9967.020, 2243.170, 1334.840",가을 축제 구경꾼 (24484),"9963.350, 2242.590, 1333.610","9963.350, 2252.590, 1333.610","9963.350, 2232.590, 1333.610",기괴한 영혼 (16437),"9938.650, 1955.290, 1336.420","9938.650, 1965.290, 1336.420","9938.650, 1945.290, 1336.420"
1660,칼림도어,다르나서스,전사의 정원,상위지역 경계 대체,1657,텔드랏실 분홍색 엘레크 (23527),"9967.020, 2253.170, 1334.840","9967.020, 2263.170, 1334.840","9967.020, 2243.170, 1334.840",가을 축제 구경꾼 (24484),"9963.350, 2242.590, 1333.610","9963.350, 2252.590, 1333.610","9963.350, 2232.590, 1333.610",기괴한 영혼 (16437),"9938.650, 1955.290, 1336.420","9938.650, 1965.290, 1336.420","9938.650, 1945.290, 1336.420"
1661,칼림도어,다르나서스,신전 정원,상위지역 경계 대체,1657,텔드랏실 분홍색 엘레크 (23527),"9967.020, 2253.170, 1334.840","9967.020, 2263.170, 1334.840","9967.020, 2243.170, 1334.840",가을 축제 구경꾼 (24484),"9963.350, 2242.590, 1333.610","9963.350, 2252.590, 1333.610","9963.350, 2232.590, 1333.610",기괴한 영혼 (16437),"9938.650, 1955.290, 1336.420","9938.650, 1965.290, 1336.420","9938.650, 1945.290, 1336.420"
1662,칼림도어,다르나서스,상인의 정원,상위지역 경계 대체,1657,텔드랏실 분홍색 엘레크 (23527),"9967.020, 2253.170, 1334.840","9967.020, 2263.170, 1334.840","9967.020, 2243.170, 1334.840",가을 축제 구경꾼 (24484),"9963.350, 2242.590, 1333.610","9963.350, 2252.590, 1333.610","9963.350, 2232.590, 1333.610",기괴한 영혼 (16437),"9938.650, 1955.290, 1336.420","9938.650, 1965.290, 1336.420","9938.650, 1945.290, 1336.420"
1677,동부 왕국,알터랙 산맥,가빈 절벽,상위지역 경계 대체,36,무쇠턱거북 (2408),"838.392, -88.203, 35.664","838.392, -78.203, 35.664","838.392, -98.203, 35.664",썩은지느러미멀록 술사 (1909),"1175.480, 274.852, 27.072","1175.480, 284.852, 27.072","1175.480, 264.852, 27.072",산사태 오우거 (2252),"515.574, -620.737, 170.678","515.574, -610.737, 170.678","515.574, -630.737, 170.678"
1678,동부 왕국,알터랙 산맥,소페라 절벽,상위지역 경계 대체,36,무쇠턱거북 (2408),"838.392, -88.203, 35.664","838.392, -78.203, 35.664","838.392, -98.203, 35.664",썩은지느러미멀록 술사 (1909),"1175.480, 274.852, 27.072","1175.480, 284.852, 27.072","1175.480, 264.852, 27.072",산사태 오우거 (2252),"515.574, -620.737, 170.678","515.574, -610.737, 170.678","515.574, -630.737, 170.678"
1679,동부 왕국,알터랙 산맥,코란의 비수,상위지역 경계 대체,36,무쇠턱거북 (2408),"838.392, -88.203, 35.664","838.392, -78.203, 35.664","838.392, -98.203, 35.664",썩은지느러미멀록 술사 (1909),"1175.480, 274.852, 27.072","1175.480, 284.852, 27.072","1175.480, 264.852, 27.072",산사태 오우거 (2252),"515.574, -620.737, 170.678","515.574, -610.737, 170.678","515.574, -630.737, 170.678"
1680,동부 왕국,알터랙 산맥,마루터기,상위지역 경계 대체,36,무쇠턱거북 (2408),"838.392, -88.203, 35.664","838.392, -78.203, 35.664","838.392, -98.203, 35.664",썩은지느러미멀록 술사 (1909),"1175.480, 274.852, 27.072","1175.480, 284.852, 27.072","1175.480, 264.852, 27.072",산사태 오우거 (2252),"515.574, -620.737, 170.678","515.574, -610.737, 170.678","515.574, -630.737, 170.678"
1681,동부 왕국,알터랙 산맥,물안개 호숫가,상위지역 경계 대체,36,무쇠턱거북 (2408),"838.392, -88.203, 35.664","838.392, -78.203, 35.664","838.392, -98.203, 35.664",썩은지느러미멀록 술사 (1909),"1175.480, 274.852, 27.072","1175.480, 284.852, 27.072","1175.480, 264.852, 27.072",산사태 오우거 (2252),"515.574, -620.737, 170.678","515.574, -610.737, 170.678","515.574, -630.737, 170.678"
1682,동부 왕국,알터랙 산맥,단드레드 장원,상위지역 경계 대체,36,무쇠턱거북 (2408),"838.392, -88.203, 35.664","838.392, -78.203, 35.664","838.392, -98.203, 35.664",썩은지느러미멀록 술사 (1909),"1175.480, 274.852, 27.072","1175.480, 284.852, 27.072","1175.480, 264.852, 27.072",산사태 오우거 (2252),"515.574, -620.737, 170.678","515.574, -610.737, 170.678","515.574, -630.737, 170.678"
1683,동부 왕국,알터랙 산맥,침묵의 동굴,상위지역 경계 대체,36,무쇠턱거북 (2408),"838.392, -88.203, 35.664","838.392, -78.203, 35.664","838.392, -98.203, 35.664",썩은지느러미멀록 술사 (1909),"1175.480, 274.852, 27.072","1175.480, 284.852, 27.072","1175.480, 264.852, 27.072",산사태 오우거 (2252),"515.574, -620.737, 170.678","515.574, -610.737, 170.678","515.574, -630.737, 170.678"
1684,동부 왕국,알터랙 산맥,서리바람 거점,상위지역 경계 대체,36,무쇠턱거북 (2408),"838.392, -88.203, 35.664","838.392, -78.203, 35.664","838.392, -98.203, 35.664",썩은지느러미멀록 술사 (1909),"1175.480, 274.852, 27.072","1175.480, 284.852, 27.072","1175.480, 264.852, 27.072",산사태 오우거 (2252),"515.574, -620.737, 170.678","515.574, -610.737, 170.678","515.574, -630.737, 170.678"
1697,칼림도어,불모의 땅,랩터 서식지,상위지역 경계 대체,17,긴송곳니 열대초원랩터 (3255),"-1525.840, -2634.480, 93.120","-1525.840, -2624.480, 93.120","-1525.840, -2644.480, 93.120",굶주린 얼룩말 (3242),"-1047.420, -2714.390, 92.212","-1047.420, -2704.390, 92.212","-1047.420, -2724.390, 92.212",검은부리초원타조 (3246),"-1014.420, -2361.710, 94.964","-1014.420, -2351.710, 94.964","-1014.420, -2371.710, 94.964"
1698,칼림도어,불모의 땅,가시덩굴 벌판,상위지역 경계 대체,17,긴송곳니 열대초원랩터 (3255),"-1525.840, -2634.480, 93.120","-1525.840, -2624.480, 93.120","-1525.840, -2644.480, 93.120",굶주린 얼룩말 (3242),"-1047.420, -2714.390, 92.212","-1047.420, -2704.390, 92.212","-1047.420, -2724.390, 92.212",검은부리초원타조 (3246),"-1014.420, -2361.710, 94.964","-1014.420, -2351.710, 94.964","-1014.420, -2371.710, 94.964"
1699,칼림도어,불모의 땅,가시덩굴 언덕,상위지역 경계 대체,17,긴송곳니 열대초원랩터 (3255),"-1525.840, -2634.480, 93.120","-1525.840, -2624.480, 93.120","-1525.840, -2644.480, 93.120",굶주린 얼룩말 (3242),"-1047.420, -2714.390, 92.212","-1047.420, -2704.390, 92.212","-1047.420, -2724.390, 92.212",검은부리초원타조 (3246),"-1014.420, -2361.710, 94.964","-1014.420, -2351.710, 94.964","-1014.420, -2371.710, 94.964"
1700,칼림도어,불모의 땅,아가마고르,상위지역 경계 대체,17,긴송곳니 열대초원랩터 (3255),"-1525.840, -2634.480, 93.120","-1525.840, -2624.480, 93.120","-1525.840, -2644.480, 93.120",굶주린 얼룩말 (3242),"-1047.420, -2714.390, 92.212","-1047.420, -2704.390, 92.212","-1047.420, -2724.390, 92.212",검은부리초원타조 (3246),"-1014.420, -2361.710, 94.964","-1014.420, -2351.710, 94.964","-1014.420, -2371.710, 94.964"
1701,칼림도어,불모의 땅,검은가시 마루,상위지역 경계 대체,17,긴송곳니 열대초원랩터 (3255),"-1525.840, -2634.480, 93.120","-1525.840, -2624.480, 93.120","-1525.840, -2644.480, 93.120",굶주린 얼룩말 (3242),"-1047.420, -2714.390, 92.212","-1047.420, -2704.390, 92.212","-1047.420, -2724.390, 92.212",검은부리초원타조 (3246),"-1014.420, -2361.710, 94.964","-1014.420, -2351.710, 94.964","-1014.420, -2371.710, 94.964"
1702,칼림도어,불모의 땅,명예의 감시탑,상위지역 경계 대체,17,긴송곳니 열대초원랩터 (3255),"-1525.840, -2634.480, 93.120","-1525.840, -2624.480, 93.120","-1525.840, -2644.480, 93.120",굶주린 얼룩말 (3242),"-1047.420, -2714.390, 92.212","-1047.420, -2704.390, 92.212","-1047.420, -2724.390, 92.212",검은부리초원타조 (3246),"-1014.420, -2361.710, 94.964","-1014.420, -2351.710, 94.964","-1014.420, -2371.710, 94.964"
1703,칼림도어,불모의 땅,몰샨의 망루,상위지역 경계 대체,17,긴송곳니 열대초원랩터 (3255),"-1525.840, -2634.480, 93.120","-1525.840, -2624.480, 93.120","-1525.840, -2644.480, 93.120",굶주린 얼룩말 (3242),"-1047.420, -2714.390, 92.212","-1047.420, -2704.390, 92.212","-1047.420, -2724.390, 92.212",검은부리초원타조 (3246),"-1014.420, -2361.710, 94.964","-1014.420, -2351.710, 94.964","-1014.420, -2371.710, 94.964"
1704,칼림도어,불모의 땅,그롤돔 농장,상위지역 경계 대체,17,긴송곳니 열대초원랩터 (3255),"-1525.840, -2634.480, 93.120","-1525.840, -2624.480, 93.120","-1525.840, -2644.480, 93.120",굶주린 얼룩말 (3242),"-1047.420, -2714.390, 92.212","-1047.420, -2704.390, 92.212","-1047.420, -2724.390, 92.212",검은부리초원타조 (3246),"-1014.420, -2361.710, 94.964","-1014.420, -2351.710, 94.964","-1014.420, -2371.710, 94.964"
1717,칼림도어,불모의 땅,가시덩굴 우리,상위지역 경계 대체,17,긴송곳니 열대초원랩터 (3255),"-1525.840, -2634.480, 93.120","-1525.840, -2624.480, 93.120","-1525.840, -2644.480, 93.120",굶주린 얼룩말 (3242),"-1047.420, -2714.390, 92.212","-1047.420, -2704.390, 92.212","-1047.420, -2724.390, 92.212",검은부리초원타조 (3246),"-1014.420, -2361.710, 94.964","-1014.420, -2351.710, 94.964","-1014.420, -2371.710, 94.964"
1718,칼림도어,불모의 땅,구름 승강장,상위지역 경계 대체,17,긴송곳니 열대초원랩터 (3255),"-1525.840, -2634.480, 93.120","-1525.840, -2624.480, 93.120","-1525.840, -2644.480, 93.120",굶주린 얼룩말 (3242),"-1047.420, -2714.390, 92.212","-1047.420, -2704.390, 92.212","-1047.420, -2724.390, 92.212",검은부리초원타조 (3246),"-1014.420, -2361.710, 94.964","-1014.420, -2351.710, 94.964","-1014.420, -2371.710, 94.964"
1737,동부 왕국,가시덤불 골짜기,안개계곡 골짜기,상위지역 경계 대체,33,술취한 투사 (15724),"-14258.600, 327.030, 26.364","-14258.600, 337.030, 26.364","-14258.600, 317.030, 26.364",무법항 투사 (4624),"-14258.600, 327.030, 26.427","-14258.600, 337.030, 26.427","-14258.600, 317.030, 26.427",가시덤불 암호랑이 (772),"-12907.700, -407.618, 12.128","-12907.700, -397.618, 12.128","-12907.700, -417.618, 12.128"
1738,동부 왕국,가시덤불 골짜기,네크마니 수원지,상위지역 경계 대체,33,술취한 투사 (15724),"-14258.600, 327.030, 26.364","-14258.600, 337.030, 26.364","-14258.600, 317.030, 26.364",무법항 투사 (4624),"-14258.600, 327.030, 26.427","-14258.600, 337.030, 26.427","-14258.600, 317.030, 26.427",가시덤불 암호랑이 (772),"-12907.700, -407.618, 12.128","-12907.700, -397.618, 12.128","-12907.700, -417.618, 12.128"
1739,동부 왕국,가시덤불 골짜기,붉은해적단 주둔지,상위지역 경계 대체,33,술취한 투사 (15724),"-14258.600, 327.030, 26.364","-14258.600, 337.030, 26.364","-14258.600, 317.030, 26.364",무법항 투사 (4624),"-14258.600, 327.030, 26.427","-14258.600, 337.030, 26.427","-14258.600, 317.030, 26.427",가시덤불 암호랑이 (772),"-12907.700, -407.618, 12.128","-12907.700, -397.618, 12.128","-12907.700, -417.618, 12.128"
1740,동부 왕국,가시덤불 골짜기,투자개발회사 탐사기지,상위지역 경계 대체,33,술취한 투사 (15724),"-14258.600, 327.030, 26.364","-14258.600, 337.030, 26.364","-14258.600, 317.030, 26.364",무법항 투사 (4624),"-14258.600, 327.030, 26.427","-14258.600, 337.030, 26.427","-14258.600, 317.030, 26.427",가시덤불 암호랑이 (772),"-12907.700, -407.618, 12.128","-12907.700, -397.618, 12.128","-12907.700, -417.618, 12.128"
1741,동부 왕국,가시덤불 골짜기,구루바시 투기장,상위지역 경계 대체,33,술취한 투사 (15724),"-14258.600, 327.030, 26.364","-14258.600, 337.030, 26.364","-14258.600, 317.030, 26.364",무법항 투사 (4624),"-14258.600, 327.030, 26.427","-14258.600, 337.030, 26.427","-14258.600, 317.030, 26.427",가시덤불 암호랑이 (772),"-12907.700, -407.618, 12.128","-12907.700, -397.618, 12.128","-12907.700, -417.618, 12.128"
1742,동부 왕국,가시덤불 골짜기,정기의 동굴,상위지역 경계 대체,33,술취한 투사 (15724),"-14258.600, 327.030, 26.364","-14258.600, 337.030, 26.364","-14258.600, 317.030, 26.364",무법항 투사 (4624),"-14258.600, 327.030, 26.427","-14258.600, 337.030, 26.427","-14258.600, 317.030, 26.427",가시덤불 암호랑이 (772),"-12907.700, -407.618, 12.128","-12907.700, -397.618, 12.128","-12907.700, -417.618, 12.128"
1757,동부 왕국,가시덤불 골짜기,주홍빛 장막호,상위지역 경계 대체,33,술취한 투사 (15724),"-14258.600, 327.030, 26.364","-14258.600, 337.030, 26.364","-14258.600, 317.030, 26.364",무법항 투사 (4624),"-14258.600, 327.030, 26.427","-14258.600, 337.030, 26.427","-14258.600, 317.030, 26.427",가시덤불 암호랑이 (772),"-12907.700, -407.618, 12.128","-12907.700, -397.618, 12.128","-12907.700, -417.618, 12.128"
1758,동부 왕국,가시덤불 골짜기,격정의 파도호,상위지역 경계 대체,33,술취한 투사 (15724),"-14258.600, 327.030, 26.364","-14258.600, 337.030, 26.364","-14258.600, 317.030, 26.364",무법항 투사 (4624),"-14258.600, 327.030, 26.427","-14258.600, 337.030, 26.427","-14258.600, 317.030, 26.427",가시덤불 암호랑이 (772),"-12907.700, -407.618, 12.128","-12907.700, -397.618, 12.128","-12907.700, -417.618, 12.128"
1759,동부 왕국,가시덤불 골짜기,담셀의 행운호,상위지역 경계 대체,33,술취한 투사 (15724),"-14258.600, 327.030, 26.364","-14258.600, 337.030, 26.364","-14258.600, 317.030, 26.364",무법항 투사 (4624),"-14258.600, 327.030, 26.427","-14258.600, 337.030, 26.427","-14258.600, 317.030, 26.427",가시덤불 암호랑이 (772),"-12907.700, -407.618, 12.128","-12907.700, -397.618, 12.128","-12907.700, -417.618, 12.128"
1760,동부 왕국,가시덤불 골짜기,투자개발회사 기계조작실,상위지역 경계 대체,33,술취한 투사 (15724),"-14258.600, 327.030, 26.364","-14258.600, 337.030, 26.364","-14258.600, 317.030, 26.364",무법항 투사 (4624),"-14258.600, 327.030, 26.427","-14258.600, 337.030, 26.427","-14258.600, 317.030, 26.427",가시덤불 암호랑이 (772),"-12907.700, -407.618, 12.128","-12907.700, -397.618, 12.128","-12907.700, -417.618, 12.128"
1761,칼림도어,악령의 숲,마른가지 마을,상위지역 경계 대체,361,광포한 엉겅퀴곰 (2164),"5415.720, -5.040, 77.552","5415.720, 4.960, 77.552","5415.720, -15.040, 77.552",새끼 숲타조 (2321),"5326.310, 40.085, 54.773","5326.310, 50.085, 54.773","5326.310, 30.085, 54.773",야생 순록 (3816),"4091.320, 43.783, 24.576","4091.320, 53.783, 24.576","4091.320, 33.783, 24.576"
1762,칼림도어,악령의 숲,악령발 마을,상위지역 경계 대체,361,광포한 엉겅퀴곰 (2164),"5415.720, -5.040, 77.552","5415.720, 4.960, 77.552","5415.720, -15.040, 77.552",새끼 숲타조 (2321),"5326.310, 40.085, 54.773","5326.310, 50.085, 54.773","5326.310, 30.085, 54.773",야생 순록 (3816),"4091.320, 43.783, 24.576","4091.320, 53.783, 24.576","4091.320, 33.783, 24.576"
1763,칼림도어,악령의 숲,자에데나르,상위지역 경계 대체,361,광포한 엉겅퀴곰 (2164),"5415.720, -5.040, 77.552","5415.720, 4.960, 77.552","5415.720, -15.040, 77.552",새끼 숲타조 (2321),"5326.310, 40.085, 54.773","5326.310, 50.085, 54.773","5326.310, 30.085, 54.773",야생 순록 (3816),"4091.320, 43.783, 24.576","4091.320, 53.783, 24.576","4091.320, 33.783, 24.576"
1764,칼림도어,악령의 숲,피멍울 강,상위지역 경계 대체,361,광포한 엉겅퀴곰 (2164),"5415.720, -5.040, 77.552","5415.720, 4.960, 77.552","5415.720, -15.040, 77.552",새끼 숲타조 (2321),"5326.310, 40.085, 54.773","5326.310, 50.085, 54.773","5326.310, 30.085, 54.773",야생 순록 (3816),"4091.320, 43.783, 24.576","4091.320, 53.783, 24.576","4091.320, 33.783, 24.576"
1765,칼림도어,악령의 숲,피멍울 폭포,상위지역 경계 대체,361,광포한 엉겅퀴곰 (2164),"5415.720, -5.040, 77.552","5415.720, 4.960, 77.552","5415.720, -15.040, 77.552",새끼 숲타조 (2321),"5326.310, 40.085, 54.773","5326.310, 50.085, 54.773","5326.310, 30.085, 54.773",야생 순록 (3816),"4091.320, 43.783, 24.576","4091.320, 53.783, 24.576","4091.320, 33.783, 24.576"
1766,칼림도어,악령의 숲,불벼락 골짜기,상위지역 경계 대체,361,광포한 엉겅퀴곰 (2164),"5415.720, -5.040, 77.552","5415.720, 4.960, 77.552","5415.720, -15.040, 77.552",새끼 숲타조 (2321),"5326.310, 40.085, 54.773","5326.310, 50.085, 54.773","5326.310, 30.085, 54.773",야생 순록 (3816),"4091.320, 43.783, 24.576","4091.320, 53.783, 24.576","4091.320, 33.783, 24.576"
1767,칼림도어,악령의 숲,강철나무 숲,상위지역 경계 대체,361,광포한 엉겅퀴곰 (2164),"5415.720, -5.040, 77.552","5415.720, 4.960, 77.552","5415.720, -15.040, 77.552",새끼 숲타조 (2321),"5326.310, 40.085, 54.773","5326.310, 50.085, 54.773","5326.310, 30.085, 54.773",야생 순록 (3816),"4091.320, 43.783, 24.576","4091.320, 53.783, 24.576","4091.320, 33.783, 24.576"
1768,칼림도어,악령의 숲,강철나무 굴,상위지역 경계 대체,361,광포한 엉겅퀴곰 (2164),"5415.720, -5.040, 77.552","5415.720, 4.960, 77.552","5415.720, -15.040, 77.552",새끼 숲타조 (2321),"5326.310, 40.085, 54.773","5326.310, 50.085, 54.773","5326.310, 30.085, 54.773",야생 순록 (3816),"4091.320, 43.783, 24.576","4091.320, 53.783, 24.576","4091.320, 33.783, 24.576"
1769,칼림도어,악령의 숲,나무구렁 요새,상위지역 경계 대체,361,광포한 엉겅퀴곰 (2164),"5415.720, -5.040, 77.552","5415.720, 4.960, 77.552","5415.720, -15.040, 77.552",새끼 숲타조 (2321),"5326.310, 40.085, 54.773","5326.310, 50.085, 54.773","5326.310, 30.085, 54.773",야생 순록 (3816),"4091.320, 43.783, 24.576","4091.320, 53.783, 24.576","4091.320, 33.783, 24.576"
1770,칼림도어,악령의 숲,어둠의 요새,상위지역 경계 대체,361,광포한 엉겅퀴곰 (2164),"5415.720, -5.040, 77.552","5415.720, 4.960, 77.552","5415.720, -15.040, 77.552",새끼 숲타조 (2321),"5326.310, 40.085, 54.773","5326.310, 50.085, 54.773","5326.310, 30.085, 54.773",야생 순록 (3816),"4091.320, 43.783, 24.576","4091.320, 53.783, 24.576","4091.320, 33.783, 24.576"
1771,칼림도어,악령의 숲,기만자의 사원,상위지역 경계 대체,361,광포한 엉겅퀴곰 (2164),"5415.720, -5.040, 77.552","5415.720, 4.960, 77.552","5415.720, -15.040, 77.552",새끼 숲타조 (2321),"5326.310, 40.085, 54.773","5326.310, 50.085, 54.773","5326.310, 30.085, 54.773",야생 순록 (3816),"4091.320, 43.783, 24.576","4091.320, 53.783, 24.576","4091.320, 33.783, 24.576"
1777,동부 왕국,슬픔의 늪,이타리우스의 동굴,상위지역 경계 대체,8,네더가드 광부 (5996),"-10499.000, -3328.550, -4.555","-10499.000, -3318.550, -4.555","-10499.000, -3338.550, -4.555",네더가드 병사 (5999),"-10874.300, -3284.880, 88.425","-10874.300, -3274.880, 88.425","-10874.300, -3294.880, 88.425",늪지멀록 먹물쟁이 (750),"-10865.800, -3642.490, 13.737","-10865.800, -3632.490, 13.737","-10865.800, -3652.490, 13.737"
1778,동부 왕국,슬픔의 늪,슬픔의 그늘,상위지역 경계 대체,8,네더가드 광부 (5996),"-10499.000, -3328.550, -4.555","-10499.000, -3318.550, -4.555","-10499.000, -3338.550, -4.555",네더가드 병사 (5999),"-10874.300, -3284.880, 88.425","-10874.300, -3274.880, 88.425","-10874.300, -3294.880, 88.425",늪지멀록 먹물쟁이 (750),"-10865.800, -3642.490, 13.737","-10865.800, -3632.490, 13.737","-10865.800, -3652.490, 13.737"
1779,동부 왕국,슬픔의 늪,드레닐두르 마을,상위지역 경계 대체,8,네더가드 광부 (5996),"-10499.000, -3328.550, -4.555","-10499.000, -3318.550, -4.555","-10499.000, -3338.550, -4.555",네더가드 병사 (5999),"-10874.300, -3284.880, 88.425","-10874.300, -3274.880, 88.425","-10874.300, -3294.880, 88.425",늪지멀록 먹물쟁이 (750),"-10865.800, -3642.490, 13.737","-10865.800, -3632.490, 13.737","-10865.800, -3652.490, 13.737"
1780,동부 왕국,슬픔의 늪,부러진창 교차로,상위지역 경계 대체,8,네더가드 광부 (5996),"-10499.000, -3328.550, -4.555","-10499.000, -3318.550, -4.555","-10499.000, -3338.550, -4.555",네더가드 병사 (5999),"-10874.300, -3284.880, 88.425","-10874.300, -3274.880, 88.425","-10874.300, -3294.880, 88.425",늪지멀록 먹물쟁이 (750),"-10865.800, -3642.490, 13.737","-10865.800, -3632.490, 13.737","-10865.800, -3652.490, 13.737"
1797,동부 왕국,슬픔의 늪,진흙늪,상위지역 경계 대체,8,네더가드 광부 (5996),"-10499.000, -3328.550, -4.555","-10499.000, -3318.550, -4.555","-10499.000, -3338.550, -4.555",네더가드 병사 (5999),"-10874.300, -3284.880, 88.425","-10874.300, -3274.880, 88.425","-10874.300, -3294.880, 88.425",늪지멀록 먹물쟁이 (750),"-10865.800, -3642.490, 13.737","-10865.800, -3632.490, 13.737","-10865.800, -3652.490, 13.737"
1798,동부 왕국,슬픔의 늪,변화의 늪,상위지역 경계 대체,8,네더가드 광부 (5996),"-10499.000, -3328.550, -4.555","-10499.000, -3318.550, -4.555","-10499.000, -3338.550, -4.555",네더가드 병사 (5999),"-10874.300, -3284.880, 88.425","-10874.300, -3274.880, 88.425","-10874.300, -3294.880, 88.425",늪지멀록 먹물쟁이 (750),"-10865.800, -3642.490, 13.737","-10865.800, -3632.490, 13.737","-10865.800, -3652.490, 13.737"
1817,동부 왕국,슬픔의 늪,진흙늪 동굴,상위지역 경계 대체,8,네더가드 광부 (5996),"-10499.000, -3328.550, -4.555","-10499.000, -3318.550, -4.555","-10499.000, -3338.550, -4.555",네더가드 병사 (5999),"-10874.300, -3284.880, 88.425","-10874.300, -3274.880, 88.425","-10874.300, -3294.880, 88.425",늪지멀록 먹물쟁이 (750),"-10865.800, -3642.490, 13.737","-10865.800, -3632.490, 13.737","-10865.800, -3652.490, 13.737"
1837,동부 왕국,아라시 고원,마른나무껍질 동굴,상위지역 경계 대체,45,줄무늬 고원랩터 (2559),"-1317.800, -2641.540, 64.874","-1317.800, -2631.540, 64.874","-1317.800, -2651.540, 64.874",평원타란툴라 (2563),"-1353.260, -2619.610, 73.142","-1353.260, -2609.610, 73.142","-1353.260, -2629.610, 73.142",외뿔 고원랩터 (2560),"-1516.830, -2813.330, 39.461","-1516.830, -2803.330, 39.461","-1516.830, -2823.330, 39.461"
1857,동부 왕국,아라시 고원,소라딘의 성벽,상위지역 경계 대체,45,줄무늬 고원랩터 (2559),"-1317.800, -2641.540, 64.874","-1317.800, -2631.540, 64.874","-1317.800, -2651.540, 64.874",평원타란툴라 (2563),"-1353.260, -2619.610, 73.142","-1353.260, -2609.610, 73.142","-1353.260, -2629.610, 73.142",외뿔 고원랩터 (2560),"-1516.830, -2813.330, 39.461","-1516.830, -2803.330, 39.461","-1516.830, -2823.330, 39.461"
1858,동부 왕국,아라시 고원,돌주먹 언덕,상위지역 경계 대체,45,줄무늬 고원랩터 (2559),"-1317.800, -2641.540, 64.874","-1317.800, -2631.540, 64.874","-1317.800, -2651.540, 64.874",평원타란툴라 (2563),"-1353.260, -2619.610, 73.142","-1353.260, -2609.610, 73.142","-1353.260, -2629.610, 73.142",외뿔 고원랩터 (2560),"-1516.830, -2813.330, 39.461","-1516.830, -2803.330, 39.461","-1516.830, -2823.330, 39.461"
1877,동부 왕국,황야의 땅,송곳니 골짜기,상위지역 경계 대체,3,덩치 큰 바위산코요테 (2729),"-6847.490, -3008.190, 242.100","-6847.490, -2998.190, 242.100","-6847.490, -3018.190, 242.100",덩치 큰 바위산표범 (2732),"-6760.770, -3279.660, 242.453","-6760.770, -3269.660, 242.453","-6760.770, -3289.660, 242.453",흉포한 바위산코요테 (2728),"-6750.660, -3407.980, 241.792","-6750.660, -3397.980, 241.792","-6750.660, -3417.980, 241.792"
1878,동부 왕국,황야의 땅,먼지받이,상위지역 경계 대체,3,덩치 큰 바위산코요테 (2729),"-6847.490, -3008.190, 242.100","-6847.490, -2998.190, 242.100","-6847.490, -3018.190, 242.100",덩치 큰 바위산표범 (2732),"-6760.770, -3279.660, 242.453","-6760.770, -3269.660, 242.453","-6760.770, -3289.660, 242.453",흉포한 바위산코요테 (2728),"-6750.660, -3407.980, 241.792","-6750.660, -3397.980, 241.792","-6750.660, -3417.980, 241.792"
1879,동부 왕국,황야의 땅,신기루 벌판,상위지역 경계 대체,3,덩치 큰 바위산코요테 (2729),"-6847.490, -3008.190, 242.100","-6847.490, -2998.190, 242.100","-6847.490, -3018.190, 242.100",덩치 큰 바위산표범 (2732),"-6760.770, -3279.660, 242.453","-6760.770, -3269.660, 242.453","-6760.770, -3289.660, 242.453",흉포한 바위산코요테 (2728),"-6750.660, -3407.980, 241.792","-6750.660, -3397.980, 241.792","-6750.660, -3417.980, 241.792"
1880,동부 왕국,동부 내륙지,페더비어드의 오두막,상위지역 경계 대체,47,무쇠턱 바다거북 (2505),"-286.143, -4448.270, 14.091","-286.143, -4438.270, 14.091","-286.143, -4458.270, 14.091",긴발톱 은빛갈기늑대 (2926),"206.152, -3585.180, 126.379","206.152, -3575.180, 126.379","206.152, -3595.180, 126.379",녹색 녹괴물 (2655),"145.146, -3473.670, 109.429","145.146, -3463.670, 109.429","145.146, -3483.670, 109.429"
1881,동부 왕국,동부 내륙지,신디거의 야영지,상위지역 경계 대체,47,무쇠턱 바다거북 (2505),"-286.143, -4448.270, 14.091","-286.143, -4438.270, 14.091","-286.143, -4458.270, 14.091",긴발톱 은빛갈기늑대 (2926),"206.152, -3585.180, 126.379","206.152, -3575.180, 126.379","206.152, -3595.180, 126.379",녹색 녹괴물 (2655),"145.146, -3473.670, 109.429","145.146, -3463.670, 109.429","145.146, -3483.670, 109.429"
1882,동부 왕국,동부 내륙지,역병안개 협곡,상위지역 경계 대체,47,무쇠턱 바다거북 (2505),"-286.143, -4448.270, 14.091","-286.143, -4438.270, 14.091","-286.143, -4458.270, 14.091",긴발톱 은빛갈기늑대 (2926),"206.152, -3585.180, 126.379","206.152, -3575.180, 126.379","206.152, -3595.180, 126.379",녹색 녹괴물 (2655),"145.146, -3473.670, 109.429","145.146, -3463.670, 109.429","145.146, -3483.670, 109.429"
1883,동부 왕국,동부 내륙지,돌개바람 호수,상위지역 경계 대체,47,무쇠턱 바다거북 (2505),"-286.143, -4448.270, 14.091","-286.143, -4438.270, 14.091","-286.143, -4458.270, 14.091",긴발톱 은빛갈기늑대 (2926),"206.152, -3585.180, 126.379","206.152, -3575.180, 126.379","206.152, -3595.180, 126.379",녹색 녹괴물 (2655),"145.146, -3473.670, 109.429","145.146, -3463.670, 109.429","145.146, -3483.670, 109.429"
1884,동부 왕국,동부 내륙지,아골와타,상위지역 경계 대체,47,무쇠턱 바다거북 (2505),"-286.143, -4448.270, 14.091","-286.143, -4438.270, 14.091","-286.143, -4458.270, 14.091",긴발톱 은빛갈기늑대 (2926),"206.152, -3585.180, 126.379","206.152, -3575.180, 126.379","206.152, -3595.180, 126.379",녹색 녹괴물 (2655),"145.146, -3473.670, 109.429","145.146, -3463.670, 109.429","145.146, -3483.670, 109.429"
1885,동부 왕국,동부 내륙지,히리와타,상위지역 경계 대체,47,무쇠턱 바다거북 (2505),"-286.143, -4448.270, 14.091","-286.143, -4438.270, 14.091","-286.143, -4458.270, 14.091",긴발톱 은빛갈기늑대 (2926),"206.152, -3585.180, 126.379","206.152, -3575.180, 126.379","206.152, -3595.180, 126.379",녹색 녹괴물 (2655),"145.146, -3473.670, 109.429","145.146, -3463.670, 109.429","145.146, -3483.670, 109.429"
1886,동부 왕국,동부 내륙지,굼벵이 폐허,상위지역 경계 대체,47,무쇠턱 바다거북 (2505),"-286.143, -4448.270, 14.091","-286.143, -4438.270, 14.091","-286.143, -4458.270, 14.091",긴발톱 은빛갈기늑대 (2926),"206.152, -3585.180, 126.379","206.152, -3575.180, 126.379","206.152, -3595.180, 126.379",녹색 녹괴물 (2655),"145.146, -3473.670, 109.429","145.146, -3463.670, 109.429","145.146, -3483.670, 109.429"
1887,동부 왕국,동부 내륙지,보겐의 절벽,상위지역 경계 대체,47,무쇠턱 바다거북 (2505),"-286.143, -4448.270, 14.091","-286.143, -4438.270, 14.091","-286.143, -4458.270, 14.091",긴발톱 은빛갈기늑대 (2926),"206.152, -3585.180, 126.379","206.152, -3575.180, 126.379","206.152, -3595.180, 126.379",녹색 녹괴물 (2655),"145.146, -3473.670, 109.429","145.146, -3463.670, 109.429","145.146, -3483.670, 109.429"
1897,동부 왕국,황야의 땅,창조주의 정원,상위지역 경계 대체,3,덩치 큰 바위산코요테 (2729),"-6847.490, -3008.190, 242.100","-6847.490, -2998.190, 242.100","-6847.490, -3018.190, 242.100",덩치 큰 바위산표범 (2732),"-6760.770, -3279.660, 242.453","-6760.770, -3269.660, 242.453","-6760.770, -3289.660, 242.453",흉포한 바위산코요테 (2728),"-6750.660, -3407.980, 241.792","-6750.660, -3397.980, 241.792","-6750.660, -3417.980, 241.792"
1898,동부 왕국,황야의 땅,먼지바람 협곡,상위지역 경계 대체,3,덩치 큰 바위산코요테 (2729),"-6847.490, -3008.190, 242.100","-6847.490, -2998.190, 242.100","-6847.490, -3018.190, 242.100",덩치 큰 바위산표범 (2732),"-6760.770, -3279.660, 242.453","-6760.770, -3269.660, 242.453","-6760.770, -3289.660, 242.453",흉포한 바위산코요테 (2728),"-6750.660, -3407.980, 241.792","-6750.660, -3397.980, 241.792","-6750.660, -3417.980, 241.792"
1917,동부 왕국,동부 내륙지,샤올와타,상위지역 경계 대체,47,무쇠턱 바다거북 (2505),"-286.143, -4448.270, 14.091","-286.143, -4438.270, 14.091","-286.143, -4458.270, 14.091",긴발톱 은빛갈기늑대 (2926),"206.152, -3585.180, 126.379","206.152, -3575.180, 126.379","206.152, -3595.180, 126.379",녹색 녹괴물 (2655),"145.146, -3473.670, 109.429","145.146, -3463.670, 109.429","145.146, -3483.670, 109.429"
1937,칼림도어,타나리스,해그늘 폐허,상위지역 경계 대체,440,파도거북 (5431),"-8715.440, -4653.530, 5.043","-8715.440, -4643.530, 5.043","-8715.440, -4663.530, 5.043",문둥발하이에나 (5426),"-8255.710, -3667.660, 12.231","-8255.710, -3657.660, 12.231","-8255.710, -3677.660, 12.231",유리비늘 큰눈바실리스크 (5420),"-8181.370, -3683.780, 25.425","-8181.370, -3673.780, 25.425","-8181.370, -3693.780, 25.425"
1938,칼림도어,타나리스,무너진 기둥,상위지역 경계 대체,440,파도거북 (5431),"-8715.440, -4653.530, 5.043","-8715.440, -4643.530, 5.043","-8715.440, -4663.530, 5.043",문둥발하이에나 (5426),"-8255.710, -3667.660, 12.231","-8255.710, -3657.660, 12.231","-8255.710, -3677.660, 12.231",유리비늘 큰눈바실리스크 (5420),"-8181.370, -3683.780, 25.425","-8181.370, -3673.780, 25.425","-8181.370, -3693.780, 25.425"
1939,칼림도어,타나리스,끝없는 사막,상위지역 경계 대체,440,파도거북 (5431),"-8715.440, -4653.530, 5.043","-8715.440, -4643.530, 5.043","-8715.440, -4663.530, 5.043",문둥발하이에나 (5426),"-8255.710, -3667.660, 12.231","-8255.710, -3657.660, 12.231","-8255.710, -3677.660, 12.231",유리비늘 큰눈바실리스크 (5420),"-8181.370, -3683.780, 25.425","-8181.370, -3673.780, 25.425","-8181.370, -3693.780, 25.425"
1940,칼림도어,타나리스,거친파도 해안,상위지역 경계 대체,440,파도거북 (5431),"-8715.440, -4653.530, 5.043","-8715.440, -4643.530, 5.043","-8715.440, -4663.530, 5.043",문둥발하이에나 (5426),"-8255.710, -3667.660, 12.231","-8255.710, -3657.660, 12.231","-8255.710, -3677.660, 12.231",유리비늘 큰눈바실리스크 (5420),"-8181.370, -3683.780, 25.425","-8181.370, -3673.780, 25.425","-8181.370, -3693.780, 25.425"
1941,칼림도어,,시간의 동굴,없음,,없음,,,,없음,,,,없음,,,
1942,칼림도어,운고로 분화구,늪지대,상위지역 경계 대체,490,칼날가시 붉은꽃잎덩굴손 (6510),"-7450.560, -1367.240, -267.996","-7450.560, -1357.240, -267.996","-7450.560, -1377.240, -267.996",광포한 테러닥스 (9167),"-7248.710, -988.150, -271.454","-7248.710, -978.150, -271.454","-7248.710, -998.150, -271.454",덩치 큰 디메트로돈 (9164),"-7119.090, -1050.620, -272.131","-7119.090, -1040.620, -272.131","-7119.090, -1060.620, -272.131"
1943,칼림도어,운고로 분화구,강철바위 고원,상위지역 경계 대체,490,칼날가시 붉은꽃잎덩굴손 (6510),"-7450.560, -1367.240, -267.996","-7450.560, -1357.240, -267.996","-7450.560, -1377.240, -267.996",광포한 테러닥스 (9167),"-7248.710, -988.150, -271.454","-7248.710, -978.150, -271.454","-7248.710, -998.150, -271.454",덩치 큰 디메트로돈 (9164),"-7119.090, -1050.620, -272.131","-7119.090, -1040.620, -272.131","-7119.090, -1060.620, -272.131"
1957,동부 왕국,이글거리는 협곡,검은재 동굴,상위지역 경계 대체,51,채석장 노예 (8917),"-7322.720, -1026.880, 181.021","-7322.720, -1016.880, 181.021","-7322.720, -1036.880, 181.021",검은무쇠단 감독관 (5846),"-6872.400, -1322.400, 243.141","-6872.400, -1312.400, 243.141","-6872.400, -1332.400, 243.141",상급 바위 정령 (2736),"-7194.270, -2102.410, 327.469","-7194.270, -2092.410, 327.469","-7194.270, -2112.410, 327.469"
1958,동부 왕국,이글거리는 협곡,무두장이 야영지,상위지역 경계 대체,51,채석장 노예 (8917),"-7322.720, -1026.880, 181.021","-7322.720, -1016.880, 181.021","-7322.720, -1036.880, 181.021",검은무쇠단 감독관 (5846),"-6872.400, -1322.400, 243.141","-6872.400, -1312.400, 243.141","-6872.400, -1332.400, 243.141",상급 바위 정령 (2736),"-7194.270, -2102.410, 327.469","-7194.270, -2092.410, 327.469","-7194.270, -2112.410, 327.469"
1959,동부 왕국,이글거리는 협곡,먼지불 골짜기,상위지역 경계 대체,51,채석장 노예 (8917),"-7322.720, -1026.880, 181.021","-7322.720, -1016.880, 181.021","-7322.720, -1036.880, 181.021",검은무쇠단 감독관 (5846),"-6872.400, -1322.400, 243.141","-6872.400, -1312.400, 243.141","-6872.400, -1332.400, 243.141",상급 바위 정령 (2736),"-7194.270, -2102.410, 327.469","-7194.270, -2092.410, 327.469","-7194.270, -2112.410, 327.469"
1978,동부 왕국,슬픔의 늪,안개갈대 주둔지,상위지역 경계 대체,8,네더가드 광부 (5996),"-10499.000, -3328.550, -4.555","-10499.000, -3318.550, -4.555","-10499.000, -3338.550, -4.555",네더가드 병사 (5999),"-10874.300, -3284.880, 88.425","-10874.300, -3274.880, 88.425","-10874.300, -3294.880, 88.425",늪지멀록 먹물쟁이 (750),"-10865.800, -3642.490, 13.737","-10865.800, -3632.490, 13.737","-10865.800, -3652.490, 13.737"
1997,칼림도어,악령의 숲,피멍울 초소,상위지역 경계 대체,361,광포한 엉겅퀴곰 (2164),"5415.720, -5.040, 77.552","5415.720, 4.960, 77.552","5415.720, -15.040, 77.552",새끼 숲타조 (2321),"5326.310, 40.085, 54.773","5326.310, 50.085, 54.773","5326.310, 30.085, 54.773",야생 순록 (3816),"4091.320, 43.783, 24.576","4091.320, 53.783, 24.576","4091.320, 33.783, 24.576"
1998,칼림도어,악령의 숲,갈퀴가지 숲,상위지역 경계 대체,361,광포한 엉겅퀴곰 (2164),"5415.720, -5.040, 77.552","5415.720, 4.960, 77.552","5415.720, -15.040, 77.552",새끼 숲타조 (2321),"5326.310, 40.085, 54.773","5326.310, 50.085, 54.773","5326.310, 30.085, 54.773",야생 순록 (3816),"4091.320, 43.783, 24.576","4091.320, 53.783, 24.576","4091.320, 33.783, 24.576"
2037,동부 왕국,,쿠엘탈라스,없음,,없음,,,,없음,,,,없음,,,
2077,칼림도어,어둠의 해안,황혼의 계곡,상위지역 경계 대체,148,광포한 엉겅퀴곰 (2164),"6778.400, -231.362, 35.105","6778.400, -221.362, 35.105","6778.400, -241.362, 35.105",새끼 숲타조 (2321),"6018.120, -77.943, 57.790","6018.120, -67.943, 57.790","6018.120, -87.943, 57.790",엉겅퀴곰 (2163),"5940.990, -91.419, 57.738","5940.990, -81.419, 57.738","5940.990, -101.419, 57.738"
2078,칼림도어,어둠의 해안,황혼의 해안,상위지역 경계 대체,148,광포한 엉겅퀴곰 (2164),"6778.400, -231.362, 35.105","6778.400, -221.362, 35.105","6778.400, -241.362, 35.105",새끼 숲타조 (2321),"6018.120, -77.943, 57.790","6018.120, -67.943, 57.790","6018.120, -87.943, 57.790",엉겅퀴곰 (2163),"5940.990, -91.419, 57.738","5940.990, -81.419, 57.738","5940.990, -101.419, 57.738"
2079,칼림도어,먼지진흙 습지대,알카즈 섬,상위지역 경계 대체,15,비수송곳니 늪지악어 (4345),"-3753.070, -3518.840, 28.647","-3753.070, -3508.840, 28.647","-3753.070, -3528.840, 28.647",얼룩무늬 늪지악어 (4344),"-3764.010, -3379.690, 32.323","-3764.010, -3369.690, 32.323","-3764.010, -3389.690, 32.323",검은송곳니 땅거미 (4412),"-3625.550, -3438.380, 37.343","-3625.550, -3428.380, 37.343","-3625.550, -3448.380, 37.343"
2097,칼림도어,버섯구름 봉우리,먹구름 봉우리,상위지역 경계 대체,400,비수송곳니 늪지악어 (4345),"-4787.520, -3244.550, 29.785","-4787.520, -3234.550, 29.785","-4787.520, -3254.550, 29.785",가시덩굴일족 전투호위병 (7873),"-4845.940, -2328.120, 96.337","-4845.940, -2318.120, 96.337","-4845.940, -2338.120, 96.337",점박이하이에나 (4248),"-5550.440, -2575.780, -56.447","-5550.440, -2565.780, -56.447","-5550.440, -2585.780, -56.447"
2098,동부 왕국,그늘숲,새벽숲 지하묘지,상위지역 경계 대체,10,돌가죽멧돼지 (524),"-9926.910, -371.035, 27.431","-9926.910, -361.035, 27.431","-9926.910, -381.035, 27.431",파멸의어둠일족 암흑길잡이 (205),"-10530.900, -786.683, 57.438","-10530.900, -776.683, 57.438","-10530.900, -796.683, 57.438",새끼 검은과부거미 (930),"-10751.200, -172.226, 40.478","-10751.200, -162.226, 40.478","-10751.200, -182.226, 40.478"
2099,동부 왕국,붉은마루 산맥,돌망루 요새,상위지역 경계 대체,44,붉은마루일족 전사 (446),"-8980.150, -2337.880, 132.631","-8980.150, -2327.880, 132.631","-8980.150, -2347.880, 132.631",새끼 검은용 (441),"-9166.640, -2518.350, 110.678","-9166.640, -2508.350, 110.678","-9166.640, -2528.350, 110.678",검은바위부족 길잡이 (485),"-9138.150, -2556.150, 116.649","-9138.150, -2546.150, 116.649","-9138.150, -2566.150, 116.649"
2101,동부 왕국,모단 호수,스타우트라거 여관,상위지역 경계 대체,38,가루바위일족 점쟁이 (1166),"-5038.670, -3361.670, 298.385","-5038.670, -3351.670, 298.385","-5038.670, -3371.670, 298.385",동굴쥐일족 졸개 (1172),"-5030.430, -3014.490, 330.606","-5030.430, -3004.490, 330.606","-5030.430, -3024.490, 330.606",가루바위 트로그 (1161),"-5810.560, -2965.800, 365.715","-5810.560, -2955.800, 365.715","-5810.560, -2975.800, 365.715"
2102,동부 왕국,던 모로,썬더브루 양조장,상위지역 경계 대체,1,덩치 큰 멧돼지 (1127),"-5660.910, -922.077, 412.427","-5660.910, -912.077, 412.427","-5660.910, -932.077, 412.427",멧돼지 (1125),"-5534.430, -632.649, 407.758","-5534.430, -622.649, 407.758","-5534.430, -642.649, 407.758",눈표범 (1201),"-5733.190, -576.408, 399.414","-5733.190, -566.408, 399.414","-5733.190, -586.408, 399.414"
2103,동부 왕국,저습지,메네실 요새,상위지역 경계 대체,11,새끼 습지악어 (1417),"-3406.250, -2668.750, 6.533","-3406.250, -2658.750, 6.533","-3406.250, -2678.750, 6.533",용아귀부족 약탈자 (1034),"-3482.190, -2451.440, 46.543","-3482.190, -2441.440, 46.543","-3482.190, -2461.440, 46.543",습지악어 (1400),"-3162.970, -2301.090, 7.082","-3162.970, -2291.090, 7.082","-3162.970, -2311.090, 7.082"
2104,동부 왕국,저습지,깊은바다 선술집,상위지역 경계 대체,11,새끼 습지악어 (1417),"-3406.250, -2668.750, 6.533","-3406.250, -2658.750, 6.533","-3406.250, -2678.750, 6.533",용아귀부족 약탈자 (1034),"-3482.190, -2451.440, 46.543","-3482.190, -2441.440, 46.543","-3482.190, -2461.440, 46.543",습지악어 (1400),"-3162.970, -2301.090, 7.082","-3162.970, -2291.090, 7.082","-3162.970, -2311.090, 7.082"
2117,동부 왕국,티리스팔 숲,암흑의 무덤,상위지역 경계 대체,85,저주받은 암흑사냥개 (1548),"2334.720, 776.210, 33.650","2334.720, 786.210, 33.650","2334.720, 766.210, 33.650",그늘흡혈박쥐 (1554),"2035.300, 813.816, 34.843","2035.300, 823.816, 34.843","2035.300, 803.816, 34.843",거대한 그늘박쥐 (1553),"2340.460, 796.870, 35.299","2340.460, 806.870, 35.299","2340.460, 786.870, 35.299"
2118,동부 왕국,티리스팔 숲,브릴 마을회관,상위지역 경계 대체,85,저주받은 암흑사냥개 (1548),"2334.720, 776.210, 33.650","2334.720, 786.210, 33.650","2334.720, 766.210, 33.650",그늘흡혈박쥐 (1554),"2035.300, 813.816, 34.843","2035.300, 823.816, 34.843","2035.300, 803.816, 34.843",거대한 그늘박쥐 (1553),"2340.460, 796.870, 35.299","2340.460, 806.870, 35.299","2340.460, 786.870, 35.299"
2119,동부 왕국,티리스팔 숲,갤로우 선술집,상위지역 경계 대체,85,저주받은 암흑사냥개 (1548),"2334.720, 776.210, 33.650","2334.720, 786.210, 33.650","2334.720, 766.210, 33.650",그늘흡혈박쥐 (1554),"2035.300, 813.816, 34.843","2035.300, 823.816, 34.843","2035.300, 803.816, 34.843",거대한 그늘박쥐 (1553),"2340.460, 796.870, 35.299","2340.460, 806.870, 35.299","2340.460, 786.870, 35.299"
2137,칼림도어,멀고어,예언의 웅덩이 미사용,상위지역 경계 대체,215,긴발톱 초원늑대 (2959),"-1950.900, -482.575, -7.776","-1950.900, -472.575, -7.776","-1950.900, -492.575, -7.776",투자개발회사 노역꾼 (2978),"-1914.360, -1012.180, 45.407","-1914.360, -1002.180, 45.407","-1914.360, -1022.180, 45.407",초원늑대 (2958),"-2249.060, -719.273, -4.384","-2249.060, -709.273, -4.384","-2249.060, -729.273, -4.384"
2138,칼림도어,불모의 땅,공포의 안개굴,상위지역 경계 대체,17,긴송곳니 열대초원랩터 (3255),"-1525.840, -2634.480, 93.120","-1525.840, -2624.480, 93.120","-1525.840, -2644.480, 93.120",굶주린 얼룩말 (3242),"-1047.420, -2714.390, 92.212","-1047.420, -2704.390, 92.212","-1047.420, -2724.390, 92.212",검은부리초원타조 (3246),"-1014.420, -2361.710, 94.964","-1014.420, -2351.710, 94.964","-1014.420, -2371.710, 94.964"
2157,칼림도어,불모의 땅,바엘던 요새,상위지역 경계 대체,17,긴송곳니 열대초원랩터 (3255),"-1525.840, -2634.480, 93.120","-1525.840, -2624.480, 93.120","-1525.840, -2644.480, 93.120",굶주린 얼룩말 (3242),"-1047.420, -2714.390, 92.212","-1047.420, -2704.390, 92.212","-1047.420, -2724.390, 92.212",검은부리초원타조 (3246),"-1014.420, -2361.710, 94.964","-1014.420, -2351.710, 94.964","-1014.420, -2371.710, 94.964"
2158,칼림도어,먼지진흙 습지대,엠버스트라이프의 굴,상위지역 경계 대체,15,비수송곳니 늪지악어 (4345),"-3753.070, -3518.840, 28.647","-3753.070, -3508.840, 28.647","-3753.070, -3528.840, 28.647",얼룩무늬 늪지악어 (4344),"-3764.010, -3379.690, 32.323","-3764.010, -3369.690, 32.323","-3764.010, -3389.690, 32.323",검은송곳니 땅거미 (4412),"-3625.550, -3438.380, 37.343","-3625.550, -3428.380, 37.343","-3625.550, -3448.380, 37.343"
2159,칼림도어,,오닉시아의 둥지,없음,,없음,,,,없음,,,,없음,,,
2160,칼림도어,돌발톱 산맥,칼바람 광산,상위지역 경계 대체,406,투자개발회사 나무꾼 (3989),"1215.000, 343.344, 32.464","1215.000, 353.344, 32.464","1215.000, 333.344, 32.464",검은뿔순록 (3817),"2009.650, -368.157, 99.981","2009.650, -358.157, 99.981","2009.650, -378.157, 99.981",잿빛골짜기곰 (3809),"1981.450, -404.674, 97.399","1981.450, -394.674, 97.399","1981.450, -414.674, 97.399"
2161,동부 왕국,그늘숲,롤랜드 광산,상위지역 경계 대체,10,돌가죽멧돼지 (524),"-9926.910, -371.035, 27.431","-9926.910, -361.035, 27.431","-9926.910, -381.035, 27.431",파멸의어둠일족 암흑길잡이 (205),"-10530.900, -786.683, 57.438","-10530.900, -776.683, 57.438","-10530.900, -796.683, 57.438",새끼 검은과부거미 (930),"-10751.200, -172.226, 40.478","-10751.200, -162.226, 40.478","-10751.200, -182.226, 40.478"
2177,동부 왕국,가시덤불 골짜기,전투장,상위지역 경계 대체,33,술취한 투사 (15724),"-14258.600, 327.030, 26.364","-14258.600, 337.030, 26.364","-14258.600, 317.030, 26.364",무법항 투사 (4624),"-14258.600, 327.030, 26.427","-14258.600, 337.030, 26.427","-14258.600, 317.030, 26.427",가시덤불 암호랑이 (772),"-12907.700, -407.618, 12.128","-12907.700, -397.618, 12.128","-12907.700, -417.618, 12.128"
2197,칼림도어,썬더 블러프,예언의 웅덩이,상위지역 경계 대체,1638,굶주린 평원퓨마 (3566),"-1107.220, -153.451, 57.775","-1107.220, -143.451, 57.775","-1107.220, -163.451, 57.775",멀고어 분홍색 엘레크 (23529),"-1268.470, 195.125, 59.672","-1268.470, 205.125, 59.672","-1268.470, 185.125, 59.672",덩치 큰 초원타조 (2957),"-1010.170, -153.575, 39.133","-1010.170, -143.575, 39.133","-1010.170, -163.575, 39.133"
2198,칼림도어,잊혀진 땅,동트는 협곡,상위지역 경계 대체,405,공포의 독수리 (4692),"-778.516, 2084.120, 96.564","-778.516, 2094.120, 96.564","-778.516, 2074.120, 96.564",흉포한 번개도마뱀 (4726),"-792.666, 2019.200, 82.617","-792.666, 2029.200, 82.617","-792.666, 2009.200, 82.617",모래턱 바실리스크 (4728),"-767.390, 1946.490, 90.206","-767.390, 1956.490, 90.206","-767.390, 1936.490, 90.206"
2217,칼림도어,잊혀진 땅,부러진창 마을,상위지역 경계 대체,405,공포의 독수리 (4692),"-778.516, 2084.120, 96.564","-778.516, 2094.120, 96.564","-778.516, 2074.120, 96.564",흉포한 번개도마뱀 (4726),"-792.666, 2019.200, 82.617","-792.666, 2029.200, 82.617","-792.666, 2009.200, 82.617",모래턱 바실리스크 (4728),"-767.390, 1946.490, 90.206","-767.390, 1956.490, 90.206","-767.390, 1936.490, 90.206"
2237,칼림도어,버섯구름 봉우리,백사장 야영지,상위지역 경계 대체,400,비수송곳니 늪지악어 (4345),"-4787.520, -3244.550, 29.785","-4787.520, -3234.550, 29.785","-4787.520, -3254.550, 29.785",가시덩굴일족 전투호위병 (7873),"-4845.940, -2328.120, 96.337","-4845.940, -2318.120, 96.337","-4845.940, -2338.120, 96.337",점박이하이에나 (4248),"-5550.440, -2575.780, -56.447","-5550.440, -2565.780, -56.447","-5550.440, -2585.780, -56.447"
2238,칼림도어,버섯구름 봉우리,고르니아,상위지역 경계 대체,400,비수송곳니 늪지악어 (4345),"-4787.520, -3244.550, 29.785","-4787.520, -3234.550, 29.785","-4787.520, -3254.550, 29.785",가시덩굴일족 전투호위병 (7873),"-4845.940, -2328.120, 96.337","-4845.940, -2318.120, 96.337","-4845.940, -2338.120, 96.337",점박이하이에나 (4248),"-5550.440, -2575.780, -56.447","-5550.440, -2565.780, -56.447","-5550.440, -2585.780, -56.447"
2239,칼림도어,버섯구름 봉우리,제인의 눈동자 분화구,상위지역 경계 대체,400,비수송곳니 늪지악어 (4345),"-4787.520, -3244.550, 29.785","-4787.520, -3234.550, 29.785","-4787.520, -3254.550, 29.785",가시덩굴일족 전투호위병 (7873),"-4845.940, -2328.120, 96.337","-4845.940, -2318.120, 96.337","-4845.940, -2338.120, 96.337",점박이하이에나 (4248),"-5550.440, -2575.780, -56.447","-5550.440, -2565.780, -56.447","-5550.440, -2585.780, -56.447"
2240,칼림도어,버섯구름 봉우리,신기루 경주장,상위지역 경계 대체,400,비수송곳니 늪지악어 (4345),"-4787.520, -3244.550, 29.785","-4787.520, -3234.550, 29.785","-4787.520, -3254.550, 29.785",가시덩굴일족 전투호위병 (7873),"-4845.940, -2328.120, 96.337","-4845.940, -2318.120, 96.337","-4845.940, -2338.120, 96.337",점박이하이에나 (4248),"-5550.440, -2575.780, -56.447","-5550.440, -2565.780, -56.447","-5550.440, -2585.780, -56.447"
2241,칼림도어,여명의 설원,눈호랑이 바위,상위지역 경계 대체,618,갈퀴발톱 천둥뿔 히포그리프 (6378),"4800.580, -5733.070, 105.259","4800.580, -5723.070, 105.259","4800.580, -5743.070, 105.259",덩치 큰 이끼발굽순록 (8761),"4713.220, -5618.980, 114.516","4713.220, -5608.980, 114.516","4713.220, -5628.980, 114.516",긴발톱 톱니이빨곰 (7443),"6213.320, -4171.970, 725.299","6213.320, -4161.970, 725.299","6213.320, -4181.970, 725.299"
2242,칼림도어,여명의 설원,숨겨진 숲,상위지역 경계 대체,618,갈퀴발톱 천둥뿔 히포그리프 (6378),"4800.580, -5733.070, 105.259","4800.580, -5723.070, 105.259","4800.580, -5743.070, 105.259",덩치 큰 이끼발굽순록 (8761),"4713.220, -5618.980, 114.516","4713.220, -5608.980, 114.516","4713.220, -5628.980, 114.516",긴발톱 톱니이빨곰 (7443),"6213.320, -4171.970, 725.299","6213.320, -4161.970, 725.299","6213.320, -4181.970, 725.299"
2243,칼림도어,여명의 설원,나무구렁 야영지,상위지역 경계 대체,618,갈퀴발톱 천둥뿔 히포그리프 (6378),"4800.580, -5733.070, 105.259","4800.580, -5723.070, 105.259","4800.580, -5743.070, 105.259",덩치 큰 이끼발굽순록 (8761),"4713.220, -5618.980, 114.516","4713.220, -5608.980, 114.516","4713.220, -5628.980, 114.516",긴발톱 톱니이빨곰 (7443),"6213.320, -4171.970, 725.299","6213.320, -4161.970, 725.299","6213.320, -4181.970, 725.299"
2244,칼림도어,여명의 설원,눈사태일족 마을,상위지역 경계 대체,618,갈퀴발톱 천둥뿔 히포그리프 (6378),"4800.580, -5733.070, 105.259","4800.580, -5723.070, 105.259","4800.580, -5743.070, 105.259",덩치 큰 이끼발굽순록 (8761),"4713.220, -5618.980, 114.516","4713.220, -5608.980, 114.516","4713.220, -5628.980, 114.516",긴발톱 톱니이빨곰 (7443),"6213.320, -4171.970, 725.299","6213.320, -4161.970, 725.299","6213.320, -4181.970, 725.299"
2245,칼림도어,여명의 설원,마즈소릴,상위지역 경계 대체,618,갈퀴발톱 천둥뿔 히포그리프 (6378),"4800.580, -5733.070, 105.259","4800.580, -5723.070, 105.259","4800.580, -5743.070, 105.259",덩치 큰 이끼발굽순록 (8761),"4713.220, -5618.980, 114.516","4713.220, -5608.980, 114.516","4713.220, -5628.980, 114.516",긴발톱 톱니이빨곰 (7443),"6213.320, -4171.970, 725.299","6213.320, -4161.970, 725.299","6213.320, -4181.970, 725.299"
2246,칼림도어,여명의 설원,얼음불꽃 온천,상위지역 경계 대체,618,갈퀴발톱 천둥뿔 히포그리프 (6378),"4800.580, -5733.070, 105.259","4800.580, -5723.070, 105.259","4800.580, -5743.070, 105.259",덩치 큰 이끼발굽순록 (8761),"4713.220, -5618.980, 114.516","4713.220, -5608.980, 114.516","4713.220, -5628.980, 114.516",긴발톱 톱니이빨곰 (7443),"6213.320, -4171.970, 725.299","6213.320, -4161.970, 725.299","6213.320, -4181.970, 725.299"
2247,칼림도어,여명의 설원,얼음엉겅퀴 언덕,상위지역 경계 대체,618,갈퀴발톱 천둥뿔 히포그리프 (6378),"4800.580, -5733.070, 105.259","4800.580, -5723.070, 105.259","4800.580, -5743.070, 105.259",덩치 큰 이끼발굽순록 (8761),"4713.220, -5618.980, 114.516","4713.220, -5608.980, 114.516","4713.220, -5628.980, 114.516",긴발톱 톱니이빨곰 (7443),"6213.320, -4171.970, 725.299","6213.320, -4161.970, 725.299","6213.320, -4181.970, 725.299"
2248,칼림도어,여명의 설원,던 만다르,상위지역 경계 대체,618,갈퀴발톱 천둥뿔 히포그리프 (6378),"4800.580, -5733.070, 105.259","4800.580, -5723.070, 105.259","4800.580, -5743.070, 105.259",덩치 큰 이끼발굽순록 (8761),"4713.220, -5618.980, 114.516","4713.220, -5608.980, 114.516","4713.220, -5628.980, 114.516",긴발톱 톱니이빨곰 (7443),"6213.320, -4171.970, 725.299","6213.320, -4161.970, 725.299","6213.320, -4181.970, 725.299"
2249,칼림도어,여명의 설원,서리속삭임 골짜기,상위지역 경계 대체,618,갈퀴발톱 천둥뿔 히포그리프 (6378),"4800.580, -5733.070, 105.259","4800.580, -5723.070, 105.259","4800.580, -5743.070, 105.259",덩치 큰 이끼발굽순록 (8761),"4713.220, -5618.980, 114.516","4713.220, -5608.980, 114.516","4713.220, -5628.980, 114.516",긴발톱 톱니이빨곰 (7443),"6213.320, -4171.970, 725.299","6213.320, -4161.970, 725.299","6213.320, -4181.970, 725.299"
2250,칼림도어,여명의 설원,올빼미날개 숲,상위지역 경계 대체,618,갈퀴발톱 천둥뿔 히포그리프 (6378),"4800.580, -5733.070, 105.259","4800.580, -5723.070, 105.259","4800.580, -5743.070, 105.259",덩치 큰 이끼발굽순록 (8761),"4713.220, -5618.980, 114.516","4713.220, -5608.980, 114.516","4713.220, -5628.980, 114.516",긴발톱 톱니이빨곰 (7443),"6213.320, -4171.970, 725.299","6213.320, -4161.970, 725.299","6213.320, -4181.970, 725.299"
2251,칼림도어,여명의 설원,켈테릴 호수,상위지역 경계 대체,618,갈퀴발톱 천둥뿔 히포그리프 (6378),"4800.580, -5733.070, 105.259","4800.580, -5723.070, 105.259","4800.580, -5743.070, 105.259",덩치 큰 이끼발굽순록 (8761),"4713.220, -5618.980, 114.516","4713.220, -5608.980, 114.516","4713.220, -5628.980, 114.516",긴발톱 톱니이빨곰 (7443),"6213.320, -4171.970, 725.299","6213.320, -4161.970, 725.299","6213.320, -4181.970, 725.299"
2252,칼림도어,여명의 설원,켈테릴의 폐허,상위지역 경계 대체,618,갈퀴발톱 천둥뿔 히포그리프 (6378),"4800.580, -5733.070, 105.259","4800.580, -5723.070, 105.259","4800.580, -5743.070, 105.259",덩치 큰 이끼발굽순록 (8761),"4713.220, -5618.980, 114.516","4713.220, -5608.980, 114.516","4713.220, -5628.980, 114.516",긴발톱 톱니이빨곰 (7443),"6213.320, -4171.970, 725.299","6213.320, -4161.970, 725.299","6213.320, -4181.970, 725.299"
2253,칼림도어,여명의 설원,별똥별 마을,상위지역 경계 대체,618,갈퀴발톱 천둥뿔 히포그리프 (6378),"4800.580, -5733.070, 105.259","4800.580, -5723.070, 105.259","4800.580, -5743.070, 105.259",덩치 큰 이끼발굽순록 (8761),"4713.220, -5618.980, 114.516","4713.220, -5608.980, 114.516","4713.220, -5628.980, 114.516",긴발톱 톱니이빨곰 (7443),"6213.320, -4171.970, 725.299","6213.320, -4161.970, 725.299","6213.320, -4181.970, 725.299"
2254,칼림도어,여명의 설원,반탈로우 지하굴,상위지역 경계 대체,618,갈퀴발톱 천둥뿔 히포그리프 (6378),"4800.580, -5733.070, 105.259","4800.580, -5723.070, 105.259","4800.580, -5743.070, 105.259",덩치 큰 이끼발굽순록 (8761),"4713.220, -5618.980, 114.516","4713.220, -5608.980, 114.516","4713.220, -5628.980, 114.516",긴발톱 톱니이빨곰 (7443),"6213.320, -4171.970, 725.299","6213.320, -4161.970, 725.299","6213.320, -4181.970, 725.299"
2255,칼림도어,여명의 설원,눈망루 마을,상위지역 경계 대체,618,갈퀴발톱 천둥뿔 히포그리프 (6378),"4800.580, -5733.070, 105.259","4800.580, -5723.070, 105.259","4800.580, -5743.070, 105.259",덩치 큰 이끼발굽순록 (8761),"4713.220, -5618.980, 114.516","4713.220, -5608.980, 114.516","4713.220, -5628.980, 114.516",긴발톱 톱니이빨곰 (7443),"6213.320, -4171.970, 725.299","6213.320, -4161.970, 725.299","6213.320, -4181.970, 725.299"
2256,칼림도어,여명의 설원,검은속삭임 협곡,상위지역 경계 대체,618,갈퀴발톱 천둥뿔 히포그리프 (6378),"4800.580, -5733.070, 105.259","4800.580, -5723.070, 105.259","4800.580, -5743.070, 105.259",덩치 큰 이끼발굽순록 (8761),"4713.220, -5618.980, 114.516","4713.220, -5608.980, 114.516","4713.220, -5628.980, 114.516",긴발톱 톱니이빨곰 (7443),"6213.320, -4171.970, 725.299","6213.320, -4161.970, 725.299","6213.320, -4181.970, 725.299"
2258,동부 왕국,동부 역병지대,곰팡이 계곡,상위지역 경계 대체,139,청소부구더기 (8603),"2373.640, -4302.370, 77.802","2373.640, -4292.370, 77.802","2373.640, -4312.370, 77.802",역병박쥐 (8600),"1964.440, -4051.470, 89.981","1964.440, -4041.470, 89.981","1964.440, -4061.470, 89.981",광포한 역병사냥개 (8598),"2611.910, -4366.740, 79.316","2611.910, -4356.740, 79.316","2611.910, -4376.740, 79.316"
2259,동부 왕국,동부 역병지대,마리스 농장 미사용,상위지역 경계 대체,139,청소부구더기 (8603),"2373.640, -4302.370, 77.802","2373.640, -4292.370, 77.802","2373.640, -4312.370, 77.802",역병박쥐 (8600),"1964.440, -4051.470, 89.981","1964.440, -4041.470, 89.981","1964.440, -4061.470, 89.981",광포한 역병사냥개 (8598),"2611.910, -4366.740, 79.316","2611.910, -4356.740, 79.316","2611.910, -4376.740, 79.316"
2260,동부 왕국,동부 역병지대,마리스 농장,상위지역 경계 대체,139,청소부구더기 (8603),"2373.640, -4302.370, 77.802","2373.640, -4292.370, 77.802","2373.640, -4312.370, 77.802",역병박쥐 (8600),"1964.440, -4051.470, 89.981","1964.440, -4041.470, 89.981","1964.440, -4061.470, 89.981",광포한 역병사냥개 (8598),"2611.910, -4366.740, 79.316","2611.910, -4356.740, 79.316","2611.910, -4376.740, 79.316"
2261,동부 왕국,동부 역병지대,지하 납골당,상위지역 경계 대체,139,청소부구더기 (8603),"2373.640, -4302.370, 77.802","2373.640, -4292.370, 77.802","2373.640, -4312.370, 77.802",역병박쥐 (8600),"1964.440, -4051.470, 89.981","1964.440, -4041.470, 89.981","1964.440, -4061.470, 89.981",광포한 역병사냥개 (8598),"2611.910, -4366.740, 79.316","2611.910, -4356.740, 79.316","2611.910, -4376.740, 79.316"
2262,동부 왕국,동부 역병지대,다로우샤이어,상위지역 경계 대체,139,청소부구더기 (8603),"2373.640, -4302.370, 77.802","2373.640, -4292.370, 77.802","2373.640, -4312.370, 77.802",역병박쥐 (8600),"1964.440, -4051.470, 89.981","1964.440, -4041.470, 89.981","1964.440, -4061.470, 89.981",광포한 역병사냥개 (8598),"2611.910, -4366.740, 79.316","2611.910, -4356.740, 79.316","2611.910, -4376.740, 79.316"
2263,동부 왕국,동부 역병지대,산마루 경비탑,상위지역 경계 대체,139,청소부구더기 (8603),"2373.640, -4302.370, 77.802","2373.640, -4292.370, 77.802","2373.640, -4312.370, 77.802",역병박쥐 (8600),"1964.440, -4051.470, 89.981","1964.440, -4041.470, 89.981","1964.440, -4061.470, 89.981",광포한 역병사냥개 (8598),"2611.910, -4366.740, 79.316","2611.910, -4356.740, 79.316","2611.910, -4376.740, 79.316"
2264,동부 왕국,동부 역병지대,코린 삼거리,상위지역 경계 대체,139,청소부구더기 (8603),"2373.640, -4302.370, 77.802","2373.640, -4292.370, 77.802","2373.640, -4312.370, 77.802",역병박쥐 (8600),"1964.440, -4051.470, 89.981","1964.440, -4041.470, 89.981","1964.440, -4061.470, 89.981",광포한 역병사냥개 (8598),"2611.910, -4366.740, 79.316","2611.910, -4356.740, 79.316","2611.910, -4376.740, 79.316"
2265,동부 왕국,동부 역병지대,붉은십자군 주둔지,상위지역 경계 대체,139,청소부구더기 (8603),"2373.640, -4302.370, 77.802","2373.640, -4292.370, 77.802","2373.640, -4312.370, 77.802",역병박쥐 (8600),"1964.440, -4051.470, 89.981","1964.440, -4041.470, 89.981","1964.440, -4061.470, 89.981",광포한 역병사냥개 (8598),"2611.910, -4366.740, 79.316","2611.910, -4356.740, 79.316","2611.910, -4376.740, 79.316"
2266,동부 왕국,동부 역병지대,티르의 손 수도원,상위지역 경계 대체,139,청소부구더기 (8603),"2373.640, -4302.370, 77.802","2373.640, -4292.370, 77.802","2373.640, -4312.370, 77.802",역병박쥐 (8600),"1964.440, -4051.470, 89.981","1964.440, -4041.470, 89.981","1964.440, -4061.470, 89.981",광포한 역병사냥개 (8598),"2611.910, -4366.740, 79.316","2611.910, -4356.740, 79.316","2611.910, -4376.740, 79.316"
2267,동부 왕국,동부 역병지대,붉은십자군 대성당,상위지역 경계 대체,139,청소부구더기 (8603),"2373.640, -4302.370, 77.802","2373.640, -4292.370, 77.802","2373.640, -4312.370, 77.802",역병박쥐 (8600),"1964.440, -4051.470, 89.981","1964.440, -4041.470, 89.981","1964.440, -4061.470, 89.981",광포한 역병사냥개 (8598),"2611.910, -4366.740, 79.316","2611.910, -4356.740, 79.316","2611.910, -4376.740, 79.316"
2268,동부 왕국,동부 역병지대,희망의 빛 예배당,상위지역 경계 대체,139,청소부구더기 (8603),"2373.640, -4302.370, 77.802","2373.640, -4292.370, 77.802","2373.640, -4312.370, 77.802",역병박쥐 (8600),"1964.440, -4051.470, 89.981","1964.440, -4041.470, 89.981","1964.440, -4061.470, 89.981",광포한 역병사냥개 (8598),"2611.910, -4366.740, 79.316","2611.910, -4356.740, 79.316","2611.910, -4376.740, 79.316"
2269,동부 왕국,동부 역병지대,브라우만 밀농장,상위지역 경계 대체,139,청소부구더기 (8603),"2373.640, -4302.370, 77.802","2373.640, -4292.370, 77.802","2373.640, -4312.370, 77.802",역병박쥐 (8600),"1964.440, -4051.470, 89.981","1964.440, -4041.470, 89.981","1964.440, -4061.470, 89.981",광포한 역병사냥개 (8598),"2611.910, -4366.740, 79.316","2611.910, -4356.740, 79.316","2611.910, -4376.740, 79.316"
2270,동부 왕국,동부 역병지대,맹독의 숲,상위지역 경계 대체,139,청소부구더기 (8603),"2373.640, -4302.370, 77.802","2373.640, -4292.370, 77.802","2373.640, -4312.370, 77.802",역병박쥐 (8600),"1964.440, -4051.470, 89.981","1964.440, -4041.470, 89.981","1964.440, -4061.470, 89.981",광포한 역병사냥개 (8598),"2611.910, -4366.740, 79.316","2611.910, -4356.740, 79.316","2611.910, -4376.740, 79.316"
2271,동부 왕국,동부 역병지대,동부방벽 경비탑,상위지역 경계 대체,139,청소부구더기 (8603),"2373.640, -4302.370, 77.802","2373.640, -4292.370, 77.802","2373.640, -4312.370, 77.802",역병박쥐 (8600),"1964.440, -4051.470, 89.981","1964.440, -4041.470, 89.981","1964.440, -4061.470, 89.981",광포한 역병사냥개 (8598),"2611.910, -4366.740, 79.316","2611.910, -4356.740, 79.316","2611.910, -4376.740, 79.316"
2272,동부 왕국,동부 역병지대,노스데일,상위지역 경계 대체,139,청소부구더기 (8603),"2373.640, -4302.370, 77.802","2373.640, -4292.370, 77.802","2373.640, -4312.370, 77.802",역병박쥐 (8600),"1964.440, -4051.470, 89.981","1964.440, -4041.470, 89.981","1964.440, -4061.470, 89.981",광포한 역병사냥개 (8598),"2611.910, -4366.740, 79.316","2611.910, -4356.740, 79.316","2611.910, -4376.740, 79.316"
2273,동부 왕국,동부 역병지대,줄마샤르,상위지역 경계 대체,139,청소부구더기 (8603),"2373.640, -4302.370, 77.802","2373.640, -4292.370, 77.802","2373.640, -4312.370, 77.802",역병박쥐 (8600),"1964.440, -4051.470, 89.981","1964.440, -4041.470, 89.981","1964.440, -4061.470, 89.981",광포한 역병사냥개 (8598),"2611.910, -4366.740, 79.316","2611.910, -4356.740, 79.316","2611.910, -4376.740, 79.316"
2274,동부 왕국,동부 역병지대,마즈라알로,상위지역 경계 대체,139,청소부구더기 (8603),"2373.640, -4302.370, 77.802","2373.640, -4292.370, 77.802","2373.640, -4312.370, 77.802",역병박쥐 (8600),"1964.440, -4051.470, 89.981","1964.440, -4041.470, 89.981","1964.440, -4061.470, 89.981",광포한 역병사냥개 (8598),"2611.910, -4366.740, 79.316","2611.910, -4356.740, 79.316","2611.910, -4376.740, 79.316"
2275,동부 왕국,동부 역병지대,북부관문 경비탑,상위지역 경계 대체,139,청소부구더기 (8603),"2373.640, -4302.370, 77.802","2373.640, -4292.370, 77.802","2373.640, -4312.370, 77.802",역병박쥐 (8600),"1964.440, -4051.470, 89.981","1964.440, -4041.470, 89.981","1964.440, -4061.470, 89.981",광포한 역병사냥개 (8598),"2611.910, -4366.740, 79.316","2611.910, -4356.740, 79.316","2611.910, -4376.740, 79.316"
2276,동부 왕국,동부 역병지대,쿠엘리시엔 오두막,상위지역 경계 대체,139,청소부구더기 (8603),"2373.640, -4302.370, 77.802","2373.640, -4292.370, 77.802","2373.640, -4312.370, 77.802",역병박쥐 (8600),"1964.440, -4051.470, 89.981","1964.440, -4041.470, 89.981","1964.440, -4061.470, 89.981",광포한 역병사냥개 (8598),"2611.910, -4366.740, 79.316","2611.910, -4356.740, 79.316","2611.910, -4376.740, 79.316"
2277,동부 왕국,동부 역병지대,역병의 숲,상위지역 경계 대체,139,청소부구더기 (8603),"2373.640, -4302.370, 77.802","2373.640, -4292.370, 77.802","2373.640, -4312.370, 77.802",역병박쥐 (8600),"1964.440, -4051.470, 89.981","1964.440, -4041.470, 89.981","1964.440, -4061.470, 89.981",광포한 역병사냥개 (8598),"2611.910, -4366.740, 79.316","2611.910, -4356.740, 79.316","2611.910, -4376.740, 79.316"
2278,동부 왕국,동부 역병지대,스컬지 요새,상위지역 경계 대체,139,청소부구더기 (8603),"2373.640, -4302.370, 77.802","2373.640, -4292.370, 77.802","2373.640, -4312.370, 77.802",역병박쥐 (8600),"1964.440, -4051.470, 89.981","1964.440, -4041.470, 89.981","1964.440, -4061.470, 89.981",광포한 역병사냥개 (8598),"2611.910, -4366.740, 79.316","2611.910, -4356.740, 79.316","2611.910, -4376.740, 79.316"
2279,동부 왕국,동부 역병지대,스트라솔름,상위지역 경계 대체,139,청소부구더기 (8603),"2373.640, -4302.370, 77.802","2373.640, -4292.370, 77.802","2373.640, -4312.370, 77.802",역병박쥐 (8600),"1964.440, -4051.470, 89.981","1964.440, -4041.470, 89.981","1964.440, -4061.470, 89.981",광포한 역병사냥개 (8598),"2611.910, -4366.740, 79.316","2611.910, -4356.740, 79.316","2611.910, -4376.740, 79.316"
2280,동부 왕국,,미사용,없음,,없음,,,,없음,,,,없음,,,
2297,동부 왕국,서부 역병지대,다로미어 호수,상위지역 경계 대체,28,그늘흡혈박쥐 (1554),"2487.740, -1050.970, 93.581","2487.740, -1040.970, 93.581","2487.740, -1060.970, 93.581",저주받은 암흑사냥개 (1548),"1888.410, -643.062, 48.334","1888.410, -633.062, 48.334","1888.410, -653.062, 48.334",투명 추적자 (31576),"1808.840, 204.643, 60.500","1808.840, 214.643, 60.500","1808.840, 194.643, 60.500"
2298,동부 왕국,서부 역병지대,카엘 다로우,상위지역 경계 대체,28,그늘흡혈박쥐 (1554),"2487.740, -1050.970, 93.581","2487.740, -1040.970, 93.581","2487.740, -1060.970, 93.581",저주받은 암흑사냥개 (1548),"1888.410, -643.062, 48.334","1888.410, -633.062, 48.334","1888.410, -653.062, 48.334",투명 추적자 (31576),"1808.840, 204.643, 60.500","1808.840, 214.643, 60.500","1808.840, 194.643, 60.500"
2299,동부 왕국,동부 역병지대,다로미어 호수,상위지역 경계 대체,139,청소부구더기 (8603),"2373.640, -4302.370, 77.802","2373.640, -4292.370, 77.802","2373.640, -4312.370, 77.802",역병박쥐 (8600),"1964.440, -4051.470, 89.981","1964.440, -4041.470, 89.981","1964.440, -4061.470, 89.981",광포한 역병사냥개 (8598),"2611.910, -4366.740, 79.316","2611.910, -4356.740, 79.316","2611.910, -4376.740, 79.316"
2300,칼림도어,타나리스,시간의 동굴,상위지역 경계 대체,440,파도거북 (5431),"-8715.440, -4653.530, 5.043","-8715.440, -4643.530, 5.043","-8715.440, -4663.530, 5.043",문둥발하이에나 (5426),"-8255.710, -3667.660, 12.231","-8255.710, -3657.660, 12.231","-8255.710, -3677.660, 12.231",유리비늘 큰눈바실리스크 (5420),"-8181.370, -3683.780, 25.425","-8181.370, -3673.780, 25.425","-8181.370, -3693.780, 25.425"
2301,칼림도어,잿빛 골짜기,엉겅퀴 마을,상위지역 경계 대체,331,찔레가시 거미 (3819),"2745.000, -851.066, 151.039","2745.000, -841.066, 151.039","2745.000, -861.066, 151.039",잿빛골짜기곰 (3809),"2710.550, -1146.070, 170.394","2710.550, -1136.070, 170.394","2710.550, -1156.070, 170.394",야생 순록 (3816),"3594.910, -225.610, 8.752","3594.910, -215.610, 8.752","3594.910, -235.610, 8.752"
2302,칼림도어,먼지진흙 습지대,먼지 수렁,상위지역 경계 대체,15,비수송곳니 늪지악어 (4345),"-3753.070, -3518.840, 28.647","-3753.070, -3508.840, 28.647","-3753.070, -3528.840, 28.647",얼룩무늬 늪지악어 (4344),"-3764.010, -3379.690, 32.323","-3764.010, -3369.690, 32.323","-3764.010, -3389.690, 32.323",검은송곳니 땅거미 (4412),"-3625.550, -3438.380, 37.343","-3625.550, -3428.380, 37.343","-3625.550, -3448.380, 37.343"
2303,칼림도어,버섯구름 봉우리,갈기바람 협곡,상위지역 경계 대체,400,비수송곳니 늪지악어 (4345),"-4787.520, -3244.550, 29.785","-4787.520, -3234.550, 29.785","-4787.520, -3254.550, 29.785",가시덩굴일족 전투호위병 (7873),"-4845.940, -2328.120, 96.337","-4845.940, -2318.120, 96.337","-4845.940, -2338.120, 96.337",점박이하이에나 (4248),"-5550.440, -2575.780, -56.447","-5550.440, -2565.780, -56.447","-5550.440, -2585.780, -56.447"
2317,칼림도어,타나리스,남쪽 바다,상위지역 경계 대체,440,파도거북 (5431),"-8715.440, -4653.530, 5.043","-8715.440, -4643.530, 5.043","-8715.440, -4663.530, 5.043",문둥발하이에나 (5426),"-8255.710, -3667.660, 12.231","-8255.710, -3657.660, 12.231","-8255.710, -3677.660, 12.231",유리비늘 큰눈바실리스크 (5420),"-8181.370, -3683.780, 25.425","-8181.370, -3673.780, 25.425","-8181.370, -3693.780, 25.425"
2318,칼림도어,먼지진흙 습지대,대해,상위지역 경계 대체,15,비수송곳니 늪지악어 (4345),"-3753.070, -3518.840, 28.647","-3753.070, -3508.840, 28.647","-3753.070, -3528.840, 28.647",얼룩무늬 늪지악어 (4344),"-3764.010, -3379.690, 32.323","-3764.010, -3369.690, 32.323","-3764.010, -3389.690, 32.323",검은송곳니 땅거미 (4412),"-3625.550, -3438.380, 37.343","-3625.550, -3428.380, 37.343","-3625.550, -3448.380, 37.343"
2319,칼림도어,불모의 땅,대해,상위지역 경계 대체,17,긴송곳니 열대초원랩터 (3255),"-1525.840, -2634.480, 93.120","-1525.840, -2624.480, 93.120","-1525.840, -2644.480, 93.120",굶주린 얼룩말 (3242),"-1047.420, -2714.390, 92.212","-1047.420, -2704.390, 92.212","-1047.420, -2724.390, 92.212",검은부리초원타조 (3246),"-1014.420, -2361.710, 94.964","-1014.420, -2351.710, 94.964","-1014.420, -2371.710, 94.964"
2320,칼림도어,듀로타,대해,상위지역 경계 대체,14,긴송곳니 열대초원랩터 (3255),"-138.366, -3690.130, 27.531","-138.366, -3680.130, 27.531","-138.366, -3700.130, 27.531",덩치 큰 점박이멧돼지 (3100),"63.938, -4054.780, 53.847","63.938, -4044.780, 53.847","63.938, -4064.780, 53.847",검은부리초원타조 (3246),"-318.000, -3817.240, 29.120","-318.000, -3807.240, 29.120","-318.000, -3827.240, 29.120"
2321,칼림도어,아즈샤라,대해,상위지역 경계 대체,16,덩치 큰 이끼발굽순록 (8761),"4144.930, -5919.240, 100.680","4144.930, -5909.240, 100.680","4144.930, -5929.240, 100.680",원한의꼬리일족 세이렌 (6195),"3671.970, -5745.800, 6.533","3671.970, -5735.800, 6.533","3671.970, -5755.800, 6.533",갈퀴발톱 천둥뿔 히포그리프 (6378),"4056.840, -5901.820, 102.057","4056.840, -5891.820, 102.057","4056.840, -5911.820, 102.057"
2322,칼림도어,텔드랏실,장막의 바다,상위지역 경계 대체,141,나무옹이일족 파수꾼 (2010),"9928.130, 1534.450, 1317.680","9928.130, 1544.450, 1317.680","9928.130, 1524.450, 1317.680",나무옹이일족 주술사 (2009),"9869.990, 1511.570, 1272.790","9869.990, 1521.570, 1272.790","9869.990, 1501.570, 1272.790",나무그물거미 (1986),"10666.500, 933.339, 1322.000","10666.500, 943.339, 1322.000","10666.500, 923.339, 1322.000"
2323,칼림도어,페랄라스,장막의 바다,상위지역 경계 대체,357,긴다리 송곳니늑대 (5286),"-4618.120, 956.096, 57.850","-4618.120, 966.096, 57.850","-4618.120, 946.096, 57.850",초원타조 (2955),"-3284.410, -217.130, 39.616","-3284.410, -207.130, 39.616","-3284.410, -227.130, 39.616",초원늑대 (2958),"-2989.230, 298.476, 115.955","-2989.230, 308.476, 115.955","-2989.230, 288.476, 115.955"
2324,칼림도어,잊혀진 땅,장막의 바다,상위지역 경계 대체,405,공포의 독수리 (4692),"-778.516, 2084.120, 96.564","-778.516, 2094.120, 96.564","-778.516, 2074.120, 96.564",흉포한 번개도마뱀 (4726),"-792.666, 2019.200, 82.617","-792.666, 2029.200, 82.617","-792.666, 2009.200, 82.617",모래턱 바실리스크 (4728),"-767.390, 1946.490, 90.206","-767.390, 1956.490, 90.206","-767.390, 1936.490, 90.206"
2325,칼림도어,잿빛 골짜기,장막의 바다,상위지역 경계 대체,331,찔레가시 거미 (3819),"2745.000, -851.066, 151.039","2745.000, -841.066, 151.039","2745.000, -861.066, 151.039",잿빛골짜기곰 (3809),"2710.550, -1146.070, 170.394","2710.550, -1136.070, 170.394","2710.550, -1156.070, 170.394",야생 순록 (3816),"3594.910, -225.610, 8.752","3594.910, -215.610, 8.752","3594.910, -235.610, 8.752"
2326,칼림도어,어둠의 해안,장막의 바다,상위지역 경계 대체,148,광포한 엉겅퀴곰 (2164),"6778.400, -231.362, 35.105","6778.400, -221.362, 35.105","6778.400, -241.362, 35.105",새끼 숲타조 (2321),"6018.120, -77.943, 57.790","6018.120, -67.943, 57.790","6018.120, -87.943, 57.790",엉겅퀴곰 (2163),"5940.990, -91.419, 57.738","5940.990, -81.419, 57.738","5940.990, -101.419, 57.738"
2337,칼림도어,듀로타,칼바람 언덕 병영,상위지역 경계 대체,14,긴송곳니 열대초원랩터 (3255),"-138.366, -3690.130, 27.531","-138.366, -3680.130, 27.531","-138.366, -3700.130, 27.531",덩치 큰 점박이멧돼지 (3100),"63.938, -4054.780, 53.847","63.938, -4044.780, 53.847","63.938, -4064.780, 53.847",검은부리초원타조 (3246),"-318.000, -3817.240, 29.120","-318.000, -3807.240, 29.120","-318.000, -3827.240, 29.120"
2338,동부 왕국,가시덤불 골짜기,남쪽 바다,상위지역 경계 대체,33,술취한 투사 (15724),"-14258.600, 327.030, 26.364","-14258.600, 337.030, 26.364","-14258.600, 317.030, 26.364",무법항 투사 (4624),"-14258.600, 327.030, 26.427","-14258.600, 337.030, 26.427","-14258.600, 317.030, 26.427",가시덤불 암호랑이 (772),"-12907.700, -407.618, 12.128","-12907.700, -397.618, 12.128","-12907.700, -417.618, 12.128"
2339,동부 왕국,가시덤불 골짜기,대해,상위지역 경계 대체,33,술취한 투사 (15724),"-14258.600, 327.030, 26.364","-14258.600, 337.030, 26.364","-14258.600, 317.030, 26.364",무법항 투사 (4624),"-14258.600, 327.030, 26.427","-14258.600, 337.030, 26.427","-14258.600, 317.030, 26.427",가시덤불 암호랑이 (772),"-12907.700, -407.618, 12.128","-12907.700, -397.618, 12.128","-12907.700, -417.618, 12.128"
2357,칼림도어,잿빛 골짜기,붉은송곳니 야영지,상위지역 경계 대체,331,찔레가시 거미 (3819),"2745.000, -851.066, 151.039","2745.000, -841.066, 151.039","2745.000, -861.066, 151.039",잿빛골짜기곰 (3809),"2710.550, -1146.070, 170.394","2710.550, -1136.070, 170.394","2710.550, -1156.070, 170.394",야생 순록 (3816),"3594.910, -225.610, 8.752","3594.910, -215.610, 8.752","3594.910, -235.610, 8.752"
2358,칼림도어,잿빛 골짜기,숲의 노래,상위지역 경계 대체,331,찔레가시 거미 (3819),"2745.000, -851.066, 151.039","2745.000, -841.066, 151.039","2745.000, -861.066, 151.039",잿빛골짜기곰 (3809),"2710.550, -1146.070, 170.394","2710.550, -1136.070, 170.394","2710.550, -1156.070, 170.394",야생 순록 (3816),"3594.910, -225.610, 8.752","3594.910, -215.610, 8.752","3594.910, -235.610, 8.752"
2359,칼림도어,잿빛 골짜기,푸른발 마을,상위지역 경계 대체,331,찔레가시 거미 (3819),"2745.000, -851.066, 151.039","2745.000, -841.066, 151.039","2745.000, -861.066, 151.039",잿빛골짜기곰 (3809),"2710.550, -1146.070, 170.394","2710.550, -1136.070, 170.394","2710.550, -1156.070, 170.394",야생 순록 (3816),"3594.910, -225.610, 8.752","3594.910, -215.610, 8.752","3594.910, -235.610, 8.752"
2360,칼림도어,잿빛 골짜기,은빛날개 전초기지,상위지역 경계 대체,331,찔레가시 거미 (3819),"2745.000, -851.066, 151.039","2745.000, -841.066, 151.039","2745.000, -861.066, 151.039",잿빛골짜기곰 (3809),"2710.550, -1146.070, 170.394","2710.550, -1136.070, 170.394","2710.550, -1156.070, 170.394",야생 순록 (3816),"3594.910, -225.610, 8.752","3594.910, -215.610, 8.752","3594.910, -235.610, 8.752"
2361,칼림도어,달의 숲,나이트헤이븐,상위지역 경계 대체,493,뾰족창부족 트롤 (10919),"7401.470, -1658.750, 195.958","7401.470, -1648.750, 195.958","7401.470, -1668.750, 195.958",달의숲 집행자 (11822),"7810.990, -2567.440, 488.578","7810.990, -2557.440, 488.578","7810.990, -2577.440, 488.578",상상의 악몽 (30627),"7810.730, -2233.280, 462.651","7810.730, -2223.280, 462.651","7810.730, -2243.280, 462.651"
2362,칼림도어,달의 숲,레물로스의 제단,상위지역 경계 대체,493,뾰족창부족 트롤 (10919),"7401.470, -1658.750, 195.958","7401.470, -1648.750, 195.958","7401.470, -1668.750, 195.958",달의숲 집행자 (11822),"7810.990, -2567.440, 488.578","7810.990, -2557.440, 488.578","7810.990, -2577.440, 488.578",상상의 악몽 (30627),"7810.730, -2233.280, 462.651","7810.730, -2223.280, 462.651","7810.730, -2243.280, 462.651"
2363,칼림도어,달의 숲,스톰레이지 지하굴,상위지역 경계 대체,493,뾰족창부족 트롤 (10919),"7401.470, -1658.750, 195.958","7401.470, -1648.750, 195.958","7401.470, -1668.750, 195.958",달의숲 집행자 (11822),"7810.990, -2567.440, 488.578","7810.990, -2557.440, 488.578","7810.990, -2577.440, 488.578",상상의 악몽 (30627),"7810.730, -2233.280, 462.651","7810.730, -2223.280, 462.651","7810.730, -2243.280, 462.651"
2364,동부 왕국,서부 몰락지대,대해,상위지역 경계 대체,40,병든 늑대 (525),"-9707.640, 782.041, 31.745","-9707.640, 792.041, 31.745","-9707.640, 772.041, 31.745",뿔엄니멧돼지 (157),"-10627.600, 1326.260, 38.080","-10627.600, 1336.260, 38.080","-10627.600, 1316.260, 38.080",돌엄니멧돼지 (113),"-9929.220, 443.641, 34.594","-9929.220, 453.641, 34.594","-9929.220, 433.641, 34.594"
2365,동부 왕국,저습지,대해,상위지역 경계 대체,11,새끼 습지악어 (1417),"-3406.250, -2668.750, 6.533","-3406.250, -2658.750, 6.533","-3406.250, -2678.750, 6.533",용아귀부족 약탈자 (1034),"-3482.190, -2451.440, 46.543","-3482.190, -2441.440, 46.543","-3482.190, -2461.440, 46.543",습지악어 (1400),"-3162.970, -2301.090, 7.082","-3162.970, -2291.090, 7.082","-3162.970, -2311.090, 7.082"
2397,동부 왕국,힐스브래드 구릉지,대해,상위지역 경계 대체,267,거대한 이끼거미 (2349),"-713.209, -253.896, 34.575","-713.209, -243.896, 34.575","-713.209, -263.896, 34.575",덩치 큰 회색곰 (2356),"-803.369, -428.865, 17.009","-803.369, -418.865, 17.009","-803.369, -438.865, 17.009",비밀결사대 경비병 (2261),"-634.535, -1038.210, 62.336","-634.535, -1028.210, 62.336","-634.535, -1048.210, 62.336"
2398,동부 왕국,은빛소나무 숲,대해,상위지역 경계 대체,130,거대한 이끼거미 (2349),"-24.688, 375.408, 51.507","-24.688, 385.408, 51.507","-24.688, 365.408, 51.507",덩치 큰 회색곰 (2356),"-53.883, 351.264, 62.596","-53.883, 361.264, 62.596","-53.883, 341.264, 62.596",썩은지느러미멀록 술사 (1909),"456.141, 741.376, 38.490","456.141, 751.376, 38.490","456.141, 731.376, 38.490"
2399,동부 왕국,티리스팔 숲,대해,상위지역 경계 대체,85,저주받은 암흑사냥개 (1548),"2334.720, 776.210, 33.650","2334.720, 786.210, 33.650","2334.720, 766.210, 33.650",그늘흡혈박쥐 (1554),"2035.300, 813.816, 34.843","2035.300, 823.816, 34.843","2035.300, 803.816, 34.843",거대한 그늘박쥐 (1553),"2340.460, 796.870, 35.299","2340.460, 806.870, 35.299","2340.460, 786.870, 35.299"
2400,동부 왕국,동부 내륙지,성난 바다,상위지역 경계 대체,47,무쇠턱 바다거북 (2505),"-286.143, -4448.270, 14.091","-286.143, -4438.270, 14.091","-286.143, -4458.270, 14.091",긴발톱 은빛갈기늑대 (2926),"206.152, -3585.180, 126.379","206.152, -3575.180, 126.379","206.152, -3595.180, 126.379",녹색 녹괴물 (2655),"145.146, -3473.670, 109.429","145.146, -3463.670, 109.429","145.146, -3483.670, 109.429"
2401,동부 왕국,아라시 고원,성난 바다,상위지역 경계 대체,45,줄무늬 고원랩터 (2559),"-1317.800, -2641.540, 64.874","-1317.800, -2631.540, 64.874","-1317.800, -2651.540, 64.874",평원타란툴라 (2563),"-1353.260, -2619.610, 73.142","-1353.260, -2609.610, 73.142","-1353.260, -2629.610, 73.142",외뿔 고원랩터 (2560),"-1516.830, -2813.330, 39.461","-1516.830, -2803.330, 39.461","-1516.830, -2823.330, 39.461"
2402,동부 왕국,저습지,성난 바다,상위지역 경계 대체,11,새끼 습지악어 (1417),"-3406.250, -2668.750, 6.533","-3406.250, -2658.750, 6.533","-3406.250, -2678.750, 6.533",용아귀부족 약탈자 (1034),"-3482.190, -2451.440, 46.543","-3482.190, -2441.440, 46.543","-3482.190, -2461.440, 46.543",습지악어 (1400),"-3162.970, -2301.090, 7.082","-3162.970, -2291.090, 7.082","-3162.970, -2311.090, 7.082"
2403,동부 왕국,슬픔의 늪,성난 바다,상위지역 경계 대체,8,네더가드 광부 (5996),"-10499.000, -3328.550, -4.555","-10499.000, -3318.550, -4.555","-10499.000, -3338.550, -4.555",네더가드 병사 (5999),"-10874.300, -3284.880, 88.425","-10874.300, -3274.880, 88.425","-10874.300, -3294.880, 88.425",늪지멀록 먹물쟁이 (750),"-10865.800, -3642.490, 13.737","-10865.800, -3632.490, 13.737","-10865.800, -3652.490, 13.737"
2404,칼림도어,잊혀진 땅,테드리스 아란,상위지역 경계 대체,405,공포의 독수리 (4692),"-778.516, 2084.120, 96.564","-778.516, 2094.120, 96.564","-778.516, 2074.120, 96.564",흉포한 번개도마뱀 (4726),"-792.666, 2019.200, 82.617","-792.666, 2029.200, 82.617","-792.666, 2009.200, 82.617",모래턱 바실리스크 (4728),"-767.390, 1946.490, 90.206","-767.390, 1956.490, 90.206","-767.390, 1936.490, 90.206"
2405,칼림도어,잊혀진 땅,에텔 레소르,상위지역 경계 대체,405,공포의 독수리 (4692),"-778.516, 2084.120, 96.564","-778.516, 2094.120, 96.564","-778.516, 2074.120, 96.564",흉포한 번개도마뱀 (4726),"-792.666, 2019.200, 82.617","-792.666, 2029.200, 82.617","-792.666, 2009.200, 82.617",모래턱 바실리스크 (4728),"-767.390, 1946.490, 90.206","-767.390, 1956.490, 90.206","-767.390, 1936.490, 90.206"
2406,칼림도어,잊혀진 땅,라나즈자르 섬,상위지역 경계 대체,405,공포의 독수리 (4692),"-778.516, 2084.120, 96.564","-778.516, 2094.120, 96.564","-778.516, 2074.120, 96.564",흉포한 번개도마뱀 (4726),"-792.666, 2019.200, 82.617","-792.666, 2029.200, 82.617","-792.666, 2009.200, 82.617",모래턱 바실리스크 (4728),"-767.390, 1946.490, 90.206","-767.390, 1956.490, 90.206","-767.390, 1936.490, 90.206"
2407,칼림도어,잊혀진 땅,코르메크의 오두막,상위지역 경계 대체,405,공포의 독수리 (4692),"-778.516, 2084.120, 96.564","-778.516, 2094.120, 96.564","-778.516, 2074.120, 96.564",흉포한 번개도마뱀 (4726),"-792.666, 2019.200, 82.617","-792.666, 2029.200, 82.617","-792.666, 2009.200, 82.617",모래턱 바실리스크 (4728),"-767.390, 1946.490, 90.206","-767.390, 1956.490, 90.206","-767.390, 1936.490, 90.206"
2408,칼림도어,잊혀진 땅,그늘수렵 마을,상위지역 경계 대체,405,공포의 독수리 (4692),"-778.516, 2084.120, 96.564","-778.516, 2094.120, 96.564","-778.516, 2074.120, 96.564",흉포한 번개도마뱀 (4726),"-792.666, 2019.200, 82.617","-792.666, 2029.200, 82.617","-792.666, 2009.200, 82.617",모래턱 바실리스크 (4728),"-767.390, 1946.490, 90.206","-767.390, 1956.490, 90.206","-767.390, 1936.490, 90.206"
2417,동부 왕국,불타는 평원,검은바위 고개,상위지역 경계 대체,46,채석장 노예 (8917),"-7433.470, -1049.260, 177.515","-7433.470, -1039.260, 177.515","-7433.470, -1059.260, 177.515",상급 바위 정령 (2736),"-7291.040, -2118.210, 297.682","-7291.040, -2108.210, 297.682","-7291.040, -2128.210, 297.682",불자루일족 오우거 (7033),"-7984.000, -2448.870, 131.915","-7984.000, -2438.870, 131.915","-7984.000, -2458.870, 131.915"
2418,동부 왕국,불타는 평원,모건의 망루,상위지역 경계 대체,46,채석장 노예 (8917),"-7433.470, -1049.260, 177.515","-7433.470, -1039.260, 177.515","-7433.470, -1059.260, 177.515",상급 바위 정령 (2736),"-7291.040, -2118.210, 297.682","-7291.040, -2108.210, 297.682","-7291.040, -2128.210, 297.682",불자루일족 오우거 (7033),"-7984.000, -2448.870, 131.915","-7984.000, -2438.870, 131.915","-7984.000, -2458.870, 131.915"
2419,동부 왕국,불타는 평원,뱀갈퀴 바위굴,상위지역 경계 대체,46,채석장 노예 (8917),"-7433.470, -1049.260, 177.515","-7433.470, -1039.260, 177.515","-7433.470, -1059.260, 177.515",상급 바위 정령 (2736),"-7291.040, -2118.210, 297.682","-7291.040, -2108.210, 297.682","-7291.040, -2128.210, 297.682",불자루일족 오우거 (7033),"-7984.000, -2448.870, 131.915","-7984.000, -2438.870, 131.915","-7984.000, -2458.870, 131.915"
2420,동부 왕국,불타는 평원,공포의 날개 골짜기,상위지역 경계 대체,46,채석장 노예 (8917),"-7433.470, -1049.260, 177.515","-7433.470, -1039.260, 177.515","-7433.470, -1059.260, 177.515",상급 바위 정령 (2736),"-7291.040, -2118.210, 297.682","-7291.040, -2108.210, 297.682","-7291.040, -2128.210, 297.682",불자루일족 오우거 (7033),"-7984.000, -2448.870, 131.915","-7984.000, -2438.870, 131.915","-7984.000, -2458.870, 131.915"
2421,동부 왕국,불타는 평원,드라코다르,상위지역 경계 대체,46,채석장 노예 (8917),"-7433.470, -1049.260, 177.515","-7433.470, -1039.260, 177.515","-7433.470, -1059.260, 177.515",상급 바위 정령 (2736),"-7291.040, -2118.210, 297.682","-7291.040, -2108.210, 297.682","-7291.040, -2128.210, 297.682",불자루일족 오우거 (7033),"-7984.000, -2448.870, 131.915","-7984.000, -2438.870, 131.915","-7984.000, -2458.870, 131.915"
2457,칼림도어,잿빛 골짜기,별빛노래 숲,상위지역 경계 대체,331,찔레가시 거미 (3819),"2745.000, -851.066, 151.039","2745.000, -841.066, 151.039","2745.000, -861.066, 151.039",잿빛골짜기곰 (3809),"2710.550, -1146.070, 170.394","2710.550, -1136.070, 170.394","2710.550, -1156.070, 170.394",야생 순록 (3816),"3594.910, -225.610, 8.752","3594.910, -215.610, 8.752","3594.910, -235.610, 8.752"
2477,칼림도어,실리더스,장막의 바다,상위지역 경계 대체,1377,돌꼬리집게전갈 (11736),"-7184.200, 903.520, 5.358","-7184.200, 913.520, 5.358","-7184.200, 893.520, 5.358",병정 하이브조라 (11727),"-7397.480, 1213.830, -77.551","-7397.480, 1223.830, -77.551","-7397.480, 1203.830, -77.551",돌꼬리채찍전갈 (11737),"-7504.840, 812.217, -11.603","-7504.840, 822.217, -11.603","-7504.840, 802.217, -11.603"
2478,칼림도어,악령의 숲,모를로스아란,상위지역 경계 대체,361,광포한 엉겅퀴곰 (2164),"5415.720, -5.040, 77.552","5415.720, 4.960, 77.552","5415.720, -15.040, 77.552",새끼 숲타조 (2321),"5326.310, 40.085, 54.773","5326.310, 50.085, 54.773","5326.310, 30.085, 54.773",야생 순록 (3816),"4091.320, 43.783, 24.576","4091.320, 53.783, 24.576","4091.320, 33.783, 24.576"
2479,칼림도어,악령의 숲,에메랄드 성소,상위지역 경계 대체,361,광포한 엉겅퀴곰 (2164),"5415.720, -5.040, 77.552","5415.720, 4.960, 77.552","5415.720, -15.040, 77.552",새끼 숲타조 (2321),"5326.310, 40.085, 54.773","5326.310, 50.085, 54.773","5326.310, 30.085, 54.773",야생 순록 (3816),"4091.320, 43.783, 24.576","4091.320, 53.783, 24.576","4091.320, 33.783, 24.576"
2480,칼림도어,악령의 숲,비취불꽃 숲,상위지역 경계 대체,361,광포한 엉겅퀴곰 (2164),"5415.720, -5.040, 77.552","5415.720, 4.960, 77.552","5415.720, -15.040, 77.552",새끼 숲타조 (2321),"5326.310, 40.085, 54.773","5326.310, 50.085, 54.773","5326.310, 30.085, 54.773",야생 순록 (3816),"4091.320, 43.783, 24.576","4091.320, 53.783, 24.576","4091.320, 33.783, 24.576"
2481,칼림도어,악령의 숲,콘스텔라스 폐허,상위지역 경계 대체,361,광포한 엉겅퀴곰 (2164),"5415.720, -5.040, 77.552","5415.720, 4.960, 77.552","5415.720, -15.040, 77.552",새끼 숲타조 (2321),"5326.310, 40.085, 54.773","5326.310, 50.085, 54.773","5326.310, 30.085, 54.773",야생 순록 (3816),"4091.320, 43.783, 24.576","4091.320, 53.783, 24.576","4091.320, 33.783, 24.576"
2497,칼림도어,아즈샤라,시련의 산마루,상위지역 경계 대체,16,덩치 큰 이끼발굽순록 (8761),"4144.930, -5919.240, 100.680","4144.930, -5909.240, 100.680","4144.930, -5929.240, 100.680",원한의꼬리일족 세이렌 (6195),"3671.970, -5745.800, 6.533","3671.970, -5735.800, 6.533","3671.970, -5755.800, 6.533",갈퀴발톱 천둥뿔 히포그리프 (6378),"4056.840, -5901.820, 102.057","4056.840, -5891.820, 102.057","4056.840, -5911.820, 102.057"
2517,동부 왕국,저주받은 땅,파멸자의 봉우리,상위지역 경계 대체,4,네더가드 광부 (5996),"-10863.900, -3047.230, 48.497","-10863.900, -3037.230, 48.497","-10863.900, -3057.230, 48.497",네더가드 병사 (5999),"-11064.600, -3264.580, 54.306","-11064.600, -3254.580, 54.306","-11064.600, -3274.580, 54.306",정예 지옥군단병 (8717),"-11884.700, -2719.640, 3.814","-11884.700, -2709.640, 3.814","-11884.700, -2729.640, 3.814"
2518,칼림도어,페랄라스,라리스 정자,상위지역 경계 대체,357,긴다리 송곳니늑대 (5286),"-4618.120, 956.096, 57.850","-4618.120, 966.096, 57.850","-4618.120, 946.096, 57.850",초원타조 (2955),"-3284.410, -217.130, 39.616","-3284.410, -207.130, 39.616","-3284.410, -227.130, 39.616",초원늑대 (2958),"-2989.230, 298.476, 115.955","-2989.230, 308.476, 115.955","-2989.230, 288.476, 115.955"
2519,칼림도어,페랄라스,덩굴발 언덕,상위지역 경계 대체,357,긴다리 송곳니늑대 (5286),"-4618.120, 956.096, 57.850","-4618.120, 966.096, 57.850","-4618.120, 946.096, 57.850",초원타조 (2955),"-3284.410, -217.130, 39.616","-3284.410, -207.130, 39.616","-3284.410, -227.130, 39.616",초원늑대 (2958),"-2989.230, 298.476, 115.955","-2989.230, 308.476, 115.955","-2989.230, 288.476, 115.955"
2520,칼림도어,페랄라스,덩굴발일족 소굴,상위지역 경계 대체,357,긴다리 송곳니늑대 (5286),"-4618.120, 956.096, 57.850","-4618.120, 966.096, 57.850","-4618.120, 946.096, 57.850",초원타조 (2955),"-3284.410, -217.130, 39.616","-3284.410, -207.130, 39.616","-3284.410, -227.130, 39.616",초원늑대 (2958),"-2989.230, 298.476, 115.955","-2989.230, 308.476, 115.955","-2989.230, 288.476, 115.955"
2521,칼림도어,페랄라스,베르단티스 강,상위지역 경계 대체,357,긴다리 송곳니늑대 (5286),"-4618.120, 956.096, 57.850","-4618.120, 966.096, 57.850","-4618.120, 946.096, 57.850",초원타조 (2955),"-3284.410, -217.130, 39.616","-3284.410, -207.130, 39.616","-3284.410, -227.130, 39.616",초원늑대 (2958),"-2989.230, 298.476, 115.955","-2989.230, 308.476, 115.955","-2989.230, 288.476, 115.955"
2522,칼림도어,페랄라스,이실디엔 폐허,상위지역 경계 대체,357,긴다리 송곳니늑대 (5286),"-4618.120, 956.096, 57.850","-4618.120, 966.096, 57.850","-4618.120, 946.096, 57.850",초원타조 (2955),"-3284.410, -217.130, 39.616","-3284.410, -207.130, 39.616","-3284.410, -227.130, 39.616",초원늑대 (2958),"-2989.230, 298.476, 115.955","-2989.230, 308.476, 115.955","-2989.230, 288.476, 115.955"
2537,칼림도어,돌발톱 산맥,그림토템 초소,상위지역 경계 대체,406,투자개발회사 나무꾼 (3989),"1215.000, 343.344, 32.464","1215.000, 353.344, 32.464","1215.000, 333.344, 32.464",검은뿔순록 (3817),"2009.650, -368.157, 99.981","2009.650, -358.157, 99.981","2009.650, -378.157, 99.981",잿빛골짜기곰 (3809),"1981.450, -404.674, 97.399","1981.450, -394.674, 97.399","1981.450, -414.674, 97.399"
2538,칼림도어,돌발톱 산맥,아파라제 야영지,상위지역 경계 대체,406,투자개발회사 나무꾼 (3989),"1215.000, 343.344, 32.464","1215.000, 353.344, 32.464","1215.000, 333.344, 32.464",검은뿔순록 (3817),"2009.650, -368.157, 99.981","2009.650, -358.157, 99.981","2009.650, -378.157, 99.981",잿빛골짜기곰 (3809),"1981.450, -404.674, 97.399","1981.450, -394.674, 97.399","1981.450, -414.674, 97.399"
2539,칼림도어,돌발톱 산맥,말라카진,상위지역 경계 대체,406,투자개발회사 나무꾼 (3989),"1215.000, 343.344, 32.464","1215.000, 353.344, 32.464","1215.000, 333.344, 32.464",검은뿔순록 (3817),"2009.650, -368.157, 99.981","2009.650, -358.157, 99.981","2009.650, -378.157, 99.981",잿빛골짜기곰 (3809),"1981.450, -404.674, 97.399","1981.450, -394.674, 97.399","1981.450, -414.674, 97.399"
2540,칼림도어,돌발톱 산맥,구릉바위 협곡,상위지역 경계 대체,406,투자개발회사 나무꾼 (3989),"1215.000, 343.344, 32.464","1215.000, 353.344, 32.464","1215.000, 333.344, 32.464",검은뿔순록 (3817),"2009.650, -368.157, 99.981","2009.650, -358.157, 99.981","2009.650, -378.157, 99.981",잿빛골짜기곰 (3809),"1981.450, -404.674, 97.399","1981.450, -394.674, 97.399","1981.450, -414.674, 97.399"
2541,칼림도어,돌발톱 산맥,시쉬르 협곡,상위지역 경계 대체,406,투자개발회사 나무꾼 (3989),"1215.000, 343.344, 32.464","1215.000, 353.344, 32.464","1215.000, 333.344, 32.464",검은뿔순록 (3817),"2009.650, -368.157, 99.981","2009.650, -358.157, 99.981","2009.650, -378.157, 99.981",잿빛골짜기곰 (3809),"1981.450, -404.674, 97.399","1981.450, -394.674, 97.399","1981.450, -414.674, 97.399"
2558,동부 왕국,죽음의 고개,죽음의 협곡,상위지역 경계 대체,41,네더가드 광부 (5996),"-10863.900, -3047.230, 48.497","-10863.900, -3037.230, 48.497","-10863.900, -3057.230, 48.497",늪지재규어 (767),"-10529.400, -2499.150, 22.331","-10529.400, -2489.150, 22.331","-10529.400, -2509.150, 22.331",파멸의어둠일족 암흑길잡이 (205),"-10542.100, -991.466, 52.687","-10542.100, -981.466, 52.687","-10542.100, -1001.466, 52.687"
2559,동부 왕국,죽음의 고개,다이아몬드 강,상위지역 경계 대체,41,네더가드 광부 (5996),"-10863.900, -3047.230, 48.497","-10863.900, -3037.230, 48.497","-10863.900, -3057.230, 48.497",늪지재규어 (767),"-10529.400, -2499.150, 22.331","-10529.400, -2489.150, 22.331","-10529.400, -2509.150, 22.331",파멸의어둠일족 암흑길잡이 (205),"-10542.100, -991.466, 52.687","-10542.100, -981.466, 52.687","-10542.100, -1001.466, 52.687"
2560,동부 왕국,죽음의 고개,아리덴의 야영지,상위지역 경계 대체,41,네더가드 광부 (5996),"-10863.900, -3047.230, 48.497","-10863.900, -3037.230, 48.497","-10863.900, -3057.230, 48.497",늪지재규어 (767),"-10529.400, -2499.150, 22.331","-10529.400, -2489.150, 22.331","-10529.400, -2509.150, 22.331",파멸의어둠일족 암흑길잡이 (205),"-10542.100, -991.466, 52.687","-10542.100, -981.466, 52.687","-10542.100, -1001.466, 52.687"
2561,동부 왕국,죽음의 고개,악의 소굴,상위지역 경계 대체,41,네더가드 광부 (5996),"-10863.900, -3047.230, 48.497","-10863.900, -3037.230, 48.497","-10863.900, -3057.230, 48.497",늪지재규어 (767),"-10529.400, -2499.150, 22.331","-10529.400, -2489.150, 22.331","-10529.400, -2509.150, 22.331",파멸의어둠일족 암흑길잡이 (205),"-10542.100, -991.466, 52.687","-10542.100, -981.466, 52.687","-10542.100, -1001.466, 52.687"
2562,동부 왕국,죽음의 고개,카라잔,상위지역 경계 대체,41,네더가드 광부 (5996),"-10863.900, -3047.230, 48.497","-10863.900, -3037.230, 48.497","-10863.900, -3057.230, 48.497",늪지재규어 (767),"-10529.400, -2499.150, 22.331","-10529.400, -2489.150, 22.331","-10529.400, -2509.150, 22.331",파멸의어둠일족 암흑길잡이 (205),"-10542.100, -991.466, 52.687","-10542.100, -981.466, 52.687","-10542.100, -1001.466, 52.687"
2563,동부 왕국,죽음의 고개,모건의 터,상위지역 경계 대체,41,네더가드 광부 (5996),"-10863.900, -3047.230, 48.497","-10863.900, -3037.230, 48.497","-10863.900, -3057.230, 48.497",늪지재규어 (767),"-10529.400, -2499.150, 22.331","-10529.400, -2489.150, 22.331","-10529.400, -2509.150, 22.331",파멸의어둠일족 암흑길잡이 (205),"-10542.100, -991.466, 52.687","-10542.100, -981.466, 52.687","-10542.100, -1001.466, 52.687"
2577,칼림도어,페랄라스,혈투의 전장,상위지역 경계 대체,357,긴다리 송곳니늑대 (5286),"-4618.120, 956.096, 57.850","-4618.120, 966.096, 57.850","-4618.120, 946.096, 57.850",초원타조 (2955),"-3284.410, -217.130, 39.616","-3284.410, -207.130, 39.616","-3284.410, -227.130, 39.616",초원늑대 (2958),"-2989.230, 298.476, 115.955","-2989.230, 308.476, 115.955","-2989.230, 288.476, 115.955"
2617,칼림도어,잊혀진 땅,스크래블스크류의 야영지,상위지역 경계 대체,405,공포의 독수리 (4692),"-778.516, 2084.120, 96.564","-778.516, 2094.120, 96.564","-778.516, 2074.120, 96.564",흉포한 번개도마뱀 (4726),"-792.666, 2019.200, 82.617","-792.666, 2029.200, 82.617","-792.666, 2009.200, 82.617",모래턱 바실리스크 (4728),"-767.390, 1946.490, 90.206","-767.390, 1956.490, 90.206","-767.390, 1936.490, 90.206"
2618,칼림도어,악령의 숲,비취불꽃 비탈,상위지역 경계 대체,361,광포한 엉겅퀴곰 (2164),"5415.720, -5.040, 77.552","5415.720, 4.960, 77.552","5415.720, -15.040, 77.552",새끼 숲타조 (2321),"5326.310, 40.085, 54.773","5326.310, 50.085, 54.773","5326.310, 30.085, 54.773",야생 순록 (3816),"4091.320, 43.783, 24.576","4091.320, 53.783, 24.576","4091.320, 33.783, 24.576"
2619,동부 왕국,동부 역병지대,톤드로릴 강,상위지역 경계 대체,139,청소부구더기 (8603),"2373.640, -4302.370, 77.802","2373.640, -4292.370, 77.802","2373.640, -4312.370, 77.802",역병박쥐 (8600),"1964.440, -4051.470, 89.981","1964.440, -4041.470, 89.981","1964.440, -4061.470, 89.981",광포한 역병사냥개 (8598),"2611.910, -4366.740, 79.316","2611.910, -4356.740, 79.316","2611.910, -4376.740, 79.316"
2620,동부 왕국,서부 역병지대,톤드로릴 강,상위지역 경계 대체,28,그늘흡혈박쥐 (1554),"2487.740, -1050.970, 93.581","2487.740, -1040.970, 93.581","2487.740, -1060.970, 93.581",저주받은 암흑사냥개 (1548),"1888.410, -643.062, 48.334","1888.410, -633.062, 48.334","1888.410, -653.062, 48.334",투명 추적자 (31576),"1808.840, 204.643, 60.500","1808.840, 214.643, 60.500","1808.840, 194.643, 60.500"
2621,동부 왕국,동부 역병지대,메렐다르 호수,상위지역 경계 대체,139,청소부구더기 (8603),"2373.640, -4302.370, 77.802","2373.640, -4292.370, 77.802","2373.640, -4312.370, 77.802",역병박쥐 (8600),"1964.440, -4051.470, 89.981","1964.440, -4041.470, 89.981","1964.440, -4061.470, 89.981",광포한 역병사냥개 (8598),"2611.910, -4366.740, 79.316","2611.910, -4356.740, 79.316","2611.910, -4376.740, 79.316"
2622,동부 왕국,동부 역병지대,전염의 흉터,상위지역 경계 대체,139,청소부구더기 (8603),"2373.640, -4302.370, 77.802","2373.640, -4292.370, 77.802","2373.640, -4312.370, 77.802",역병박쥐 (8600),"1964.440, -4051.470, 89.981","1964.440, -4041.470, 89.981","1964.440, -4061.470, 89.981",광포한 역병사냥개 (8598),"2611.910, -4366.740, 79.316","2611.910, -4356.740, 79.316","2611.910, -4376.740, 79.316"
2623,동부 왕국,동부 역병지대,오염의 흉터,상위지역 경계 대체,139,청소부구더기 (8603),"2373.640, -4302.370, 77.802","2373.640, -4292.370, 77.802","2373.640, -4312.370, 77.802",역병박쥐 (8600),"1964.440, -4051.470, 89.981","1964.440, -4041.470, 89.981","1964.440, -4061.470, 89.981",광포한 역병사냥개 (8598),"2611.910, -4366.740, 79.316","2611.910, -4356.740, 79.316","2611.910, -4376.740, 79.316"
2624,동부 왕국,동부 역병지대,검은나무 호수,상위지역 경계 대체,139,청소부구더기 (8603),"2373.640, -4302.370, 77.802","2373.640, -4292.370, 77.802","2373.640, -4312.370, 77.802",역병박쥐 (8600),"1964.440, -4051.470, 89.981","1964.440, -4041.470, 89.981","1964.440, -4061.470, 89.981",광포한 역병사냥개 (8598),"2611.910, -4366.740, 79.316","2611.910, -4356.740, 79.316","2611.910, -4376.740, 79.316"
2625,동부 왕국,동부 역병지대,동부방벽 관문,상위지역 경계 대체,139,청소부구더기 (8603),"2373.640, -4302.370, 77.802","2373.640, -4292.370, 77.802","2373.640, -4312.370, 77.802",역병박쥐 (8600),"1964.440, -4051.470, 89.981","1964.440, -4041.470, 89.981","1964.440, -4061.470, 89.981",광포한 역병사냥개 (8598),"2611.910, -4366.740, 79.316","2611.910, -4356.740, 79.316","2611.910, -4376.740, 79.316"
2626,동부 왕국,동부 역병지대,공포의 거미굴,상위지역 경계 대체,139,청소부구더기 (8603),"2373.640, -4302.370, 77.802","2373.640, -4292.370, 77.802","2373.640, -4312.370, 77.802",역병박쥐 (8600),"1964.440, -4051.470, 89.981","1964.440, -4041.470, 89.981","1964.440, -4061.470, 89.981",광포한 역병사냥개 (8598),"2611.910, -4366.740, 79.316","2611.910, -4356.740, 79.316","2611.910, -4376.740, 79.316"
2627,동부 왕국,동부 역병지대,테러데일,상위지역 경계 대체,139,청소부구더기 (8603),"2373.640, -4302.370, 77.802","2373.640, -4292.370, 77.802","2373.640, -4312.370, 77.802",역병박쥐 (8600),"1964.440, -4051.470, 89.981","1964.440, -4041.470, 89.981","1964.440, -4061.470, 89.981",광포한 역병사냥개 (8598),"2611.910, -4366.740, 79.316","2611.910, -4356.740, 79.316","2611.910, -4376.740, 79.316"
2637,칼림도어,잿빛 골짜기,카르가시아 요새,상위지역 경계 대체,331,찔레가시 거미 (3819),"2745.000, -851.066, 151.039","2745.000, -841.066, 151.039","2745.000, -861.066, 151.039",잿빛골짜기곰 (3809),"2710.550, -1146.070, 170.394","2710.550, -1136.070, 170.394","2710.550, -1156.070, 170.394",야생 순록 (3816),"3594.910, -225.610, 8.752","3594.910, -215.610, 8.752","3594.910, -235.610, 8.752"
2657,칼림도어,잊혀진 땅,뼈의 골짜기,상위지역 경계 대체,405,공포의 독수리 (4692),"-778.516, 2084.120, 96.564","-778.516, 2094.120, 96.564","-778.516, 2074.120, 96.564",흉포한 번개도마뱀 (4726),"-792.666, 2019.200, 82.617","-792.666, 2029.200, 82.617","-792.666, 2009.200, 82.617",모래턱 바실리스크 (4728),"-767.390, 1946.490, 90.206","-767.390, 1956.490, 90.206","-767.390, 1936.490, 90.206"
2697,동부 왕국,죽음의 고개,사자의 길,상위지역 경계 대체,41,네더가드 광부 (5996),"-10863.900, -3047.230, 48.497","-10863.900, -3037.230, 48.497","-10863.900, -3057.230, 48.497",늪지재규어 (767),"-10529.400, -2499.150, 22.331","-10529.400, -2489.150, 22.331","-10529.400, -2509.150, 22.331",파멸의어둠일족 암흑길잡이 (205),"-10542.100, -991.466, 52.687","-10542.100, -981.466, 52.687","-10542.100, -1001.466, 52.687"
2737,칼림도어,실리더스,스카라베 성벽,상위지역 경계 대체,1377,돌꼬리집게전갈 (11736),"-7184.200, 903.520, 5.358","-7184.200, 913.520, 5.358","-7184.200, 893.520, 5.358",병정 하이브조라 (11727),"-7397.480, 1213.830, -77.551","-7397.480, 1223.830, -77.551","-7397.480, 1203.830, -77.551",돌꼬리채찍전갈 (11737),"-7504.840, 812.217, -11.603","-7504.840, 822.217, -11.603","-7504.840, 802.217, -11.603"
2738,칼림도어,실리더스,마파람 마을,상위지역 경계 대체,1377,돌꼬리집게전갈 (11736),"-7184.200, 903.520, 5.358","-7184.200, 913.520, 5.358","-7184.200, 893.520, 5.358",병정 하이브조라 (11727),"-7397.480, 1213.830, -77.551","-7397.480, 1223.830, -77.551","-7397.480, 1203.830, -77.551",돌꼬리채찍전갈 (11737),"-7504.840, 812.217, -11.603","-7504.840, 822.217, -11.603","-7504.840, 802.217, -11.603"
2739,칼림도어,실리더스,황혼의 망치단 주둔지,상위지역 경계 대체,1377,돌꼬리집게전갈 (11736),"-7184.200, 903.520, 5.358","-7184.200, 913.520, 5.358","-7184.200, 893.520, 5.358",병정 하이브조라 (11727),"-7397.480, 1213.830, -77.551","-7397.480, 1223.830, -77.551","-7397.480, 1203.830, -77.551",돌꼬리채찍전갈 (11737),"-7504.840, 812.217, -11.603","-7504.840, 822.217, -11.603","-7504.840, 802.217, -11.603"
2740,칼림도어,실리더스,수정 골짜기,상위지역 경계 대체,1377,돌꼬리집게전갈 (11736),"-7184.200, 903.520, 5.358","-7184.200, 913.520, 5.358","-7184.200, 893.520, 5.358",병정 하이브조라 (11727),"-7397.480, 1213.830, -77.551","-7397.480, 1223.830, -77.551","-7397.480, 1203.830, -77.551",돌꼬리채찍전갈 (11737),"-7504.840, 812.217, -11.603","-7504.840, 822.217, -11.603","-7504.840, 802.217, -11.603"
2741,칼림도어,실리더스,스카라베 제단,상위지역 경계 대체,1377,돌꼬리집게전갈 (11736),"-7184.200, 903.520, 5.358","-7184.200, 913.520, 5.358","-7184.200, 893.520, 5.358",병정 하이브조라 (11727),"-7397.480, 1213.830, -77.551","-7397.480, 1223.830, -77.551","-7397.480, 1203.830, -77.551",돌꼬리채찍전갈 (11737),"-7504.840, 812.217, -11.603","-7504.840, 822.217, -11.603","-7504.840, 802.217, -11.603"
2742,칼림도어,실리더스,하이브아쉬,상위지역 경계 대체,1377,돌꼬리집게전갈 (11736),"-7184.200, 903.520, 5.358","-7184.200, 913.520, 5.358","-7184.200, 893.520, 5.358",병정 하이브조라 (11727),"-7397.480, 1213.830, -77.551","-7397.480, 1223.830, -77.551","-7397.480, 1203.830, -77.551",돌꼬리채찍전갈 (11737),"-7504.840, 812.217, -11.603","-7504.840, 822.217, -11.603","-7504.840, 802.217, -11.603"
2743,칼림도어,실리더스,하이브조라,상위지역 경계 대체,1377,돌꼬리집게전갈 (11736),"-7184.200, 903.520, 5.358","-7184.200, 913.520, 5.358","-7184.200, 893.520, 5.358",병정 하이브조라 (11727),"-7397.480, 1213.830, -77.551","-7397.480, 1223.830, -77.551","-7397.480, 1203.830, -77.551",돌꼬리채찍전갈 (11737),"-7504.840, 812.217, -11.603","-7504.840, 822.217, -11.603","-7504.840, 802.217, -11.603"
2744,칼림도어,실리더스,하이브레갈,상위지역 경계 대체,1377,돌꼬리집게전갈 (11736),"-7184.200, 903.520, 5.358","-7184.200, 913.520, 5.358","-7184.200, 893.520, 5.358",병정 하이브조라 (11727),"-7397.480, 1213.830, -77.551","-7397.480, 1223.830, -77.551","-7397.480, 1203.830, -77.551",돌꼬리채찍전갈 (11737),"-7504.840, 812.217, -11.603","-7504.840, 822.217, -11.603","-7504.840, 802.217, -11.603"
2757,칼림도어,불모의 땅,전사한 용사의 제단,상위지역 경계 대체,17,긴송곳니 열대초원랩터 (3255),"-1525.840, -2634.480, 93.120","-1525.840, -2624.480, 93.120","-1525.840, -2644.480, 93.120",굶주린 얼룩말 (3242),"-1047.420, -2714.390, 92.212","-1047.420, -2704.390, 92.212","-1047.420, -2724.390, 92.212",검은부리초원타조 (3246),"-1014.420, -2361.710, 94.964","-1014.420, -2351.710, 94.964","-1014.420, -2371.710, 94.964"
2777,동부 왕국,힐스브래드 구릉지,알터랙 계곡 미사용,상위지역 경계 대체,267,거대한 이끼거미 (2349),"-713.209, -253.896, 34.575","-713.209, -243.896, 34.575","-713.209, -263.896, 34.575",덩치 큰 회색곰 (2356),"-803.369, -428.865, 17.009","-803.369, -418.865, 17.009","-803.369, -438.865, 17.009",비밀결사대 경비병 (2261),"-634.535, -1038.210, 62.336","-634.535, -1028.210, 62.336","-634.535, -1048.210, 62.336"
2797,칼림도어,잿빛 골짜기,검은심연의 나락,상위지역 경계 대체,331,찔레가시 거미 (3819),"2745.000, -851.066, 151.039","2745.000, -841.066, 151.039","2745.000, -861.066, 151.039",잿빛골짜기곰 (3809),"2710.550, -1146.070, 170.394","2710.550, -1136.070, 170.394","2710.550, -1156.070, 170.394",야생 순록 (3816),"3594.910, -225.610, 8.752","3594.910, -215.610, 8.752","3594.910, -235.610, 8.752"
2817,노스렌드,,수정노래 숲,지역 경계 직접,2817,죽음의 오라 충돌 (37878),"4835.670, -563.555, 161.455","4835.670, -553.555, 161.455","4835.670, -573.555, 161.455",흉측한 구울 (37881),"4832.980, -564.232, 161.037","4832.980, -554.232, 161.037","4832.980, -574.232, 161.037",고결의 성전사 (31033),"5960.100, -162.872, 298.699","5960.100, -152.872, 298.699","5960.100, -172.872, 298.699"
2837,동부 왕국,죽음의 고개,지배자의 지하실,상위지역 경계 대체,41,네더가드 광부 (5996),"-10863.900, -3047.230, 48.497","-10863.900, -3037.230, 48.497","-10863.900, -3057.230, 48.497",늪지재규어 (767),"-10529.400, -2499.150, 22.331","-10529.400, -2489.150, 22.331","-10529.400, -2509.150, 22.331",파멸의어둠일족 암흑길잡이 (205),"-10542.100, -991.466, 52.687","-10542.100, -981.466, 52.687","-10542.100, -1001.466, 52.687"
2838,동부 왕국,이글거리는 협곡,돌다지 고개,상위지역 경계 대체,51,채석장 노예 (8917),"-7322.720, -1026.880, 181.021","-7322.720, -1016.880, 181.021","-7322.720, -1036.880, 181.021",검은무쇠단 감독관 (5846),"-6872.400, -1322.400, 243.141","-6872.400, -1312.400, 243.141","-6872.400, -1332.400, 243.141",상급 바위 정령 (2736),"-7194.270, -2102.410, 327.469","-7194.270, -2092.410, 327.469","-7194.270, -2112.410, 327.469"
2839,동부 왕국,알터랙 산맥,알터랙 계곡,상위지역 경계 대체,36,무쇠턱거북 (2408),"838.392, -88.203, 35.664","838.392, -78.203, 35.664","838.392, -98.203, 35.664",썩은지느러미멀록 술사 (1909),"1175.480, 274.852, 27.072","1175.480, 284.852, 27.072","1175.480, 264.852, 27.072",산사태 오우거 (2252),"515.574, -620.737, 170.678","515.574, -610.737, 170.678","515.574, -630.737, 170.678"
2857,칼림도어,타나리스,싸움 우리,상위지역 경계 대체,440,파도거북 (5431),"-8715.440, -4653.530, 5.043","-8715.440, -4643.530, 5.043","-8715.440, -4663.530, 5.043",문둥발하이에나 (5426),"-8255.710, -3667.660, 12.231","-8255.710, -3657.660, 12.231","-8255.710, -3677.660, 12.231",유리비늘 큰눈바실리스크 (5420),"-8181.370, -3683.780, 25.425","-8181.370, -3673.780, 25.425","-8181.370, -3693.780, 25.425"
2897,칼림도어,잿빛 골짜기,조람가르 전초기지,상위지역 경계 대체,331,찔레가시 거미 (3819),"2745.000, -851.066, 151.039","2745.000, -841.066, 151.039","2745.000, -861.066, 151.039",잿빛골짜기곰 (3809),"2710.550, -1146.070, 170.394","2710.550, -1136.070, 170.394","2710.550, -1156.070, 170.394",야생 순록 (3816),"3594.910, -225.610, 8.752","3594.910, -215.610, 8.752","3594.910, -235.610, 8.752"
2917,칼림도어,,전설의 전당,없음,,없음,,,,없음,,,,없음,,,
2937,동부 왕국,죽음의 고개,그로쉬고크 주둔지,상위지역 경계 대체,41,네더가드 광부 (5996),"-10863.900, -3047.230, 48.497","-10863.900, -3037.230, 48.497","-10863.900, -3057.230, 48.497",늪지재규어 (767),"-10529.400, -2499.150, 22.331","-10529.400, -2489.150, 22.331","-10529.400, -2509.150, 22.331",파멸의어둠일족 암흑길잡이 (205),"-10542.100, -991.466, 52.687","-10542.100, -981.466, 52.687","-10542.100, -1001.466, 52.687"
2938,동부 왕국,죽음의 고개,수면의 협곡,상위지역 경계 대체,41,네더가드 광부 (5996),"-10863.900, -3047.230, 48.497","-10863.900, -3037.230, 48.497","-10863.900, -3057.230, 48.497",늪지재규어 (767),"-10529.400, -2499.150, 22.331","-10529.400, -2489.150, 22.331","-10529.400, -2509.150, 22.331",파멸의어둠일족 암흑길잡이 (205),"-10542.100, -991.466, 52.687","-10542.100, -981.466, 52.687","-10542.100, -1001.466, 52.687"
2979,칼림도어,듀로타,톨크렌 농장,상위지역 경계 대체,14,긴송곳니 열대초원랩터 (3255),"-138.366, -3690.130, 27.531","-138.366, -3680.130, 27.531","-138.366, -3700.130, 27.531",덩치 큰 점박이멧돼지 (3100),"63.938, -4054.780, 53.847","63.938, -4044.780, 53.847","63.938, -4064.780, 53.847",검은부리초원타조 (3246),"-318.000, -3817.240, 29.120","-318.000, -3807.240, 29.120","-318.000, -3827.240, 29.120"
3037,칼림도어,버섯구름 봉우리,강철바위 야영지,상위지역 경계 대체,400,비수송곳니 늪지악어 (4345),"-4787.520, -3244.550, 29.785","-4787.520, -3234.550, 29.785","-4787.520, -3254.550, 29.785",가시덩굴일족 전투호위병 (7873),"-4845.940, -2328.120, 96.337","-4845.940, -2318.120, 96.337","-4845.940, -2338.120, 96.337",점박이하이에나 (4248),"-5550.440, -2575.780, -56.447","-5550.440, -2565.780, -56.447","-5550.440, -2585.780, -56.447"
3038,칼림도어,버섯구름 봉우리,위젤의 분화구,상위지역 경계 대체,400,비수송곳니 늪지악어 (4345),"-4787.520, -3244.550, 29.785","-4787.520, -3234.550, 29.785","-4787.520, -3254.550, 29.785",가시덩굴일족 전투호위병 (7873),"-4845.940, -2328.120, 96.337","-4845.940, -2318.120, 96.337","-4845.940, -2338.120, 96.337",점박이하이에나 (4248),"-5550.440, -2575.780, -56.447","-5550.440, -2565.780, -56.447","-5550.440, -2585.780, -56.447"
3039,칼림도어,버섯구름 봉우리,타혼다 폐허,상위지역 경계 대체,400,비수송곳니 늪지악어 (4345),"-4787.520, -3244.550, 29.785","-4787.520, -3234.550, 29.785","-4787.520, -3254.550, 29.785",가시덩굴일족 전투호위병 (7873),"-4845.940, -2328.120, 96.337","-4845.940, -2318.120, 96.337","-4845.940, -2338.120, 96.337",점박이하이에나 (4248),"-5550.440, -2575.780, -56.447","-5550.440, -2565.780, -56.447","-5550.440, -2585.780, -56.447"
3077,칼림도어,실리더스,용사의 안식처,상위지역 경계 대체,1377,돌꼬리집게전갈 (11736),"-7184.200, 903.520, 5.358","-7184.200, 913.520, 5.358","-7184.200, 893.520, 5.358",병정 하이브조라 (11727),"-7397.480, 1213.830, -77.551","-7397.480, 1223.830, -77.551","-7397.480, 1203.830, -77.551",돌꼬리채찍전갈 (11737),"-7504.840, 812.217, -11.603","-7504.840, 822.217, -11.603","-7504.840, 802.217, -11.603"
3097,칼림도어,실리더스,벌레무리 기둥,상위지역 경계 대체,1377,돌꼬리집게전갈 (11736),"-7184.200, 903.520, 5.358","-7184.200, 913.520, 5.358","-7184.200, 893.520, 5.358",병정 하이브조라 (11727),"-7397.480, 1213.830, -77.551","-7397.480, 1223.830, -77.551","-7397.480, 1203.830, -77.551",돌꼬리채찍전갈 (11737),"-7504.840, 812.217, -11.603","-7504.840, 822.217, -11.603","-7504.840, 802.217, -11.603"
3098,칼림도어,실리더스,황혼의 초소,상위지역 경계 대체,1377,돌꼬리집게전갈 (11736),"-7184.200, 903.520, 5.358","-7184.200, 913.520, 5.358","-7184.200, 893.520, 5.358",병정 하이브조라 (11727),"-7397.480, 1213.830, -77.551","-7397.480, 1223.830, -77.551","-7397.480, 1203.830, -77.551",돌꼬리채찍전갈 (11737),"-7504.840, 812.217, -11.603","-7504.840, 822.217, -11.603","-7504.840, 802.217, -11.603"
3099,칼림도어,실리더스,황혼의 전초기지,상위지역 경계 대체,1377,돌꼬리집게전갈 (11736),"-7184.200, 903.520, 5.358","-7184.200, 913.520, 5.358","-7184.200, 893.520, 5.358",병정 하이브조라 (11727),"-7397.480, 1213.830, -77.551","-7397.480, 1223.830, -77.551","-7397.480, 1203.830, -77.551",돌꼬리채찍전갈 (11737),"-7504.840, 812.217, -11.603","-7504.840, 822.217, -11.603","-7504.840, 802.217, -11.603"
3100,칼림도어,실리더스,파괴된 황혼의 야영지,상위지역 경계 대체,1377,돌꼬리집게전갈 (11736),"-7184.200, 903.520, 5.358","-7184.200, 913.520, 5.358","-7184.200, 893.520, 5.358",병정 하이브조라 (11727),"-7397.480, 1213.830, -77.551","-7397.480, 1223.830, -77.551","-7397.480, 1203.830, -77.551",돌꼬리채찍전갈 (11737),"-7504.840, 812.217, -11.603","-7504.840, 822.217, -11.603","-7504.840, 802.217, -11.603"
3117,칼림도어,페랄라스,샬자루의 둥지,상위지역 경계 대체,357,긴다리 송곳니늑대 (5286),"-4618.120, 956.096, 57.850","-4618.120, 966.096, 57.850","-4618.120, 946.096, 57.850",초원타조 (2955),"-3284.410, -217.130, 39.616","-3284.410, -207.130, 39.616","-3284.410, -227.130, 39.616",초원늑대 (2958),"-2989.230, 298.476, 115.955","-2989.230, 308.476, 115.955","-2989.230, 288.476, 115.955"
3137,칼림도어,아즈샤라,탈렌드리스 초소,상위지역 경계 대체,16,덩치 큰 이끼발굽순록 (8761),"4144.930, -5919.240, 100.680","4144.930, -5909.240, 100.680","4144.930, -5929.240, 100.680",원한의꼬리일족 세이렌 (6195),"3671.970, -5745.800, 6.533","3671.970, -5735.800, 6.533","3671.970, -5755.800, 6.533",갈퀴발톱 천둥뿔 히포그리프 (6378),"4056.840, -5901.820, 102.057","4056.840, -5891.820, 102.057","4056.840, -5911.820, 102.057"
3138,칼림도어,아즈샤라,레스리스 성소,상위지역 경계 대체,16,덩치 큰 이끼발굽순록 (8761),"4144.930, -5919.240, 100.680","4144.930, -5909.240, 100.680","4144.930, -5929.240, 100.680",원한의꼬리일족 세이렌 (6195),"3671.970, -5745.800, 6.533","3671.970, -5735.800, 6.533","3671.970, -5755.800, 6.533",갈퀴발톱 천둥뿔 히포그리프 (6378),"4056.840, -5901.820, 102.057","4056.840, -5891.820, 102.057","4056.840, -5911.820, 102.057"
3139,칼림도어,여명의 설원,공포의 달빛 동굴,상위지역 경계 대체,618,갈퀴발톱 천둥뿔 히포그리프 (6378),"4800.580, -5733.070, 105.259","4800.580, -5723.070, 105.259","4800.580, -5743.070, 105.259",덩치 큰 이끼발굽순록 (8761),"4713.220, -5618.980, 114.516","4713.220, -5608.980, 114.516","4713.220, -5628.980, 114.516",긴발톱 톱니이빨곰 (7443),"6213.320, -4171.970, 725.299","6213.320, -4161.970, 725.299","6213.320, -4181.970, 725.299"
3140,칼림도어,아즈샤라,비늘수염 동굴,상위지역 경계 대체,16,덩치 큰 이끼발굽순록 (8761),"4144.930, -5919.240, 100.680","4144.930, -5909.240, 100.680","4144.930, -5929.240, 100.680",원한의꼬리일족 세이렌 (6195),"3671.970, -5745.800, 6.533","3671.970, -5735.800, 6.533","3671.970, -5755.800, 6.533",갈퀴발톱 천둥뿔 히포그리프 (6378),"4056.840, -5901.820, 102.057","4056.840, -5891.820, 102.057","4056.840, -5911.820, 102.057"
3157,칼림도어,돌발톱 산맥,구릉바위 동굴,상위지역 경계 대체,406,투자개발회사 나무꾼 (3989),"1215.000, 343.344, 32.464","1215.000, 353.344, 32.464","1215.000, 333.344, 32.464",검은뿔순록 (3817),"2009.650, -368.157, 99.981","2009.650, -358.157, 99.981","2009.650, -378.157, 99.981",잿빛골짜기곰 (3809),"1981.450, -404.674, 97.399","1981.450, -394.674, 97.399","1981.450, -414.674, 97.399"
3177,칼림도어,잿빛 골짜기,전쟁노래부족 노동기지,상위지역 경계 대체,331,찔레가시 거미 (3819),"2745.000, -851.066, 151.039","2745.000, -841.066, 151.039","2745.000, -861.066, 151.039",잿빛골짜기곰 (3809),"2710.550, -1146.070, 170.394","2710.550, -1136.070, 170.394","2710.550, -1156.070, 170.394",야생 순록 (3816),"3594.910, -225.610, 8.752","3594.910, -215.610, 8.752","3594.910, -235.610, 8.752"
3197,동부 왕국,서부 역병지대,서리바람 야영지,상위지역 경계 대체,28,그늘흡혈박쥐 (1554),"2487.740, -1050.970, 93.581","2487.740, -1040.970, 93.581","2487.740, -1060.970, 93.581",저주받은 암흑사냥개 (1548),"1888.410, -643.062, 48.334","1888.410, -633.062, 48.334","1888.410, -653.062, 48.334",투명 추적자 (31576),"1808.840, 204.643, 60.500","1808.840, 214.643, 60.500","1808.840, 194.643, 60.500"
3257,칼림도어,실리더스,그락카론드의 무덤,상위지역 경계 대체,1377,돌꼬리집게전갈 (11736),"-7184.200, 903.520, 5.358","-7184.200, 913.520, 5.358","-7184.200, 893.520, 5.358",병정 하이브조라 (11727),"-7397.480, 1213.830, -77.551","-7397.480, 1223.830, -77.551","-7397.480, 1203.830, -77.551",돌꼬리채찍전갈 (11737),"-7504.840, 812.217, -11.603","-7504.840, 822.217, -11.603","-7504.840, 802.217, -11.603"
3317,동부 왕국,동부 내륙지,레반터스크 마을,상위지역 경계 대체,47,무쇠턱 바다거북 (2505),"-286.143, -4448.270, 14.091","-286.143, -4438.270, 14.091","-286.143, -4458.270, 14.091",긴발톱 은빛갈기늑대 (2926),"206.152, -3585.180, 126.379","206.152, -3575.180, 126.379","206.152, -3595.180, 126.379",녹색 녹괴물 (2655),"145.146, -3473.670, 109.429","145.146, -3463.670, 109.429","145.146, -3483.670, 109.429"
3319,칼림도어,잿빛 골짜기,은빛날개 숲,상위지역 경계 대체,331,찔레가시 거미 (3819),"2745.000, -851.066, 151.039","2745.000, -841.066, 151.039","2745.000, -861.066, 151.039",잿빛골짜기곰 (3809),"2710.550, -1146.070, 170.394","2710.550, -1136.070, 170.394","2710.550, -1156.070, 170.394",야생 순록 (3816),"3594.910, -225.610, 8.752","3594.910, -215.610, 8.752","3594.910, -235.610, 8.752"
3357,동부 왕국,가시덤불 골짜기,요잠바 섬,상위지역 경계 대체,33,술취한 투사 (15724),"-14258.600, 327.030, 26.364","-14258.600, 337.030, 26.364","-14258.600, 317.030, 26.364",무법항 투사 (4624),"-14258.600, 327.030, 26.427","-14258.600, 337.030, 26.427","-14258.600, 317.030, 26.427",가시덤불 암호랑이 (772),"-12907.700, -407.618, 12.128","-12907.700, -397.618, 12.128","-12907.700, -417.618, 12.128"
3425,칼림도어,실리더스,세나리온 요새,상위지역 경계 대체,1377,돌꼬리집게전갈 (11736),"-7184.200, 903.520, 5.358","-7184.200, 913.520, 5.358","-7184.200, 893.520, 5.358",병정 하이브조라 (11727),"-7397.480, 1213.830, -77.551","-7397.480, 1223.830, -77.551","-7397.480, 1203.830, -77.551",돌꼬리채찍전갈 (11737),"-7504.840, 812.217, -11.603","-7504.840, 822.217, -11.603","-7504.840, 802.217, -11.603"
3426,칼림도어,실리더스,스테그헬름 거점,상위지역 경계 대체,1377,돌꼬리집게전갈 (11736),"-7184.200, 903.520, 5.358","-7184.200, 913.520, 5.358","-7184.200, 893.520, 5.358",병정 하이브조라 (11727),"-7397.480, 1213.830, -77.551","-7397.480, 1223.830, -77.551","-7397.480, 1203.830, -77.551",돌꼬리채찍전갈 (11737),"-7504.840, 812.217, -11.603","-7504.840, 822.217, -11.603","-7504.840, 802.217, -11.603"
3427,칼림도어,실리더스,브론즈비어드 야영지,상위지역 경계 대체,1377,돌꼬리집게전갈 (11736),"-7184.200, 903.520, 5.358","-7184.200, 913.520, 5.358","-7184.200, 893.520, 5.358",병정 하이브조라 (11727),"-7397.480, 1213.830, -77.551","-7397.480, 1223.830, -77.551","-7397.480, 1203.830, -77.551",돌꼬리채찍전갈 (11737),"-7504.840, 812.217, -11.603","-7504.840, 822.217, -11.603","-7504.840, 802.217, -11.603"
3430,아웃랜드,,영원노래 숲,지역 경계 직접,3430,광포한 용매 (15650),"9142.090, -7087.640, 24.552","9142.090, -7077.640, 24.552","9142.090, -7097.640, 24.552",성난비늘멀록 채집꾼 (15670),"9177.520, -5871.640, 4.845","9177.520, -5861.640, 4.845","9177.520, -5881.640, 4.845",긴발톱 갈기발 스라소니 (15651),"9380.260, -6671.180, 38.148","9380.260, -6661.180, 38.148","9380.260, -6681.180, 38.148"
3431,아웃랜드,영원노래 숲,선스트라이더 섬,상위지역 경계 대체,3430,광포한 용매 (15650),"9142.090, -7087.640, 24.552","9142.090, -7077.640, 24.552","9142.090, -7097.640, 24.552",성난비늘멀록 채집꾼 (15670),"9177.520, -5871.640, 4.845","9177.520, -5861.640, 4.845","9177.520, -5881.640, 4.845",긴발톱 갈기발 스라소니 (15651),"9380.260, -6671.180, 38.148","9380.260, -6661.180, 38.148","9380.260, -6681.180, 38.148"
3432,아웃랜드,영원노래 숲,다트리마의 제단,상위지역 경계 대체,3430,광포한 용매 (15650),"9142.090, -7087.640, 24.552","9142.090, -7077.640, 24.552","9142.090, -7097.640, 24.552",성난비늘멀록 채집꾼 (15670),"9177.520, -5871.640, 4.845","9177.520, -5861.640, 4.845","9177.520, -5881.640, 4.845",긴발톱 갈기발 스라소니 (15651),"9380.260, -6671.180, 38.148","9380.260, -6661.180, 38.148","9380.260, -6681.180, 38.148"
3433,아웃랜드,,유령의 땅,지역 경계 직접,3433,흡혈 안개박쥐 (16354),"7133.710, -6917.990, 50.834","7133.710, -6907.990, 50.834","7133.710, -6927.990, 50.834",네루비스 경비병 (16313),"7881.990, -7250.480, 134.222","7881.990, -7240.480, 134.222","7881.990, -7260.480, 134.222",거대한 물레그물 거미 (16352),"6968.370, -6953.110, 51.542","6968.370, -6943.110, 51.542","6968.370, -6963.110, 51.542"
3446,칼림도어,실리더스,황혼의 터,상위지역 경계 대체,1377,돌꼬리집게전갈 (11736),"-7184.200, 903.520, 5.358","-7184.200, 913.520, 5.358","-7184.200, 893.520, 5.358",병정 하이브조라 (11727),"-7397.480, 1213.830, -77.551","-7397.480, 1223.830, -77.551","-7397.480, 1203.830, -77.551",돌꼬리채찍전갈 (11737),"-7504.840, 812.217, -11.603","-7504.840, 822.217, -11.603","-7504.840, 802.217, -11.603"
3447,칼림도어,실리더스,오르텔의 은신처,상위지역 경계 대체,1377,돌꼬리집게전갈 (11736),"-7184.200, 903.520, 5.358","-7184.200, 913.520, 5.358","-7184.200, 893.520, 5.358",병정 하이브조라 (11727),"-7397.480, 1213.830, -77.551","-7397.480, 1223.830, -77.551","-7397.480, 1203.830, -77.551",돌꼬리채찍전갈 (11737),"-7504.840, 812.217, -11.603","-7504.840, 822.217, -11.603","-7504.840, 802.217, -11.603"
3454,칼림도어,실리더스,안퀴라즈 폐허,상위지역 경계 대체,1377,돌꼬리집게전갈 (11736),"-7184.200, 903.520, 5.358","-7184.200, 913.520, 5.358","-7184.200, 893.520, 5.358",병정 하이브조라 (11727),"-7397.480, 1213.830, -77.551","-7397.480, 1223.830, -77.551","-7397.480, 1203.830, -77.551",돌꼬리채찍전갈 (11737),"-7504.840, 812.217, -11.603","-7504.840, 822.217, -11.603","-7504.840, 802.217, -11.603"
3455,아웃랜드,,북해,없음,,없음,,,,없음,,,,없음,,,
3459,동부 왕국,,도시,없음,,없음,,,,없음,,,,없음,,,
3460,아웃랜드,영원노래 숲,황금 해안,상위지역 경계 대체,3430,광포한 용매 (15650),"9142.090, -7087.640, 24.552","9142.090, -7077.640, 24.552","9142.090, -7097.640, 24.552",성난비늘멀록 채집꾼 (15670),"9177.520, -5871.640, 4.845","9177.520, -5861.640, 4.845","9177.520, -5881.640, 4.845",긴발톱 갈기발 스라소니 (15651),"9380.260, -6671.180, 38.148","9380.260, -6661.180, 38.148","9380.260, -6681.180, 38.148"
3461,아웃랜드,영원노래 숲,해돋이 부두,상위지역 경계 대체,3430,광포한 용매 (15650),"9142.090, -7087.640, 24.552","9142.090, -7077.640, 24.552","9142.090, -7097.640, 24.552",성난비늘멀록 채집꾼 (15670),"9177.520, -5871.640, 4.845","9177.520, -5861.640, 4.845","9177.520, -5881.640, 4.845",긴발톱 갈기발 스라소니 (15651),"9380.260, -6671.180, 38.148","9380.260, -6661.180, 38.148","9380.260, -6681.180, 38.148"
3462,아웃랜드,영원노래 숲,산들바람 마을,상위지역 경계 대체,3430,광포한 용매 (15650),"9142.090, -7087.640, 24.552","9142.090, -7077.640, 24.552","9142.090, -7097.640, 24.552",성난비늘멀록 채집꾼 (15670),"9177.520, -5871.640, 4.845","9177.520, -5861.640, 4.845","9177.520, -5881.640, 4.845",긴발톱 갈기발 스라소니 (15651),"9380.260, -6671.180, 38.148","9380.260, -6661.180, 38.148","9380.260, -6681.180, 38.148"
3463,아웃랜드,영원노래 숲,마법학자 관문,상위지역 경계 대체,3430,광포한 용매 (15650),"9142.090, -7087.640, 24.552","9142.090, -7077.640, 24.552","9142.090, -7097.640, 24.552",성난비늘멀록 채집꾼 (15670),"9177.520, -5871.640, 4.845","9177.520, -5861.640, 4.845","9177.520, -5881.640, 4.845",긴발톱 갈기발 스라소니 (15651),"9380.260, -6671.180, 38.148","9380.260, -6661.180, 38.148","9380.260, -6681.180, 38.148"
3464,아웃랜드,영원노래 숲,원정순찰대 산장,상위지역 경계 대체,3430,광포한 용매 (15650),"9142.090, -7087.640, 24.552","9142.090, -7077.640, 24.552","9142.090, -7097.640, 24.552",성난비늘멀록 채집꾼 (15670),"9177.520, -5871.640, 4.845","9177.520, -5861.640, 4.845","9177.520, -5881.640, 4.845",긴발톱 갈기발 스라소니 (15651),"9380.260, -6671.180, 38.148","9380.260, -6661.180, 38.148","9380.260, -6681.180, 38.148"
3465,아웃랜드,영원노래 숲,북부 성소,상위지역 경계 대체,3430,광포한 용매 (15650),"9142.090, -7087.640, 24.552","9142.090, -7077.640, 24.552","9142.090, -7097.640, 24.552",성난비늘멀록 채집꾼 (15670),"9177.520, -5871.640, 4.845","9177.520, -5861.640, 4.845","9177.520, -5881.640, 4.845",긴발톱 갈기발 스라소니 (15651),"9380.260, -6671.180, 38.148","9380.260, -6661.180, 38.148","9380.260, -6681.180, 38.148"
3466,아웃랜드,영원노래 숲,서부 성소,상위지역 경계 대체,3430,광포한 용매 (15650),"9142.090, -7087.640, 24.552","9142.090, -7077.640, 24.552","9142.090, -7097.640, 24.552",성난비늘멀록 채집꾼 (15670),"9177.520, -5871.640, 4.845","9177.520, -5861.640, 4.845","9177.520, -5881.640, 4.845",긴발톱 갈기발 스라소니 (15651),"9380.260, -6671.180, 38.148","9380.260, -6661.180, 38.148","9380.260, -6681.180, 38.148"
3467,아웃랜드,영원노래 숲,동부 성소,상위지역 경계 대체,3430,광포한 용매 (15650),"9142.090, -7087.640, 24.552","9142.090, -7077.640, 24.552","9142.090, -7097.640, 24.552",성난비늘멀록 채집꾼 (15670),"9177.520, -5871.640, 4.845","9177.520, -5861.640, 4.845","9177.520, -5881.640, 4.845",긴발톱 갈기발 스라소니 (15651),"9380.260, -6671.180, 38.148","9380.260, -6661.180, 38.148","9380.260, -6681.180, 38.148"
3468,아웃랜드,영원노래 숲,살데릴의 안식처,상위지역 경계 대체,3430,광포한 용매 (15650),"9142.090, -7087.640, 24.552","9142.090, -7077.640, 24.552","9142.090, -7097.640, 24.552",성난비늘멀록 채집꾼 (15670),"9177.520, -5871.640, 4.845","9177.520, -5861.640, 4.845","9177.520, -5881.640, 4.845",긴발톱 갈기발 스라소니 (15651),"9380.260, -6671.180, 38.148","9380.260, -6661.180, 38.148","9380.260, -6681.180, 38.148"
3469,아웃랜드,영원노래 숲,투론의 매타조 훈련장,상위지역 경계 대체,3430,광포한 용매 (15650),"9142.090, -7087.640, 24.552","9142.090, -7077.640, 24.552","9142.090, -7097.640, 24.552",성난비늘멀록 채집꾼 (15670),"9177.520, -5871.640, 4.845","9177.520, -5861.640, 4.845","9177.520, -5881.640, 4.845",긴발톱 갈기발 스라소니 (15651),"9380.260, -6671.180, 38.148","9380.260, -6661.180, 38.148","9380.260, -6681.180, 38.148"
3470,아웃랜드,영원노래 숲,잔잔한 속삭임 연못,상위지역 경계 대체,3430,광포한 용매 (15650),"9142.090, -7087.640, 24.552","9142.090, -7077.640, 24.552","9142.090, -7097.640, 24.552",성난비늘멀록 채집꾼 (15670),"9177.520, -5871.640, 4.845","9177.520, -5861.640, 4.845","9177.520, -5881.640, 4.845",긴발톱 갈기발 스라소니 (15651),"9380.260, -6671.180, 38.148","9380.260, -6661.180, 38.148","9380.260, -6681.180, 38.148"
3471,아웃랜드,영원노래 숲,생명의 숲,상위지역 경계 대체,3430,광포한 용매 (15650),"9142.090, -7087.640, 24.552","9142.090, -7077.640, 24.552","9142.090, -7097.640, 24.552",성난비늘멀록 채집꾼 (15670),"9177.520, -5871.640, 4.845","9177.520, -5861.640, 4.845","9177.520, -5881.640, 4.845",긴발톱 갈기발 스라소니 (15651),"9380.260, -6671.180, 38.148","9380.260, -6661.180, 38.148","9380.260, -6681.180, 38.148"
3472,아웃랜드,영원노래 숲,하늘바람 해안,상위지역 경계 대체,3430,광포한 용매 (15650),"9142.090, -7087.640, 24.552","9142.090, -7077.640, 24.552","9142.090, -7097.640, 24.552",성난비늘멀록 채집꾼 (15670),"9177.520, -5871.640, 4.845","9177.520, -5861.640, 4.845","9177.520, -5881.640, 4.845",긴발톱 갈기발 스라소니 (15651),"9380.260, -6671.180, 38.148","9380.260, -6661.180, 38.148","9380.260, -6681.180, 38.148"
3473,아웃랜드,영원노래 숲,엘렌다르 호수,상위지역 경계 대체,3430,광포한 용매 (15650),"9142.090, -7087.640, 24.552","9142.090, -7077.640, 24.552","9142.090, -7097.640, 24.552",성난비늘멀록 채집꾼 (15670),"9177.520, -5871.640, 4.845","9177.520, -5861.640, 4.845","9177.520, -5881.640, 4.845",긴발톱 갈기발 스라소니 (15651),"9380.260, -6671.180, 38.148","9380.260, -6661.180, 38.148","9380.260, -6681.180, 38.148"
3474,아웃랜드,영원노래 숲,불타버린 숲,상위지역 경계 대체,3430,광포한 용매 (15650),"9142.090, -7087.640, 24.552","9142.090, -7077.640, 24.552","9142.090, -7097.640, 24.552",성난비늘멀록 채집꾼 (15670),"9177.520, -5871.640, 4.845","9177.520, -5861.640, 4.845","9177.520, -5881.640, 4.845",긴발톱 갈기발 스라소니 (15651),"9380.260, -6671.180, 38.148","9380.260, -6661.180, 38.148","9380.260, -6681.180, 38.148"
3475,아웃랜드,영원노래 숲,제브와타,상위지역 경계 대체,3430,광포한 용매 (15650),"9142.090, -7087.640, 24.552","9142.090, -7077.640, 24.552","9142.090, -7097.640, 24.552",성난비늘멀록 채집꾼 (15670),"9177.520, -5871.640, 4.845","9177.520, -5861.640, 4.845","9177.520, -5881.640, 4.845",긴발톱 갈기발 스라소니 (15651),"9380.260, -6671.180, 38.148","9380.260, -6661.180, 38.148","9380.260, -6681.180, 38.148"
3476,아웃랜드,영원노래 숲,토르와타,상위지역 경계 대체,3430,광포한 용매 (15650),"9142.090, -7087.640, 24.552","9142.090, -7077.640, 24.552","9142.090, -7097.640, 24.552",성난비늘멀록 채집꾼 (15670),"9177.520, -5871.640, 4.845","9177.520, -5861.640, 4.845","9177.520, -5881.640, 4.845",긴발톱 갈기발 스라소니 (15651),"9380.260, -6671.180, 38.148","9380.260, -6661.180, 38.148","9380.260, -6681.180, 38.148"
3477,노스렌드,,아졸네룹,없음,,없음,,,,없음,,,,없음,,,
3478,칼림도어,,안퀴라즈 성문,없음,,없음,,,,없음,,,,없음,,,
3479,아웃랜드,,장막의 바다,없음,,없음,,,,없음,,,,없음,,,
3480,아웃랜드,영원노래 숲,더스크위더 정원,상위지역 경계 대체,3430,광포한 용매 (15650),"9142.090, -7087.640, 24.552","9142.090, -7077.640, 24.552","9142.090, -7097.640, 24.552",성난비늘멀록 채집꾼 (15670),"9177.520, -5871.640, 4.845","9177.520, -5861.640, 4.845","9177.520, -5881.640, 4.845",긴발톱 갈기발 스라소니 (15651),"9380.260, -6671.180, 38.148","9380.260, -6661.180, 38.148","9380.260, -6681.180, 38.148"
3481,아웃랜드,영원노래 숲,더스크위더 첨탑,상위지역 경계 대체,3430,광포한 용매 (15650),"9142.090, -7087.640, 24.552","9142.090, -7077.640, 24.552","9142.090, -7097.640, 24.552",성난비늘멀록 채집꾼 (15670),"9177.520, -5871.640, 4.845","9177.520, -5861.640, 4.845","9177.520, -5881.640, 4.845",긴발톱 갈기발 스라소니 (15651),"9380.260, -6671.180, 38.148","9380.260, -6661.180, 38.148","9380.260, -6681.180, 38.148"
3482,아웃랜드,영원노래 숲,죽음의 흉터,상위지역 경계 대체,3430,광포한 용매 (15650),"9142.090, -7087.640, 24.552","9142.090, -7077.640, 24.552","9142.090, -7097.640, 24.552",성난비늘멀록 채집꾼 (15670),"9177.520, -5871.640, 4.845","9177.520, -5861.640, 4.845","9177.520, -5881.640, 4.845",긴발톱 갈기발 스라소니 (15651),"9380.260, -6671.180, 38.148","9380.260, -6661.180, 38.148","9380.260, -6681.180, 38.148"
3483,아웃랜드,,지옥불 반도,지역 경계 직접,3483,간아그 일꾼 (19398),"679.262, 1822.740, 123.935","679.262, 1832.740, 123.935","679.262, 1812.740, 123.935",광기어린 지옥멧돼지 (16863),"-54.499, 2948.730, 21.942","-54.499, 2958.730, 21.942","-54.499, 2938.730, 21.942",새끼 돌낫 바위갈퀴 (16927),"-562.162, 3606.670, 29.422","-562.162, 3616.670, 29.422","-562.162, 3596.670, 29.422"
3484,아웃랜드,영원노래 숲,태양 첨탑,상위지역 경계 대체,3430,광포한 용매 (15650),"9142.090, -7087.640, 24.552","9142.090, -7077.640, 24.552","9142.090, -7097.640, 24.552",성난비늘멀록 채집꾼 (15670),"9177.520, -5871.640, 4.845","9177.520, -5861.640, 4.845","9177.520, -5881.640, 4.845",긴발톱 갈기발 스라소니 (15651),"9380.260, -6671.180, 38.148","9380.260, -6661.180, 38.148","9380.260, -6681.180, 38.148"
3485,아웃랜드,영원노래 숲,팔스리엔 마법학회,상위지역 경계 대체,3430,광포한 용매 (15650),"9142.090, -7087.640, 24.552","9142.090, -7077.640, 24.552","9142.090, -7097.640, 24.552",성난비늘멀록 채집꾼 (15670),"9177.520, -5871.640, 4.845","9177.520, -5861.640, 4.845","9177.520, -5881.640, 4.845",긴발톱 갈기발 스라소니 (15651),"9380.260, -6671.180, 38.148","9380.260, -6661.180, 38.148","9380.260, -6681.180, 38.148"
3486,동부 왕국,알터랙 산맥,라벤홀트 장원,상위지역 경계 대체,36,무쇠턱거북 (2408),"838.392, -88.203, 35.664","838.392, -78.203, 35.664","838.392, -98.203, 35.664",썩은지느러미멀록 술사 (1909),"1175.480, 274.852, 27.072","1175.480, 284.852, 27.072","1175.480, 264.852, 27.072",산사태 오우거 (2252),"515.574, -620.737, 170.678","515.574, -610.737, 170.678","515.574, -630.737, 170.678"
3487,아웃랜드,,실버문,지역 경계 직접,3487,버림받은 엘프 (15644),"9820.900, -6852.160, 17.957","9820.900, -6842.160, 17.957","9820.900, -6862.160, 17.957",저주받은 기사 화염 (23686),"9537.310, -6859.920, 26.944","9537.310, -6849.920, 26.944","9537.310, -6869.920, 26.944",비전 순찰자 (15638),"9758.310, -6852.840, 19.123","9758.310, -6842.840, 19.123","9758.310, -6862.840, 19.123"
3488,아웃랜드,유령의 땅,트랜퀼리엔,상위지역 경계 대체,3433,흡혈 안개박쥐 (16354),"7133.710, -6917.990, 50.834","7133.710, -6907.990, 50.834","7133.710, -6927.990, 50.834",네루비스 경비병 (16313),"7881.990, -7250.480, 134.222","7881.990, -7240.480, 134.222","7881.990, -7260.480, 134.222",거대한 물레그물 거미 (16352),"6968.370, -6953.110, 51.542","6968.370, -6943.110, 51.542","6968.370, -6963.110, 51.542"
3489,아웃랜드,유령의 땅,태양왕관 마을,상위지역 경계 대체,3433,흡혈 안개박쥐 (16354),"7133.710, -6917.990, 50.834","7133.710, -6907.990, 50.834","7133.710, -6927.990, 50.834",네루비스 경비병 (16313),"7881.990, -7250.480, 134.222","7881.990, -7240.480, 134.222","7881.990, -7260.480, 134.222",거대한 물레그물 거미 (16352),"6968.370, -6953.110, 51.542","6968.370, -6943.110, 51.542","6968.370, -6963.110, 51.542"
3490,아웃랜드,유령의 땅,황금안개 마을,상위지역 경계 대체,3433,흡혈 안개박쥐 (16354),"7133.710, -6917.990, 50.834","7133.710, -6907.990, 50.834","7133.710, -6927.990, 50.834",네루비스 경비병 (16313),"7881.990, -7250.480, 134.222","7881.990, -7240.480, 134.222","7881.990, -7260.480, 134.222",거대한 물레그물 거미 (16352),"6968.370, -6953.110, 51.542","6968.370, -6943.110, 51.542","6968.370, -6963.110, 51.542"
3491,아웃랜드,유령의 땅,윈드러너 마을,상위지역 경계 대체,3433,흡혈 안개박쥐 (16354),"7133.710, -6917.990, 50.834","7133.710, -6907.990, 50.834","7133.710, -6927.990, 50.834",네루비스 경비병 (16313),"7881.990, -7250.480, 134.222","7881.990, -7240.480, 134.222","7881.990, -7260.480, 134.222",거대한 물레그물 거미 (16352),"6968.370, -6953.110, 51.542","6968.370, -6943.110, 51.542","6968.370, -6963.110, 51.542"
3492,아웃랜드,유령의 땅,윈드러너 첨탑,상위지역 경계 대체,3433,흡혈 안개박쥐 (16354),"7133.710, -6917.990, 50.834","7133.710, -6907.990, 50.834","7133.710, -6927.990, 50.834",네루비스 경비병 (16313),"7881.990, -7250.480, 134.222","7881.990, -7240.480, 134.222","7881.990, -7260.480, 134.222",거대한 물레그물 거미 (16352),"6968.370, -6953.110, 51.542","6968.370, -6943.110, 51.542","6968.370, -6963.110, 51.542"
3493,아웃랜드,유령의 땅,태양의 성소,상위지역 경계 대체,3433,흡혈 안개박쥐 (16354),"7133.710, -6917.990, 50.834","7133.710, -6907.990, 50.834","7133.710, -6927.990, 50.834",네루비스 경비병 (16313),"7881.990, -7250.480, 134.222","7881.990, -7240.480, 134.222","7881.990, -7260.480, 134.222",거대한 물레그물 거미 (16352),"6968.370, -6953.110, 51.542","6968.370, -6943.110, 51.542","6968.370, -6963.110, 51.542"
3494,아웃랜드,유령의 땅,달의 성소,상위지역 경계 대체,3433,흡혈 안개박쥐 (16354),"7133.710, -6917.990, 50.834","7133.710, -6907.990, 50.834","7133.710, -6927.990, 50.834",네루비스 경비병 (16313),"7881.990, -7250.480, 134.222","7881.990, -7240.480, 134.222","7881.990, -7260.480, 134.222",거대한 물레그물 거미 (16352),"6968.370, -6953.110, 51.542","6968.370, -6943.110, 51.542","6968.370, -6963.110, 51.542"
3495,아웃랜드,유령의 땅,돈스타 첨탑,상위지역 경계 대체,3433,흡혈 안개박쥐 (16354),"7133.710, -6917.990, 50.834","7133.710, -6907.990, 50.834","7133.710, -6927.990, 50.834",네루비스 경비병 (16313),"7881.990, -7250.480, 134.222","7881.990, -7240.480, 134.222","7881.990, -7260.480, 134.222",거대한 물레그물 거미 (16352),"6968.370, -6953.110, 51.542","6968.370, -6943.110, 51.542","6968.370, -6963.110, 51.542"
3496,아웃랜드,유령의 땅,원정순찰대 초소,상위지역 경계 대체,3433,흡혈 안개박쥐 (16354),"7133.710, -6917.990, 50.834","7133.710, -6907.990, 50.834","7133.710, -6927.990, 50.834",네루비스 경비병 (16313),"7881.990, -7250.480, 134.222","7881.990, -7240.480, 134.222","7881.990, -7260.480, 134.222",거대한 물레그물 거미 (16352),"6968.370, -6953.110, 51.542","6968.370, -6943.110, 51.542","6968.370, -6963.110, 51.542"
3497,아웃랜드,유령의 땅,안다로스,상위지역 경계 대체,3433,흡혈 안개박쥐 (16354),"7133.710, -6917.990, 50.834","7133.710, -6907.990, 50.834","7133.710, -6927.990, 50.834",네루비스 경비병 (16313),"7881.990, -7250.480, 134.222","7881.990, -7240.480, 134.222","7881.990, -7260.480, 134.222",거대한 물레그물 거미 (16352),"6968.370, -6953.110, 51.542","6968.370, -6943.110, 51.542","6968.370, -6963.110, 51.542"
3498,아웃랜드,유령의 땅,안텔라스,상위지역 경계 대체,3433,흡혈 안개박쥐 (16354),"7133.710, -6917.990, 50.834","7133.710, -6907.990, 50.834","7133.710, -6927.990, 50.834",네루비스 경비병 (16313),"7881.990, -7250.480, 134.222","7881.990, -7240.480, 134.222","7881.990, -7260.480, 134.222",거대한 물레그물 거미 (16352),"6968.370, -6953.110, 51.542","6968.370, -6943.110, 51.542","6968.370, -6963.110, 51.542"
3499,아웃랜드,유령의 땅,안오윈,상위지역 경계 대체,3433,흡혈 안개박쥐 (16354),"7133.710, -6917.990, 50.834","7133.710, -6907.990, 50.834","7133.710, -6927.990, 50.834",네루비스 경비병 (16313),"7881.990, -7250.480, 134.222","7881.990, -7240.480, 134.222","7881.990, -7260.480, 134.222",거대한 물레그물 거미 (16352),"6968.370, -6953.110, 51.542","6968.370, -6943.110, 51.542","6968.370, -6963.110, 51.542"
3500,아웃랜드,유령의 땅,데솔름,상위지역 경계 대체,3433,흡혈 안개박쥐 (16354),"7133.710, -6917.990, 50.834","7133.710, -6907.990, 50.834","7133.710, -6927.990, 50.834",네루비스 경비병 (16313),"7881.990, -7250.480, 134.222","7881.990, -7240.480, 134.222","7881.990, -7260.480, 134.222",거대한 물레그물 거미 (16352),"6968.370, -6953.110, 51.542","6968.370, -6943.110, 51.542","6968.370, -6963.110, 51.542"
3501,아웃랜드,유령의 땅,피투성이 지구라트,상위지역 경계 대체,3433,흡혈 안개박쥐 (16354),"7133.710, -6917.990, 50.834","7133.710, -6907.990, 50.834","7133.710, -6927.990, 50.834",네루비스 경비병 (16313),"7881.990, -7250.480, 134.222","7881.990, -7240.480, 134.222","7881.990, -7260.480, 134.222",거대한 물레그물 거미 (16352),"6968.370, -6953.110, 51.542","6968.370, -6943.110, 51.542","6968.370, -6963.110, 51.542"
3502,아웃랜드,유령의 땅,울부짖는 지구라트,상위지역 경계 대체,3433,흡혈 안개박쥐 (16354),"7133.710, -6917.990, 50.834","7133.710, -6907.990, 50.834","7133.710, -6927.990, 50.834",네루비스 경비병 (16313),"7881.990, -7250.480, 134.222","7881.990, -7240.480, 134.222","7881.990, -7260.480, 134.222",거대한 물레그물 거미 (16352),"6968.370, -6953.110, 51.542","6968.370, -6943.110, 51.542","6968.370, -6963.110, 51.542"
3503,아웃랜드,유령의 땅,샬란디스 섬,상위지역 경계 대체,3433,흡혈 안개박쥐 (16354),"7133.710, -6917.990, 50.834","7133.710, -6907.990, 50.834","7133.710, -6927.990, 50.834",네루비스 경비병 (16313),"7881.990, -7250.480, 134.222","7881.990, -7240.480, 134.222","7881.990, -7260.480, 134.222",거대한 물레그물 거미 (16352),"6968.370, -6953.110, 51.542","6968.370, -6943.110, 51.542","6968.370, -6963.110, 51.542"
3504,아웃랜드,유령의 땅,토릴 영지,상위지역 경계 대체,3433,흡혈 안개박쥐 (16354),"7133.710, -6917.990, 50.834","7133.710, -6907.990, 50.834","7133.710, -6927.990, 50.834",네루비스 경비병 (16313),"7881.990, -7250.480, 134.222","7881.990, -7240.480, 134.222","7881.990, -7260.480, 134.222",거대한 물레그물 거미 (16352),"6968.370, -6953.110, 51.542","6968.370, -6943.110, 51.542","6968.370, -6963.110, 51.542"
3505,아웃랜드,유령의 땅,미명 광산,상위지역 경계 대체,3433,흡혈 안개박쥐 (16354),"7133.710, -6917.990, 50.834","7133.710, -6907.990, 50.834","7133.710, -6927.990, 50.834",네루비스 경비병 (16313),"7881.990, -7250.480, 134.222","7881.990, -7240.480, 134.222","7881.990, -7260.480, 134.222",거대한 물레그물 거미 (16352),"6968.370, -6953.110, 51.542","6968.370, -6943.110, 51.542","6968.370, -6963.110, 51.542"
3506,아웃랜드,유령의 땅,안딜리엔 영지,상위지역 경계 대체,3433,흡혈 안개박쥐 (16354),"7133.710, -6917.990, 50.834","7133.710, -6907.990, 50.834","7133.710, -6927.990, 50.834",네루비스 경비병 (16313),"7881.990, -7250.480, 134.222","7881.990, -7240.480, 134.222","7881.990, -7260.480, 134.222",거대한 물레그물 거미 (16352),"6968.370, -6953.110, 51.542","6968.370, -6943.110, 51.542","6968.370, -6963.110, 51.542"
3507,아웃랜드,유령의 땅,도끼 언덕,상위지역 경계 대체,3433,흡혈 안개박쥐 (16354),"7133.710, -6917.990, 50.834","7133.710, -6907.990, 50.834","7133.710, -6927.990, 50.834",네루비스 경비병 (16313),"7881.990, -7250.480, 134.222","7881.990, -7240.480, 134.222","7881.990, -7260.480, 134.222",거대한 물레그물 거미 (16352),"6968.370, -6953.110, 51.542","6968.370, -6943.110, 51.542","6968.370, -6963.110, 51.542"
3508,아웃랜드,유령의 땅,아마니 고개,상위지역 경계 대체,3433,흡혈 안개박쥐 (16354),"7133.710, -6917.990, 50.834","7133.710, -6907.990, 50.834","7133.710, -6927.990, 50.834",네루비스 경비병 (16313),"7881.990, -7250.480, 134.222","7881.990, -7240.480, 134.222","7881.990, -7260.480, 134.222",거대한 물레그물 거미 (16352),"6968.370, -6953.110, 51.542","6968.370, -6943.110, 51.542","6968.370, -6963.110, 51.542"
3509,아웃랜드,유령의 땅,해넘이 봉우리,상위지역 경계 대체,3433,흡혈 안개박쥐 (16354),"7133.710, -6917.990, 50.834","7133.710, -6907.990, 50.834","7133.710, -6927.990, 50.834",네루비스 경비병 (16313),"7881.990, -7250.480, 134.222","7881.990, -7240.480, 134.222","7881.990, -7260.480, 134.222",거대한 물레그물 거미 (16352),"6968.370, -6953.110, 51.542","6968.370, -6943.110, 51.542","6968.370, -6963.110, 51.542"
3510,아웃랜드,유령의 땅,아마니 지하묘지,상위지역 경계 대체,3433,흡혈 안개박쥐 (16354),"7133.710, -6917.990, 50.834","7133.710, -6907.990, 50.834","7133.710, -6927.990, 50.834",네루비스 경비병 (16313),"7881.990, -7250.480, 134.222","7881.990, -7240.480, 134.222","7881.990, -7260.480, 134.222",거대한 물레그물 거미 (16352),"6968.370, -6953.110, 51.542","6968.370, -6943.110, 51.542","6968.370, -6963.110, 51.542"
3511,아웃랜드,유령의 땅,저주받은 자의 탑,상위지역 경계 대체,3433,흡혈 안개박쥐 (16354),"7133.710, -6917.990, 50.834","7133.710, -6907.990, 50.834","7133.710, -6927.990, 50.834",네루비스 경비병 (16313),"7881.990, -7250.480, 134.222","7881.990, -7240.480, 134.222","7881.990, -7260.480, 134.222",거대한 물레그물 거미 (16352),"6968.370, -6953.110, 51.542","6968.370, -6943.110, 51.542","6968.370, -6963.110, 51.542"
3512,아웃랜드,유령의 땅,제브소라,상위지역 경계 대체,3433,흡혈 안개박쥐 (16354),"7133.710, -6917.990, 50.834","7133.710, -6907.990, 50.834","7133.710, -6927.990, 50.834",네루비스 경비병 (16313),"7881.990, -7250.480, 134.222","7881.990, -7240.480, 134.222","7881.990, -7260.480, 134.222",거대한 물레그물 거미 (16352),"6968.370, -6953.110, 51.542","6968.370, -6943.110, 51.542","6968.370, -6963.110, 51.542"
3513,아웃랜드,유령의 땅,엘렌다르 호수,상위지역 경계 대체,3433,흡혈 안개박쥐 (16354),"7133.710, -6917.990, 50.834","7133.710, -6907.990, 50.834","7133.710, -6927.990, 50.834",네루비스 경비병 (16313),"7881.990, -7250.480, 134.222","7881.990, -7240.480, 134.222","7881.990, -7260.480, 134.222",거대한 물레그물 거미 (16352),"6968.370, -6953.110, 51.542","6968.370, -6943.110, 51.542","6968.370, -6963.110, 51.542"
3514,아웃랜드,유령의 땅,죽음의 흉터,상위지역 경계 대체,3433,흡혈 안개박쥐 (16354),"7133.710, -6917.990, 50.834","7133.710, -6907.990, 50.834","7133.710, -6927.990, 50.834",네루비스 경비병 (16313),"7881.990, -7250.480, 134.222","7881.990, -7240.480, 134.222","7881.990, -7260.480, 134.222",거대한 물레그물 거미 (16352),"6968.370, -6953.110, 51.542","6968.370, -6943.110, 51.542","6968.370, -6963.110, 51.542"
3515,아웃랜드,유령의 땅,엘렌다르 강,상위지역 경계 대체,3433,흡혈 안개박쥐 (16354),"7133.710, -6917.990, 50.834","7133.710, -6907.990, 50.834","7133.710, -6927.990, 50.834",네루비스 경비병 (16313),"7881.990, -7250.480, 134.222","7881.990, -7240.480, 134.222","7881.990, -7260.480, 134.222",거대한 물레그물 거미 (16352),"6968.370, -6953.110, 51.542","6968.370, -6943.110, 51.542","6968.370, -6963.110, 51.542"
3516,아웃랜드,유령의 땅,제브텔라,상위지역 경계 대체,3433,흡혈 안개박쥐 (16354),"7133.710, -6917.990, 50.834","7133.710, -6907.990, 50.834","7133.710, -6927.990, 50.834",네루비스 경비병 (16313),"7881.990, -7250.480, 134.222","7881.990, -7240.480, 134.222","7881.990, -7260.480, 134.222",거대한 물레그물 거미 (16352),"6968.370, -6953.110, 51.542","6968.370, -6943.110, 51.542","6968.370, -6963.110, 51.542"
3517,아웃랜드,유령의 땅,제브노와,상위지역 경계 대체,3433,흡혈 안개박쥐 (16354),"7133.710, -6917.990, 50.834","7133.710, -6907.990, 50.834","7133.710, -6927.990, 50.834",네루비스 경비병 (16313),"7881.990, -7250.480, 134.222","7881.990, -7240.480, 134.222","7881.990, -7260.480, 134.222",거대한 물레그물 거미 (16352),"6968.370, -6953.110, 51.542","6968.370, -6943.110, 51.542","6968.370, -6963.110, 51.542"
3518,아웃랜드,,나그란드,지역 경계 직접,3518,가시먹이 탈부크 (17131),"-1752.870, 7511.080, -8.561","-1752.870, 7521.080, -8.561","-1752.870, 7501.080, -8.561",줄무늬 탈부크 (17130),"-1807.370, 6928.020, -38.603","-1807.370, 6938.020, -38.603","-1807.370, 6918.020, -38.603",갈래발굽 (18205),"-1801.260, 7089.440, -21.895","-1801.260, 7099.440, -21.895","-1801.260, 7079.440, -21.895"
3519,아웃랜드,,테로카르 숲,지역 경계 직접,3519,줄무늬 탈부크 (17130),"-2629.180, 6075.020, 43.172","-2629.180, 6085.020, 43.172","-2629.180, 6065.020, 43.172",어둠달부족 척후병 (21749),"-3012.500, 2751.900, 71.382","-3012.500, 2761.900, 71.382","-3012.500, 2741.900, 71.382",와일드해머 파수병 (21736),"-3843.340, 2325.270, 133.095","-3843.340, 2335.270, 133.095","-3843.340, 2315.270, 133.095"
3520,아웃랜드,,어둠달 골짜기,지역 경계 직접,3520,용아귀부족 일꾼 (22252),"-4898.900, 741.277, 64.639","-4898.900, 751.277, 64.639","-4898.900, 731.277, 64.639",어둠달부족 척후병 (21749),"-3253.000, 2319.520, 63.046","-3253.000, 2329.520, 63.046","-3253.000, 2309.520, 63.046",와일드해머 파수병 (21736),"-3782.320, 1916.500, 97.803","-3782.320, 1926.500, 97.803","-3782.320, 1906.500, 97.803"
3521,아웃랜드,,장가르 습지대,지역 경계 직접,3521,흙지느러미 프렌지 (18212),"347.457, 6980.590, -2.406","347.457, 6990.590, -2.406","347.457, 6970.590, -2.406",가시먹이 탈부크 (17131),"-710.857, 7118.450, 46.117","-710.857, 7128.450, 46.117","-710.857, 7108.450, 46.117",늪지대 가스 (17378),"18.561, 6916.930, 19.185","18.561, 6926.930, 19.185","18.561, 6906.930, 19.185"
3522,아웃랜드,,칼날 산맥,지역 경계 직접,3522,성난태양 지질학자 (19779),"2756.320, 4208.450, 183.803","2756.320, 4218.450, 183.803","2756.320, 4198.450, 183.803",고룡교단 밀렵꾼 (21809),"3140.050, 6237.660, 124.848","3140.050, 6247.660, 124.848","3140.050, 6227.660, 124.848",에테르 가오리 (22181),"2490.000, 7043.620, 366.056","2490.000, 7053.620, 366.056","2490.000, 7033.620, 366.056"
3523,아웃랜드,,황천의 폭풍,지역 경계 직접,3523,월드 트리거 (15384),"3633.440, 2399.540, 80.041","3633.440, 2409.540, 80.041","3633.440, 2389.540, 80.041",황천의 야수 (19731),"3027.130, 2401.880, 135.201","3027.130, 2411.880, 135.201","3027.130, 2391.880, 135.201",파랄론 덩굴손 (20774),"3968.680, 2847.750, 117.937","3968.680, 2857.750, 117.937","3968.680, 2837.750, 117.937"
3524,아웃랜드,,하늘안개 섬,지역 경계 직접,3524,땅거미게 (17216),"-4026.500, -12945.500, -2.188","-4026.500, -12935.500, -2.188","-4026.500, -12955.500, -2.188",달새김 순록 (17201),"-4054.310, -12565.300, 42.189","-4054.310, -12555.300, 42.189","-4054.310, -12575.300, 42.189",달새김 사슴 (17200),"-4112.050, -12656.900, 27.304","-4112.050, -12646.900, 27.304","-4112.050, -12666.900, 27.304"
3525,아웃랜드,,핏빛안개 섬,지역 경계 직접,3525,엉겅퀴 덩굴손 (17343),"-1810.340, -11764.700, 31.863","-1810.340, -11754.700, 31.863","-1810.340, -11774.700, 31.863",사나운 갈퀴발톱 (17527),"-1807.060, -11268.300, 59.628","-1807.060, -11258.300, 59.628","-1807.060, -11278.300, 59.628",새끼 핏빛안개 갈퀴발톱 (17525),"-2517.940, -11990.100, 25.615","-2517.940, -11980.100, 25.615","-2517.940, -12000.100, 25.615"
3526,아웃랜드,하늘안개 섬,암멘 골짜기,상위지역 경계 대체,3524,땅거미게 (17216),"-4026.500, -12945.500, -2.188","-4026.500, -12935.500, -2.188","-4026.500, -12955.500, -2.188",달새김 순록 (17201),"-4054.310, -12565.300, 42.189","-4054.310, -12555.300, 42.189","-4054.310, -12575.300, 42.189",달새김 사슴 (17200),"-4112.050, -12656.900, 27.304","-4112.050, -12646.900, 27.304","-4112.050, -12666.900, 27.304"
3527,아웃랜드,하늘안개 섬,추락 지점,상위지역 경계 대체,3524,땅거미게 (17216),"-4026.500, -12945.500, -2.188","-4026.500, -12935.500, -2.188","-4026.500, -12955.500, -2.188",달새김 순록 (17201),"-4054.310, -12565.300, 42.189","-4054.310, -12555.300, 42.189","-4054.310, -12575.300, 42.189",달새김 사슴 (17200),"-4112.050, -12656.900, 27.304","-4112.050, -12646.900, 27.304","-4112.050, -12666.900, 27.304"
3528,아웃랜드,하늘안개 섬,희망의 호수,상위지역 경계 대체,3524,땅거미게 (17216),"-4026.500, -12945.500, -2.188","-4026.500, -12935.500, -2.188","-4026.500, -12955.500, -2.188",달새김 순록 (17201),"-4054.310, -12565.300, 42.189","-4054.310, -12555.300, 42.189","-4054.310, -12575.300, 42.189",달새김 사슴 (17200),"-4112.050, -12656.900, 27.304","-4112.050, -12646.900, 27.304","-4112.050, -12666.900, 27.304"
3529,아웃랜드,하늘안개 섬,다닥나무 숲,상위지역 경계 대체,3524,땅거미게 (17216),"-4026.500, -12945.500, -2.188","-4026.500, -12935.500, -2.188","-4026.500, -12955.500, -2.188",달새김 순록 (17201),"-4054.310, -12565.300, 42.189","-4054.310, -12555.300, 42.189","-4054.310, -12575.300, 42.189",달새김 사슴 (17200),"-4112.050, -12656.900, 27.304","-4112.050, -12646.900, 27.304","-4112.050, -12666.900, 27.304"
3530,아웃랜드,하늘안개 섬,어둠 마루,상위지역 경계 대체,3524,땅거미게 (17216),"-4026.500, -12945.500, -2.188","-4026.500, -12935.500, -2.188","-4026.500, -12955.500, -2.188",달새김 순록 (17201),"-4054.310, -12565.300, 42.189","-4054.310, -12555.300, 42.189","-4054.310, -12575.300, 42.189",달새김 사슴 (17200),"-4112.050, -12656.900, 27.304","-4112.050, -12646.900, 27.304","-4112.050, -12666.900, 27.304"
3531,아웃랜드,영원노래 숲,위험한 거리,상위지역 경계 대체,3430,광포한 용매 (15650),"9142.090, -7087.640, 24.552","9142.090, -7077.640, 24.552","9142.090, -7097.640, 24.552",성난비늘멀록 채집꾼 (15670),"9177.520, -5871.640, 4.845","9177.520, -5861.640, 4.845","9177.520, -5881.640, 4.845",긴발톱 갈기발 스라소니 (15651),"9380.260, -6671.180, 38.148","9380.260, -6661.180, 38.148","9380.260, -6681.180, 38.148"
3532,아웃랜드,영원노래 숲,새벽길,상위지역 경계 대체,3430,광포한 용매 (15650),"9142.090, -7087.640, 24.552","9142.090, -7077.640, 24.552","9142.090, -7097.640, 24.552",성난비늘멀록 채집꾼 (15670),"9177.520, -5871.640, 4.845","9177.520, -5861.640, 4.845","9177.520, -5881.640, 4.845",긴발톱 갈기발 스라소니 (15651),"9380.260, -6671.180, 38.148","9380.260, -6661.180, 38.148","9380.260, -6681.180, 38.148"
3533,아웃랜드,영원노래 숲,실버문 폐허,상위지역 경계 대체,3430,광포한 용매 (15650),"9142.090, -7087.640, 24.552","9142.090, -7077.640, 24.552","9142.090, -7097.640, 24.552",성난비늘멀록 채집꾼 (15670),"9177.520, -5871.640, 4.845","9177.520, -5861.640, 4.845","9177.520, -5881.640, 4.845",긴발톱 갈기발 스라소니 (15651),"9380.260, -6671.180, 38.148","9380.260, -6661.180, 38.148","9380.260, -6681.180, 38.148"
3534,아웃랜드,영원노래 숲,페스의 길,상위지역 경계 대체,3430,광포한 용매 (15650),"9142.090, -7087.640, 24.552","9142.090, -7077.640, 24.552","9142.090, -7097.640, 24.552",성난비늘멀록 채집꾼 (15670),"9177.520, -5871.640, 4.845","9177.520, -5861.640, 4.845","9177.520, -5881.640, 4.845",긴발톱 갈기발 스라소니 (15651),"9380.260, -6671.180, 38.148","9380.260, -6661.180, 38.148","9380.260, -6681.180, 38.148"
3536,아웃랜드,지옥불 반도,스랄마,상위지역 경계 대체,3483,간아그 일꾼 (19398),"679.262, 1822.740, 123.935","679.262, 1832.740, 123.935","679.262, 1812.740, 123.935",광기어린 지옥멧돼지 (16863),"-54.499, 2948.730, 21.942","-54.499, 2958.730, 21.942","-54.499, 2938.730, 21.942",새끼 돌낫 바위갈퀴 (16927),"-562.162, 3606.670, 29.422","-562.162, 3616.670, 29.422","-562.162, 3596.670, 29.422"
3537,노스렌드,,북풍의 땅,지역 경계 직접,3537,습지대 순록 (25680),"2808.650, 5416.670, 61.032","2808.650, 5426.670, 61.032","2808.650, 5406.670, 61.032",새끼 털북숭이 코뿔소 (25488),"3262.210, 5892.360, 92.588","3262.210, 5902.360, 92.588","3262.210, 5882.360, 92.588",새끼 매머드 (24613),"3297.080, 5451.910, 54.287","3297.080, 5461.910, 54.287","3297.080, 5441.910, 54.287"
3538,아웃랜드,지옥불 반도,명예의 요새,상위지역 경계 대체,3483,간아그 일꾼 (19398),"679.262, 1822.740, 123.935","679.262, 1832.740, 123.935","679.262, 1812.740, 123.935",광기어린 지옥멧돼지 (16863),"-54.499, 2948.730, 21.942","-54.499, 2958.730, 21.942","-54.499, 2938.730, 21.942",새끼 돌낫 바위갈퀴 (16927),"-562.162, 3606.670, 29.422","-562.162, 3616.670, 29.422","-562.162, 3596.670, 29.422"
3539,아웃랜드,지옥불 반도,운명의 계단,상위지역 경계 대체,3483,간아그 일꾼 (19398),"679.262, 1822.740, 123.935","679.262, 1832.740, 123.935","679.262, 1812.740, 123.935",광기어린 지옥멧돼지 (16863),"-54.499, 2948.730, 21.942","-54.499, 2958.730, 21.942","-54.499, 2938.730, 21.942",새끼 돌낫 바위갈퀴 (16927),"-562.162, 3606.670, 29.422","-562.162, 3616.670, 29.422","-562.162, 3596.670, 29.422"
3540,아웃랜드,,뒤틀린 황천,없음,,없음,,,,없음,,,,없음,,,
3541,아웃랜드,지옥불 반도,멸망의 괴철로 기지,상위지역 경계 대체,3483,간아그 일꾼 (19398),"679.262, 1822.740, 123.935","679.262, 1832.740, 123.935","679.262, 1812.740, 123.935",광기어린 지옥멧돼지 (16863),"-54.499, 2948.730, 21.942","-54.499, 2958.730, 21.942","-54.499, 2938.730, 21.942",새끼 돌낫 바위갈퀴 (16927),"-562.162, 3606.670, 29.422","-562.162, 3616.670, 29.422","-562.162, 3596.670, 29.422"
3542,아웃랜드,지옥불 반도,영광의 길,상위지역 경계 대체,3483,간아그 일꾼 (19398),"679.262, 1822.740, 123.935","679.262, 1832.740, 123.935","679.262, 1812.740, 123.935",광기어린 지옥멧돼지 (16863),"-54.499, 2948.730, 21.942","-54.499, 2958.730, 21.942","-54.499, 2938.730, 21.942",새끼 돌낫 바위갈퀴 (16927),"-562.162, 3606.670, 29.422","-562.162, 3616.670, 29.422","-562.162, 3596.670, 29.422"
3543,아웃랜드,지옥불 반도,거대한 균열,상위지역 경계 대체,3483,간아그 일꾼 (19398),"679.262, 1822.740, 123.935","679.262, 1832.740, 123.935","679.262, 1812.740, 123.935",광기어린 지옥멧돼지 (16863),"-54.499, 2948.730, 21.942","-54.499, 2958.730, 21.942","-54.499, 2938.730, 21.942",새끼 돌낫 바위갈퀴 (16927),"-562.162, 3606.670, 29.422","-562.162, 3616.670, 29.422","-562.162, 3596.670, 29.422"
3544,아웃랜드,지옥불 반도,수정 들판,상위지역 경계 대체,3483,간아그 일꾼 (19398),"679.262, 1822.740, 123.935","679.262, 1832.740, 123.935","679.262, 1812.740, 123.935",광기어린 지옥멧돼지 (16863),"-54.499, 2948.730, 21.942","-54.499, 2958.730, 21.942","-54.499, 2938.730, 21.942",새끼 돌낫 바위갈퀴 (16927),"-562.162, 3606.670, 29.422","-562.162, 3616.670, 29.422","-562.162, 3596.670, 29.422"
3545,아웃랜드,지옥불 반도,지옥불 성채,상위지역 경계 대체,3483,간아그 일꾼 (19398),"679.262, 1822.740, 123.935","679.262, 1832.740, 123.935","679.262, 1812.740, 123.935",광기어린 지옥멧돼지 (16863),"-54.499, 2948.730, 21.942","-54.499, 2958.730, 21.942","-54.499, 2938.730, 21.942",새끼 돌낫 바위갈퀴 (16927),"-562.162, 3606.670, 29.422","-562.162, 3616.670, 29.422","-562.162, 3596.670, 29.422"
3546,아웃랜드,지옥불 반도,원정대 무기고,상위지역 경계 대체,3483,간아그 일꾼 (19398),"679.262, 1822.740, 123.935","679.262, 1832.740, 123.935","679.262, 1812.740, 123.935",광기어린 지옥멧돼지 (16863),"-54.499, 2948.730, 21.942","-54.499, 2958.730, 21.942","-54.499, 2938.730, 21.942",새끼 돌낫 바위갈퀴 (16927),"-562.162, 3606.670, 29.422","-562.162, 3616.670, 29.422","-562.162, 3596.670, 29.422"
3547,아웃랜드,지옥불 반도,킬제덴의 옥좌,상위지역 경계 대체,3483,간아그 일꾼 (19398),"679.262, 1822.740, 123.935","679.262, 1832.740, 123.935","679.262, 1812.740, 123.935",광기어린 지옥멧돼지 (16863),"-54.499, 2948.730, 21.942","-54.499, 2958.730, 21.942","-54.499, 2938.730, 21.942",새끼 돌낫 바위갈퀴 (16927),"-562.162, 3606.670, 29.422","-562.162, 3616.670, 29.422","-562.162, 3596.670, 29.422"
3548,아웃랜드,지옥불 반도,분노의 괴철로 기지,상위지역 경계 대체,3483,간아그 일꾼 (19398),"679.262, 1822.740, 123.935","679.262, 1832.740, 123.935","679.262, 1812.740, 123.935",광기어린 지옥멧돼지 (16863),"-54.499, 2948.730, 21.942","-54.499, 2958.730, 21.942","-54.499, 2938.730, 21.942",새끼 돌낫 바위갈퀴 (16927),"-562.162, 3606.670, 29.422","-562.162, 3616.670, 29.422","-562.162, 3596.670, 29.422"
3549,아웃랜드,지옥불 반도,파멸자의 침공 거점,상위지역 경계 대체,3483,간아그 일꾼 (19398),"679.262, 1822.740, 123.935","679.262, 1832.740, 123.935","679.262, 1812.740, 123.935",광기어린 지옥멧돼지 (16863),"-54.499, 2948.730, 21.942","-54.499, 2958.730, 21.942","-54.499, 2938.730, 21.942",새끼 돌낫 바위갈퀴 (16927),"-562.162, 3606.670, 29.422","-562.162, 3616.670, 29.422","-562.162, 3596.670, 29.422"
3550,아웃랜드,지옥불 반도,보룬 폐허,상위지역 경계 대체,3483,간아그 일꾼 (19398),"679.262, 1822.740, 123.935","679.262, 1832.740, 123.935","679.262, 1812.740, 123.935",광기어린 지옥멧돼지 (16863),"-54.499, 2948.730, 21.942","-54.499, 2958.730, 21.942","-54.499, 2938.730, 21.942",새끼 돌낫 바위갈퀴 (16927),"-562.162, 3606.670, 29.422","-562.162, 3616.670, 29.422","-562.162, 3596.670, 29.422"
3551,아웃랜드,지옥불 반도,샤나르 폐허,상위지역 경계 대체,3483,간아그 일꾼 (19398),"679.262, 1822.740, 123.935","679.262, 1832.740, 123.935","679.262, 1812.740, 123.935",광기어린 지옥멧돼지 (16863),"-54.499, 2948.730, 21.942","-54.499, 2958.730, 21.942","-54.499, 2938.730, 21.942",새끼 돌낫 바위갈퀴 (16927),"-562.162, 3606.670, 29.422","-562.162, 3616.670, 29.422","-562.162, 3596.670, 29.422"
3552,아웃랜드,지옥불 반도,텔하마트 사원,상위지역 경계 대체,3483,간아그 일꾼 (19398),"679.262, 1822.740, 123.935","679.262, 1832.740, 123.935","679.262, 1812.740, 123.935",광기어린 지옥멧돼지 (16863),"-54.499, 2948.730, 21.942","-54.499, 2958.730, 21.942","-54.499, 2938.730, 21.942",새끼 돌낫 바위갈퀴 (16927),"-562.162, 3606.670, 29.422","-562.162, 3616.670, 29.422","-562.162, 3596.670, 29.422"
3553,아웃랜드,지옥불 반도,아고나르의 웅덩이,상위지역 경계 대체,3483,간아그 일꾼 (19398),"679.262, 1822.740, 123.935","679.262, 1832.740, 123.935","679.262, 1812.740, 123.935",광기어린 지옥멧돼지 (16863),"-54.499, 2948.730, 21.942","-54.499, 2958.730, 21.942","-54.499, 2938.730, 21.942",새끼 돌낫 바위갈퀴 (16927),"-562.162, 3606.670, 29.422","-562.162, 3616.670, 29.422","-562.162, 3596.670, 29.422"
3554,아웃랜드,지옥불 반도,매의 감시탑,상위지역 경계 대체,3483,간아그 일꾼 (19398),"679.262, 1822.740, 123.935","679.262, 1832.740, 123.935","679.262, 1812.740, 123.935",광기어린 지옥멧돼지 (16863),"-54.499, 2948.730, 21.942","-54.499, 2958.730, 21.942","-54.499, 2938.730, 21.942",새끼 돌낫 바위갈퀴 (16927),"-562.162, 3606.670, 29.422","-562.162, 3616.670, 29.422","-562.162, 3596.670, 29.422"
3555,아웃랜드,지옥불 반도,마그하르 거점,상위지역 경계 대체,3483,간아그 일꾼 (19398),"679.262, 1822.740, 123.935","679.262, 1832.740, 123.935","679.262, 1812.740, 123.935",광기어린 지옥멧돼지 (16863),"-54.499, 2948.730, 21.942","-54.499, 2958.730, 21.942","-54.499, 2938.730, 21.942",새끼 돌낫 바위갈퀴 (16927),"-562.162, 3606.670, 29.422","-562.162, 3616.670, 29.422","-562.162, 3596.670, 29.422"
3556,아웃랜드,지옥불 반도,하알에쉬 소굴,상위지역 경계 대체,3483,간아그 일꾼 (19398),"679.262, 1822.740, 123.935","679.262, 1832.740, 123.935","679.262, 1812.740, 123.935",광기어린 지옥멧돼지 (16863),"-54.499, 2948.730, 21.942","-54.499, 2958.730, 21.942","-54.499, 2938.730, 21.942",새끼 돌낫 바위갈퀴 (16927),"-562.162, 3606.670, 29.422","-562.162, 3616.670, 29.422","-562.162, 3596.670, 29.422"
3557,아웃랜드,,엑소다르,지역 경계 직접,3557,흑호 (17203),"-3771.760, -11861.400, 8.261","-3771.760, -11851.400, 8.261","-3771.760, -11871.400, 8.261",드레나이 축제 구경꾼 (23039),"-4004.880, -11858.200, 0.254","-4004.880, -11848.200, 0.254","-4004.880, -11868.200, 0.254",덩이줄기 덩굴손 (17197),"-3833.910, -11868.900, 3.416","-3833.910, -11858.900, 3.416","-3833.910, -11878.900, 3.416"
3558,아웃랜드,영원노래 숲,엘렌다르 폭포,상위지역 경계 대체,3430,광포한 용매 (15650),"9142.090, -7087.640, 24.552","9142.090, -7077.640, 24.552","9142.090, -7097.640, 24.552",성난비늘멀록 채집꾼 (15670),"9177.520, -5871.640, 4.845","9177.520, -5861.640, 4.845","9177.520, -5881.640, 4.845",긴발톱 갈기발 스라소니 (15651),"9380.260, -6671.180, 38.148","9380.260, -6661.180, 38.148","9380.260, -6681.180, 38.148"
3559,아웃랜드,하늘안개 섬,다닥나무 언덕,상위지역 경계 대체,3524,땅거미게 (17216),"-4026.500, -12945.500, -2.188","-4026.500, -12935.500, -2.188","-4026.500, -12955.500, -2.188",달새김 순록 (17201),"-4054.310, -12565.300, 42.189","-4054.310, -12555.300, 42.189","-4054.310, -12575.300, 42.189",달새김 사슴 (17200),"-4112.050, -12656.900, 27.304","-4112.050, -12646.900, 27.304","-4112.050, -12666.900, 27.304"
3560,아웃랜드,하늘안개 섬,암멘 들판,상위지역 경계 대체,3524,땅거미게 (17216),"-4026.500, -12945.500, -2.188","-4026.500, -12935.500, -2.188","-4026.500, -12955.500, -2.188",달새김 순록 (17201),"-4054.310, -12565.300, 42.189","-4054.310, -12555.300, 42.189","-4054.310, -12575.300, 42.189",달새김 사슴 (17200),"-4112.050, -12656.900, 27.304","-4112.050, -12646.900, 27.304","-4112.050, -12666.900, 27.304"
3561,아웃랜드,하늘안개 섬,신성한 숲,상위지역 경계 대체,3524,땅거미게 (17216),"-4026.500, -12945.500, -2.188","-4026.500, -12935.500, -2.188","-4026.500, -12955.500, -2.188",달새김 순록 (17201),"-4054.310, -12565.300, 42.189","-4054.310, -12555.300, 42.189","-4054.310, -12575.300, 42.189",달새김 사슴 (17200),"-4112.050, -12656.900, 27.304","-4112.050, -12646.900, 27.304","-4112.050, -12666.900, 27.304"
3564,아웃랜드,하늘안개 섬,잿불숲,상위지역 경계 대체,3524,땅거미게 (17216),"-4026.500, -12945.500, -2.188","-4026.500, -12935.500, -2.188","-4026.500, -12955.500, -2.188",달새김 순록 (17201),"-4054.310, -12565.300, 42.189","-4054.310, -12555.300, 42.189","-4054.310, -12575.300, 42.189",달새김 사슴 (17200),"-4112.050, -12656.900, 27.304","-4112.050, -12646.900, 27.304","-4112.050, -12666.900, 27.304"
3565,아웃랜드,장가르 습지대,세나리온 야영지,상위지역 경계 대체,3521,흙지느러미 프렌지 (18212),"347.457, 6980.590, -2.406","347.457, 6990.590, -2.406","347.457, 6970.590, -2.406",가시먹이 탈부크 (17131),"-710.857, 7118.450, 46.117","-710.857, 7128.450, 46.117","-710.857, 7108.450, 46.117",늪지대 가스 (17378),"18.561, 6916.930, 19.185","18.561, 6926.930, 19.185","18.561, 6906.930, 19.185"
3566,아웃랜드,하늘안개 섬,달날개 소굴,상위지역 경계 대체,3524,땅거미게 (17216),"-4026.500, -12945.500, -2.188","-4026.500, -12935.500, -2.188","-4026.500, -12955.500, -2.188",달새김 순록 (17201),"-4054.310, -12565.300, 42.189","-4054.310, -12555.300, 42.189","-4054.310, -12575.300, 42.189",달새김 사슴 (17200),"-4112.050, -12656.900, 27.304","-4112.050, -12646.900, 27.304","-4112.050, -12666.900, 27.304"
3567,아웃랜드,하늘안개 섬,탈출선 착륙지,상위지역 경계 대체,3524,땅거미게 (17216),"-4026.500, -12945.500, -2.188","-4026.500, -12935.500, -2.188","-4026.500, -12955.500, -2.188",달새김 순록 (17201),"-4054.310, -12565.300, 42.189","-4054.310, -12555.300, 42.189","-4054.310, -12575.300, 42.189",달새김 사슴 (17200),"-4112.050, -12656.900, 27.304","-4112.050, -12646.900, 27.304","-4112.050, -12666.900, 27.304"
3568,아웃랜드,하늘안개 섬,탈출선 잔해,상위지역 경계 대체,3524,땅거미게 (17216),"-4026.500, -12945.500, -2.188","-4026.500, -12935.500, -2.188","-4026.500, -12955.500, -2.188",달새김 순록 (17201),"-4054.310, -12565.300, 42.189","-4054.310, -12555.300, 42.189","-4054.310, -12575.300, 42.189",달새김 사슴 (17200),"-4112.050, -12656.900, 27.304","-4112.050, -12646.900, 27.304","-4112.050, -12666.900, 27.304"
3569,아웃랜드,하늘안개 섬,파도 동굴,상위지역 경계 대체,3524,땅거미게 (17216),"-4026.500, -12945.500, -2.188","-4026.500, -12935.500, -2.188","-4026.500, -12955.500, -2.188",달새김 순록 (17201),"-4054.310, -12565.300, 42.189","-4054.310, -12555.300, 42.189","-4054.310, -12575.300, 42.189",달새김 사슴 (17200),"-4112.050, -12656.900, 27.304","-4112.050, -12646.900, 27.304","-4112.050, -12666.900, 27.304"
3570,아웃랜드,하늘안개 섬,성난비늘 거점,상위지역 경계 대체,3524,땅거미게 (17216),"-4026.500, -12945.500, -2.188","-4026.500, -12935.500, -2.188","-4026.500, -12955.500, -2.188",달새김 순록 (17201),"-4054.310, -12565.300, 42.189","-4054.310, -12555.300, 42.189","-4054.310, -12575.300, 42.189",달새김 사슴 (17200),"-4112.050, -12656.900, 27.304","-4112.050, -12646.900, 27.304","-4112.050, -12666.900, 27.304"
3571,아웃랜드,하늘안개 섬,뾰족가지 마을,상위지역 경계 대체,3524,땅거미게 (17216),"-4026.500, -12945.500, -2.188","-4026.500, -12935.500, -2.188","-4026.500, -12955.500, -2.188",달새김 순록 (17201),"-4054.310, -12565.300, 42.189","-4054.310, -12555.300, 42.189","-4054.310, -12575.300, 42.189",달새김 사슴 (17200),"-4112.050, -12656.900, 27.304","-4112.050, -12646.900, 27.304","-4112.050, -12666.900, 27.304"
3572,아웃랜드,하늘안개 섬,너울소나무 요새,상위지역 경계 대체,3524,땅거미게 (17216),"-4026.500, -12945.500, -2.188","-4026.500, -12935.500, -2.188","-4026.500, -12955.500, -2.188",달새김 순록 (17201),"-4054.310, -12565.300, 42.189","-4054.310, -12555.300, 42.189","-4054.310, -12575.300, 42.189",달새김 사슴 (17200),"-4112.050, -12656.900, 27.304","-4112.050, -12646.900, 27.304","-4112.050, -12666.900, 27.304"
3573,아웃랜드,하늘안개 섬,오디시우스의 정박지,상위지역 경계 대체,3524,땅거미게 (17216),"-4026.500, -12945.500, -2.188","-4026.500, -12935.500, -2.188","-4026.500, -12955.500, -2.188",달새김 순록 (17201),"-4054.310, -12565.300, 42.189","-4054.310, -12555.300, 42.189","-4054.310, -12575.300, 42.189",달새김 사슴 (17200),"-4112.050, -12656.900, 27.304","-4112.050, -12646.900, 27.304","-4112.050, -12666.900, 27.304"
3574,아웃랜드,하늘안개 섬,발라르의 나루,상위지역 경계 대체,3524,땅거미게 (17216),"-4026.500, -12945.500, -2.188","-4026.500, -12935.500, -2.188","-4026.500, -12955.500, -2.188",달새김 순록 (17201),"-4054.310, -12565.300, 42.189","-4054.310, -12555.300, 42.189","-4054.310, -12575.300, 42.189",달새김 사슴 (17200),"-4112.050, -12656.900, 27.304","-4112.050, -12646.900, 27.304","-4112.050, -12666.900, 27.304"
3575,아웃랜드,하늘안개 섬,개펄 해안,상위지역 경계 대체,3524,땅거미게 (17216),"-4026.500, -12945.500, -2.188","-4026.500, -12935.500, -2.188","-4026.500, -12955.500, -2.188",달새김 순록 (17201),"-4054.310, -12565.300, 42.189","-4054.310, -12555.300, 42.189","-4054.310, -12575.300, 42.189",달새김 사슴 (17200),"-4112.050, -12656.900, 27.304","-4112.050, -12646.900, 27.304","-4112.050, -12666.900, 27.304"
3576,아웃랜드,하늘안개 섬,하늘 감시초소,상위지역 경계 대체,3524,땅거미게 (17216),"-4026.500, -12945.500, -2.188","-4026.500, -12935.500, -2.188","-4026.500, -12955.500, -2.188",달새김 순록 (17201),"-4054.310, -12565.300, 42.189","-4054.310, -12555.300, 42.189","-4054.310, -12575.300, 42.189",달새김 사슴 (17200),"-4112.050, -12656.900, 27.304","-4112.050, -12646.900, 27.304","-4112.050, -12666.900, 27.304"
3577,아웃랜드,하늘안개 섬,기즐의 야영지,상위지역 경계 대체,3524,땅거미게 (17216),"-4026.500, -12945.500, -2.188","-4026.500, -12935.500, -2.188","-4026.500, -12955.500, -2.188",달새김 순록 (17201),"-4054.310, -12565.300, 42.189","-4054.310, -12555.300, 42.189","-4054.310, -12575.300, 42.189",달새김 사슴 (17200),"-4112.050, -12656.900, 27.304","-4112.050, -12646.900, 27.304","-4112.050, -12666.900, 27.304"
3578,아웃랜드,하늘안개 섬,화물선 잔해,상위지역 경계 대체,3524,땅거미게 (17216),"-4026.500, -12945.500, -2.188","-4026.500, -12935.500, -2.188","-4026.500, -12955.500, -2.188",달새김 순록 (17201),"-4054.310, -12565.300, 42.189","-4054.310, -12555.300, 42.189","-4054.310, -12575.300, 42.189",달새김 사슴 (17200),"-4112.050, -12656.900, 27.304","-4112.050, -12646.900, 27.304","-4112.050, -12666.900, 27.304"
3579,아웃랜드,하늘안개 섬,배신자의 만,상위지역 경계 대체,3524,땅거미게 (17216),"-4026.500, -12945.500, -2.188","-4026.500, -12935.500, -2.188","-4026.500, -12955.500, -2.188",달새김 순록 (17201),"-4054.310, -12565.300, 42.189","-4054.310, -12555.300, 42.189","-4054.310, -12575.300, 42.189",달새김 사슴 (17200),"-4112.050, -12656.900, 27.304","-4112.050, -12646.900, 27.304","-4112.050, -12666.900, 27.304"
3580,아웃랜드,하늘안개 섬,갈기바람 봉우리,상위지역 경계 대체,3524,땅거미게 (17216),"-4026.500, -12945.500, -2.188","-4026.500, -12935.500, -2.188","-4026.500, -12955.500, -2.188",달새김 순록 (17201),"-4054.310, -12565.300, 42.189","-4054.310, -12555.300, 42.189","-4054.310, -12575.300, 42.189",달새김 사슴 (17200),"-4112.050, -12656.900, 27.304","-4112.050, -12646.900, 27.304","-4112.050, -12666.900, 27.304"
3581,아웃랜드,하늘안개 섬,갈기바람 길,상위지역 경계 대체,3524,땅거미게 (17216),"-4026.500, -12945.500, -2.188","-4026.500, -12935.500, -2.188","-4026.500, -12955.500, -2.188",달새김 순록 (17201),"-4054.310, -12565.300, 42.189","-4054.310, -12555.300, 42.189","-4054.310, -12575.300, 42.189",달새김 사슴 (17200),"-4112.050, -12656.900, 27.304","-4112.050, -12646.900, 27.304","-4112.050, -12666.900, 27.304"
3582,아웃랜드,지옥불 반도,제스고르,상위지역 경계 대체,3483,간아그 일꾼 (19398),"679.262, 1822.740, 123.935","679.262, 1832.740, 123.935","679.262, 1812.740, 123.935",광기어린 지옥멧돼지 (16863),"-54.499, 2948.730, 21.942","-54.499, 2958.730, 21.942","-54.499, 2938.730, 21.942",새끼 돌낫 바위갈퀴 (16927),"-562.162, 3606.670, 29.422","-562.162, 3616.670, 29.422","-562.162, 3596.670, 29.422"
3583,아웃랜드,핏빛안개 섬,녹주석 해안,상위지역 경계 대체,3525,엉겅퀴 덩굴손 (17343),"-1810.340, -11764.700, 31.863","-1810.340, -11754.700, 31.863","-1810.340, -11774.700, 31.863",사나운 갈퀴발톱 (17527),"-1807.060, -11268.300, 59.628","-1807.060, -11258.300, 59.628","-1807.060, -11278.300, 59.628",새끼 핏빛안개 갈퀴발톱 (17525),"-2517.940, -11990.100, 25.615","-2517.940, -11980.100, 25.615","-2517.940, -12000.100, 25.615"
3584,아웃랜드,핏빛안개 섬,핏빛 감시초소,상위지역 경계 대체,3525,엉겅퀴 덩굴손 (17343),"-1810.340, -11764.700, 31.863","-1810.340, -11754.700, 31.863","-1810.340, -11774.700, 31.863",사나운 갈퀴발톱 (17527),"-1807.060, -11268.300, 59.628","-1807.060, -11258.300, 59.628","-1807.060, -11278.300, 59.628",새끼 핏빛안개 갈퀴발톱 (17525),"-2517.940, -11990.100, 25.615","-2517.940, -11980.100, 25.615","-2517.940, -12000.100, 25.615"
3585,아웃랜드,핏빛안개 섬,칼날숲,상위지역 경계 대체,3525,엉겅퀴 덩굴손 (17343),"-1810.340, -11764.700, 31.863","-1810.340, -11754.700, 31.863","-1810.340, -11774.700, 31.863",사나운 갈퀴발톱 (17527),"-1807.060, -11268.300, 59.628","-1807.060, -11258.300, 59.628","-1807.060, -11278.300, 59.628",새끼 핏빛안개 갈퀴발톱 (17525),"-2517.940, -11990.100, 25.615","-2517.940, -11980.100, 25.615","-2517.940, -12000.100, 25.615"
3586,아웃랜드,핏빛안개 섬,벡터 코일,상위지역 경계 대체,3525,엉겅퀴 덩굴손 (17343),"-1810.340, -11764.700, 31.863","-1810.340, -11754.700, 31.863","-1810.340, -11774.700, 31.863",사나운 갈퀴발톱 (17527),"-1807.060, -11268.300, 59.628","-1807.060, -11258.300, 59.628","-1807.060, -11278.300, 59.628",새끼 핏빛안개 갈퀴발톱 (17525),"-2517.940, -11990.100, 25.615","-2517.940, -11980.100, 25.615","-2517.940, -12000.100, 25.615"
3587,아웃랜드,핏빛안개 섬,초공간 추진기,상위지역 경계 대체,3525,엉겅퀴 덩굴손 (17343),"-1810.340, -11764.700, 31.863","-1810.340, -11754.700, 31.863","-1810.340, -11774.700, 31.863",사나운 갈퀴발톱 (17527),"-1807.060, -11268.300, 59.628","-1807.060, -11258.300, 59.628","-1807.060, -11278.300, 59.628",새끼 핏빛안개 갈퀴발톱 (17525),"-2517.940, -11990.100, 25.615","-2517.940, -11980.100, 25.615","-2517.940, -12000.100, 25.615"
3588,아웃랜드,핏빛안개 섬,극저온 핵,상위지역 경계 대체,3525,엉겅퀴 덩굴손 (17343),"-1810.340, -11764.700, 31.863","-1810.340, -11754.700, 31.863","-1810.340, -11774.700, 31.863",사나운 갈퀴발톱 (17527),"-1807.060, -11268.300, 59.628","-1807.060, -11258.300, 59.628","-1807.060, -11278.300, 59.628",새끼 핏빛안개 갈퀴발톱 (17525),"-2517.940, -11990.100, 25.615","-2517.940, -11980.100, 25.615","-2517.940, -12000.100, 25.615"
3589,아웃랜드,핏빛안개 섬,진홍 해안,상위지역 경계 대체,3525,엉겅퀴 덩굴손 (17343),"-1810.340, -11764.700, 31.863","-1810.340, -11754.700, 31.863","-1810.340, -11774.700, 31.863",사나운 갈퀴발톱 (17527),"-1807.060, -11268.300, 59.628","-1807.060, -11258.300, 59.628","-1807.060, -11278.300, 59.628",새끼 핏빛안개 갈퀴발톱 (17525),"-2517.940, -11990.100, 25.615","-2517.940, -11980.100, 25.615","-2517.940, -12000.100, 25.615"
3590,아웃랜드,핏빛안개 섬,성난비늘 둥지,상위지역 경계 대체,3525,엉겅퀴 덩굴손 (17343),"-1810.340, -11764.700, 31.863","-1810.340, -11754.700, 31.863","-1810.340, -11774.700, 31.863",사나운 갈퀴발톱 (17527),"-1807.060, -11268.300, 59.628","-1807.060, -11258.300, 59.628","-1807.060, -11278.300, 59.628",새끼 핏빛안개 갈퀴발톱 (17525),"-2517.940, -11990.100, 25.615","-2517.940, -11980.100, 25.615","-2517.940, -12000.100, 25.615"
3591,아웃랜드,핏빛안개 섬,로레스아란 폐허,상위지역 경계 대체,3525,엉겅퀴 덩굴손 (17343),"-1810.340, -11764.700, 31.863","-1810.340, -11754.700, 31.863","-1810.340, -11774.700, 31.863",사나운 갈퀴발톱 (17527),"-1807.060, -11268.300, 59.628","-1807.060, -11258.300, 59.628","-1807.060, -11278.300, 59.628",새끼 핏빛안개 갈퀴발톱 (17525),"-2517.940, -11990.100, 25.615","-2517.940, -11980.100, 25.615","-2517.940, -12000.100, 25.615"
3592,아웃랜드,핏빛안개 섬,나지비안,상위지역 경계 대체,3525,엉겅퀴 덩굴손 (17343),"-1810.340, -11764.700, 31.863","-1810.340, -11754.700, 31.863","-1810.340, -11774.700, 31.863",사나운 갈퀴발톱 (17527),"-1807.060, -11268.300, 59.628","-1807.060, -11258.300, 59.628","-1807.060, -11278.300, 59.628",새끼 핏빛안개 갈퀴발톱 (17525),"-2517.940, -11990.100, 25.615","-2517.940, -11980.100, 25.615","-2517.940, -12000.100, 25.615"
3593,아웃랜드,핏빛안개 섬,악사리엔,상위지역 경계 대체,3525,엉겅퀴 덩굴손 (17343),"-1810.340, -11764.700, 31.863","-1810.340, -11754.700, 31.863","-1810.340, -11774.700, 31.863",사나운 갈퀴발톱 (17527),"-1807.060, -11268.300, 59.628","-1807.060, -11258.300, 59.628","-1807.060, -11278.300, 59.628",새끼 핏빛안개 갈퀴발톱 (17525),"-2517.940, -11990.100, 25.615","-2517.940, -11980.100, 25.615","-2517.940, -12000.100, 25.615"
3594,아웃랜드,핏빛안개 섬,검은진흙 해안,상위지역 경계 대체,3525,엉겅퀴 덩굴손 (17343),"-1810.340, -11764.700, 31.863","-1810.340, -11754.700, 31.863","-1810.340, -11774.700, 31.863",사나운 갈퀴발톱 (17527),"-1807.060, -11268.300, 59.628","-1807.060, -11258.300, 59.628","-1807.060, -11278.300, 59.628",새끼 핏빛안개 갈퀴발톱 (17525),"-2517.940, -11990.100, 25.615","-2517.940, -11980.100, 25.615","-2517.940, -12000.100, 25.615"
3595,아웃랜드,핏빛안개 섬,타락의 웅덩이,상위지역 경계 대체,3525,엉겅퀴 덩굴손 (17343),"-1810.340, -11764.700, 31.863","-1810.340, -11754.700, 31.863","-1810.340, -11774.700, 31.863",사나운 갈퀴발톱 (17527),"-1807.060, -11268.300, 59.628","-1807.060, -11258.300, 59.628","-1807.060, -11278.300, 59.628",새끼 핏빛안개 갈퀴발톱 (17525),"-2517.940, -11990.100, 25.615","-2517.940, -11980.100, 25.615","-2517.940, -12000.100, 25.615"
3596,아웃랜드,핏빛안개 섬,숨은 산호초,상위지역 경계 대체,3525,엉겅퀴 덩굴손 (17343),"-1810.340, -11764.700, 31.863","-1810.340, -11754.700, 31.863","-1810.340, -11774.700, 31.863",사나운 갈퀴발톱 (17527),"-1807.060, -11268.300, 59.628","-1807.060, -11258.300, 59.628","-1807.060, -11278.300, 59.628",새끼 핏빛안개 갈퀴발톱 (17525),"-2517.940, -11990.100, 25.615","-2517.940, -11980.100, 25.615","-2517.940, -12000.100, 25.615"
3597,아웃랜드,핏빛안개 섬,호박그물 고개,상위지역 경계 대체,3525,엉겅퀴 덩굴손 (17343),"-1810.340, -11764.700, 31.863","-1810.340, -11754.700, 31.863","-1810.340, -11774.700, 31.863",사나운 갈퀴발톱 (17527),"-1807.060, -11268.300, 59.628","-1807.060, -11258.300, 59.628","-1807.060, -11278.300, 59.628",새끼 핏빛안개 갈퀴발톱 (17525),"-2517.940, -11990.100, 25.615","-2517.940, -11980.100, 25.615","-2517.940, -12000.100, 25.615"
3598,아웃랜드,핏빛안개 섬,고룡흉터 섬,상위지역 경계 대체,3525,엉겅퀴 덩굴손 (17343),"-1810.340, -11764.700, 31.863","-1810.340, -11754.700, 31.863","-1810.340, -11774.700, 31.863",사나운 갈퀴발톱 (17527),"-1807.060, -11268.300, 59.628","-1807.060, -11258.300, 59.628","-1807.060, -11278.300, 59.628",새끼 핏빛안개 갈퀴발톱 (17525),"-2517.940, -11990.100, 25.615","-2517.940, -11980.100, 25.615","-2517.940, -12000.100, 25.615"
3599,아웃랜드,핏빛안개 섬,갈퀴발톱 언덕,상위지역 경계 대체,3525,엉겅퀴 덩굴손 (17343),"-1810.340, -11764.700, 31.863","-1810.340, -11754.700, 31.863","-1810.340, -11774.700, 31.863",사나운 갈퀴발톱 (17527),"-1807.060, -11268.300, 59.628","-1807.060, -11258.300, 59.628","-1807.060, -11278.300, 59.628",새끼 핏빛안개 갈퀴발톱 (17525),"-2517.940, -11990.100, 25.615","-2517.940, -11980.100, 25.615","-2517.940, -12000.100, 25.615"
3600,아웃랜드,핏빛안개 섬,뾰족가지 군락,상위지역 경계 대체,3525,엉겅퀴 덩굴손 (17343),"-1810.340, -11764.700, 31.863","-1810.340, -11754.700, 31.863","-1810.340, -11774.700, 31.863",사나운 갈퀴발톱 (17527),"-1807.060, -11268.300, 59.628","-1807.060, -11258.300, 59.628","-1807.060, -11278.300, 59.628",새끼 핏빛안개 갈퀴발톱 (17525),"-2517.940, -11990.100, 25.615","-2517.940, -11980.100, 25.615","-2517.940, -12000.100, 25.615"
3601,아웃랜드,핏빛안개 섬,성난깃털 마루,상위지역 경계 대체,3525,엉겅퀴 덩굴손 (17343),"-1810.340, -11764.700, 31.863","-1810.340, -11754.700, 31.863","-1810.340, -11774.700, 31.863",사나운 갈퀴발톱 (17527),"-1807.060, -11268.300, 59.628","-1807.060, -11258.300, 59.628","-1807.060, -11278.300, 59.628",새끼 핏빛안개 갈퀴발톱 (17525),"-2517.940, -11990.100, 25.615","-2517.940, -11980.100, 25.615","-2517.940, -12000.100, 25.615"
3602,아웃랜드,핏빛안개 섬,케셀의 길목,상위지역 경계 대체,3525,엉겅퀴 덩굴손 (17343),"-1810.340, -11764.700, 31.863","-1810.340, -11754.700, 31.863","-1810.340, -11774.700, 31.863",사나운 갈퀴발톱 (17527),"-1807.060, -11268.300, 59.628","-1807.060, -11258.300, 59.628","-1807.060, -11278.300, 59.628",새끼 핏빛안개 갈퀴발톱 (17525),"-2517.940, -11990.100, 25.615","-2517.940, -11980.100, 25.615","-2517.940, -12000.100, 25.615"
3603,아웃랜드,핏빛안개 섬,텔아시온의 야영지,상위지역 경계 대체,3525,엉겅퀴 덩굴손 (17343),"-1810.340, -11764.700, 31.863","-1810.340, -11754.700, 31.863","-1810.340, -11774.700, 31.863",사나운 갈퀴발톱 (17527),"-1807.060, -11268.300, 59.628","-1807.060, -11258.300, 59.628","-1807.060, -11278.300, 59.628",새끼 핏빛안개 갈퀴발톱 (17525),"-2517.940, -11990.100, 25.615","-2517.940, -11980.100, 25.615","-2517.940, -12000.100, 25.615"
3604,아웃랜드,핏빛안개 섬,핏빛저주의 산호초,상위지역 경계 대체,3525,엉겅퀴 덩굴손 (17343),"-1810.340, -11764.700, 31.863","-1810.340, -11754.700, 31.863","-1810.340, -11774.700, 31.863",사나운 갈퀴발톱 (17527),"-1807.060, -11268.300, 59.628","-1807.060, -11258.300, 59.628","-1807.060, -11278.300, 59.628",새끼 핏빛안개 갈퀴발톱 (17525),"-2517.940, -11990.100, 25.615","-2517.940, -11980.100, 25.615","-2517.940, -12000.100, 25.615"
3608,아웃랜드,핏빛안개 섬,구원자의 안식처,상위지역 경계 대체,3525,엉겅퀴 덩굴손 (17343),"-1810.340, -11764.700, 31.863","-1810.340, -11754.700, 31.863","-1810.340, -11774.700, 31.863",사나운 갈퀴발톱 (17527),"-1807.060, -11268.300, 59.628","-1807.060, -11258.300, 59.628","-1807.060, -11278.300, 59.628",새끼 핏빛안개 갈퀴발톱 (17525),"-2517.940, -11990.100, 25.615","-2517.940, -11980.100, 25.615","-2517.940, -12000.100, 25.615"
3609,아웃랜드,나그란드,미사용3,상위지역 경계 대체,3518,가시먹이 탈부크 (17131),"-1752.870, 7511.080, -8.561","-1752.870, 7521.080, -8.561","-1752.870, 7501.080, -8.561",줄무늬 탈부크 (17130),"-1807.370, 6928.020, -38.603","-1807.370, 6938.020, -38.603","-1807.370, 6918.020, -38.603",갈래발굽 (18205),"-1801.260, 7089.440, -21.895","-1801.260, 7099.440, -21.895","-1801.260, 7079.440, -21.895"
3610,아웃랜드,나그란드,불타는 칼날 폐허,상위지역 경계 대체,3518,가시먹이 탈부크 (17131),"-1752.870, 7511.080, -8.561","-1752.870, 7521.080, -8.561","-1752.870, 7501.080, -8.561",줄무늬 탈부크 (17130),"-1807.370, 6928.020, -38.603","-1807.370, 6938.020, -38.603","-1807.370, 6918.020, -38.603",갈래발굽 (18205),"-1801.260, 7089.440, -21.895","-1801.260, 7099.440, -21.895","-1801.260, 7079.440, -21.895"
3611,아웃랜드,나그란드,부족 초소,상위지역 경계 대체,3518,가시먹이 탈부크 (17131),"-1752.870, 7511.080, -8.561","-1752.870, 7521.080, -8.561","-1752.870, 7501.080, -8.561",줄무늬 탈부크 (17130),"-1807.370, 6928.020, -38.603","-1807.370, 6938.020, -38.603","-1807.370, 6918.020, -38.603",갈래발굽 (18205),"-1801.260, 7089.440, -21.895","-1801.260, 7099.440, -21.895","-1801.260, 7079.440, -21.895"
3612,아웃랜드,핏빛안개 섬,핏빛저주의 섬,상위지역 경계 대체,3525,엉겅퀴 덩굴손 (17343),"-1810.340, -11764.700, 31.863","-1810.340, -11754.700, 31.863","-1810.340, -11774.700, 31.863",사나운 갈퀴발톱 (17527),"-1807.060, -11268.300, 59.628","-1807.060, -11258.300, 59.628","-1807.060, -11278.300, 59.628",새끼 핏빛안개 갈퀴발톱 (17525),"-2517.940, -11990.100, 25.615","-2517.940, -11980.100, 25.615","-2517.940, -12000.100, 25.615"
3613,아웃랜드,나그란드,가라다르,상위지역 경계 대체,3518,가시먹이 탈부크 (17131),"-1752.870, 7511.080, -8.561","-1752.870, 7521.080, -8.561","-1752.870, 7501.080, -8.561",줄무늬 탈부크 (17130),"-1807.370, 6928.020, -38.603","-1807.370, 6938.020, -38.603","-1807.370, 6918.020, -38.603",갈래발굽 (18205),"-1801.260, 7089.440, -21.895","-1801.260, 7099.440, -21.895","-1801.260, 7079.440, -21.895"
3614,아웃랜드,나그란드,하늘노래 호수,상위지역 경계 대체,3518,가시먹이 탈부크 (17131),"-1752.870, 7511.080, -8.561","-1752.870, 7521.080, -8.561","-1752.870, 7501.080, -8.561",줄무늬 탈부크 (17130),"-1807.370, 6928.020, -38.603","-1807.370, 6938.020, -38.603","-1807.370, 6918.020, -38.603",갈래발굽 (18205),"-1801.260, 7089.440, -21.895","-1801.260, 7099.440, -21.895","-1801.260, 7079.440, -21.895"
3615,아웃랜드,나그란드,정령의 옥좌,상위지역 경계 대체,3518,가시먹이 탈부크 (17131),"-1752.870, 7511.080, -8.561","-1752.870, 7521.080, -8.561","-1752.870, 7501.080, -8.561",줄무늬 탈부크 (17130),"-1807.370, 6928.020, -38.603","-1807.370, 6938.020, -38.603","-1807.370, 6918.020, -38.603",갈래발굽 (18205),"-1801.260, 7089.440, -21.895","-1801.260, 7099.440, -21.895","-1801.260, 7079.440, -21.895"
3616,아웃랜드,나그란드,웃는 해골 폐허,상위지역 경계 대체,3518,가시먹이 탈부크 (17131),"-1752.870, 7511.080, -8.561","-1752.870, 7521.080, -8.561","-1752.870, 7501.080, -8.561",줄무늬 탈부크 (17130),"-1807.370, 6928.020, -38.603","-1807.370, 6938.020, -38.603","-1807.370, 6918.020, -38.603",갈래발굽 (18205),"-1801.260, 7089.440, -21.895","-1801.260, 7099.440, -21.895","-1801.260, 7079.440, -21.895"
3617,아웃랜드,나그란드,전쟁망치 언덕,상위지역 경계 대체,3518,가시먹이 탈부크 (17131),"-1752.870, 7511.080, -8.561","-1752.870, 7521.080, -8.561","-1752.870, 7501.080, -8.561",줄무늬 탈부크 (17130),"-1807.370, 6928.020, -38.603","-1807.370, 6938.020, -38.603","-1807.370, 6918.020, -38.603",갈래발굽 (18205),"-1801.260, 7089.440, -21.895","-1801.260, 7099.440, -21.895","-1801.260, 7079.440, -21.895"
3618,아웃랜드,나그란드,그룰의 둥지,상위지역 경계 대체,3518,가시먹이 탈부크 (17131),"-1752.870, 7511.080, -8.561","-1752.870, 7521.080, -8.561","-1752.870, 7501.080, -8.561",줄무늬 탈부크 (17130),"-1807.370, 6928.020, -38.603","-1807.370, 6938.020, -38.603","-1807.370, 6918.020, -38.603",갈래발굽 (18205),"-1801.260, 7089.440, -21.895","-1801.260, 7099.440, -21.895","-1801.260, 7079.440, -21.895"
3619,아웃랜드,나그란드,아우렌 마루,상위지역 경계 대체,3518,가시먹이 탈부크 (17131),"-1752.870, 7511.080, -8.561","-1752.870, 7521.080, -8.561","-1752.870, 7501.080, -8.561",줄무늬 탈부크 (17130),"-1807.370, 6928.020, -38.603","-1807.370, 6938.020, -38.603","-1807.370, 6918.020, -38.603",갈래발굽 (18205),"-1801.260, 7089.440, -21.895","-1801.260, 7099.440, -21.895","-1801.260, 7079.440, -21.895"
3620,아웃랜드,나그란드,아우렌 폭포,상위지역 경계 대체,3518,가시먹이 탈부크 (17131),"-1752.870, 7511.080, -8.561","-1752.870, 7521.080, -8.561","-1752.870, 7501.080, -8.561",줄무늬 탈부크 (17130),"-1807.370, 6928.020, -38.603","-1807.370, 6938.020, -38.603","-1807.370, 6918.020, -38.603",갈래발굽 (18205),"-1801.260, 7089.440, -21.895","-1801.260, 7099.440, -21.895","-1801.260, 7079.440, -21.895"
3621,아웃랜드,나그란드,태양여울 호수,상위지역 경계 대체,3518,가시먹이 탈부크 (17131),"-1752.870, 7511.080, -8.561","-1752.870, 7521.080, -8.561","-1752.870, 7501.080, -8.561",줄무늬 탈부크 (17130),"-1807.370, 6928.020, -38.603","-1807.370, 6938.020, -38.603","-1807.370, 6918.020, -38.603",갈래발굽 (18205),"-1801.260, 7089.440, -21.895","-1801.260, 7099.440, -21.895","-1801.260, 7079.440, -21.895"
3622,아웃랜드,나그란드,태양여울 주둔지,상위지역 경계 대체,3518,가시먹이 탈부크 (17131),"-1752.870, 7511.080, -8.561","-1752.870, 7521.080, -8.561","-1752.870, 7501.080, -8.561",줄무늬 탈부크 (17130),"-1807.370, 6928.020, -38.603","-1807.370, 6938.020, -38.603","-1807.370, 6918.020, -38.603",갈래발굽 (18205),"-1801.260, 7089.440, -21.895","-1801.260, 7099.440, -21.895","-1801.260, 7079.440, -21.895"
3623,아웃랜드,나그란드,에어리스 착륙지,상위지역 경계 대체,3518,가시먹이 탈부크 (17131),"-1752.870, 7511.080, -8.561","-1752.870, 7521.080, -8.561","-1752.870, 7501.080, -8.561",줄무늬 탈부크 (17130),"-1807.370, 6928.020, -38.603","-1807.370, 6938.020, -38.603","-1807.370, 6918.020, -38.603",갈래발굽 (18205),"-1801.260, 7089.440, -21.895","-1801.260, 7099.440, -21.895","-1801.260, 7079.440, -21.895"
3624,아웃랜드,나그란드,경악의 괴철로 기지,상위지역 경계 대체,3518,가시먹이 탈부크 (17131),"-1752.870, 7511.080, -8.561","-1752.870, 7521.080, -8.561","-1752.870, 7501.080, -8.561",줄무늬 탈부크 (17130),"-1807.370, 6928.020, -38.603","-1807.370, 6938.020, -38.603","-1807.370, 6918.020, -38.603",갈래발굽 (18205),"-1801.260, 7089.440, -21.895","-1801.260, 7099.440, -21.895","-1801.260, 7079.440, -21.895"
3625,아웃랜드,나그란드,증오의 괴철로 기지,상위지역 경계 대체,3518,가시먹이 탈부크 (17131),"-1752.870, 7511.080, -8.561","-1752.870, 7521.080, -8.561","-1752.870, 7501.080, -8.561",줄무늬 탈부크 (17130),"-1807.370, 6928.020, -38.603","-1807.370, 6938.020, -38.603","-1807.370, 6918.020, -38.603",갈래발굽 (18205),"-1801.260, 7089.440, -21.895","-1801.260, 7099.440, -21.895","-1801.260, 7079.440, -21.895"
3626,아웃랜드,나그란드,텔라아르,상위지역 경계 대체,3518,가시먹이 탈부크 (17131),"-1752.870, 7511.080, -8.561","-1752.870, 7521.080, -8.561","-1752.870, 7501.080, -8.561",줄무늬 탈부크 (17130),"-1807.370, 6928.020, -38.603","-1807.370, 6938.020, -38.603","-1807.370, 6918.020, -38.603",갈래발굽 (18205),"-1801.260, 7089.440, -21.895","-1801.260, 7099.440, -21.895","-1801.260, 7079.440, -21.895"
3627,아웃랜드,나그란드,북새바람 동굴,상위지역 경계 대체,3518,가시먹이 탈부크 (17131),"-1752.870, 7511.080, -8.561","-1752.870, 7521.080, -8.561","-1752.870, 7501.080, -8.561",줄무늬 탈부크 (17130),"-1807.370, 6928.020, -38.603","-1807.370, 6938.020, -38.603","-1807.370, 6918.020, -38.603",갈래발굽 (18205),"-1801.260, 7089.440, -21.895","-1801.260, 7099.440, -21.895","-1801.260, 7079.440, -21.895"
3628,아웃랜드,나그란드,할라아,상위지역 경계 대체,3518,가시먹이 탈부크 (17131),"-1752.870, 7511.080, -8.561","-1752.870, 7521.080, -8.561","-1752.870, 7501.080, -8.561",줄무늬 탈부크 (17130),"-1807.370, 6928.020, -38.603","-1807.370, 6938.020, -38.603","-1807.370, 6918.020, -38.603",갈래발굽 (18205),"-1801.260, 7089.440, -21.895","-1801.260, 7099.440, -21.895","-1801.260, 7079.440, -21.895"
3629,아웃랜드,나그란드,마파람 동굴,상위지역 경계 대체,3518,가시먹이 탈부크 (17131),"-1752.870, 7511.080, -8.561","-1752.870, 7521.080, -8.561","-1752.870, 7501.080, -8.561",줄무늬 탈부크 (17130),"-1807.370, 6928.020, -38.603","-1807.370, 6938.020, -38.603","-1807.370, 6918.020, -38.603",갈래발굽 (18205),"-1801.260, 7089.440, -21.895","-1801.260, 7099.440, -21.895","-1801.260, 7079.440, -21.895"
3630,아웃랜드,나그란드,오슈군,상위지역 경계 대체,3518,가시먹이 탈부크 (17131),"-1752.870, 7511.080, -8.561","-1752.870, 7521.080, -8.561","-1752.870, 7501.080, -8.561",줄무늬 탈부크 (17130),"-1807.370, 6928.020, -38.603","-1807.370, 6938.020, -38.603","-1807.370, 6918.020, -38.603",갈래발굽 (18205),"-1801.260, 7089.440, -21.895","-1801.260, 7099.440, -21.895","-1801.260, 7079.440, -21.895"
3631,아웃랜드,나그란드,정기의 들판,상위지역 경계 대체,3518,가시먹이 탈부크 (17131),"-1752.870, 7511.080, -8.561","-1752.870, 7521.080, -8.561","-1752.870, 7501.080, -8.561",줄무늬 탈부크 (17130),"-1807.370, 6928.020, -38.603","-1807.370, 6938.020, -38.603","-1807.370, 6918.020, -38.603",갈래발굽 (18205),"-1801.260, 7089.440, -21.895","-1801.260, 7099.440, -21.895","-1801.260, 7079.440, -21.895"
3632,아웃랜드,나그란드,샤마나르,상위지역 경계 대체,3518,가시먹이 탈부크 (17131),"-1752.870, 7511.080, -8.561","-1752.870, 7521.080, -8.561","-1752.870, 7501.080, -8.561",줄무늬 탈부크 (17130),"-1807.370, 6928.020, -38.603","-1807.370, 6938.020, -38.603","-1807.370, 6918.020, -38.603",갈래발굽 (18205),"-1801.260, 7089.440, -21.895","-1801.260, 7099.440, -21.895","-1801.260, 7079.440, -21.895"
3633,아웃랜드,나그란드,선조의 터,상위지역 경계 대체,3518,가시먹이 탈부크 (17131),"-1752.870, 7511.080, -8.561","-1752.870, 7521.080, -8.561","-1752.870, 7501.080, -8.561",줄무늬 탈부크 (17130),"-1807.370, 6928.020, -38.603","-1807.370, 6938.020, -38.603","-1807.370, 6918.020, -38.603",갈래발굽 (18205),"-1801.260, 7089.440, -21.895","-1801.260, 7099.440, -21.895","-1801.260, 7079.440, -21.895"
3634,아웃랜드,나그란드,바람갈대 마을,상위지역 경계 대체,3518,가시먹이 탈부크 (17131),"-1752.870, 7511.080, -8.561","-1752.870, 7521.080, -8.561","-1752.870, 7501.080, -8.561",줄무늬 탈부크 (17130),"-1807.370, 6928.020, -38.603","-1807.370, 6938.020, -38.603","-1807.370, 6918.020, -38.603",갈래발굽 (18205),"-1801.260, 7089.440, -21.895","-1801.260, 7099.440, -21.895","-1801.260, 7079.440, -21.895"
3635,아웃랜드,나그란드,미사용2,상위지역 경계 대체,3518,가시먹이 탈부크 (17131),"-1752.870, 7511.080, -8.561","-1752.870, 7521.080, -8.561","-1752.870, 7501.080, -8.561",줄무늬 탈부크 (17130),"-1807.370, 6928.020, -38.603","-1807.370, 6938.020, -38.603","-1807.370, 6918.020, -38.603",갈래발굽 (18205),"-1801.260, 7089.440, -21.895","-1801.260, 7099.440, -21.895","-1801.260, 7079.440, -21.895"
3636,아웃랜드,나그란드,정령의 고원,상위지역 경계 대체,3518,가시먹이 탈부크 (17131),"-1752.870, 7511.080, -8.561","-1752.870, 7521.080, -8.561","-1752.870, 7501.080, -8.561",줄무늬 탈부크 (17130),"-1807.370, 6928.020, -38.603","-1807.370, 6938.020, -38.603","-1807.370, 6918.020, -38.603",갈래발굽 (18205),"-1801.260, 7089.440, -21.895","-1801.260, 7099.440, -21.895","-1801.260, 7079.440, -21.895"
3637,아웃랜드,나그란드,킬소로우 요새,상위지역 경계 대체,3518,가시먹이 탈부크 (17131),"-1752.870, 7511.080, -8.561","-1752.870, 7521.080, -8.561","-1752.870, 7501.080, -8.561",줄무늬 탈부크 (17130),"-1807.370, 6928.020, -38.603","-1807.370, 6938.020, -38.603","-1807.370, 6918.020, -38.603",갈래발굽 (18205),"-1801.260, 7089.440, -21.895","-1801.260, 7099.440, -21.895","-1801.260, 7079.440, -21.895"
3638,아웃랜드,나그란드,시험의 투기장,상위지역 경계 대체,3518,가시먹이 탈부크 (17131),"-1752.870, 7511.080, -8.561","-1752.870, 7521.080, -8.561","-1752.870, 7501.080, -8.561",줄무늬 탈부크 (17130),"-1807.370, 6928.020, -38.603","-1807.370, 6938.020, -38.603","-1807.370, 6918.020, -38.603",갈래발굽 (18205),"-1801.260, 7089.440, -21.895","-1801.260, 7099.440, -21.895","-1801.260, 7079.440, -21.895"
3639,아웃랜드,하늘안개 섬,은빛안개 섬,상위지역 경계 대체,3524,땅거미게 (17216),"-4026.500, -12945.500, -2.188","-4026.500, -12935.500, -2.188","-4026.500, -12955.500, -2.188",달새김 순록 (17201),"-4054.310, -12565.300, 42.189","-4054.310, -12555.300, 42.189","-4054.310, -12575.300, 42.189",달새김 사슴 (17200),"-4112.050, -12656.900, 27.304","-4112.050, -12646.900, 27.304","-4112.050, -12666.900, 27.304"
3640,아웃랜드,장가르 습지대,비수늪 마을,상위지역 경계 대체,3521,흙지느러미 프렌지 (18212),"347.457, 6980.590, -2.406","347.457, 6990.590, -2.406","347.457, 6970.590, -2.406",가시먹이 탈부크 (17131),"-710.857, 7118.450, 46.117","-710.857, 7128.450, 46.117","-710.857, 7108.450, 46.117",늪지대 가스 (17378),"18.561, 6916.930, 19.185","18.561, 6926.930, 19.185","18.561, 6906.930, 19.185"
3641,아웃랜드,장가르 습지대,그늘늪 마을,상위지역 경계 대체,3521,흙지느러미 프렌지 (18212),"347.457, 6980.590, -2.406","347.457, 6990.590, -2.406","347.457, 6970.590, -2.406",가시먹이 탈부크 (17131),"-710.857, 7118.450, 46.117","-710.857, 7128.450, 46.117","-710.857, 7108.450, 46.117",늪지대 가스 (17378),"18.561, 6916.930, 19.185","18.561, 6926.930, 19.185","18.561, 6906.930, 19.185"
3642,아웃랜드,장가르 습지대,야생늪 마을,상위지역 경계 대체,3521,흙지느러미 프렌지 (18212),"347.457, 6980.590, -2.406","347.457, 6990.590, -2.406","347.457, 6970.590, -2.406",가시먹이 탈부크 (17131),"-710.857, 7118.450, 46.117","-710.857, 7128.450, 46.117","-710.857, 7108.450, 46.117",늪지대 가스 (17378),"18.561, 6916.930, 19.185","18.561, 6926.930, 19.185","18.561, 6906.930, 19.185"
3643,아웃랜드,장가르 습지대,피비늘 군락,상위지역 경계 대체,3521,흙지느러미 프렌지 (18212),"347.457, 6980.590, -2.406","347.457, 6990.590, -2.406","347.457, 6970.590, -2.406",가시먹이 탈부크 (17131),"-710.857, 7118.450, 46.117","-710.857, 7128.450, 46.117","-710.857, 7108.450, 46.117",늪지대 가스 (17378),"18.561, 6916.930, 19.185","18.561, 6926.930, 19.185","18.561, 6906.930, 19.185"
3644,아웃랜드,장가르 습지대,텔레도르,상위지역 경계 대체,3521,흙지느러미 프렌지 (18212),"347.457, 6980.590, -2.406","347.457, 6990.590, -2.406","347.457, 6970.590, -2.406",가시먹이 탈부크 (17131),"-710.857, 7118.450, 46.117","-710.857, 7128.450, 46.117","-710.857, 7108.450, 46.117",늪지대 가스 (17378),"18.561, 6916.930, 19.185","18.561, 6926.930, 19.185","18.561, 6906.930, 19.185"
3645,아웃랜드,장가르 습지대,자브라진,상위지역 경계 대체,3521,흙지느러미 프렌지 (18212),"347.457, 6980.590, -2.406","347.457, 6990.590, -2.406","347.457, 6970.590, -2.406",가시먹이 탈부크 (17131),"-710.857, 7118.450, 46.117","-710.857, 7128.450, 46.117","-710.857, 7108.450, 46.117",늪지대 가스 (17378),"18.561, 6916.930, 19.185","18.561, 6926.930, 19.185","18.561, 6906.930, 19.185"
3646,아웃랜드,장가르 습지대,쿠아그 마루,상위지역 경계 대체,3521,흙지느러미 프렌지 (18212),"347.457, 6980.590, -2.406","347.457, 6990.590, -2.406","347.457, 6970.590, -2.406",가시먹이 탈부크 (17131),"-710.857, 7118.450, 46.117","-710.857, 7128.450, 46.117","-710.857, 7108.450, 46.117",늪지대 가스 (17378),"18.561, 6916.930, 19.185","18.561, 6926.930, 19.185","18.561, 6906.930, 19.185"
3647,아웃랜드,장가르 습지대,부화의 골짜기,상위지역 경계 대체,3521,흙지느러미 프렌지 (18212),"347.457, 6980.590, -2.406","347.457, 6990.590, -2.406","347.457, 6970.590, -2.406",가시먹이 탈부크 (17131),"-710.857, 7118.450, 46.117","-710.857, 7128.450, 46.117","-710.857, 7108.450, 46.117",늪지대 가스 (17378),"18.561, 6916.930, 19.185","18.561, 6926.930, 19.185","18.561, 6906.930, 19.185"
3648,아웃랜드,장가르 습지대,죽음의 늪,상위지역 경계 대체,3521,흙지느러미 프렌지 (18212),"347.457, 6980.590, -2.406","347.457, 6990.590, -2.406","347.457, 6970.590, -2.406",가시먹이 탈부크 (17131),"-710.857, 7118.450, 46.117","-710.857, 7128.450, 46.117","-710.857, 7108.450, 46.117",늪지대 가스 (17378),"18.561, 6916.930, 19.185","18.561, 6926.930, 19.185","18.561, 6906.930, 19.185"
3649,아웃랜드,장가르 습지대,스포어가르,상위지역 경계 대체,3521,흙지느러미 프렌지 (18212),"347.457, 6980.590, -2.406","347.457, 6990.590, -2.406","347.457, 6970.590, -2.406",가시먹이 탈부크 (17131),"-710.857, 7118.450, 46.117","-710.857, 7128.450, 46.117","-710.857, 7108.450, 46.117",늪지대 가스 (17378),"18.561, 6916.930, 19.185","18.561, 6926.930, 19.185","18.561, 6906.930, 19.185"
3650,아웃랜드,장가르 습지대,앙고로쉬 영토,상위지역 경계 대체,3521,흙지느러미 프렌지 (18212),"347.457, 6980.590, -2.406","347.457, 6990.590, -2.406","347.457, 6970.590, -2.406",가시먹이 탈부크 (17131),"-710.857, 7118.450, 46.117","-710.857, 7128.450, 46.117","-710.857, 7108.450, 46.117",늪지대 가스 (17378),"18.561, 6916.930, 19.185","18.561, 6926.930, 19.185","18.561, 6906.930, 19.185"
3651,아웃랜드,장가르 습지대,앙고로쉬 소굴,상위지역 경계 대체,3521,흙지느러미 프렌지 (18212),"347.457, 6980.590, -2.406","347.457, 6990.590, -2.406","347.457, 6970.590, -2.406",가시먹이 탈부크 (17131),"-710.857, 7118.450, 46.117","-710.857, 7128.450, 46.117","-710.857, 7108.450, 46.117",늪지대 가스 (17378),"18.561, 6916.930, 19.185","18.561, 6926.930, 19.185","18.561, 6906.930, 19.185"
3652,아웃랜드,장가르 습지대,버섯 동굴,상위지역 경계 대체,3521,흙지느러미 프렌지 (18212),"347.457, 6980.590, -2.406","347.457, 6990.590, -2.406","347.457, 6970.590, -2.406",가시먹이 탈부크 (17131),"-710.857, 7118.450, 46.117","-710.857, 7128.450, 46.117","-710.857, 7108.450, 46.117",늪지대 가스 (17378),"18.561, 6916.930, 19.185","18.561, 6926.930, 19.185","18.561, 6906.930, 19.185"
3653,아웃랜드,장가르 습지대,물갈퀴 호수,상위지역 경계 대체,3521,흙지느러미 프렌지 (18212),"347.457, 6980.590, -2.406","347.457, 6990.590, -2.406","347.457, 6970.590, -2.406",가시먹이 탈부크 (17131),"-710.857, 7118.450, 46.117","-710.857, 7128.450, 46.117","-710.857, 7108.450, 46.117",늪지대 가스 (17378),"18.561, 6916.930, 19.185","18.561, 6926.930, 19.185","18.561, 6906.930, 19.185"
3654,아웃랜드,장가르 습지대,배수로,상위지역 경계 대체,3521,흙지느러미 프렌지 (18212),"347.457, 6980.590, -2.406","347.457, 6990.590, -2.406","347.457, 6970.590, -2.406",가시먹이 탈부크 (17131),"-710.857, 7118.450, 46.117","-710.857, 7128.450, 46.117","-710.857, 7108.450, 46.117",늪지대 가스 (17378),"18.561, 6916.930, 19.185","18.561, 6926.930, 19.185","18.561, 6906.930, 19.185"
3655,아웃랜드,장가르 습지대,그늘늪 호수,상위지역 경계 대체,3521,흙지느러미 프렌지 (18212),"347.457, 6980.590, -2.406","347.457, 6990.590, -2.406","347.457, 6970.590, -2.406",가시먹이 탈부크 (17131),"-710.857, 7118.450, 46.117","-710.857, 7128.450, 46.117","-710.857, 7108.450, 46.117",늪지대 가스 (17378),"18.561, 6916.930, 19.185","18.561, 6926.930, 19.185","18.561, 6906.930, 19.185"
3656,아웃랜드,장가르 습지대,수렁등불 호수,상위지역 경계 대체,3521,흙지느러미 프렌지 (18212),"347.457, 6980.590, -2.406","347.457, 6990.590, -2.406","347.457, 6970.590, -2.406",가시먹이 탈부크 (17131),"-710.857, 7118.450, 46.117","-710.857, 7128.450, 46.117","-710.857, 7108.450, 46.117",늪지대 가스 (17378),"18.561, 6916.930, 19.185","18.561, 6926.930, 19.185","18.561, 6906.930, 19.185"
3657,아웃랜드,장가르 습지대,차원문 폐허,상위지역 경계 대체,3521,흙지느러미 프렌지 (18212),"347.457, 6980.590, -2.406","347.457, 6990.590, -2.406","347.457, 6970.590, -2.406",가시먹이 탈부크 (17131),"-710.857, 7118.450, 46.117","-710.857, 7128.450, 46.117","-710.857, 7108.450, 46.117",늪지대 가스 (17378),"18.561, 6916.930, 19.185","18.561, 6926.930, 19.185","18.561, 6906.930, 19.185"
3658,아웃랜드,장가르 습지대,포자바람 호수,상위지역 경계 대체,3521,흙지느러미 프렌지 (18212),"347.457, 6980.590, -2.406","347.457, 6990.590, -2.406","347.457, 6970.590, -2.406",가시먹이 탈부크 (17131),"-710.857, 7118.450, 46.117","-710.857, 7128.450, 46.117","-710.857, 7108.450, 46.117",늪지대 가스 (17378),"18.561, 6916.930, 19.185","18.561, 6926.930, 19.185","18.561, 6906.930, 19.185"
3659,아웃랜드,장가르 습지대,바다자리 호수,상위지역 경계 대체,3521,흙지느러미 프렌지 (18212),"347.457, 6980.590, -2.406","347.457, 6990.590, -2.406","347.457, 6970.590, -2.406",가시먹이 탈부크 (17131),"-710.857, 7118.450, 46.117","-710.857, 7128.450, 46.117","-710.857, 7108.450, 46.117",늪지대 가스 (17378),"18.561, 6916.930, 19.185","18.561, 6926.930, 19.185","18.561, 6906.930, 19.185"
3660,아웃랜드,장가르 습지대,칼날 고개,상위지역 경계 대체,3521,흙지느러미 프렌지 (18212),"347.457, 6980.590, -2.406","347.457, 6990.590, -2.406","347.457, 6970.590, -2.406",가시먹이 탈부크 (17131),"-710.857, 7118.450, 46.117","-710.857, 7128.450, 46.117","-710.857, 7108.450, 46.117",늪지대 가스 (17378),"18.561, 6916.930, 19.185","18.561, 6926.930, 19.185","18.561, 6906.930, 19.185"
3661,아웃랜드,장가르 습지대,칼날이빨 대협곡,상위지역 경계 대체,3521,흙지느러미 프렌지 (18212),"347.457, 6980.590, -2.406","347.457, 6990.590, -2.406","347.457, 6970.590, -2.406",가시먹이 탈부크 (17131),"-710.857, 7118.450, 46.117","-710.857, 7128.450, 46.117","-710.857, 7108.450, 46.117",늪지대 가스 (17378),"18.561, 6916.930, 19.185","18.561, 6926.930, 19.185","18.561, 6906.930, 19.185"
3662,아웃랜드,영원노래 숲,대강당,상위지역 경계 대체,3430,광포한 용매 (15650),"9142.090, -7087.640, 24.552","9142.090, -7077.640, 24.552","9142.090, -7097.640, 24.552",성난비늘멀록 채집꾼 (15670),"9177.520, -5871.640, 4.845","9177.520, -5861.640, 4.845","9177.520, -5881.640, 4.845",긴발톱 갈기발 스라소니 (15651),"9380.260, -6671.180, 38.148","9380.260, -6661.180, 38.148","9380.260, -6681.180, 38.148"
3663,아웃랜드,영원노래 숲,버려진 장원,상위지역 경계 대체,3430,광포한 용매 (15650),"9142.090, -7087.640, 24.552","9142.090, -7077.640, 24.552","9142.090, -7097.640, 24.552",성난비늘멀록 채집꾼 (15670),"9177.520, -5871.640, 4.845","9177.520, -5861.640, 4.845","9177.520, -5881.640, 4.845",긴발톱 갈기발 스라소니 (15651),"9380.260, -6671.180, 38.148","9380.260, -6661.180, 38.148","9380.260, -6681.180, 38.148"
3664,아웃랜드,영원노래 숲,태양의 여사냥꾼,상위지역 경계 대체,3430,광포한 용매 (15650),"9142.090, -7087.640, 24.552","9142.090, -7077.640, 24.552","9142.090, -7097.640, 24.552",성난비늘멀록 채집꾼 (15670),"9177.520, -5871.640, 4.845","9177.520, -5861.640, 4.845","9177.520, -5881.640, 4.845",긴발톱 갈기발 스라소니 (15651),"9380.260, -6671.180, 38.148","9380.260, -6661.180, 38.148","9380.260, -6681.180, 38.148"
3665,아웃랜드,영원노래 숲,매날개 광장,상위지역 경계 대체,3430,광포한 용매 (15650),"9142.090, -7087.640, 24.552","9142.090, -7077.640, 24.552","9142.090, -7097.640, 24.552",성난비늘멀록 채집꾼 (15670),"9177.520, -5871.640, 4.845","9177.520, -5861.640, 4.845","9177.520, -5881.640, 4.845",긴발톱 갈기발 스라소니 (15651),"9380.260, -6671.180, 38.148","9380.260, -6661.180, 38.148","9380.260, -6681.180, 38.148"
3666,아웃랜드,나그란드,할라아니 분지,상위지역 경계 대체,3518,가시먹이 탈부크 (17131),"-1752.870, 7511.080, -8.561","-1752.870, 7521.080, -8.561","-1752.870, 7501.080, -8.561",줄무늬 탈부크 (17130),"-1807.370, 6928.020, -38.603","-1807.370, 6938.020, -38.603","-1807.370, 6918.020, -38.603",갈래발굽 (18205),"-1801.260, 7089.440, -21.895","-1801.260, 7099.440, -21.895","-1801.260, 7079.440, -21.895"
3667,아웃랜드,장가르 습지대,벌거벗은 수렁,상위지역 경계 대체,3521,흙지느러미 프렌지 (18212),"347.457, 6980.590, -2.406","347.457, 6990.590, -2.406","347.457, 6970.590, -2.406",가시먹이 탈부크 (17131),"-710.857, 7118.450, 46.117","-710.857, 7128.450, 46.117","-710.857, 7108.450, 46.117",늪지대 가스 (17378),"18.561, 6916.930, 19.185","18.561, 6926.930, 19.185","18.561, 6906.930, 19.185"
3668,아웃랜드,장가르 습지대,보하무 폐허,상위지역 경계 대체,3521,흙지느러미 프렌지 (18212),"347.457, 6980.590, -2.406","347.457, 6990.590, -2.406","347.457, 6970.590, -2.406",가시먹이 탈부크 (17131),"-710.857, 7118.450, 46.117","-710.857, 7128.450, 46.117","-710.857, 7108.450, 46.117",늪지대 가스 (17378),"18.561, 6916.930, 19.185","18.561, 6926.930, 19.185","18.561, 6906.930, 19.185"
3669,아웃랜드,지옥불 반도,경기장,상위지역 경계 대체,3483,간아그 일꾼 (19398),"679.262, 1822.740, 123.935","679.262, 1832.740, 123.935","679.262, 1812.740, 123.935",광기어린 지옥멧돼지 (16863),"-54.499, 2948.730, 21.942","-54.499, 2958.730, 21.942","-54.499, 2938.730, 21.942",새끼 돌낫 바위갈퀴 (16927),"-562.162, 3606.670, 29.422","-562.162, 3616.670, 29.422","-562.162, 3596.670, 29.422"
3670,아웃랜드,지옥불 반도,전망대,상위지역 경계 대체,3483,간아그 일꾼 (19398),"679.262, 1822.740, 123.935","679.262, 1832.740, 123.935","679.262, 1812.740, 123.935",광기어린 지옥멧돼지 (16863),"-54.499, 2948.730, 21.942","-54.499, 2958.730, 21.942","-54.499, 2938.730, 21.942",새끼 돌낫 바위갈퀴 (16927),"-562.162, 3606.670, 29.422","-562.162, 3616.670, 29.422","-562.162, 3596.670, 29.422"
3671,아웃랜드,지옥불 반도,무너진 언덕,상위지역 경계 대체,3483,간아그 일꾼 (19398),"679.262, 1822.740, 123.935","679.262, 1832.740, 123.935","679.262, 1812.740, 123.935",광기어린 지옥멧돼지 (16863),"-54.499, 2948.730, 21.942","-54.499, 2958.730, 21.942","-54.499, 2938.730, 21.942",새끼 돌낫 바위갈퀴 (16927),"-562.162, 3606.670, 29.422","-562.162, 3616.670, 29.422","-562.162, 3596.670, 29.422"
3672,아웃랜드,나그란드,마그하리 행렬,상위지역 경계 대체,3518,가시먹이 탈부크 (17131),"-1752.870, 7511.080, -8.561","-1752.870, 7521.080, -8.561","-1752.870, 7501.080, -8.561",줄무늬 탈부크 (17130),"-1807.370, 6928.020, -38.603","-1807.370, 6938.020, -38.603","-1807.370, 6918.020, -38.603",갈래발굽 (18205),"-1801.260, 7089.440, -21.895","-1801.260, 7099.440, -21.895","-1801.260, 7079.440, -21.895"
3673,아웃랜드,나그란드,네싱워리 탐험대,상위지역 경계 대체,3518,가시먹이 탈부크 (17131),"-1752.870, 7511.080, -8.561","-1752.870, 7521.080, -8.561","-1752.870, 7501.080, -8.561",줄무늬 탈부크 (17130),"-1807.370, 6928.020, -38.603","-1807.370, 6938.020, -38.603","-1807.370, 6918.020, -38.603",갈래발굽 (18205),"-1801.260, 7089.440, -21.895","-1801.260, 7099.440, -21.895","-1801.260, 7079.440, -21.895"
3674,아웃랜드,테로카르 숲,세나리온 수풀,상위지역 경계 대체,3519,줄무늬 탈부크 (17130),"-2629.180, 6075.020, 43.172","-2629.180, 6085.020, 43.172","-2629.180, 6065.020, 43.172",어둠달부족 척후병 (21749),"-3012.500, 2751.900, 71.382","-3012.500, 2761.900, 71.382","-3012.500, 2741.900, 71.382",와일드해머 파수병 (21736),"-3843.340, 2325.270, 133.095","-3843.340, 2335.270, 133.095","-3843.340, 2315.270, 133.095"
3675,아웃랜드,테로카르 숲,투렘,상위지역 경계 대체,3519,줄무늬 탈부크 (17130),"-2629.180, 6075.020, 43.172","-2629.180, 6085.020, 43.172","-2629.180, 6065.020, 43.172",어둠달부족 척후병 (21749),"-3012.500, 2751.900, 71.382","-3012.500, 2761.900, 71.382","-3012.500, 2741.900, 71.382",와일드해머 파수병 (21736),"-3843.340, 2325.270, 133.095","-3843.340, 2335.270, 133.095","-3843.340, 2315.270, 133.095"
3676,아웃랜드,테로카르 숲,장막의 쉬에노르,상위지역 경계 대체,3519,줄무늬 탈부크 (17130),"-2629.180, 6075.020, 43.172","-2629.180, 6085.020, 43.172","-2629.180, 6065.020, 43.172",어둠달부족 척후병 (21749),"-3012.500, 2751.900, 71.382","-3012.500, 2761.900, 71.382","-3012.500, 2741.900, 71.382",와일드해머 파수병 (21736),"-3843.340, 2325.270, 133.095","-3843.340, 2335.270, 133.095","-3843.340, 2315.270, 133.095"
3677,아웃랜드,테로카르 숲,장막의 스키스,상위지역 경계 대체,3519,줄무늬 탈부크 (17130),"-2629.180, 6075.020, 43.172","-2629.180, 6085.020, 43.172","-2629.180, 6065.020, 43.172",어둠달부족 척후병 (21749),"-3012.500, 2751.900, 71.382","-3012.500, 2761.900, 71.382","-3012.500, 2741.900, 71.382",와일드해머 파수병 (21736),"-3843.340, 2325.270, 133.095","-3843.340, 2335.270, 133.095","-3843.340, 2315.270, 133.095"
3678,아웃랜드,테로카르 숲,장막의 샬라스,상위지역 경계 대체,3519,줄무늬 탈부크 (17130),"-2629.180, 6075.020, 43.172","-2629.180, 6085.020, 43.172","-2629.180, 6065.020, 43.172",어둠달부족 척후병 (21749),"-3012.500, 2751.900, 71.382","-3012.500, 2761.900, 71.382","-3012.500, 2741.900, 71.382",와일드해머 파수병 (21736),"-3843.340, 2325.270, 133.095","-3843.340, 2335.270, 133.095","-3843.340, 2315.270, 133.095"
3679,아웃랜드,테로카르 숲,스케티스,상위지역 경계 대체,3519,줄무늬 탈부크 (17130),"-2629.180, 6075.020, 43.172","-2629.180, 6085.020, 43.172","-2629.180, 6065.020, 43.172",어둠달부족 척후병 (21749),"-3012.500, 2751.900, 71.382","-3012.500, 2761.900, 71.382","-3012.500, 2741.900, 71.382",와일드해머 파수병 (21736),"-3843.340, 2325.270, 133.095","-3843.340, 2335.270, 133.095","-3843.340, 2315.270, 133.095"
3680,아웃랜드,테로카르 숲,검은바람 계곡,상위지역 경계 대체,3519,줄무늬 탈부크 (17130),"-2629.180, 6075.020, 43.172","-2629.180, 6085.020, 43.172","-2629.180, 6065.020, 43.172",어둠달부족 척후병 (21749),"-3012.500, 2751.900, 71.382","-3012.500, 2761.900, 71.382","-3012.500, 2741.900, 71.382",와일드해머 파수병 (21736),"-3843.340, 2325.270, 133.095","-3843.340, 2335.270, 133.095","-3843.340, 2315.270, 133.095"
3681,아웃랜드,테로카르 숲,불꽃날개 거점,상위지역 경계 대체,3519,줄무늬 탈부크 (17130),"-2629.180, 6075.020, 43.172","-2629.180, 6085.020, 43.172","-2629.180, 6065.020, 43.172",어둠달부족 척후병 (21749),"-3012.500, 2751.900, 71.382","-3012.500, 2761.900, 71.382","-3012.500, 2741.900, 71.382",와일드해머 파수병 (21736),"-3843.340, 2325.270, 133.095","-3843.340, 2335.270, 133.095","-3843.340, 2315.270, 133.095"
3682,아웃랜드,테로카르 숲,그란골바르 마을,상위지역 경계 대체,3519,줄무늬 탈부크 (17130),"-2629.180, 6075.020, 43.172","-2629.180, 6085.020, 43.172","-2629.180, 6065.020, 43.172",어둠달부족 척후병 (21749),"-3012.500, 2751.900, 71.382","-3012.500, 2761.900, 71.382","-3012.500, 2741.900, 71.382",와일드해머 파수병 (21736),"-3843.340, 2325.270, 133.095","-3843.340, 2335.270, 133.095","-3843.340, 2315.270, 133.095"
3683,아웃랜드,테로카르 숲,돌망치 요새,상위지역 경계 대체,3519,줄무늬 탈부크 (17130),"-2629.180, 6075.020, 43.172","-2629.180, 6085.020, 43.172","-2629.180, 6065.020, 43.172",어둠달부족 척후병 (21749),"-3012.500, 2751.900, 71.382","-3012.500, 2761.900, 71.382","-3012.500, 2741.900, 71.382",와일드해머 파수병 (21736),"-3843.340, 2325.270, 133.095","-3843.340, 2335.270, 133.095","-3843.340, 2315.270, 133.095"
3684,아웃랜드,테로카르 숲,알레리아 성채,상위지역 경계 대체,3519,줄무늬 탈부크 (17130),"-2629.180, 6075.020, 43.172","-2629.180, 6085.020, 43.172","-2629.180, 6065.020, 43.172",어둠달부족 척후병 (21749),"-3012.500, 2751.900, 71.382","-3012.500, 2761.900, 71.382","-3012.500, 2741.900, 71.382",와일드해머 파수병 (21736),"-3843.340, 2325.270, 133.095","-3843.340, 2335.270, 133.095","-3843.340, 2315.270, 133.095"
3685,아웃랜드,테로카르 숲,해골이빨 폐허,상위지역 경계 대체,3519,줄무늬 탈부크 (17130),"-2629.180, 6075.020, 43.172","-2629.180, 6085.020, 43.172","-2629.180, 6065.020, 43.172",어둠달부족 척후병 (21749),"-3012.500, 2751.900, 71.382","-3012.500, 2761.900, 71.382","-3012.500, 2741.900, 71.382",와일드해머 파수병 (21736),"-3843.340, 2325.270, 133.095","-3843.340, 2335.270, 133.095","-3843.340, 2315.270, 133.095"
3686,아웃랜드,테로카르 숲,장막의 리디크,상위지역 경계 대체,3519,줄무늬 탈부크 (17130),"-2629.180, 6075.020, 43.172","-2629.180, 6085.020, 43.172","-2629.180, 6065.020, 43.172",어둠달부족 척후병 (21749),"-3012.500, 2751.900, 71.382","-3012.500, 2761.900, 71.382","-3012.500, 2741.900, 71.382",와일드해머 파수병 (21736),"-3843.340, 2325.270, 133.095","-3843.340, 2335.270, 133.095","-3843.340, 2315.270, 133.095"
3687,아웃랜드,테로카르 숲,올렘바스,상위지역 경계 대체,3519,줄무늬 탈부크 (17130),"-2629.180, 6075.020, 43.172","-2629.180, 6085.020, 43.172","-2629.180, 6065.020, 43.172",어둠달부족 척후병 (21749),"-3012.500, 2751.900, 71.382","-3012.500, 2761.900, 71.382","-3012.500, 2741.900, 71.382",와일드해머 파수병 (21736),"-3843.340, 2325.270, 133.095","-3843.340, 2335.270, 133.095","-3843.340, 2315.270, 133.095"
3688,아웃랜드,테로카르 숲,아킨둔,상위지역 경계 대체,3519,줄무늬 탈부크 (17130),"-2629.180, 6075.020, 43.172","-2629.180, 6085.020, 43.172","-2629.180, 6065.020, 43.172",어둠달부족 척후병 (21749),"-3012.500, 2751.900, 71.382","-3012.500, 2761.900, 71.382","-3012.500, 2741.900, 71.382",와일드해머 파수병 (21736),"-3843.340, 2325.270, 133.095","-3843.340, 2335.270, 133.095","-3843.340, 2315.270, 133.095"
3689,아웃랜드,테로카르 숲,장막의 레스크,상위지역 경계 대체,3519,줄무늬 탈부크 (17130),"-2629.180, 6075.020, 43.172","-2629.180, 6085.020, 43.172","-2629.180, 6065.020, 43.172",어둠달부족 척후병 (21749),"-3012.500, 2751.900, 71.382","-3012.500, 2761.900, 71.382","-3012.500, 2741.900, 71.382",와일드해머 파수병 (21736),"-3843.340, 2325.270, 133.095","-3843.340, 2335.270, 133.095","-3843.340, 2315.270, 133.095"
3690,아웃랜드,테로카르 숲,검은바람 호수,상위지역 경계 대체,3519,줄무늬 탈부크 (17130),"-2629.180, 6075.020, 43.172","-2629.180, 6085.020, 43.172","-2629.180, 6065.020, 43.172",어둠달부족 척후병 (21749),"-3012.500, 2751.900, 71.382","-3012.500, 2761.900, 71.382","-3012.500, 2741.900, 71.382",와일드해머 파수병 (21736),"-3843.340, 2325.270, 133.095","-3843.340, 2335.270, 133.095","-3843.340, 2315.270, 133.095"
3691,아웃랜드,테로카르 숲,에레노루 호수,상위지역 경계 대체,3519,줄무늬 탈부크 (17130),"-2629.180, 6075.020, 43.172","-2629.180, 6085.020, 43.172","-2629.180, 6065.020, 43.172",어둠달부족 척후병 (21749),"-3012.500, 2751.900, 71.382","-3012.500, 2761.900, 71.382","-3012.500, 2741.900, 71.382",와일드해머 파수병 (21736),"-3843.340, 2325.270, 133.095","-3843.340, 2335.270, 133.095","-3843.340, 2315.270, 133.095"
3692,아웃랜드,테로카르 숲,조룬 호수,상위지역 경계 대체,3519,줄무늬 탈부크 (17130),"-2629.180, 6075.020, 43.172","-2629.180, 6085.020, 43.172","-2629.180, 6065.020, 43.172",어둠달부족 척후병 (21749),"-3012.500, 2751.900, 71.382","-3012.500, 2761.900, 71.382","-3012.500, 2741.900, 71.382",와일드해머 파수병 (21736),"-3843.340, 2325.270, 133.095","-3843.340, 2335.270, 133.095","-3843.340, 2315.270, 133.095"
3693,아웃랜드,테로카르 숲,스키실 산맥,상위지역 경계 대체,3519,줄무늬 탈부크 (17130),"-2629.180, 6075.020, 43.172","-2629.180, 6085.020, 43.172","-2629.180, 6065.020, 43.172",어둠달부족 척후병 (21749),"-3012.500, 2751.900, 71.382","-3012.500, 2761.900, 71.382","-3012.500, 2741.900, 71.382",와일드해머 파수병 (21736),"-3843.340, 2325.270, 133.095","-3843.340, 2335.270, 133.095","-3843.340, 2315.270, 133.095"
3694,아웃랜드,테로카르 숲,안개 마루,상위지역 경계 대체,3519,줄무늬 탈부크 (17130),"-2629.180, 6075.020, 43.172","-2629.180, 6085.020, 43.172","-2629.180, 6065.020, 43.172",어둠달부족 척후병 (21749),"-3012.500, 2751.900, 71.382","-3012.500, 2761.900, 71.382","-3012.500, 2741.900, 71.382",와일드해머 파수병 (21736),"-3843.340, 2325.270, 133.095","-3843.340, 2335.270, 133.095","-3843.340, 2315.270, 133.095"
3695,아웃랜드,테로카르 숲,뒤틀린 언덕,상위지역 경계 대체,3519,줄무늬 탈부크 (17130),"-2629.180, 6075.020, 43.172","-2629.180, 6085.020, 43.172","-2629.180, 6065.020, 43.172",어둠달부족 척후병 (21749),"-3012.500, 2751.900, 71.382","-3012.500, 2761.900, 71.382","-3012.500, 2741.900, 71.382",와일드해머 파수병 (21736),"-3843.340, 2325.270, 133.095","-3843.340, 2335.270, 133.095","-3843.340, 2315.270, 133.095"
3696,아웃랜드,테로카르 숲,울타리 언덕,상위지역 경계 대체,3519,줄무늬 탈부크 (17130),"-2629.180, 6075.020, 43.172","-2629.180, 6085.020, 43.172","-2629.180, 6065.020, 43.172",어둠달부족 척후병 (21749),"-3012.500, 2751.900, 71.382","-3012.500, 2761.900, 71.382","-3012.500, 2741.900, 71.382",와일드해머 파수병 (21736),"-3843.340, 2325.270, 133.095","-3843.340, 2335.270, 133.095","-3843.340, 2315.270, 133.095"
3697,아웃랜드,테로카르 숲,해골 무덤,상위지역 경계 대체,3519,줄무늬 탈부크 (17130),"-2629.180, 6075.020, 43.172","-2629.180, 6085.020, 43.172","-2629.180, 6065.020, 43.172",어둠달부족 척후병 (21749),"-3012.500, 2751.900, 71.382","-3012.500, 2761.900, 71.382","-3012.500, 2741.900, 71.382",와일드해머 파수병 (21736),"-3843.340, 2325.270, 133.095","-3843.340, 2335.270, 133.095","-3843.340, 2315.270, 133.095"
3699,아웃랜드,나그란드,웃는 해골 광장,상위지역 경계 대체,3518,가시먹이 탈부크 (17131),"-1752.870, 7511.080, -8.561","-1752.870, 7521.080, -8.561","-1752.870, 7501.080, -8.561",줄무늬 탈부크 (17130),"-1807.370, 6928.020, -38.603","-1807.370, 6938.020, -38.603","-1807.370, 6918.020, -38.603",갈래발굽 (18205),"-1801.260, 7089.440, -21.895","-1801.260, 7099.440, -21.895","-1801.260, 7079.440, -21.895"
3700,아웃랜드,나그란드,피의 투기장,상위지역 경계 대체,3518,가시먹이 탈부크 (17131),"-1752.870, 7511.080, -8.561","-1752.870, 7521.080, -8.561","-1752.870, 7501.080, -8.561",줄무늬 탈부크 (17130),"-1807.370, 6928.020, -38.603","-1807.370, 6938.020, -38.603","-1807.370, 6918.020, -38.603",갈래발굽 (18205),"-1801.260, 7089.440, -21.895","-1801.260, 7099.440, -21.895","-1801.260, 7079.440, -21.895"
3701,아웃랜드,나그란드,투기장,상위지역 경계 대체,3518,가시먹이 탈부크 (17131),"-1752.870, 7511.080, -8.561","-1752.870, 7521.080, -8.561","-1752.870, 7501.080, -8.561",줄무늬 탈부크 (17130),"-1807.370, 6928.020, -38.603","-1807.370, 6938.020, -38.603","-1807.370, 6918.020, -38.603",갈래발굽 (18205),"-1801.260, 7089.440, -21.895","-1801.260, 7099.440, -21.895","-1801.260, 7079.440, -21.895"
3703,아웃랜드,,샤트라스,지역 경계 직접,3703,무너진 태양 명사수 (25142),"-1903.970, 5427.560, -12.328","-1903.970, 5437.560, -12.328","-1903.970, 5417.560, -12.328",검은숲늑대 (18476),"-2047.960, 5039.470, 25.857","-2047.960, 5049.470, 25.857","-2047.960, 5029.470, 25.857",스케티스 추방자 (19075),"-1707.060, 5442.570, -12.345","-1707.060, 5452.570, -12.345","-1707.060, 5432.570, -12.345"
3704,아웃랜드,실버문,수호자의 관문,상위지역 경계 대체,3487,버림받은 엘프 (15644),"9820.900, -6852.160, 17.957","9820.900, -6842.160, 17.957","9820.900, -6862.160, 17.957",저주받은 기사 화염 (23686),"9537.310, -6859.920, 26.944","9537.310, -6849.920, 26.944","9537.310, -6869.920, 26.944",비전 순찰자 (15638),"9758.310, -6852.840, 19.123","9758.310, -6842.840, 19.123","9758.310, -6862.840, 19.123"
3705,아웃랜드,나그란드,텔라아리 분지,상위지역 경계 대체,3518,가시먹이 탈부크 (17131),"-1752.870, 7511.080, -8.561","-1752.870, 7521.080, -8.561","-1752.870, 7501.080, -8.561",줄무늬 탈부크 (17130),"-1807.370, 6928.020, -38.603","-1807.370, 6938.020, -38.603","-1807.370, 6918.020, -38.603",갈래발굽 (18205),"-1801.260, 7089.440, -21.895","-1801.260, 7099.440, -21.895","-1801.260, 7079.440, -21.895"
3711,노스렌드,,숄라자르 분지,지역 경계 직접,3711,조종 당하는 영웅 (32255),"7025.310, 2977.780, 447.827","7025.310, 2987.780, 447.827","7025.310, 2967.780, 447.827",동상에 파인 시체 (28220),"6214.420, 4127.330, -11.419","6214.420, 4137.330, -11.419","6214.420, 4117.330, -11.419",설맹 구울 (28218),"6227.580, 4140.940, -10.585","6227.580, 4150.940, -10.585","6227.580, 4130.940, -10.585"
3712,아웃랜드,황천의 폭풍,52번 구역,상위지역 경계 대체,3523,월드 트리거 (15384),"3633.440, 2399.540, 80.041","3633.440, 2409.540, 80.041","3633.440, 2389.540, 80.041",황천의 야수 (19731),"3027.130, 2401.880, 135.201","3027.130, 2411.880, 135.201","3027.130, 2391.880, 135.201",파랄론 덩굴손 (20774),"3968.680, 2847.750, 117.937","3968.680, 2857.750, 117.937","3968.680, 2837.750, 117.937"
3718,아웃랜드,장가르 습지대,늪쥐 감시초소,상위지역 경계 대체,3521,흙지느러미 프렌지 (18212),"347.457, 6980.590, -2.406","347.457, 6990.590, -2.406","347.457, 6970.590, -2.406",가시먹이 탈부크 (17131),"-710.857, 7118.450, 46.117","-710.857, 7128.450, 46.117","-710.857, 7108.450, 46.117",늪지대 가스 (17378),"18.561, 6916.930, 19.185","18.561, 6926.930, 19.185","18.561, 6906.930, 19.185"
3719,아웃랜드,테로카르 숲,피투성이굴 폐허,상위지역 경계 대체,3519,줄무늬 탈부크 (17130),"-2629.180, 6075.020, 43.172","-2629.180, 6085.020, 43.172","-2629.180, 6065.020, 43.172",어둠달부족 척후병 (21749),"-3012.500, 2751.900, 71.382","-3012.500, 2761.900, 71.382","-3012.500, 2741.900, 71.382",와일드해머 파수병 (21736),"-3843.340, 2325.270, 133.095","-3843.340, 2335.270, 133.095","-3843.340, 2315.270, 133.095"
3720,아웃랜드,장가르 습지대,쌍둥이 첨탑 폐허,상위지역 경계 대체,3521,흙지느러미 프렌지 (18212),"347.457, 6980.590, -2.406","347.457, 6990.590, -2.406","347.457, 6970.590, -2.406",가시먹이 탈부크 (17131),"-710.857, 7118.450, 46.117","-710.857, 7128.450, 46.117","-710.857, 7108.450, 46.117",늪지대 가스 (17378),"18.561, 6916.930, 19.185","18.561, 6926.930, 19.185","18.561, 6906.930, 19.185"
3721,아웃랜드,황천의 폭풍,부서진 잔해,상위지역 경계 대체,3523,월드 트리거 (15384),"3633.440, 2399.540, 80.041","3633.440, 2409.540, 80.041","3633.440, 2389.540, 80.041",황천의 야수 (19731),"3027.130, 2401.880, 135.201","3027.130, 2411.880, 135.201","3027.130, 2391.880, 135.201",파랄론 덩굴손 (20774),"3968.680, 2847.750, 117.937","3968.680, 2857.750, 117.937","3968.680, 2837.750, 117.937"
3722,아웃랜드,황천의 폭풍,아라 마나괴철로,상위지역 경계 대체,3523,월드 트리거 (15384),"3633.440, 2399.540, 80.041","3633.440, 2409.540, 80.041","3633.440, 2389.540, 80.041",황천의 야수 (19731),"3027.130, 2401.880, 135.201","3027.130, 2411.880, 135.201","3027.130, 2391.880, 135.201",파랄론 덩굴손 (20774),"3968.680, 2847.750, 117.937","3968.680, 2857.750, 117.937","3968.680, 2837.750, 117.937"
3723,아웃랜드,황천의 폭풍,알클론 폐허,상위지역 경계 대체,3523,월드 트리거 (15384),"3633.440, 2399.540, 80.041","3633.440, 2409.540, 80.041","3633.440, 2389.540, 80.041",황천의 야수 (19731),"3027.130, 2401.880, 135.201","3027.130, 2411.880, 135.201","3027.130, 2391.880, 135.201",파랄론 덩굴손 (20774),"3968.680, 2847.750, 117.937","3968.680, 2857.750, 117.937","3968.680, 2837.750, 117.937"
3724,아웃랜드,황천의 폭풍,코스모렌치,상위지역 경계 대체,3523,월드 트리거 (15384),"3633.440, 2399.540, 80.041","3633.440, 2409.540, 80.041","3633.440, 2389.540, 80.041",황천의 야수 (19731),"3027.130, 2401.880, 135.201","3027.130, 2411.880, 135.201","3027.130, 2391.880, 135.201",파랄론 덩굴손 (20774),"3968.680, 2847.750, 117.937","3968.680, 2857.750, 117.937","3968.680, 2837.750, 117.937"
3725,아웃랜드,황천의 폭풍,엔카트 폐허,상위지역 경계 대체,3523,월드 트리거 (15384),"3633.440, 2399.540, 80.041","3633.440, 2409.540, 80.041","3633.440, 2389.540, 80.041",황천의 야수 (19731),"3027.130, 2401.880, 135.201","3027.130, 2411.880, 135.201","3027.130, 2391.880, 135.201",파랄론 덩굴손 (20774),"3968.680, 2847.750, 117.937","3968.680, 2857.750, 117.937","3968.680, 2837.750, 117.937"
3726,아웃랜드,황천의 폭풍,브나르 마나괴철로,상위지역 경계 대체,3523,월드 트리거 (15384),"3633.440, 2399.540, 80.041","3633.440, 2409.540, 80.041","3633.440, 2389.540, 80.041",황천의 야수 (19731),"3027.130, 2401.880, 135.201","3027.130, 2411.880, 135.201","3027.130, 2391.880, 135.201",파랄론 덩굴손 (20774),"3968.680, 2847.750, 117.937","3968.680, 2857.750, 117.937","3968.680, 2837.750, 117.937"
3727,아웃랜드,황천의 폭풍,고철 지대,상위지역 경계 대체,3523,월드 트리거 (15384),"3633.440, 2399.540, 80.041","3633.440, 2409.540, 80.041","3633.440, 2389.540, 80.041",황천의 야수 (19731),"3027.130, 2401.880, 135.201","3027.130, 2411.880, 135.201","3027.130, 2391.880, 135.201",파랄론 덩굴손 (20774),"3968.680, 2847.750, 117.937","3968.680, 2857.750, 117.937","3968.680, 2837.750, 117.937"
3728,아웃랜드,황천의 폭풍,소용돌이 지대,상위지역 경계 대체,3523,월드 트리거 (15384),"3633.440, 2399.540, 80.041","3633.440, 2409.540, 80.041","3633.440, 2389.540, 80.041",황천의 야수 (19731),"3027.130, 2401.880, 135.201","3027.130, 2411.880, 135.201","3027.130, 2391.880, 135.201",파랄론 덩굴손 (20774),"3968.680, 2847.750, 117.937","3968.680, 2857.750, 117.937","3968.680, 2837.750, 117.937"
3729,아웃랜드,황천의 폭풍,고철더미,상위지역 경계 대체,3523,월드 트리거 (15384),"3633.440, 2399.540, 80.041","3633.440, 2409.540, 80.041","3633.440, 2389.540, 80.041",황천의 야수 (19731),"3027.130, 2401.880, 135.201","3027.130, 2411.880, 135.201","3027.130, 2391.880, 135.201",파랄론 덩굴손 (20774),"3968.680, 2847.750, 117.937","3968.680, 2857.750, 117.937","3968.680, 2837.750, 117.937"
3730,아웃랜드,황천의 폭풍,코루 마나괴철로,상위지역 경계 대체,3523,월드 트리거 (15384),"3633.440, 2399.540, 80.041","3633.440, 2409.540, 80.041","3633.440, 2389.540, 80.041",황천의 야수 (19731),"3027.130, 2401.880, 135.201","3027.130, 2411.880, 135.201","3027.130, 2391.880, 135.201",파랄론 덩굴손 (20774),"3968.680, 2847.750, 117.937","3968.680, 2857.750, 117.937","3968.680, 2837.750, 117.937"
3731,아웃랜드,황천의 폭풍,폭풍우 균열,상위지역 경계 대체,3523,월드 트리거 (15384),"3633.440, 2399.540, 80.041","3633.440, 2409.540, 80.041","3633.440, 2389.540, 80.041",황천의 야수 (19731),"3027.130, 2401.880, 135.201","3027.130, 2411.880, 135.201","3027.130, 2391.880, 135.201",파랄론 덩굴손 (20774),"3968.680, 2847.750, 117.937","3968.680, 2857.750, 117.937","3968.680, 2837.750, 117.937"
3732,아웃랜드,황천의 폭풍,키린바르 마을,상위지역 경계 대체,3523,월드 트리거 (15384),"3633.440, 2399.540, 80.041","3633.440, 2409.540, 80.041","3633.440, 2389.540, 80.041",황천의 야수 (19731),"3027.130, 2401.880, 135.201","3027.130, 2411.880, 135.201","3027.130, 2391.880, 135.201",파랄론 덩굴손 (20774),"3968.680, 2847.750, 117.937","3968.680, 2857.750, 117.937","3968.680, 2837.750, 117.937"
3733,아웃랜드,황천의 폭풍,보랏빛 탑,상위지역 경계 대체,3523,월드 트리거 (15384),"3633.440, 2399.540, 80.041","3633.440, 2409.540, 80.041","3633.440, 2389.540, 80.041",황천의 야수 (19731),"3027.130, 2401.880, 135.201","3027.130, 2411.880, 135.201","3027.130, 2391.880, 135.201",파랄론 덩굴손 (20774),"3968.680, 2847.750, 117.937","3968.680, 2857.750, 117.937","3968.680, 2837.750, 117.937"
3734,아웃랜드,황천의 폭풍,듀로 마나괴철로,상위지역 경계 대체,3523,월드 트리거 (15384),"3633.440, 2399.540, 80.041","3633.440, 2409.540, 80.041","3633.440, 2389.540, 80.041",황천의 야수 (19731),"3027.130, 2401.880, 135.201","3027.130, 2411.880, 135.201","3027.130, 2391.880, 135.201",파랄론 덩굴손 (20774),"3968.680, 2847.750, 117.937","3968.680, 2857.750, 117.937","3968.680, 2837.750, 117.937"
3735,아웃랜드,황천의 폭풍,공허의 바람 고원,상위지역 경계 대체,3523,월드 트리거 (15384),"3633.440, 2399.540, 80.041","3633.440, 2409.540, 80.041","3633.440, 2389.540, 80.041",황천의 야수 (19731),"3027.130, 2401.880, 135.201","3027.130, 2411.880, 135.201","3027.130, 2391.880, 135.201",파랄론 덩굴손 (20774),"3968.680, 2847.750, 117.937","3968.680, 2857.750, 117.937","3968.680, 2837.750, 117.937"
3736,아웃랜드,황천의 폭풍,울트리스 마나괴철로,상위지역 경계 대체,3523,월드 트리거 (15384),"3633.440, 2399.540, 80.041","3633.440, 2409.540, 80.041","3633.440, 2389.540, 80.041",황천의 야수 (19731),"3027.130, 2401.880, 135.201","3027.130, 2411.880, 135.201","3027.130, 2391.880, 135.201",파랄론 덩굴손 (20774),"3968.680, 2847.750, 117.937","3968.680, 2857.750, 117.937","3968.680, 2837.750, 117.937"
3737,아웃랜드,황천의 폭풍,하늘 마루,상위지역 경계 대체,3523,월드 트리거 (15384),"3633.440, 2399.540, 80.041","3633.440, 2409.540, 80.041","3633.440, 2389.540, 80.041",황천의 야수 (19731),"3027.130, 2401.880, 135.201","3027.130, 2411.880, 135.201","3027.130, 2391.880, 135.201",파랄론 덩굴손 (20774),"3968.680, 2847.750, 117.937","3968.680, 2857.750, 117.937","3968.680, 2837.750, 117.937"
3738,아웃랜드,황천의 폭풍,폭풍 첨탑,상위지역 경계 대체,3523,월드 트리거 (15384),"3633.440, 2399.540, 80.041","3633.440, 2409.540, 80.041","3633.440, 2389.540, 80.041",황천의 야수 (19731),"3027.130, 2401.880, 135.201","3027.130, 2411.880, 135.201","3027.130, 2391.880, 135.201",파랄론 덩굴손 (20774),"3968.680, 2847.750, 117.937","3968.680, 2857.750, 117.937","3968.680, 2837.750, 117.937"
3739,아웃랜드,황천의 폭풍,망각의 괴철로 주둔지,상위지역 경계 대체,3523,월드 트리거 (15384),"3633.440, 2399.540, 80.041","3633.440, 2409.540, 80.041","3633.440, 2389.540, 80.041",황천의 야수 (19731),"3027.130, 2401.880, 135.201","3027.130, 2411.880, 135.201","3027.130, 2391.880, 135.201",파랄론 덩굴손 (20774),"3968.680, 2847.750, 117.937","3968.680, 2857.750, 117.937","3968.680, 2837.750, 117.937"
3740,아웃랜드,황천의 폭풍,지옥의 괴철로 주둔지,상위지역 경계 대체,3523,월드 트리거 (15384),"3633.440, 2399.540, 80.041","3633.440, 2409.540, 80.041","3633.440, 2389.540, 80.041",황천의 야수 (19731),"3027.130, 2401.880, 135.201","3027.130, 2411.880, 135.201","3027.130, 2391.880, 135.201",파랄론 덩굴손 (20774),"3968.680, 2847.750, 117.937","3968.680, 2857.750, 117.937","3968.680, 2837.750, 117.937"
3741,아웃랜드,황천의 폭풍,파랄론 폐허,상위지역 경계 대체,3523,월드 트리거 (15384),"3633.440, 2399.540, 80.041","3633.440, 2409.540, 80.041","3633.440, 2389.540, 80.041",황천의 야수 (19731),"3027.130, 2401.880, 135.201","3027.130, 2411.880, 135.201","3027.130, 2391.880, 135.201",파랄론 덩굴손 (20774),"3968.680, 2847.750, 117.937","3968.680, 2857.750, 117.937","3968.680, 2837.750, 117.937"
3742,아웃랜드,황천의 폭풍,소크레타르의 옥좌,상위지역 경계 대체,3523,월드 트리거 (15384),"3633.440, 2399.540, 80.041","3633.440, 2409.540, 80.041","3633.440, 2389.540, 80.041",황천의 야수 (19731),"3027.130, 2401.880, 135.201","3027.130, 2411.880, 135.201","3027.130, 2391.880, 135.201",파랄론 덩굴손 (20774),"3968.680, 2847.750, 117.937","3968.680, 2857.750, 117.937","3968.680, 2837.750, 117.937"
3743,아웃랜드,어둠달 골짜기,불타는 군단 요새,상위지역 경계 대체,3520,용아귀부족 일꾼 (22252),"-4898.900, 741.277, 64.639","-4898.900, 751.277, 64.639","-4898.900, 731.277, 64.639",어둠달부족 척후병 (21749),"-3253.000, 2319.520, 63.046","-3253.000, 2329.520, 63.046","-3253.000, 2309.520, 63.046",와일드해머 파수병 (21736),"-3782.320, 1916.500, 97.803","-3782.320, 1926.500, 97.803","-3782.320, 1906.500, 97.803"
3744,아웃랜드,어둠달 골짜기,어둠달 마을,상위지역 경계 대체,3520,용아귀부족 일꾼 (22252),"-4898.900, 741.277, 64.639","-4898.900, 751.277, 64.639","-4898.900, 731.277, 64.639",어둠달부족 척후병 (21749),"-3253.000, 2319.520, 63.046","-3253.000, 2329.520, 63.046","-3253.000, 2309.520, 63.046",와일드해머 파수병 (21736),"-3782.320, 1916.500, 97.803","-3782.320, 1926.500, 97.803","-3782.320, 1906.500, 97.803"
3745,아웃랜드,어둠달 골짜기,와일드해머 성채,상위지역 경계 대체,3520,용아귀부족 일꾼 (22252),"-4898.900, 741.277, 64.639","-4898.900, 751.277, 64.639","-4898.900, 731.277, 64.639",어둠달부족 척후병 (21749),"-3253.000, 2319.520, 63.046","-3253.000, 2329.520, 63.046","-3253.000, 2309.520, 63.046",와일드해머 파수병 (21736),"-3782.320, 1916.500, 97.803","-3782.320, 1926.500, 97.803","-3782.320, 1906.500, 97.803"
3746,아웃랜드,어둠달 골짜기,굴단의 손아귀,상위지역 경계 대체,3520,용아귀부족 일꾼 (22252),"-4898.900, 741.277, 64.639","-4898.900, 751.277, 64.639","-4898.900, 731.277, 64.639",어둠달부족 척후병 (21749),"-3253.000, 2319.520, 63.046","-3253.000, 2329.520, 63.046","-3253.000, 2309.520, 63.046",와일드해머 파수병 (21736),"-3782.320, 1916.500, 97.803","-3782.320, 1926.500, 97.803","-3782.320, 1906.500, 97.803"
3747,아웃랜드,어둠달 골짜기,지옥의 구덩이,상위지역 경계 대체,3520,용아귀부족 일꾼 (22252),"-4898.900, 741.277, 64.639","-4898.900, 751.277, 64.639","-4898.900, 731.277, 64.639",어둠달부족 척후병 (21749),"-3253.000, 2319.520, 63.046","-3253.000, 2329.520, 63.046","-3253.000, 2309.520, 63.046",와일드해머 파수병 (21736),"-3782.320, 1916.500, 97.803","-3782.320, 1926.500, 97.803","-3782.320, 1906.500, 97.803"
3748,아웃랜드,어둠달 골짜기,죽음의 괴철로,상위지역 경계 대체,3520,용아귀부족 일꾼 (22252),"-4898.900, 741.277, 64.639","-4898.900, 751.277, 64.639","-4898.900, 731.277, 64.639",어둠달부족 척후병 (21749),"-3253.000, 2319.520, 63.046","-3253.000, 2329.520, 63.046","-3253.000, 2309.520, 63.046",와일드해머 파수병 (21736),"-3782.320, 1916.500, 97.803","-3782.320, 1926.500, 97.803","-3782.320, 1906.500, 97.803"
3749,아웃랜드,어둠달 골짜기,갈퀴흉터 저수지,상위지역 경계 대체,3520,용아귀부족 일꾼 (22252),"-4898.900, 741.277, 64.639","-4898.900, 751.277, 64.639","-4898.900, 731.277, 64.639",어둠달부족 척후병 (21749),"-3253.000, 2319.520, 63.046","-3253.000, 2329.520, 63.046","-3253.000, 2309.520, 63.046",와일드해머 파수병 (21736),"-3782.320, 1916.500, 97.803","-3782.320, 1926.500, 97.803","-3782.320, 1906.500, 97.803"
3750,아웃랜드,어둠달 골짜기,갈퀴흉터 거점,상위지역 경계 대체,3520,용아귀부족 일꾼 (22252),"-4898.900, 741.277, 64.639","-4898.900, 751.277, 64.639","-4898.900, 731.277, 64.639",어둠달부족 척후병 (21749),"-3253.000, 2319.520, 63.046","-3253.000, 2329.520, 63.046","-3253.000, 2309.520, 63.046",와일드해머 파수병 (21736),"-3782.320, 1916.500, 97.803","-3782.320, 1926.500, 97.803","-3782.320, 1906.500, 97.803"
3751,아웃랜드,어둠달 골짜기,태양불꽃 거점,상위지역 경계 대체,3520,용아귀부족 일꾼 (22252),"-4898.900, 741.277, 64.639","-4898.900, 751.277, 64.639","-4898.900, 731.277, 64.639",어둠달부족 척후병 (21749),"-3253.000, 2319.520, 63.046","-3253.000, 2329.520, 63.046","-3253.000, 2309.520, 63.046",와일드해머 파수병 (21736),"-3782.320, 1916.500, 97.803","-3782.320, 1926.500, 97.803","-3782.320, 1906.500, 97.803"
3752,아웃랜드,어둠달 골짜기,일리다리 거점,상위지역 경계 대체,3520,용아귀부족 일꾼 (22252),"-4898.900, 741.277, 64.639","-4898.900, 751.277, 64.639","-4898.900, 731.277, 64.639",어둠달부족 척후병 (21749),"-3253.000, 2319.520, 63.046","-3253.000, 2329.520, 63.046","-3253.000, 2309.520, 63.046",와일드해머 파수병 (21736),"-3782.320, 1916.500, 97.803","-3782.320, 1926.500, 97.803","-3782.320, 1906.500, 97.803"
3753,아웃랜드,어둠달 골짜기,바아리 폐허,상위지역 경계 대체,3520,용아귀부족 일꾼 (22252),"-4898.900, 741.277, 64.639","-4898.900, 751.277, 64.639","-4898.900, 731.277, 64.639",어둠달부족 척후병 (21749),"-3253.000, 2319.520, 63.046","-3253.000, 2329.520, 63.046","-3253.000, 2309.520, 63.046",와일드해머 파수병 (21736),"-3782.320, 1916.500, 97.803","-3782.320, 1926.500, 97.803","-3782.320, 1906.500, 97.803"
3754,아웃랜드,어둠달 골짜기,샤타르 제단,상위지역 경계 대체,3520,용아귀부족 일꾼 (22252),"-4898.900, 741.277, 64.639","-4898.900, 751.277, 64.639","-4898.900, 731.277, 64.639",어둠달부족 척후병 (21749),"-3253.000, 2319.520, 63.046","-3253.000, 2329.520, 63.046","-3253.000, 2309.520, 63.046",와일드해머 파수병 (21736),"-3782.320, 1916.500, 97.803","-3782.320, 1926.500, 97.803","-3782.320, 1906.500, 97.803"
3755,아웃랜드,어둠달 골짜기,파멸의 계단,상위지역 경계 대체,3520,용아귀부족 일꾼 (22252),"-4898.900, 741.277, 64.639","-4898.900, 751.277, 64.639","-4898.900, 731.277, 64.639",어둠달부족 척후병 (21749),"-3253.000, 2319.520, 63.046","-3253.000, 2329.520, 63.046","-3253.000, 2309.520, 63.046",와일드해머 파수병 (21736),"-3782.320, 1916.500, 97.803","-3782.320, 1926.500, 97.803","-3782.320, 1906.500, 97.803"
3756,아웃랜드,어둠달 골짜기,카라보르 폐허,상위지역 경계 대체,3520,용아귀부족 일꾼 (22252),"-4898.900, 741.277, 64.639","-4898.900, 751.277, 64.639","-4898.900, 731.277, 64.639",어둠달부족 척후병 (21749),"-3253.000, 2319.520, 63.046","-3253.000, 2329.520, 63.046","-3253.000, 2309.520, 63.046",와일드해머 파수병 (21736),"-3782.320, 1916.500, 97.803","-3782.320, 1926.500, 97.803","-3782.320, 1906.500, 97.803"
3757,아웃랜드,어둠달 골짜기,아타말 언덕,상위지역 경계 대체,3520,용아귀부족 일꾼 (22252),"-4898.900, 741.277, 64.639","-4898.900, 751.277, 64.639","-4898.900, 731.277, 64.639",어둠달부족 척후병 (21749),"-3253.000, 2319.520, 63.046","-3253.000, 2329.520, 63.046","-3253.000, 2309.520, 63.046",와일드해머 파수병 (21736),"-3782.320, 1916.500, 97.803","-3782.320, 1926.500, 97.803","-3782.320, 1906.500, 97.803"
3758,아웃랜드,어둠달 골짜기,황천날개 벌판,상위지역 경계 대체,3520,용아귀부족 일꾼 (22252),"-4898.900, 741.277, 64.639","-4898.900, 751.277, 64.639","-4898.900, 731.277, 64.639",어둠달부족 척후병 (21749),"-3253.000, 2319.520, 63.046","-3253.000, 2329.520, 63.046","-3253.000, 2309.520, 63.046",와일드해머 파수병 (21736),"-3782.320, 1916.500, 97.803","-3782.320, 1926.500, 97.803","-3782.320, 1906.500, 97.803"
3759,아웃랜드,어둠달 골짜기,황천날개 마루,상위지역 경계 대체,3520,용아귀부족 일꾼 (22252),"-4898.900, 741.277, 64.639","-4898.900, 751.277, 64.639","-4898.900, 731.277, 64.639",어둠달부족 척후병 (21749),"-3253.000, 2319.520, 63.046","-3253.000, 2329.520, 63.046","-3253.000, 2309.520, 63.046",와일드해머 파수병 (21736),"-3782.320, 1916.500, 97.803","-3782.320, 1926.500, 97.803","-3782.320, 1906.500, 97.803"
3760,아웃랜드,나그란드,울타리 언덕,상위지역 경계 대체,3518,가시먹이 탈부크 (17131),"-1752.870, 7511.080, -8.561","-1752.870, 7521.080, -8.561","-1752.870, 7501.080, -8.561",줄무늬 탈부크 (17130),"-1807.370, 6928.020, -38.603","-1807.370, 6938.020, -38.603","-1807.370, 6918.020, -38.603",갈래발굽 (18205),"-1801.260, 7089.440, -21.895","-1801.260, 7099.440, -21.895","-1801.260, 7079.440, -21.895"
3761,아웃랜드,나그란드,높은길,상위지역 경계 대체,3518,가시먹이 탈부크 (17131),"-1752.870, 7511.080, -8.561","-1752.870, 7521.080, -8.561","-1752.870, 7501.080, -8.561",줄무늬 탈부크 (17130),"-1807.370, 6928.020, -38.603","-1807.370, 6938.020, -38.603","-1807.370, 6918.020, -38.603",갈래발굽 (18205),"-1801.260, 7089.440, -21.895","-1801.260, 7099.440, -21.895","-1801.260, 7079.440, -21.895"
3762,아웃랜드,나그란드,바람갈대 고개,상위지역 경계 대체,3518,가시먹이 탈부크 (17131),"-1752.870, 7511.080, -8.561","-1752.870, 7521.080, -8.561","-1752.870, 7501.080, -8.561",줄무늬 탈부크 (17130),"-1807.370, 6928.020, -38.603","-1807.370, 6938.020, -38.603","-1807.370, 6918.020, -38.603",갈래발굽 (18205),"-1801.260, 7089.440, -21.895","-1801.260, 7099.440, -21.895","-1801.260, 7079.440, -21.895"
3763,아웃랜드,나그란드,장가르 마루,상위지역 경계 대체,3518,가시먹이 탈부크 (17131),"-1752.870, 7511.080, -8.561","-1752.870, 7521.080, -8.561","-1752.870, 7501.080, -8.561",줄무늬 탈부크 (17130),"-1807.370, 6928.020, -38.603","-1807.370, 6938.020, -38.603","-1807.370, 6918.020, -38.603",갈래발굽 (18205),"-1801.260, 7089.440, -21.895","-1801.260, 7099.440, -21.895","-1801.260, 7079.440, -21.895"
3764,아웃랜드,나그란드,황혼의 마루,상위지역 경계 대체,3518,가시먹이 탈부크 (17131),"-1752.870, 7511.080, -8.561","-1752.870, 7521.080, -8.561","-1752.870, 7501.080, -8.561",줄무늬 탈부크 (17130),"-1807.370, 6928.020, -38.603","-1807.370, 6938.020, -38.603","-1807.370, 6918.020, -38.603",갈래발굽 (18205),"-1801.260, 7089.440, -21.895","-1801.260, 7099.440, -21.895","-1801.260, 7079.440, -21.895"
3765,아웃랜드,지옥불 반도,서슬가시 고개,상위지역 경계 대체,3483,간아그 일꾼 (19398),"679.262, 1822.740, 123.935","679.262, 1832.740, 123.935","679.262, 1812.740, 123.935",광기어린 지옥멧돼지 (16863),"-54.499, 2948.730, 21.942","-54.499, 2958.730, 21.942","-54.499, 2938.730, 21.942",새끼 돌낫 바위갈퀴 (16927),"-562.162, 3606.670, 29.422","-562.162, 3616.670, 29.422","-562.162, 3596.670, 29.422"
3766,아웃랜드,장가르 습지대,오레보르 피난처,상위지역 경계 대체,3521,흙지느러미 프렌지 (18212),"347.457, 6980.590, -2.406","347.457, 6990.590, -2.406","347.457, 6970.590, -2.406",가시먹이 탈부크 (17131),"-710.857, 7118.450, 46.117","-710.857, 7128.450, 46.117","-710.857, 7108.450, 46.117",늪지대 가스 (17378),"18.561, 6916.930, 19.185","18.561, 6926.930, 19.185","18.561, 6906.930, 19.185"
3767,아웃랜드,칼날 산맥,칼날 고개,상위지역 경계 대체,3522,성난태양 지질학자 (19779),"2756.320, 4208.450, 183.803","2756.320, 4218.450, 183.803","2756.320, 4198.450, 183.803",고룡교단 밀렵꾼 (21809),"3140.050, 6237.660, 124.848","3140.050, 6247.660, 124.848","3140.050, 6227.660, 124.848",에테르 가오리 (22181),"2490.000, 7043.620, 366.056","2490.000, 7053.620, 366.056","2490.000, 7033.620, 366.056"
3768,아웃랜드,칼날 산맥,뾰족 마루,상위지역 경계 대체,3522,성난태양 지질학자 (19779),"2756.320, 4208.450, 183.803","2756.320, 4218.450, 183.803","2756.320, 4198.450, 183.803",고룡교단 밀렵꾼 (21809),"3140.050, 6237.660, 124.848","3140.050, 6247.660, 124.848","3140.050, 6227.660, 124.848",에테르 가오리 (22181),"2490.000, 7043.620, 366.056","2490.000, 7053.620, 366.056","2490.000, 7033.620, 366.056"
3769,아웃랜드,칼날 산맥,천둥군주 요새,상위지역 경계 대체,3522,성난태양 지질학자 (19779),"2756.320, 4208.450, 183.803","2756.320, 4218.450, 183.803","2756.320, 4198.450, 183.803",고룡교단 밀렵꾼 (21809),"3140.050, 6237.660, 124.848","3140.050, 6247.660, 124.848","3140.050, 6227.660, 124.848",에테르 가오리 (22181),"2490.000, 7043.620, 366.056","2490.000, 7053.620, 366.056","2490.000, 7033.620, 366.056"
3770,아웃랜드,칼날 산맥,칼날이빨 대협곡,상위지역 경계 대체,3522,성난태양 지질학자 (19779),"2756.320, 4208.450, 183.803","2756.320, 4218.450, 183.803","2756.320, 4198.450, 183.803",고룡교단 밀렵꾼 (21809),"3140.050, 6237.660, 124.848","3140.050, 6247.660, 124.848","3140.050, 6227.660, 124.848",에테르 가오리 (22181),"2490.000, 7043.620, 366.056","2490.000, 7053.620, 366.056","2490.000, 7033.620, 366.056"
3771,아웃랜드,칼날 산맥,생명의 숲,상위지역 경계 대체,3522,성난태양 지질학자 (19779),"2756.320, 4208.450, 183.803","2756.320, 4218.450, 183.803","2756.320, 4198.450, 183.803",고룡교단 밀렵꾼 (21809),"3140.050, 6237.660, 124.848","3140.050, 6247.660, 124.848","3140.050, 6227.660, 124.848",에테르 가오리 (22181),"2490.000, 7043.620, 366.056","2490.000, 7053.620, 366.056","2490.000, 7033.620, 366.056"
3772,아웃랜드,칼날 산맥,실바나르,상위지역 경계 대체,3522,성난태양 지질학자 (19779),"2756.320, 4208.450, 183.803","2756.320, 4218.450, 183.803","2756.320, 4198.450, 183.803",고룡교단 밀렵꾼 (21809),"3140.050, 6237.660, 124.848","3140.050, 6247.660, 124.848","3140.050, 6227.660, 124.848",에테르 가오리 (22181),"2490.000, 7043.620, 366.056","2490.000, 7053.620, 366.056","2490.000, 7033.620, 366.056"
3773,아웃랜드,칼날 산맥,칼날첨탑 요새,상위지역 경계 대체,3522,성난태양 지질학자 (19779),"2756.320, 4208.450, 183.803","2756.320, 4218.450, 183.803","2756.320, 4198.450, 183.803",고룡교단 밀렵꾼 (21809),"3140.050, 6237.660, 124.848","3140.050, 6247.660, 124.848","3140.050, 6227.660, 124.848",에테르 가오리 (22181),"2490.000, 7043.620, 366.056","2490.000, 7053.620, 366.056","2490.000, 7033.620, 366.056"
3774,아웃랜드,칼날 산맥,그룰의 둥지,상위지역 경계 대체,3522,성난태양 지질학자 (19779),"2756.320, 4208.450, 183.803","2756.320, 4218.450, 183.803","2756.320, 4198.450, 183.803",고룡교단 밀렵꾼 (21809),"3140.050, 6237.660, 124.848","3140.050, 6247.660, 124.848","3140.050, 6227.660, 124.848",에테르 가오리 (22181),"2490.000, 7043.620, 366.056","2490.000, 7053.620, 366.056","2490.000, 7033.620, 366.056"
3775,아웃랜드,칼날 산맥,피의 투기장,상위지역 경계 대체,3522,성난태양 지질학자 (19779),"2756.320, 4208.450, 183.803","2756.320, 4218.450, 183.803","2756.320, 4198.450, 183.803",고룡교단 밀렵꾼 (21809),"3140.050, 6237.660, 124.848","3140.050, 6247.660, 124.848","3140.050, 6227.660, 124.848",에테르 가오리 (22181),"2490.000, 7043.620, 366.056","2490.000, 7053.620, 366.056","2490.000, 7033.620, 366.056"
3776,아웃랜드,칼날 산맥,피망치 전초기지,상위지역 경계 대체,3522,성난태양 지질학자 (19779),"2756.320, 4208.450, 183.803","2756.320, 4218.450, 183.803","2756.320, 4198.450, 183.803",고룡교단 밀렵꾼 (21809),"3140.050, 6237.660, 124.848","3140.050, 6247.660, 124.848","3140.050, 6227.660, 124.848",에테르 가오리 (22181),"2490.000, 7043.620, 366.056","2490.000, 7053.620, 366.056","2490.000, 7033.620, 366.056"
3777,아웃랜드,칼날 산맥,피망치 야영지,상위지역 경계 대체,3522,성난태양 지질학자 (19779),"2756.320, 4208.450, 183.803","2756.320, 4218.450, 183.803","2756.320, 4198.450, 183.803",고룡교단 밀렵꾼 (21809),"3140.050, 6237.660, 124.848","3140.050, 6247.660, 124.848","3140.050, 6227.660, 124.848",에테르 가오리 (22181),"2490.000, 7043.620, 366.056","2490.000, 7053.620, 366.056","2490.000, 7033.620, 366.056"
3778,아웃랜드,칼날 산맥,드레니시스트 광산,상위지역 경계 대체,3522,성난태양 지질학자 (19779),"2756.320, 4208.450, 183.803","2756.320, 4218.450, 183.803","2756.320, 4198.450, 183.803",고룡교단 밀렵꾼 (21809),"3140.050, 6237.660, 124.848","3140.050, 6247.660, 124.848","3140.050, 6227.660, 124.848",에테르 가오리 (22181),"2490.000, 7043.620, 366.056","2490.000, 7053.620, 366.056","2490.000, 7033.620, 366.056"
3779,아웃랜드,칼날 산맥,트로그마의 점령지,상위지역 경계 대체,3522,성난태양 지질학자 (19779),"2756.320, 4208.450, 183.803","2756.320, 4218.450, 183.803","2756.320, 4198.450, 183.803",고룡교단 밀렵꾼 (21809),"3140.050, 6237.660, 124.848","3140.050, 6247.660, 124.848","3140.050, 6227.660, 124.848",에테르 가오리 (22181),"2490.000, 7043.620, 366.056","2490.000, 7053.620, 366.056","2490.000, 7033.620, 366.056"
3780,아웃랜드,칼날 산맥,검은날개 소굴,상위지역 경계 대체,3522,성난태양 지질학자 (19779),"2756.320, 4208.450, 183.803","2756.320, 4218.450, 183.803","2756.320, 4198.450, 183.803",고룡교단 밀렵꾼 (21809),"3140.050, 6237.660, 124.848","3140.050, 6247.660, 124.848","3140.050, 6227.660, 124.848",에테르 가오리 (22181),"2490.000, 7043.620, 366.056","2490.000, 7053.620, 366.056","2490.000, 7033.620, 366.056"
3781,아웃랜드,칼날 산맥,그리쉬나스,상위지역 경계 대체,3522,성난태양 지질학자 (19779),"2756.320, 4208.450, 183.803","2756.320, 4218.450, 183.803","2756.320, 4198.450, 183.803",고룡교단 밀렵꾼 (21809),"3140.050, 6237.660, 124.848","3140.050, 6247.660, 124.848","3140.050, 6227.660, 124.848",에테르 가오리 (22181),"2490.000, 7043.620, 366.056","2490.000, 7053.620, 366.056","2490.000, 7033.620, 366.056"
3782,아웃랜드,칼날 산맥,장막의 래쉬,상위지역 경계 대체,3522,성난태양 지질학자 (19779),"2756.320, 4208.450, 183.803","2756.320, 4218.450, 183.803","2756.320, 4198.450, 183.803",고룡교단 밀렵꾼 (21809),"3140.050, 6237.660, 124.848","3140.050, 6247.660, 124.848","3140.050, 6227.660, 124.848",에테르 가오리 (22181),"2490.000, 7043.620, 366.056","2490.000, 7053.620, 366.056","2490.000, 7033.620, 366.056"
3783,아웃랜드,칼날 산맥,장막의 베크,상위지역 경계 대체,3522,성난태양 지질학자 (19779),"2756.320, 4208.450, 183.803","2756.320, 4218.450, 183.803","2756.320, 4198.450, 183.803",고룡교단 밀렵꾼 (21809),"3140.050, 6237.660, 124.848","3140.050, 6247.660, 124.848","3140.050, 6227.660, 124.848",에테르 가오리 (22181),"2490.000, 7043.620, 366.056","2490.000, 7053.620, 366.056","2490.000, 7033.620, 366.056"
3784,아웃랜드,칼날 산맥,공포의 괴철로 기지,상위지역 경계 대체,3522,성난태양 지질학자 (19779),"2756.320, 4208.450, 183.803","2756.320, 4218.450, 183.803","2756.320, 4198.450, 183.803",고룡교단 밀렵꾼 (21809),"3140.050, 6237.660, 124.848","3140.050, 6247.660, 124.848","3140.050, 6227.660, 124.848",에테르 가오리 (22181),"2490.000, 7043.620, 366.056","2490.000, 7053.620, 366.056","2490.000, 7033.620, 366.056"
3785,아웃랜드,칼날 산맥,격노의 괴철로 기지,상위지역 경계 대체,3522,성난태양 지질학자 (19779),"2756.320, 4208.450, 183.803","2756.320, 4218.450, 183.803","2756.320, 4198.450, 183.803",고룡교단 밀렵꾼 (21809),"3140.050, 6237.660, 124.848","3140.050, 6247.660, 124.848","3140.050, 6227.660, 124.848",에테르 가오리 (22181),"2490.000, 7043.620, 366.056","2490.000, 7053.620, 366.056","2490.000, 7033.620, 366.056"
3786,아웃랜드,칼날 산맥,오그릴라,상위지역 경계 대체,3522,성난태양 지질학자 (19779),"2756.320, 4208.450, 183.803","2756.320, 4218.450, 183.803","2756.320, 4198.450, 183.803",고룡교단 밀렵꾼 (21809),"3140.050, 6237.660, 124.848","3140.050, 6247.660, 124.848","3140.050, 6227.660, 124.848",에테르 가오리 (22181),"2490.000, 7043.620, 366.056","2490.000, 7053.620, 366.056","2490.000, 7033.620, 366.056"
3787,아웃랜드,칼날 산맥,고통의 괴철로 기지,상위지역 경계 대체,3522,성난태양 지질학자 (19779),"2756.320, 4208.450, 183.803","2756.320, 4218.450, 183.803","2756.320, 4198.450, 183.803",고룡교단 밀렵꾼 (21809),"3140.050, 6237.660, 124.848","3140.050, 6247.660, 124.848","3140.050, 6227.660, 124.848",에테르 가오리 (22181),"2490.000, 7043.620, 366.056","2490.000, 7053.620, 366.056","2490.000, 7033.620, 366.056"
3788,아웃랜드,나그란드,낮은길,상위지역 경계 대체,3518,가시먹이 탈부크 (17131),"-1752.870, 7511.080, -8.561","-1752.870, 7521.080, -8.561","-1752.870, 7501.080, -8.561",줄무늬 탈부크 (17130),"-1807.370, 6928.020, -38.603","-1807.370, 6938.020, -38.603","-1807.370, 6918.020, -38.603",갈래발굽 (18205),"-1801.260, 7089.440, -21.895","-1801.260, 7099.440, -21.895","-1801.260, 7079.440, -21.895"
3793,아웃랜드,지옥불 반도,지옥불꽃 협곡,상위지역 경계 대체,3483,간아그 일꾼 (19398),"679.262, 1822.740, 123.935","679.262, 1832.740, 123.935","679.262, 1812.740, 123.935",광기어린 지옥멧돼지 (16863),"-54.499, 2948.730, 21.942","-54.499, 2958.730, 21.942","-54.499, 2938.730, 21.942",새끼 돌낫 바위갈퀴 (16927),"-562.162, 3606.670, 29.422","-562.162, 3616.670, 29.422","-562.162, 3596.670, 29.422"
3794,아웃랜드,지옥불 반도,뼈의 골짜기,상위지역 경계 대체,3483,간아그 일꾼 (19398),"679.262, 1822.740, 123.935","679.262, 1832.740, 123.935","679.262, 1812.740, 123.935",광기어린 지옥멧돼지 (16863),"-54.499, 2948.730, 21.942","-54.499, 2958.730, 21.942","-54.499, 2938.730, 21.942",새끼 돌낫 바위갈퀴 (16927),"-562.162, 3606.670, 29.422","-562.162, 3616.670, 29.422","-562.162, 3596.670, 29.422"
3795,아웃랜드,지옥불 반도,샤나아리 황무지,상위지역 경계 대체,3483,간아그 일꾼 (19398),"679.262, 1822.740, 123.935","679.262, 1832.740, 123.935","679.262, 1812.740, 123.935",광기어린 지옥멧돼지 (16863),"-54.499, 2948.730, 21.942","-54.499, 2958.730, 21.942","-54.499, 2938.730, 21.942",새끼 돌낫 바위갈퀴 (16927),"-562.162, 3606.670, 29.422","-562.162, 3616.670, 29.422","-562.162, 3596.670, 29.422"
3796,아웃랜드,지옥불 반도,일그러진 벌판,상위지역 경계 대체,3483,간아그 일꾼 (19398),"679.262, 1822.740, 123.935","679.262, 1832.740, 123.935","679.262, 1812.740, 123.935",광기어린 지옥멧돼지 (16863),"-54.499, 2948.730, 21.942","-54.499, 2958.730, 21.942","-54.499, 2938.730, 21.942",새끼 돌낫 바위갈퀴 (16927),"-562.162, 3606.670, 29.422","-562.162, 3616.670, 29.422","-562.162, 3596.670, 29.422"
3797,아웃랜드,지옥불 반도,무너진 하늘 마루,상위지역 경계 대체,3483,간아그 일꾼 (19398),"679.262, 1822.740, 123.935","679.262, 1832.740, 123.935","679.262, 1812.740, 123.935",광기어린 지옥멧돼지 (16863),"-54.499, 2948.730, 21.942","-54.499, 2958.730, 21.942","-54.499, 2938.730, 21.942",새끼 돌낫 바위갈퀴 (16927),"-562.162, 3606.670, 29.422","-562.162, 3616.670, 29.422","-562.162, 3596.670, 29.422"
3798,아웃랜드,지옥불 반도,하알에쉬 협곡,상위지역 경계 대체,3483,간아그 일꾼 (19398),"679.262, 1822.740, 123.935","679.262, 1832.740, 123.935","679.262, 1812.740, 123.935",광기어린 지옥멧돼지 (16863),"-54.499, 2948.730, 21.942","-54.499, 2958.730, 21.942","-54.499, 2938.730, 21.942",새끼 돌낫 바위갈퀴 (16927),"-562.162, 3606.670, 29.422","-562.162, 3616.670, 29.422","-562.162, 3596.670, 29.422"
3799,아웃랜드,지옥불 반도,돌담 협곡,상위지역 경계 대체,3483,간아그 일꾼 (19398),"679.262, 1822.740, 123.935","679.262, 1832.740, 123.935","679.262, 1812.740, 123.935",광기어린 지옥멧돼지 (16863),"-54.499, 2948.730, 21.942","-54.499, 2958.730, 21.942","-54.499, 2938.730, 21.942",새끼 돌낫 바위갈퀴 (16927),"-562.162, 3606.670, 29.422","-562.162, 3616.670, 29.422","-562.162, 3596.670, 29.422"
3800,아웃랜드,지옥불 반도,가시송곳니 언덕,상위지역 경계 대체,3483,간아그 일꾼 (19398),"679.262, 1822.740, 123.935","679.262, 1832.740, 123.935","679.262, 1812.740, 123.935",광기어린 지옥멧돼지 (16863),"-54.499, 2948.730, 21.942","-54.499, 2958.730, 21.942","-54.499, 2938.730, 21.942",새끼 돌낫 바위갈퀴 (16927),"-562.162, 3606.670, 29.422","-562.162, 3616.670, 29.422","-562.162, 3596.670, 29.422"
3801,아웃랜드,지옥불 반도,마그하르 영토,상위지역 경계 대체,3483,간아그 일꾼 (19398),"679.262, 1822.740, 123.935","679.262, 1832.740, 123.935","679.262, 1812.740, 123.935",광기어린 지옥멧돼지 (16863),"-54.499, 2948.730, 21.942","-54.499, 2958.730, 21.942","-54.499, 2938.730, 21.942",새끼 돌낫 바위갈퀴 (16927),"-562.162, 3606.670, 29.422","-562.162, 3616.670, 29.422","-562.162, 3596.670, 29.422"
3802,아웃랜드,지옥불 반도,공허의 마루,상위지역 경계 대체,3483,간아그 일꾼 (19398),"679.262, 1822.740, 123.935","679.262, 1832.740, 123.935","679.262, 1812.740, 123.935",광기어린 지옥멧돼지 (16863),"-54.499, 2948.730, 21.942","-54.499, 2958.730, 21.942","-54.499, 2938.730, 21.942",새끼 돌낫 바위갈퀴 (16927),"-562.162, 3606.670, 29.422","-562.162, 3616.670, 29.422","-562.162, 3596.670, 29.422"
3803,아웃랜드,지옥불 반도,심연의 절벽,상위지역 경계 대체,3483,간아그 일꾼 (19398),"679.262, 1822.740, 123.935","679.262, 1832.740, 123.935","679.262, 1812.740, 123.935",광기어린 지옥멧돼지 (16863),"-54.499, 2948.730, 21.942","-54.499, 2958.730, 21.942","-54.499, 2938.730, 21.942",새끼 돌낫 바위갈퀴 (16927),"-562.162, 3606.670, 29.422","-562.162, 3616.670, 29.422","-562.162, 3596.670, 29.422"
3804,아웃랜드,지옥불 반도,군단 전초지,상위지역 경계 대체,3483,간아그 일꾼 (19398),"679.262, 1822.740, 123.935","679.262, 1832.740, 123.935","679.262, 1812.740, 123.935",광기어린 지옥멧돼지 (16863),"-54.499, 2948.730, 21.942","-54.499, 2958.730, 21.942","-54.499, 2938.730, 21.942",새끼 돌낫 바위갈퀴 (16927),"-562.162, 3606.670, 29.422","-562.162, 3616.670, 29.422","-562.162, 3596.670, 29.422"
3806,아웃랜드,지옥불 반도,보급 짐마차,상위지역 경계 대체,3483,간아그 일꾼 (19398),"679.262, 1822.740, 123.935","679.262, 1832.740, 123.935","679.262, 1812.740, 123.935",광기어린 지옥멧돼지 (16863),"-54.499, 2948.730, 21.942","-54.499, 2958.730, 21.942","-54.499, 2938.730, 21.942",새끼 돌낫 바위갈퀴 (16927),"-562.162, 3606.670, 29.422","-562.162, 3616.670, 29.422","-562.162, 3596.670, 29.422"
3807,아웃랜드,지옥불 반도,지옥절단기 함락지,상위지역 경계 대체,3483,간아그 일꾼 (19398),"679.262, 1822.740, 123.935","679.262, 1832.740, 123.935","679.262, 1812.740, 123.935",광기어린 지옥멧돼지 (16863),"-54.499, 2948.730, 21.942","-54.499, 2958.730, 21.942","-54.499, 2938.730, 21.942",새끼 돌낫 바위갈퀴 (16927),"-562.162, 3606.670, 29.422","-562.162, 3616.670, 29.422","-562.162, 3596.670, 29.422"
3808,아웃랜드,지옥불 반도,세나리온 초소,상위지역 경계 대체,3483,간아그 일꾼 (19398),"679.262, 1822.740, 123.935","679.262, 1832.740, 123.935","679.262, 1812.740, 123.935",광기어린 지옥멧돼지 (16863),"-54.499, 2948.730, 21.942","-54.499, 2958.730, 21.942","-54.499, 2938.730, 21.942",새끼 돌낫 바위갈퀴 (16927),"-562.162, 3606.670, 29.422","-562.162, 3616.670, 29.422","-562.162, 3596.670, 29.422"
3809,아웃랜드,지옥불 반도,남쪽 성루,상위지역 경계 대체,3483,간아그 일꾼 (19398),"679.262, 1822.740, 123.935","679.262, 1832.740, 123.935","679.262, 1812.740, 123.935",광기어린 지옥멧돼지 (16863),"-54.499, 2948.730, 21.942","-54.499, 2958.730, 21.942","-54.499, 2938.730, 21.942",새끼 돌낫 바위갈퀴 (16927),"-562.162, 3606.670, 29.422","-562.162, 3616.670, 29.422","-562.162, 3596.670, 29.422"
3810,아웃랜드,지옥불 반도,북쪽 성루,상위지역 경계 대체,3483,간아그 일꾼 (19398),"679.262, 1822.740, 123.935","679.262, 1832.740, 123.935","679.262, 1812.740, 123.935",광기어린 지옥멧돼지 (16863),"-54.499, 2948.730, 21.942","-54.499, 2958.730, 21.942","-54.499, 2938.730, 21.942",새끼 돌낫 바위갈퀴 (16927),"-562.162, 3606.670, 29.422","-562.162, 3616.670, 29.422","-562.162, 3596.670, 29.422"
3811,아웃랜드,지옥불 반도,고르가즈 전초기지,상위지역 경계 대체,3483,간아그 일꾼 (19398),"679.262, 1822.740, 123.935","679.262, 1832.740, 123.935","679.262, 1812.740, 123.935",광기어린 지옥멧돼지 (16863),"-54.499, 2948.730, 21.942","-54.499, 2958.730, 21.942","-54.499, 2938.730, 21.942",새끼 돌낫 바위갈퀴 (16927),"-562.162, 3606.670, 29.422","-562.162, 3616.670, 29.422","-562.162, 3596.670, 29.422"
3812,아웃랜드,지옥불 반도,해골망치 초소,상위지역 경계 대체,3483,간아그 일꾼 (19398),"679.262, 1822.740, 123.935","679.262, 1832.740, 123.935","679.262, 1812.740, 123.935",광기어린 지옥멧돼지 (16863),"-54.499, 2948.730, 21.942","-54.499, 2958.730, 21.942","-54.499, 2938.730, 21.942",새끼 돌낫 바위갈퀴 (16927),"-562.162, 3606.670, 29.422","-562.162, 3616.670, 29.422","-562.162, 3596.670, 29.422"
3813,아웃랜드,지옥불 반도,고통의 길,상위지역 경계 대체,3483,간아그 일꾼 (19398),"679.262, 1822.740, 123.935","679.262, 1832.740, 123.935","679.262, 1812.740, 123.935",광기어린 지옥멧돼지 (16863),"-54.499, 2948.730, 21.942","-54.499, 2958.730, 21.942","-54.499, 2938.730, 21.942",새끼 돌낫 바위갈퀴 (16927),"-562.162, 3606.670, 29.422","-562.162, 3616.670, 29.422","-562.162, 3596.670, 29.422"
3814,아웃랜드,지옥불 반도,동쪽 보급 짐마차,상위지역 경계 대체,3483,간아그 일꾼 (19398),"679.262, 1822.740, 123.935","679.262, 1832.740, 123.935","679.262, 1812.740, 123.935",광기어린 지옥멧돼지 (16863),"-54.499, 2948.730, 21.942","-54.499, 2958.730, 21.942","-54.499, 2938.730, 21.942",새끼 돌낫 바위갈퀴 (16927),"-562.162, 3606.670, 29.422","-562.162, 3616.670, 29.422","-562.162, 3596.670, 29.422"
3815,아웃랜드,지옥불 반도,원정대 거점,상위지역 경계 대체,3483,간아그 일꾼 (19398),"679.262, 1822.740, 123.935","679.262, 1832.740, 123.935","679.262, 1812.740, 123.935",광기어린 지옥멧돼지 (16863),"-54.499, 2948.730, 21.942","-54.499, 2958.730, 21.942","-54.499, 2938.730, 21.942",새끼 돌낫 바위갈퀴 (16927),"-562.162, 3606.670, 29.422","-562.162, 3616.670, 29.422","-562.162, 3596.670, 29.422"
3816,아웃랜드,지옥불 반도,비행선 추락지,상위지역 경계 대체,3483,간아그 일꾼 (19398),"679.262, 1822.740, 123.935","679.262, 1832.740, 123.935","679.262, 1812.740, 123.935",광기어린 지옥멧돼지 (16863),"-54.499, 2948.730, 21.942","-54.499, 2958.730, 21.942","-54.499, 2938.730, 21.942",새끼 돌낫 바위갈퀴 (16927),"-562.162, 3606.670, 29.422","-562.162, 3616.670, 29.422","-562.162, 3596.670, 29.422"
3818,아웃랜드,장가르 습지대,피비늘 영토,상위지역 경계 대체,3521,흙지느러미 프렌지 (18212),"347.457, 6980.590, -2.406","347.457, 6990.590, -2.406","347.457, 6970.590, -2.406",가시먹이 탈부크 (17131),"-710.857, 7118.450, 46.117","-710.857, 7128.450, 46.117","-710.857, 7108.450, 46.117",늪지대 가스 (17378),"18.561, 6916.930, 19.185","18.561, 6926.930, 19.185","18.561, 6906.930, 19.185"
3819,아웃랜드,장가르 습지대,암흑갈기 군락,상위지역 경계 대체,3521,흙지느러미 프렌지 (18212),"347.457, 6980.590, -2.406","347.457, 6990.590, -2.406","347.457, 6970.590, -2.406",가시먹이 탈부크 (17131),"-710.857, 7118.450, 46.117","-710.857, 7128.450, 46.117","-710.857, 7108.450, 46.117",늪지대 가스 (17378),"18.561, 6916.930, 19.185","18.561, 6926.930, 19.185","18.561, 6906.930, 19.185"
3821,아웃랜드,어둠달 골짜기,감시자의 수용소,상위지역 경계 대체,3520,용아귀부족 일꾼 (22252),"-4898.900, 741.277, 64.639","-4898.900, 751.277, 64.639","-4898.900, 731.277, 64.639",어둠달부족 척후병 (21749),"-3253.000, 2319.520, 63.046","-3253.000, 2329.520, 63.046","-3253.000, 2309.520, 63.046",와일드해머 파수병 (21736),"-3782.320, 1916.500, 97.803","-3782.320, 1926.500, 97.803","-3782.320, 1906.500, 97.803"
3822,아웃랜드,어둠달 골짜기,해그늘 주둔지,상위지역 경계 대체,3520,용아귀부족 일꾼 (22252),"-4898.900, 741.277, 64.639","-4898.900, 751.277, 64.639","-4898.900, 731.277, 64.639",어둠달부족 척후병 (21749),"-3253.000, 2319.520, 63.046","-3253.000, 2329.520, 63.046","-3253.000, 2309.520, 63.046",와일드해머 파수병 (21736),"-3782.320, 1916.500, 97.803","-3782.320, 1926.500, 97.803","-3782.320, 1906.500, 97.803"
3823,아웃랜드,유령의 땅,고행의 섬,상위지역 경계 대체,3433,흡혈 안개박쥐 (16354),"7133.710, -6917.990, 50.834","7133.710, -6907.990, 50.834","7133.710, -6927.990, 50.834",네루비스 경비병 (16313),"7881.990, -7250.480, 134.222","7881.990, -7240.480, 134.222","7881.990, -7260.480, 134.222",거대한 물레그물 거미 (16352),"6968.370, -6953.110, 51.542","6968.370, -6943.110, 51.542","6968.370, -6963.110, 51.542"
3824,아웃랜드,칼날 산맥,피망치 협곡,상위지역 경계 대체,3522,성난태양 지질학자 (19779),"2756.320, 4208.450, 183.803","2756.320, 4218.450, 183.803","2756.320, 4198.450, 183.803",고룡교단 밀렵꾼 (21809),"3140.050, 6237.660, 124.848","3140.050, 6247.660, 124.848","3140.050, 6227.660, 124.848",에테르 가오리 (22181),"2490.000, 7043.620, 366.056","2490.000, 7053.620, 366.056","2490.000, 7033.620, 366.056"
3825,아웃랜드,칼날 산맥,용의 무덤,상위지역 경계 대체,3522,성난태양 지질학자 (19779),"2756.320, 4208.450, 183.803","2756.320, 4218.450, 183.803","2756.320, 4198.450, 183.803",고룡교단 밀렵꾼 (21809),"3140.050, 6237.660, 124.848","3140.050, 6247.660, 124.848","3140.050, 6227.660, 124.848",에테르 가오리 (22181),"2490.000, 7043.620, 366.056","2490.000, 7053.620, 366.056","2490.000, 7033.620, 366.056"
3826,아웃랜드,칼날 산맥,비수아귀 협곡,상위지역 경계 대체,3522,성난태양 지질학자 (19779),"2756.320, 4208.450, 183.803","2756.320, 4218.450, 183.803","2756.320, 4198.450, 183.803",고룡교단 밀렵꾼 (21809),"3140.050, 6237.660, 124.848","3140.050, 6247.660, 124.848","3140.050, 6227.660, 124.848",에테르 가오리 (22181),"2490.000, 7043.620, 366.056","2490.000, 7053.620, 366.056","2490.000, 7033.620, 366.056"
3827,아웃랜드,칼날 산맥,베크하르 고원,상위지역 경계 대체,3522,성난태양 지질학자 (19779),"2756.320, 4208.450, 183.803","2756.320, 4218.450, 183.803","2756.320, 4198.450, 183.803",고룡교단 밀렵꾼 (21809),"3140.050, 6237.660, 124.848","3140.050, 6247.660, 124.848","3140.050, 6227.660, 124.848",에테르 가오리 (22181),"2490.000, 7043.620, 366.056","2490.000, 7053.620, 366.056","2490.000, 7033.620, 366.056"
3828,아웃랜드,칼날 산맥,루안 숲,상위지역 경계 대체,3522,성난태양 지질학자 (19779),"2756.320, 4208.450, 183.803","2756.320, 4218.450, 183.803","2756.320, 4198.450, 183.803",고룡교단 밀렵꾼 (21809),"3140.050, 6237.660, 124.848","3140.050, 6247.660, 124.848","3140.050, 6227.660, 124.848",에테르 가오리 (22181),"2490.000, 7043.620, 366.056","2490.000, 7053.620, 366.056","2490.000, 7033.620, 366.056"
3829,아웃랜드,칼날 산맥,장막의 루안,상위지역 경계 대체,3522,성난태양 지질학자 (19779),"2756.320, 4208.450, 183.803","2756.320, 4218.450, 183.803","2756.320, 4198.450, 183.803",고룡교단 밀렵꾼 (21809),"3140.050, 6237.660, 124.848","3140.050, 6247.660, 124.848","3140.050, 6227.660, 124.848",에테르 가오리 (22181),"2490.000, 7043.620, 366.056","2490.000, 7053.620, 366.056","2490.000, 7033.620, 366.056"
3830,아웃랜드,칼날 산맥,까마귀 숲,상위지역 경계 대체,3522,성난태양 지질학자 (19779),"2756.320, 4208.450, 183.803","2756.320, 4218.450, 183.803","2756.320, 4198.450, 183.803",고룡교단 밀렵꾼 (21809),"3140.050, 6237.660, 124.848","3140.050, 6247.660, 124.848","3140.050, 6227.660, 124.848",에테르 가오리 (22181),"2490.000, 7043.620, 366.056","2490.000, 7053.620, 366.056","2490.000, 7033.620, 366.056"
3831,아웃랜드,칼날 산맥,죽음의 문,상위지역 경계 대체,3522,성난태양 지질학자 (19779),"2756.320, 4208.450, 183.803","2756.320, 4218.450, 183.803","2756.320, 4198.450, 183.803",고룡교단 밀렵꾼 (21809),"3140.050, 6237.660, 124.848","3140.050, 6247.660, 124.848","3140.050, 6227.660, 124.848",에테르 가오리 (22181),"2490.000, 7043.620, 366.056","2490.000, 7053.620, 366.056","2490.000, 7033.620, 366.056"
3832,아웃랜드,칼날 산맥,소용돌이 고원,상위지역 경계 대체,3522,성난태양 지질학자 (19779),"2756.320, 4208.450, 183.803","2756.320, 4218.450, 183.803","2756.320, 4198.450, 183.803",고룡교단 밀렵꾼 (21809),"3140.050, 6237.660, 124.848","3140.050, 6247.660, 124.848","3140.050, 6227.660, 124.848",에테르 가오리 (22181),"2490.000, 7043.620, 366.056","2490.000, 7053.620, 366.056","2490.000, 7033.620, 366.056"
3833,아웃랜드,칼날 산맥,칼날 마루,상위지역 경계 대체,3522,성난태양 지질학자 (19779),"2756.320, 4208.450, 183.803","2756.320, 4218.450, 183.803","2756.320, 4198.450, 183.803",고룡교단 밀렵꾼 (21809),"3140.050, 6237.660, 124.848","3140.050, 6247.660, 124.848","3140.050, 6227.660, 124.848",에테르 가오리 (22181),"2490.000, 7043.620, 366.056","2490.000, 7053.620, 366.056","2490.000, 7033.620, 366.056"
3834,아웃랜드,칼날 산맥,광기의 마루,상위지역 경계 대체,3522,성난태양 지질학자 (19779),"2756.320, 4208.450, 183.803","2756.320, 4218.450, 183.803","2756.320, 4198.450, 183.803",고룡교단 밀렵꾼 (21809),"3140.050, 6237.660, 124.848","3140.050, 6247.660, 124.848","3140.050, 6227.660, 124.848",에테르 가오리 (22181),"2490.000, 7043.620, 366.056","2490.000, 7053.620, 366.056","2490.000, 7033.620, 366.056"
3835,아웃랜드,지옥불 반도,먼지깃 협곡,상위지역 경계 대체,3483,간아그 일꾼 (19398),"679.262, 1822.740, 123.935","679.262, 1832.740, 123.935","679.262, 1812.740, 123.935",광기어린 지옥멧돼지 (16863),"-54.499, 2948.730, 21.942","-54.499, 2958.730, 21.942","-54.499, 2938.730, 21.942",새끼 돌낫 바위갈퀴 (16927),"-562.162, 3606.670, 29.422","-562.162, 3616.670, 29.422","-562.162, 3596.670, 29.422"
3837,아웃랜드,황천의 폭풍,성난태양 주둔지,상위지역 경계 대체,3523,월드 트리거 (15384),"3633.440, 2399.540, 80.041","3633.440, 2409.540, 80.041","3633.440, 2389.540, 80.041",황천의 야수 (19731),"3027.130, 2401.880, 135.201","3027.130, 2411.880, 135.201","3027.130, 2391.880, 135.201",파랄론 덩굴손 (20774),"3968.680, 2847.750, 117.937","3968.680, 2857.750, 117.937","3968.680, 2837.750, 117.937"
3838,아웃랜드,지옥불 반도,해골망치 산맥,상위지역 경계 대체,3483,간아그 일꾼 (19398),"679.262, 1822.740, 123.935","679.262, 1832.740, 123.935","679.262, 1812.740, 123.935",광기어린 지옥멧돼지 (16863),"-54.499, 2948.730, 21.942","-54.499, 2958.730, 21.942","-54.499, 2938.730, 21.942",새끼 돌낫 바위갈퀴 (16927),"-562.162, 3606.670, 29.422","-562.162, 3616.670, 29.422","-562.162, 3596.670, 29.422"
3839,아웃랜드,나그란드,버려진 무기고,상위지역 경계 대체,3518,가시먹이 탈부크 (17131),"-1752.870, 7511.080, -8.561","-1752.870, 7521.080, -8.561","-1752.870, 7501.080, -8.561",줄무늬 탈부크 (17130),"-1807.370, 6928.020, -38.603","-1807.370, 6938.020, -38.603","-1807.370, 6918.020, -38.603",갈래발굽 (18205),"-1801.260, 7089.440, -21.895","-1801.260, 7099.440, -21.895","-1801.260, 7079.440, -21.895"
3840,아웃랜드,어둠달 골짜기,검은 사원,상위지역 경계 대체,3520,용아귀부족 일꾼 (22252),"-4898.900, 741.277, 64.639","-4898.900, 751.277, 64.639","-4898.900, 731.277, 64.639",어둠달부족 척후병 (21749),"-3253.000, 2319.520, 63.046","-3253.000, 2329.520, 63.046","-3253.000, 2309.520, 63.046",와일드해머 파수병 (21736),"-3782.320, 1916.500, 97.803","-3782.320, 1926.500, 97.803","-3782.320, 1906.500, 97.803"
3841,아웃랜드,장가르 습지대,암흑갈기 호숫가,상위지역 경계 대체,3521,흙지느러미 프렌지 (18212),"347.457, 6980.590, -2.406","347.457, 6990.590, -2.406","347.457, 6970.590, -2.406",가시먹이 탈부크 (17131),"-710.857, 7118.450, 46.117","-710.857, 7128.450, 46.117","-710.857, 7108.450, 46.117",늪지대 가스 (17378),"18.561, 6916.930, 19.185","18.561, 6926.930, 19.185","18.561, 6906.930, 19.185"
3842,아웃랜드,황천의 폭풍,폭풍우 요새,상위지역 경계 대체,3523,월드 트리거 (15384),"3633.440, 2399.540, 80.041","3633.440, 2409.540, 80.041","3633.440, 2389.540, 80.041",황천의 야수 (19731),"3027.130, 2401.880, 135.201","3027.130, 2411.880, 135.201","3027.130, 2391.880, 135.201",파랄론 덩굴손 (20774),"3968.680, 2847.750, 117.937","3968.680, 2857.750, 117.937","3968.680, 2837.750, 117.937"
3844,아웃랜드,칼날 산맥,모크나탈 마을,상위지역 경계 대체,3522,성난태양 지질학자 (19779),"2756.320, 4208.450, 183.803","2756.320, 4218.450, 183.803","2756.320, 4198.450, 183.803",고룡교단 밀렵꾼 (21809),"3140.050, 6237.660, 124.848","3140.050, 6247.660, 124.848","3140.050, 6227.660, 124.848",에테르 가오리 (22181),"2490.000, 7043.620, 366.056","2490.000, 7053.620, 366.056","2490.000, 7033.620, 366.056"
3846,아웃랜드,핏빛안개 섬,알카트라즈,상위지역 경계 대체,3525,엉겅퀴 덩굴손 (17343),"-1810.340, -11764.700, 31.863","-1810.340, -11754.700, 31.863","-1810.340, -11774.700, 31.863",사나운 갈퀴발톱 (17527),"-1807.060, -11268.300, 59.628","-1807.060, -11258.300, 59.628","-1807.060, -11278.300, 59.628",새끼 핏빛안개 갈퀴발톱 (17525),"-2517.940, -11990.100, 25.615","-2517.940, -11980.100, 25.615","-2517.940, -12000.100, 25.615"
3850,아웃랜드,황천의 폭풍,황천의 돌무지,상위지역 경계 대체,3523,월드 트리거 (15384),"3633.440, 2399.540, 80.041","3633.440, 2409.540, 80.041","3633.440, 2389.540, 80.041",황천의 야수 (19731),"3027.130, 2401.880, 135.201","3027.130, 2411.880, 135.201","3027.130, 2391.880, 135.201",파랄론 덩굴손 (20774),"3968.680, 2847.750, 117.937","3968.680, 2857.750, 117.937","3968.680, 2837.750, 117.937"
3851,아웃랜드,황천의 폭풍,중앙 생태지구 주둔지,상위지역 경계 대체,3523,월드 트리거 (15384),"3633.440, 2399.540, 80.041","3633.440, 2409.540, 80.041","3633.440, 2389.540, 80.041",황천의 야수 (19731),"3027.130, 2401.880, 135.201","3027.130, 2411.880, 135.201","3027.130, 2391.880, 135.201",파랄론 덩굴손 (20774),"3968.680, 2847.750, 117.937","3968.680, 2857.750, 117.937","3968.680, 2837.750, 117.937"
3852,아웃랜드,황천의 폭풍,툴루만의 교역지,상위지역 경계 대체,3523,월드 트리거 (15384),"3633.440, 2399.540, 80.041","3633.440, 2409.540, 80.041","3633.440, 2389.540, 80.041",황천의 야수 (19731),"3027.130, 2401.880, 135.201","3027.130, 2411.880, 135.201","3027.130, 2391.880, 135.201",파랄론 덩굴손 (20774),"3968.680, 2847.750, 117.937","3968.680, 2857.750, 117.937","3968.680, 2837.750, 117.937"
3854,아웃랜드,황천의 폭풍,자유연합 경비초소,상위지역 경계 대체,3523,월드 트리거 (15384),"3633.440, 2399.540, 80.041","3633.440, 2409.540, 80.041","3633.440, 2389.540, 80.041",황천의 야수 (19731),"3027.130, 2401.880, 135.201","3027.130, 2411.880, 135.201","3027.130, 2391.880, 135.201",파랄론 덩굴손 (20774),"3968.680, 2847.750, 117.937","3968.680, 2857.750, 117.937","3968.680, 2837.750, 117.937"
3855,아웃랜드,칼날 산맥,피의 투기장,상위지역 경계 대체,3522,성난태양 지질학자 (19779),"2756.320, 4208.450, 183.803","2756.320, 4218.450, 183.803","2756.320, 4198.450, 183.803",고룡교단 밀렵꾼 (21809),"3140.050, 6237.660, 124.848","3140.050, 6247.660, 124.848","3140.050, 6227.660, 124.848",에테르 가오리 (22181),"2490.000, 7043.620, 366.056","2490.000, 7053.620, 366.056","2490.000, 7033.620, 366.056"
3856,아웃랜드,유령의 땅,엘렌다르 건널목,상위지역 경계 대체,3433,흡혈 안개박쥐 (16354),"7133.710, -6917.990, 50.834","7133.710, -6907.990, 50.834","7133.710, -6927.990, 50.834",네루비스 경비병 (16313),"7881.990, -7250.480, 134.222","7881.990, -7240.480, 134.222","7881.990, -7260.480, 134.222",거대한 물레그물 거미 (16352),"6968.370, -6953.110, 51.542","6968.370, -6943.110, 51.542","6968.370, -6963.110, 51.542"
3857,아웃랜드,하늘안개 섬,암멘 여울,상위지역 경계 대체,3524,땅거미게 (17216),"-4026.500, -12945.500, -2.188","-4026.500, -12935.500, -2.188","-4026.500, -12955.500, -2.188",달새김 순록 (17201),"-4054.310, -12565.300, 42.189","-4054.310, -12555.300, 42.189","-4054.310, -12575.300, 42.189",달새김 사슴 (17200),"-4112.050, -12656.900, 27.304","-4112.050, -12646.900, 27.304","-4112.050, -12666.900, 27.304"
3858,아웃랜드,테로카르 숲,서슬가시 벼랑,상위지역 경계 대체,3519,줄무늬 탈부크 (17130),"-2629.180, 6075.020, 43.172","-2629.180, 6085.020, 43.172","-2629.180, 6065.020, 43.172",어둠달부족 척후병 (21749),"-3012.500, 2751.900, 71.382","-3012.500, 2761.900, 71.382","-3012.500, 2741.900, 71.382",와일드해머 파수병 (21736),"-3843.340, 2325.270, 133.095","-3843.340, 2335.270, 133.095","-3843.340, 2315.270, 133.095"
3859,아웃랜드,테로카르 숲,실미르 호수,상위지역 경계 대체,3519,줄무늬 탈부크 (17130),"-2629.180, 6075.020, 43.172","-2629.180, 6085.020, 43.172","-2629.180, 6065.020, 43.172",어둠달부족 척후병 (21749),"-3012.500, 2751.900, 71.382","-3012.500, 2761.900, 71.382","-3012.500, 2741.900, 71.382",와일드해머 파수병 (21736),"-3843.340, 2325.270, 133.095","-3843.340, 2335.270, 133.095","-3843.340, 2315.270, 133.095"
3860,아웃랜드,테로카르 숲,라스토크 숲,상위지역 경계 대체,3519,줄무늬 탈부크 (17130),"-2629.180, 6075.020, 43.172","-2629.180, 6085.020, 43.172","-2629.180, 6065.020, 43.172",어둠달부족 척후병 (21749),"-3012.500, 2751.900, 71.382","-3012.500, 2761.900, 71.382","-3012.500, 2741.900, 71.382",와일드해머 파수병 (21736),"-3843.340, 2325.270, 133.095","-3843.340, 2335.270, 133.095","-3843.340, 2315.270, 133.095"
3861,아웃랜드,유령의 땅,탈라시안 고개,상위지역 경계 대체,3433,흡혈 안개박쥐 (16354),"7133.710, -6917.990, 50.834","7133.710, -6907.990, 50.834","7133.710, -6927.990, 50.834",네루비스 경비병 (16313),"7881.990, -7250.480, 134.222","7881.990, -7240.480, 134.222","7881.990, -7260.480, 134.222",거대한 물레그물 거미 (16352),"6968.370, -6953.110, 51.542","6968.370, -6943.110, 51.542","6968.370, -6963.110, 51.542"
3862,아웃랜드,칼날 산맥,휘몰이 협곡,상위지역 경계 대체,3522,성난태양 지질학자 (19779),"2756.320, 4208.450, 183.803","2756.320, 4218.450, 183.803","2756.320, 4198.450, 183.803",고룡교단 밀렵꾼 (21809),"3140.050, 6237.660, 124.848","3140.050, 6247.660, 124.848","3140.050, 6227.660, 124.848",에테르 가오리 (22181),"2490.000, 7043.620, 366.056","2490.000, 7053.620, 366.056","2490.000, 7033.620, 366.056"
3863,아웃랜드,칼날 산맥,파괴된 벌판,상위지역 경계 대체,3522,성난태양 지질학자 (19779),"2756.320, 4208.450, 183.803","2756.320, 4218.450, 183.803","2756.320, 4198.450, 183.803",고룡교단 밀렵꾼 (21809),"3140.050, 6237.660, 124.848","3140.050, 6247.660, 124.848","3140.050, 6227.660, 124.848",에테르 가오리 (22181),"2490.000, 7043.620, 366.056","2490.000, 7053.620, 366.056","2490.000, 7033.620, 366.056"
3864,아웃랜드,칼날 산맥,바시르 영지,상위지역 경계 대체,3522,성난태양 지질학자 (19779),"2756.320, 4208.450, 183.803","2756.320, 4218.450, 183.803","2756.320, 4198.450, 183.803",고룡교단 밀렵꾼 (21809),"3140.050, 6237.660, 124.848","3140.050, 6247.660, 124.848","3140.050, 6227.660, 124.848",에테르 가오리 (22181),"2490.000, 7043.620, 366.056","2490.000, 7053.620, 366.056","2490.000, 7033.620, 366.056"
3865,아웃랜드,칼날 산맥,수정 돌기,상위지역 경계 대체,3522,성난태양 지질학자 (19779),"2756.320, 4208.450, 183.803","2756.320, 4218.450, 183.803","2756.320, 4198.450, 183.803",고룡교단 밀렵꾼 (21809),"3140.050, 6237.660, 124.848","3140.050, 6247.660, 124.848","3140.050, 6227.660, 124.848",에테르 가오리 (22181),"2490.000, 7043.620, 366.056","2490.000, 7053.620, 366.056","2490.000, 7033.620, 366.056"
3866,아웃랜드,칼날 산맥,불타버린 언덕,상위지역 경계 대체,3522,성난태양 지질학자 (19779),"2756.320, 4208.450, 183.803","2756.320, 4218.450, 183.803","2756.320, 4198.450, 183.803",고룡교단 밀렵꾼 (21809),"3140.050, 6237.660, 124.848","3140.050, 6247.660, 124.848","3140.050, 6227.660, 124.848",에테르 가오리 (22181),"2490.000, 7043.620, 366.056","2490.000, 7053.620, 366.056","2490.000, 7033.620, 366.056"
3867,아웃랜드,칼날 산맥,칼날 협곡,상위지역 경계 대체,3522,성난태양 지질학자 (19779),"2756.320, 4208.450, 183.803","2756.320, 4218.450, 183.803","2756.320, 4198.450, 183.803",고룡교단 밀렵꾼 (21809),"3140.050, 6237.660, 124.848","3140.050, 6247.660, 124.848","3140.050, 6227.660, 124.848",에테르 가오리 (22181),"2490.000, 7043.620, 366.056","2490.000, 7053.620, 366.056","2490.000, 7033.620, 366.056"
3868,아웃랜드,황천의 폭풍,자이로 교각,상위지역 경계 대체,3523,월드 트리거 (15384),"3633.440, 2399.540, 80.041","3633.440, 2409.540, 80.041","3633.440, 2389.540, 80.041",황천의 야수 (19731),"3027.130, 2401.880, 135.201","3027.130, 2411.880, 135.201","3027.130, 2391.880, 135.201",파랄론 덩굴손 (20774),"3968.680, 2847.750, 117.937","3968.680, 2857.750, 117.937","3968.680, 2837.750, 117.937"
3873,아웃랜드,황천의 폭풍,발명품 실험장,상위지역 경계 대체,3523,월드 트리거 (15384),"3633.440, 2399.540, 80.041","3633.440, 2409.540, 80.041","3633.440, 2389.540, 80.041",황천의 야수 (19731),"3027.130, 2401.880, 135.201","3027.130, 2411.880, 135.201","3027.130, 2391.880, 135.201",파랄론 덩굴손 (20774),"3968.680, 2847.750, 117.937","3968.680, 2857.750, 117.937","3968.680, 2837.750, 117.937"
3874,아웃랜드,황천의 폭풍,외곽 생태지구,상위지역 경계 대체,3523,월드 트리거 (15384),"3633.440, 2399.540, 80.041","3633.440, 2409.540, 80.041","3633.440, 2389.540, 80.041",황천의 야수 (19731),"3027.130, 2401.880, 135.201","3027.130, 2411.880, 135.201","3027.130, 2391.880, 135.201",파랄론 덩굴손 (20774),"3968.680, 2847.750, 117.937","3968.680, 2857.750, 117.937","3968.680, 2837.750, 117.937"
3875,아웃랜드,황천의 폭풍,하늘마루 생태지구,상위지역 경계 대체,3523,월드 트리거 (15384),"3633.440, 2399.540, 80.041","3633.440, 2409.540, 80.041","3633.440, 2389.540, 80.041",황천의 야수 (19731),"3027.130, 2401.880, 135.201","3027.130, 2411.880, 135.201","3027.130, 2391.880, 135.201",파랄론 덩굴손 (20774),"3968.680, 2847.750, 117.937","3968.680, 2857.750, 117.937","3968.680, 2837.750, 117.937"
3876,아웃랜드,황천의 폭풍,수데론 생태지구,상위지역 경계 대체,3523,월드 트리거 (15384),"3633.440, 2399.540, 80.041","3633.440, 2409.540, 80.041","3633.440, 2389.540, 80.041",황천의 야수 (19731),"3027.130, 2401.880, 135.201","3027.130, 2411.880, 135.201","3027.130, 2391.880, 135.201",파랄론 덩굴손 (20774),"3968.680, 2847.750, 117.937","3968.680, 2857.750, 117.937","3968.680, 2837.750, 117.937"
3877,아웃랜드,황천의 폭풍,중앙 생태지구,상위지역 경계 대체,3523,월드 트리거 (15384),"3633.440, 2399.540, 80.041","3633.440, 2409.540, 80.041","3633.440, 2389.540, 80.041",황천의 야수 (19731),"3027.130, 2401.880, 135.201","3027.130, 2411.880, 135.201","3027.130, 2391.880, 135.201",파랄론 덩굴손 (20774),"3968.680, 2847.750, 117.937","3968.680, 2857.750, 117.937","3968.680, 2837.750, 117.937"
3878,아웃랜드,황천의 폭풍,에테리움 작전 지역,상위지역 경계 대체,3523,월드 트리거 (15384),"3633.440, 2399.540, 80.041","3633.440, 2409.540, 80.041","3633.440, 2389.540, 80.041",황천의 야수 (19731),"3027.130, 2401.880, 135.201","3027.130, 2411.880, 135.201","3027.130, 2391.880, 135.201",파랄론 덩굴손 (20774),"3968.680, 2847.750, 117.937","3968.680, 2857.750, 117.937","3968.680, 2837.750, 117.937"
3879,아웃랜드,황천의 폭풍,예배당 지구,상위지역 경계 대체,3523,월드 트리거 (15384),"3633.440, 2399.540, 80.041","3633.440, 2409.540, 80.041","3633.440, 2389.540, 80.041",황천의 야수 (19731),"3027.130, 2401.880, 135.201","3027.130, 2411.880, 135.201","3027.130, 2391.880, 135.201",파랄론 덩굴손 (20774),"3968.680, 2847.750, 117.937","3968.680, 2857.750, 117.937","3968.680, 2837.750, 117.937"
3880,아웃랜드,황천의 폭풍,지온 작업 갱도,상위지역 경계 대체,3523,월드 트리거 (15384),"3633.440, 2399.540, 80.041","3633.440, 2409.540, 80.041","3633.440, 2389.540, 80.041",황천의 야수 (19731),"3027.130, 2401.880, 135.201","3027.130, 2411.880, 135.201","3027.130, 2391.880, 135.201",파랄론 덩굴손 (20774),"3968.680, 2847.750, 117.937","3968.680, 2857.750, 117.937","3968.680, 2837.750, 117.937"
3881,아웃랜드,황천의 폭풍,트렐리움 광산,상위지역 경계 대체,3523,월드 트리거 (15384),"3633.440, 2399.540, 80.041","3633.440, 2409.540, 80.041","3633.440, 2389.540, 80.041",황천의 야수 (19731),"3027.130, 2401.880, 135.201","3027.130, 2411.880, 135.201","3027.130, 2391.880, 135.201",파랄론 덩굴손 (20774),"3968.680, 2847.750, 117.937","3968.680, 2857.750, 117.937","3968.680, 2837.750, 117.937"
3882,아웃랜드,황천의 폭풍,파괴자의 침공 거점,상위지역 경계 대체,3523,월드 트리거 (15384),"3633.440, 2399.540, 80.041","3633.440, 2409.540, 80.041","3633.440, 2389.540, 80.041",황천의 야수 (19731),"3027.130, 2401.880, 135.201","3027.130, 2411.880, 135.201","3027.130, 2391.880, 135.201",파랄론 덩굴손 (20774),"3968.680, 2847.750, 117.937","3968.680, 2857.750, 117.937","3968.680, 2837.750, 117.937"
3883,아웃랜드,황천의 폭풍,붐의 야영지,상위지역 경계 대체,3523,월드 트리거 (15384),"3633.440, 2399.540, 80.041","3633.440, 2409.540, 80.041","3633.440, 2389.540, 80.041",황천의 야수 (19731),"3027.130, 2401.880, 135.201","3027.130, 2411.880, 135.201","3027.130, 2391.880, 135.201",파랄론 덩굴손 (20774),"3968.680, 2847.750, 117.937","3968.680, 2857.750, 117.937","3968.680, 2837.750, 117.937"
3884,아웃랜드,지옥불 반도,해골망치 고개,상위지역 경계 대체,3483,간아그 일꾼 (19398),"679.262, 1822.740, 123.935","679.262, 1832.740, 123.935","679.262, 1812.740, 123.935",광기어린 지옥멧돼지 (16863),"-54.499, 2948.730, 21.942","-54.499, 2958.730, 21.942","-54.499, 2938.730, 21.942",새끼 돌낫 바위갈퀴 (16927),"-562.162, 3606.670, 29.422","-562.162, 3616.670, 29.422","-562.162, 3596.670, 29.422"
3885,아웃랜드,테로카르 숲,황천그물 마루,상위지역 경계 대체,3519,줄무늬 탈부크 (17130),"-2629.180, 6075.020, 43.172","-2629.180, 6085.020, 43.172","-2629.180, 6065.020, 43.172",어둠달부족 척후병 (21749),"-3012.500, 2751.900, 71.382","-3012.500, 2761.900, 71.382","-3012.500, 2741.900, 71.382",와일드해머 파수병 (21736),"-3843.340, 2325.270, 133.095","-3843.340, 2335.270, 133.095","-3843.340, 2315.270, 133.095"
3886,아웃랜드,테로카르 숲,버려진 짐마차,상위지역 경계 대체,3519,줄무늬 탈부크 (17130),"-2629.180, 6075.020, 43.172","-2629.180, 6085.020, 43.172","-2629.180, 6065.020, 43.172",어둠달부족 척후병 (21749),"-3012.500, 2751.900, 71.382","-3012.500, 2761.900, 71.382","-3012.500, 2741.900, 71.382",와일드해머 파수병 (21736),"-3843.340, 2325.270, 133.095","-3843.340, 2335.270, 133.095","-3843.340, 2315.270, 133.095"
3887,아웃랜드,테로카르 숲,피난민 행렬,상위지역 경계 대체,3519,줄무늬 탈부크 (17130),"-2629.180, 6075.020, 43.172","-2629.180, 6085.020, 43.172","-2629.180, 6065.020, 43.172",어둠달부족 척후병 (21749),"-3012.500, 2751.900, 71.382","-3012.500, 2761.900, 71.382","-3012.500, 2741.900, 71.382",와일드해머 파수병 (21736),"-3843.340, 2325.270, 133.095","-3843.340, 2335.270, 133.095","-3843.340, 2315.270, 133.095"
3888,아웃랜드,테로카르 숲,어둠의 무덤,상위지역 경계 대체,3519,줄무늬 탈부크 (17130),"-2629.180, 6075.020, 43.172","-2629.180, 6085.020, 43.172","-2629.180, 6065.020, 43.172",어둠달부족 척후병 (21749),"-3012.500, 2751.900, 71.382","-3012.500, 2761.900, 71.382","-3012.500, 2741.900, 71.382",와일드해머 파수병 (21736),"-3843.340, 2325.270, 133.095","-3843.340, 2335.270, 133.095","-3843.340, 2315.270, 133.095"
3889,아웃랜드,테로카르 숲,장막의 라제,상위지역 경계 대체,3519,줄무늬 탈부크 (17130),"-2629.180, 6075.020, 43.172","-2629.180, 6085.020, 43.172","-2629.180, 6065.020, 43.172",어둠달부족 척후병 (21749),"-3012.500, 2751.900, 71.382","-3012.500, 2761.900, 71.382","-3012.500, 2741.900, 71.382",와일드해머 파수병 (21736),"-3843.340, 2325.270, 133.095","-3843.340, 2335.270, 133.095","-3843.340, 2315.270, 133.095"
3890,아웃랜드,테로카르 숲,빛의 무덤,상위지역 경계 대체,3519,줄무늬 탈부크 (17130),"-2629.180, 6075.020, 43.172","-2629.180, 6085.020, 43.172","-2629.180, 6065.020, 43.172",어둠달부족 척후병 (21749),"-3012.500, 2751.900, 71.382","-3012.500, 2761.900, 71.382","-3012.500, 2741.900, 71.382",와일드해머 파수병 (21736),"-3843.340, 2325.270, 133.095","-3843.340, 2335.270, 133.095","-3843.340, 2315.270, 133.095"
3891,아웃랜드,테로카르 숲,부패의 언덕,상위지역 경계 대체,3519,줄무늬 탈부크 (17130),"-2629.180, 6075.020, 43.172","-2629.180, 6085.020, 43.172","-2629.180, 6065.020, 43.172",어둠달부족 척후병 (21749),"-3012.500, 2751.900, 71.382","-3012.500, 2761.900, 71.382","-3012.500, 2741.900, 71.382",와일드해머 파수병 (21736),"-3843.340, 2325.270, 133.095","-3843.340, 2335.270, 133.095","-3843.340, 2315.270, 133.095"
3892,아웃랜드,테로카르 숲,고뇌의 언덕,상위지역 경계 대체,3519,줄무늬 탈부크 (17130),"-2629.180, 6075.020, 43.172","-2629.180, 6085.020, 43.172","-2629.180, 6065.020, 43.172",어둠달부족 척후병 (21749),"-3012.500, 2751.900, 71.382","-3012.500, 2761.900, 71.382","-3012.500, 2741.900, 71.382",와일드해머 파수병 (21736),"-3843.340, 2325.270, 133.095","-3843.340, 2335.270, 133.095","-3843.340, 2315.270, 133.095"
3893,아웃랜드,테로카르 숲,규율의 광장,상위지역 경계 대체,3519,줄무늬 탈부크 (17130),"-2629.180, 6075.020, 43.172","-2629.180, 6085.020, 43.172","-2629.180, 6065.020, 43.172",어둠달부족 척후병 (21749),"-3012.500, 2751.900, 71.382","-3012.500, 2761.900, 71.382","-3012.500, 2741.900, 71.382",와일드해머 파수병 (21736),"-3843.340, 2325.270, 133.095","-3843.340, 2335.270, 133.095","-3843.340, 2315.270, 133.095"
3894,아웃랜드,테로카르 숲,아키나이 영지,상위지역 경계 대체,3519,줄무늬 탈부크 (17130),"-2629.180, 6075.020, 43.172","-2629.180, 6085.020, 43.172","-2629.180, 6065.020, 43.172",어둠달부족 척후병 (21749),"-3012.500, 2751.900, 71.382","-3012.500, 2761.900, 71.382","-3012.500, 2741.900, 71.382",와일드해머 파수병 (21736),"-3843.340, 2325.270, 133.095","-3843.340, 2335.270, 133.095","-3843.340, 2315.270, 133.095"
3895,아웃랜드,장가르 습지대,세나리온 감시초소,상위지역 경계 대체,3521,흙지느러미 프렌지 (18212),"347.457, 6980.590, -2.406","347.457, 6990.590, -2.406","347.457, 6970.590, -2.406",가시먹이 탈부크 (17131),"-710.857, 7118.450, 46.117","-710.857, 7128.450, 46.117","-710.857, 7108.450, 46.117",늪지대 가스 (17378),"18.561, 6916.930, 19.185","18.561, 6926.930, 19.185","18.561, 6906.930, 19.185"
3896,아웃랜드,샤트라스,알도르 마루,상위지역 경계 대체,3703,무너진 태양 명사수 (25142),"-1903.970, 5427.560, -12.328","-1903.970, 5437.560, -12.328","-1903.970, 5417.560, -12.328",검은숲늑대 (18476),"-2047.960, 5039.470, 25.857","-2047.960, 5049.470, 25.857","-2047.960, 5029.470, 25.857",스케티스 추방자 (19075),"-1707.060, 5442.570, -12.345","-1707.060, 5452.570, -12.345","-1707.060, 5432.570, -12.345"
3897,아웃랜드,샤트라스,빛의 정원,상위지역 경계 대체,3703,무너진 태양 명사수 (25142),"-1903.970, 5427.560, -12.328","-1903.970, 5437.560, -12.328","-1903.970, 5417.560, -12.328",검은숲늑대 (18476),"-2047.960, 5039.470, 25.857","-2047.960, 5049.470, 25.857","-2047.960, 5029.470, 25.857",스케티스 추방자 (19075),"-1707.060, 5442.570, -12.345","-1707.060, 5452.570, -12.345","-1707.060, 5432.570, -12.345"
3898,아웃랜드,샤트라스,점술가 언덕,상위지역 경계 대체,3703,무너진 태양 명사수 (25142),"-1903.970, 5427.560, -12.328","-1903.970, 5437.560, -12.328","-1903.970, 5417.560, -12.328",검은숲늑대 (18476),"-2047.960, 5039.470, 25.857","-2047.960, 5049.470, 25.857","-2047.960, 5029.470, 25.857",스케티스 추방자 (19075),"-1707.060, 5442.570, -12.345","-1707.060, 5452.570, -12.345","-1707.060, 5432.570, -12.345"
3899,아웃랜드,샤트라스,고난의 거리,상위지역 경계 대체,3703,무너진 태양 명사수 (25142),"-1903.970, 5427.560, -12.328","-1903.970, 5437.560, -12.328","-1903.970, 5417.560, -12.328",검은숲늑대 (18476),"-2047.960, 5039.470, 25.857","-2047.960, 5049.470, 25.857","-2047.960, 5029.470, 25.857",스케티스 추방자 (19075),"-1707.060, 5442.570, -12.345","-1707.060, 5452.570, -12.345","-1707.060, 5432.570, -12.345"
3900,아웃랜드,황천의 폭풍,대군주의 침공 거점,상위지역 경계 대체,3523,월드 트리거 (15384),"3633.440, 2399.540, 80.041","3633.440, 2409.540, 80.041","3633.440, 2389.540, 80.041",황천의 야수 (19731),"3027.130, 2401.880, 135.201","3027.130, 2411.880, 135.201","3027.130, 2391.880, 135.201",파랄론 덩굴손 (20774),"3968.680, 2847.750, 117.937","3968.680, 2857.750, 117.937","3968.680, 2837.750, 117.937"
3901,아웃랜드,테로카르 숲,알레리아 초소,상위지역 경계 대체,3519,줄무늬 탈부크 (17130),"-2629.180, 6075.020, 43.172","-2629.180, 6085.020, 43.172","-2629.180, 6065.020, 43.172",어둠달부족 척후병 (21749),"-3012.500, 2751.900, 71.382","-3012.500, 2761.900, 71.382","-3012.500, 2741.900, 71.382",와일드해머 파수병 (21736),"-3843.340, 2325.270, 133.095","-3843.340, 2335.270, 133.095","-3843.340, 2315.270, 133.095"
3902,아웃랜드,테로카르 숲,돌망치 야영지,상위지역 경계 대체,3519,줄무늬 탈부크 (17130),"-2629.180, 6075.020, 43.172","-2629.180, 6085.020, 43.172","-2629.180, 6065.020, 43.172",어둠달부족 척후병 (21749),"-3012.500, 2751.900, 71.382","-3012.500, 2761.900, 71.382","-3012.500, 2741.900, 71.382",와일드해머 파수병 (21736),"-3843.340, 2325.270, 133.095","-3843.340, 2335.270, 133.095","-3843.340, 2315.270, 133.095"
3903,아웃랜드,칼날 산맥,바울더모크,상위지역 경계 대체,3522,성난태양 지질학자 (19779),"2756.320, 4208.450, 183.803","2756.320, 4218.450, 183.803","2756.320, 4198.450, 183.803",고룡교단 밀렵꾼 (21809),"3140.050, 6237.660, 124.848","3140.050, 6247.660, 124.848","3140.050, 6227.660, 124.848",에테르 가오리 (22181),"2490.000, 7043.620, 366.056","2490.000, 7053.620, 366.056","2490.000, 7033.620, 366.056"
3904,아웃랜드,칼날 산맥,저주받은 골짜기,상위지역 경계 대체,3522,성난태양 지질학자 (19779),"2756.320, 4208.450, 183.803","2756.320, 4218.450, 183.803","2756.320, 4198.450, 183.803",고룡교단 밀렵꾼 (21809),"3140.050, 6237.660, 124.848","3140.050, 6247.660, 124.848","3140.050, 6227.660, 124.848",에테르 가오리 (22181),"2490.000, 7043.620, 366.056","2490.000, 7053.620, 366.056","2490.000, 7033.620, 366.056"
3905,아웃랜드,장가르 습지대,갈퀴송곳니 저수지,상위지역 경계 대체,3521,흙지느러미 프렌지 (18212),"347.457, 6980.590, -2.406","347.457, 6990.590, -2.406","347.457, 6970.590, -2.406",가시먹이 탈부크 (17131),"-710.857, 7118.450, 46.117","-710.857, 7128.450, 46.117","-710.857, 7108.450, 46.117",늪지대 가스 (17378),"18.561, 6916.930, 19.185","18.561, 6926.930, 19.185","18.561, 6906.930, 19.185"
3906,아웃랜드,핏빛안개 섬,핏빛여울,상위지역 경계 대체,3525,엉겅퀴 덩굴손 (17343),"-1810.340, -11764.700, 31.863","-1810.340, -11754.700, 31.863","-1810.340, -11774.700, 31.863",사나운 갈퀴발톱 (17527),"-1807.060, -11268.300, 59.628","-1807.060, -11258.300, 59.628","-1807.060, -11278.300, 59.628",새끼 핏빛안개 갈퀴발톱 (17525),"-2517.940, -11990.100, 25.615","-2517.940, -11980.100, 25.615","-2517.940, -12000.100, 25.615"
3907,아웃랜드,핏빛안개 섬,청록 해안,상위지역 경계 대체,3525,엉겅퀴 덩굴손 (17343),"-1810.340, -11764.700, 31.863","-1810.340, -11754.700, 31.863","-1810.340, -11774.700, 31.863",사나운 갈퀴발톱 (17527),"-1807.060, -11268.300, 59.628","-1807.060, -11258.300, 59.628","-1807.060, -11278.300, 59.628",새끼 핏빛안개 갈퀴발톱 (17525),"-2517.940, -11990.100, 25.615","-2517.940, -11980.100, 25.615","-2517.940, -12000.100, 25.615"
3908,아웃랜드,핏빛안개 섬,무지렁이 골짜기,상위지역 경계 대체,3525,엉겅퀴 덩굴손 (17343),"-1810.340, -11764.700, 31.863","-1810.340, -11754.700, 31.863","-1810.340, -11774.700, 31.863",사나운 갈퀴발톱 (17527),"-1807.060, -11268.300, 59.628","-1807.060, -11258.300, 59.628","-1807.060, -11278.300, 59.628",새끼 핏빛안개 갈퀴발톱 (17525),"-2517.940, -11990.100, 25.615","-2517.940, -11980.100, 25.615","-2517.940, -12000.100, 25.615"
3909,아웃랜드,핏빛안개 섬,잃어버린 언덕,상위지역 경계 대체,3525,엉겅퀴 덩굴손 (17343),"-1810.340, -11764.700, 31.863","-1810.340, -11754.700, 31.863","-1810.340, -11774.700, 31.863",사나운 갈퀴발톱 (17527),"-1807.060, -11268.300, 59.628","-1807.060, -11258.300, 59.628","-1807.060, -11278.300, 59.628",새끼 핏빛안개 갈퀴발톱 (17525),"-2517.940, -11990.100, 25.615","-2517.940, -11980.100, 25.615","-2517.940, -12000.100, 25.615"
3910,아웃랜드,핏빛안개 섬,안개숲,상위지역 경계 대체,3525,엉겅퀴 덩굴손 (17343),"-1810.340, -11764.700, 31.863","-1810.340, -11754.700, 31.863","-1810.340, -11774.700, 31.863",사나운 갈퀴발톱 (17527),"-1807.060, -11268.300, 59.628","-1807.060, -11258.300, 59.628","-1807.060, -11278.300, 59.628",새끼 핏빛안개 갈퀴발톱 (17525),"-2517.940, -11990.100, 25.615","-2517.940, -11980.100, 25.615","-2517.940, -12000.100, 25.615"
3911,아웃랜드,영원노래 숲,평온의 해변,상위지역 경계 대체,3430,광포한 용매 (15650),"9142.090, -7087.640, 24.552","9142.090, -7077.640, 24.552","9142.090, -7097.640, 24.552",성난비늘멀록 채집꾼 (15670),"9177.520, -5871.640, 4.845","9177.520, -5861.640, 4.845","9177.520, -5881.640, 4.845",긴발톱 갈기발 스라소니 (15651),"9380.260, -6671.180, 38.148","9380.260, -6661.180, 38.148","9380.260, -6681.180, 38.148"
3912,아웃랜드,영원노래 숲,황금가지 고개,상위지역 경계 대체,3430,광포한 용매 (15650),"9142.090, -7087.640, 24.552","9142.090, -7077.640, 24.552","9142.090, -7097.640, 24.552",성난비늘멀록 채집꾼 (15670),"9177.520, -5871.640, 4.845","9177.520, -5861.640, 4.845","9177.520, -5881.640, 4.845",긴발톱 갈기발 스라소니 (15651),"9380.260, -6671.180, 38.148","9380.260, -6661.180, 38.148","9380.260, -6681.180, 38.148"
3913,아웃랜드,영원노래 숲,팔리타스 마법석,상위지역 경계 대체,3430,광포한 용매 (15650),"9142.090, -7087.640, 24.552","9142.090, -7077.640, 24.552","9142.090, -7097.640, 24.552",성난비늘멀록 채집꾼 (15670),"9177.520, -5871.640, 4.845","9177.520, -5861.640, 4.845","9177.520, -5881.640, 4.845",긴발톱 갈기발 스라소니 (15651),"9380.260, -6671.180, 38.148","9380.260, -6661.180, 38.148","9380.260, -6681.180, 38.148"
3914,아웃랜드,영원노래 숲,샨도르 마법석,상위지역 경계 대체,3430,광포한 용매 (15650),"9142.090, -7087.640, 24.552","9142.090, -7077.640, 24.552","9142.090, -7097.640, 24.552",성난비늘멀록 채집꾼 (15670),"9177.520, -5871.640, 4.845","9177.520, -5861.640, 4.845","9177.520, -5881.640, 4.845",긴발톱 갈기발 스라소니 (15651),"9380.260, -6671.180, 38.148","9380.260, -6661.180, 38.148","9380.260, -6681.180, 38.148"
3915,아웃랜드,하늘안개 섬,구름다리 해변,상위지역 경계 대체,3524,땅거미게 (17216),"-4026.500, -12945.500, -2.188","-4026.500, -12935.500, -2.188","-4026.500, -12955.500, -2.188",달새김 순록 (17201),"-4054.310, -12565.300, 42.189","-4054.310, -12555.300, 42.189","-4054.310, -12575.300, 42.189",달새김 사슴 (17200),"-4112.050, -12656.900, 27.304","-4112.050, -12646.900, 27.304","-4112.050, -12666.900, 27.304"
3916,아웃랜드,하늘안개 섬,달새김 숲,상위지역 경계 대체,3524,땅거미게 (17216),"-4026.500, -12945.500, -2.188","-4026.500, -12935.500, -2.188","-4026.500, -12955.500, -2.188",달새김 순록 (17201),"-4054.310, -12565.300, 42.189","-4054.310, -12555.300, 42.189","-4054.310, -12575.300, 42.189",달새김 사슴 (17200),"-4112.050, -12656.900, 27.304","-4112.050, -12646.900, 27.304","-4112.050, -12666.900, 27.304"
3917,아웃랜드,,아킨둔,없음,,없음,,,,없음,,,,없음,,,
3918,아웃랜드,칼날 산맥,토쉴리의 연구기지,상위지역 경계 대체,3522,성난태양 지질학자 (19779),"2756.320, 4208.450, 183.803","2756.320, 4218.450, 183.803","2756.320, 4198.450, 183.803",고룡교단 밀렵꾼 (21809),"3140.050, 6237.660, 124.848","3140.050, 6247.660, 124.848","3140.050, 6227.660, 124.848",에테르 가오리 (22181),"2490.000, 7043.620, 366.056","2490.000, 7053.620, 366.056","2490.000, 7033.620, 366.056"
3919,아웃랜드,칼날 산맥,노래하는 마루,상위지역 경계 대체,3522,성난태양 지질학자 (19779),"2756.320, 4208.450, 183.803","2756.320, 4218.450, 183.803","2756.320, 4198.450, 183.803",고룡교단 밀렵꾼 (21809),"3140.050, 6237.660, 124.848","3140.050, 6247.660, 124.848","3140.050, 6227.660, 124.848",에테르 가오리 (22181),"2490.000, 7043.620, 366.056","2490.000, 7053.620, 366.056","2490.000, 7033.620, 366.056"
3920,아웃랜드,지옥불 반도,징검다리 거점,상위지역 경계 대체,3483,간아그 일꾼 (19398),"679.262, 1822.740, 123.935","679.262, 1832.740, 123.935","679.262, 1812.740, 123.935",광기어린 지옥멧돼지 (16863),"-54.499, 2948.730, 21.942","-54.499, 2958.730, 21.942","-54.499, 2938.730, 21.942",새끼 돌낫 바위갈퀴 (16927),"-562.162, 3606.670, 29.422","-562.162, 3616.670, 29.422","-562.162, 3596.670, 29.422"
3921,아웃랜드,황천의 폭풍,아클로니스 마루,상위지역 경계 대체,3523,월드 트리거 (15384),"3633.440, 2399.540, 80.041","3633.440, 2409.540, 80.041","3633.440, 2389.540, 80.041",황천의 야수 (19731),"3027.130, 2401.880, 135.201","3027.130, 2411.880, 135.201","3027.130, 2391.880, 135.201",파랄론 덩굴손 (20774),"3968.680, 2847.750, 117.937","3968.680, 2857.750, 117.937","3968.680, 2837.750, 117.937"
3922,아웃랜드,칼날 산맥,칼날첨탑 전초기지,상위지역 경계 대체,3522,성난태양 지질학자 (19779),"2756.320, 4208.450, 183.803","2756.320, 4218.450, 183.803","2756.320, 4198.450, 183.803",고룡교단 밀렵꾼 (21809),"3140.050, 6237.660, 124.848","3140.050, 6247.660, 124.848","3140.050, 6227.660, 124.848",에테르 가오리 (22181),"2490.000, 7043.620, 366.056","2490.000, 7053.620, 366.056","2490.000, 7033.620, 366.056"
3924,아웃랜드,칼날 산맥,북녘망치 탑,상위지역 경계 대체,3522,성난태양 지질학자 (19779),"2756.320, 4208.450, 183.803","2756.320, 4218.450, 183.803","2756.320, 4198.450, 183.803",고룡교단 밀렵꾼 (21809),"3140.050, 6237.660, 124.848","3140.050, 6247.660, 124.848","3140.050, 6227.660, 124.848",에테르 가오리 (22181),"2490.000, 7043.620, 366.056","2490.000, 7053.620, 366.056","2490.000, 7033.620, 366.056"
3925,아웃랜드,칼날 산맥,남녘망치 탑,상위지역 경계 대체,3522,성난태양 지질학자 (19779),"2756.320, 4208.450, 183.803","2756.320, 4218.450, 183.803","2756.320, 4198.450, 183.803",고룡교단 밀렵꾼 (21809),"3140.050, 6237.660, 124.848","3140.050, 6247.660, 124.848","3140.050, 6227.660, 124.848",에테르 가오리 (22181),"2490.000, 7043.620, 366.056","2490.000, 7053.620, 366.056","2490.000, 7033.620, 366.056"
3926,아웃랜드,어둠달 골짜기,부서진 평원,상위지역 경계 대체,3520,용아귀부족 일꾼 (22252),"-4898.900, 741.277, 64.639","-4898.900, 751.277, 64.639","-4898.900, 731.277, 64.639",어둠달부족 척후병 (21749),"-3253.000, 2319.520, 63.046","-3253.000, 2329.520, 63.046","-3253.000, 2309.520, 63.046",와일드해머 파수병 (21736),"-3782.320, 1916.500, 97.803","-3782.320, 1926.500, 97.803","-3782.320, 1906.500, 97.803"
3927,아웃랜드,어둠달 골짜기,오로노크의 농장,상위지역 경계 대체,3520,용아귀부족 일꾼 (22252),"-4898.900, 741.277, 64.639","-4898.900, 751.277, 64.639","-4898.900, 731.277, 64.639",어둠달부족 척후병 (21749),"-3253.000, 2319.520, 63.046","-3253.000, 2329.520, 63.046","-3253.000, 2309.520, 63.046",와일드해머 파수병 (21736),"-3782.320, 1916.500, 97.803","-3782.320, 1926.500, 97.803","-3782.320, 1906.500, 97.803"
3928,아웃랜드,어둠달 골짜기,저주의 제단,상위지역 경계 대체,3520,용아귀부족 일꾼 (22252),"-4898.900, 741.277, 64.639","-4898.900, 751.277, 64.639","-4898.900, 731.277, 64.639",어둠달부족 척후병 (21749),"-3253.000, 2319.520, 63.046","-3253.000, 2329.520, 63.046","-3253.000, 2309.520, 63.046",와일드해머 파수병 (21736),"-3782.320, 1916.500, 97.803","-3782.320, 1926.500, 97.803","-3782.320, 1906.500, 97.803"
3929,아웃랜드,어둠달 골짜기,정복의 길,상위지역 경계 대체,3520,용아귀부족 일꾼 (22252),"-4898.900, 741.277, 64.639","-4898.900, 751.277, 64.639","-4898.900, 731.277, 64.639",어둠달부족 척후병 (21749),"-3253.000, 2319.520, 63.046","-3253.000, 2329.520, 63.046","-3253.000, 2309.520, 63.046",와일드해머 파수병 (21736),"-3782.320, 1916.500, 97.803","-3782.320, 1926.500, 97.803","-3782.320, 1906.500, 97.803"
3930,아웃랜드,어둠달 골짜기,해그늘 벌판,상위지역 경계 대체,3520,용아귀부족 일꾼 (22252),"-4898.900, 741.277, 64.639","-4898.900, 751.277, 64.639","-4898.900, 731.277, 64.639",어둠달부족 척후병 (21749),"-3253.000, 2319.520, 63.046","-3253.000, 2329.520, 63.046","-3253.000, 2309.520, 63.046",와일드해머 파수병 (21736),"-3782.320, 1916.500, 97.803","-3782.320, 1926.500, 97.803","-3782.320, 1906.500, 97.803"
3931,아웃랜드,칼날 산맥,칼날첨탑 영토,상위지역 경계 대체,3522,성난태양 지질학자 (19779),"2756.320, 4208.450, 183.803","2756.320, 4218.450, 183.803","2756.320, 4198.450, 183.803",고룡교단 밀렵꾼 (21809),"3140.050, 6237.660, 124.848","3140.050, 6247.660, 124.848","3140.050, 6227.660, 124.848",에테르 가오리 (22181),"2490.000, 7043.620, 366.056","2490.000, 7053.620, 366.056","2490.000, 7033.620, 366.056"
3932,아웃랜드,어둠달 골짜기,스케슬론 주둔지,상위지역 경계 대체,3520,용아귀부족 일꾼 (22252),"-4898.900, 741.277, 64.639","-4898.900, 751.277, 64.639","-4898.900, 731.277, 64.639",어둠달부족 척후병 (21749),"-3253.000, 2319.520, 63.046","-3253.000, 2329.520, 63.046","-3253.000, 2309.520, 63.046",와일드해머 파수병 (21736),"-3782.320, 1916.500, 97.803","-3782.320, 1926.500, 97.803","-3782.320, 1906.500, 97.803"
3933,아웃랜드,어둠달 골짜기,스케슬론 폐허,상위지역 경계 대체,3520,용아귀부족 일꾼 (22252),"-4898.900, 741.277, 64.639","-4898.900, 751.277, 64.639","-4898.900, 731.277, 64.639",어둠달부족 척후병 (21749),"-3253.000, 2319.520, 63.046","-3253.000, 2329.520, 63.046","-3253.000, 2309.520, 63.046",와일드해머 파수병 (21736),"-3782.320, 1916.500, 97.803","-3782.320, 1926.500, 97.803","-3782.320, 1906.500, 97.803"
3934,아웃랜드,황천의 폭풍,마을 광장,상위지역 경계 대체,3523,월드 트리거 (15384),"3633.440, 2399.540, 80.041","3633.440, 2409.540, 80.041","3633.440, 2389.540, 80.041",황천의 야수 (19731),"3027.130, 2401.880, 135.201","3027.130, 2411.880, 135.201","3027.130, 2391.880, 135.201",파랄론 덩굴손 (20774),"3968.680, 2847.750, 117.937","3968.680, 2857.750, 117.937","3968.680, 2837.750, 117.937"
3935,아웃랜드,황천의 폭풍,마법사 지구,상위지역 경계 대체,3523,월드 트리거 (15384),"3633.440, 2399.540, 80.041","3633.440, 2409.540, 80.041","3633.440, 2389.540, 80.041",황천의 야수 (19731),"3027.130, 2401.880, 135.201","3027.130, 2411.880, 135.201","3027.130, 2391.880, 135.201",파랄론 덩굴손 (20774),"3968.680, 2847.750, 117.937","3968.680, 2857.750, 117.937","3968.680, 2837.750, 117.937"
3936,아웃랜드,어둠달 골짜기,죽음의 괴철로 탑,상위지역 경계 대체,3520,용아귀부족 일꾼 (22252),"-4898.900, 741.277, 64.639","-4898.900, 751.277, 64.639","-4898.900, 731.277, 64.639",어둠달부족 척후병 (21749),"-3253.000, 2319.520, 63.046","-3253.000, 2329.520, 63.046","-3253.000, 2309.520, 63.046",와일드해머 파수병 (21736),"-3782.320, 1916.500, 97.803","-3782.320, 1926.500, 97.803","-3782.320, 1906.500, 97.803"
3937,아웃랜드,어둠달 골짜기,잿가루 감시초소,상위지역 경계 대체,3520,용아귀부족 일꾼 (22252),"-4898.900, 741.277, 64.639","-4898.900, 751.277, 64.639","-4898.900, 731.277, 64.639",어둠달부족 척후병 (21749),"-3253.000, 2319.520, 63.046","-3253.000, 2329.520, 63.046","-3253.000, 2309.520, 63.046",와일드해머 파수병 (21736),"-3782.320, 1916.500, 97.803","-3782.320, 1926.500, 97.803","-3782.320, 1906.500, 97.803"
3938,아웃랜드,어둠달 골짜기,별의 성소,상위지역 경계 대체,3520,용아귀부족 일꾼 (22252),"-4898.900, 741.277, 64.639","-4898.900, 751.277, 64.639","-4898.900, 731.277, 64.639",어둠달부족 척후병 (21749),"-3253.000, 2319.520, 63.046","-3253.000, 2329.520, 63.046","-3253.000, 2309.520, 63.046",와일드해머 파수병 (21736),"-3782.320, 1916.500, 97.803","-3782.320, 1926.500, 97.803","-3782.320, 1906.500, 97.803"
3939,아웃랜드,어둠달 골짜기,용아귀 요새,상위지역 경계 대체,3520,용아귀부족 일꾼 (22252),"-4898.900, 741.277, 64.639","-4898.900, 751.277, 64.639","-4898.900, 731.277, 64.639",어둠달부족 척후병 (21749),"-3253.000, 2319.520, 63.046","-3253.000, 2329.520, 63.046","-3253.000, 2309.520, 63.046",와일드해머 파수병 (21736),"-3782.320, 1916.500, 97.803","-3782.320, 1926.500, 97.803","-3782.320, 1906.500, 97.803"
3940,아웃랜드,어둠달 골짜기,악취나는 웅덩이,상위지역 경계 대체,3520,용아귀부족 일꾼 (22252),"-4898.900, 741.277, 64.639","-4898.900, 751.277, 64.639","-4898.900, 731.277, 64.639",어둠달부족 척후병 (21749),"-3253.000, 2319.520, 63.046","-3253.000, 2329.520, 63.046","-3253.000, 2309.520, 63.046",와일드해머 파수병 (21736),"-3782.320, 1916.500, 97.803","-3782.320, 1926.500, 97.803","-3782.320, 1906.500, 97.803"
3941,아웃랜드,어둠달 골짜기,시험용,상위지역 경계 대체,3520,용아귀부족 일꾼 (22252),"-4898.900, 741.277, 64.639","-4898.900, 751.277, 64.639","-4898.900, 731.277, 64.639",어둠달부족 척후병 (21749),"-3253.000, 2319.520, 63.046","-3253.000, 2329.520, 63.046","-3253.000, 2309.520, 63.046",와일드해머 파수병 (21736),"-3782.320, 1916.500, 97.803","-3782.320, 1926.500, 97.803","-3782.320, 1906.500, 97.803"
3942,아웃랜드,칼날 산맥,라잔의 영지,상위지역 경계 대체,3522,성난태양 지질학자 (19779),"2756.320, 4208.450, 183.803","2756.320, 4218.450, 183.803","2756.320, 4198.450, 183.803",고룡교단 밀렵꾼 (21809),"3140.050, 6237.660, 124.848","3140.050, 6247.660, 124.848","3140.050, 6227.660, 124.848",에테르 가오리 (22181),"2490.000, 7043.620, 366.056","2490.000, 7053.620, 366.056","2490.000, 7033.620, 366.056"
3943,아웃랜드,어둠달 골짜기,대재앙의 침공 거점,상위지역 경계 대체,3520,용아귀부족 일꾼 (22252),"-4898.900, 741.277, 64.639","-4898.900, 751.277, 64.639","-4898.900, 731.277, 64.639",어둠달부족 척후병 (21749),"-3253.000, 2319.520, 63.046","-3253.000, 2329.520, 63.046","-3253.000, 2309.520, 63.046",와일드해머 파수병 (21736),"-3782.320, 1916.500, 97.803","-3782.320, 1926.500, 97.803","-3782.320, 1906.500, 97.803"
3944,아웃랜드,어둠달 골짜기,어둠의 제단,상위지역 경계 대체,3520,용아귀부족 일꾼 (22252),"-4898.900, 741.277, 64.639","-4898.900, 751.277, 64.639","-4898.900, 731.277, 64.639",어둠달부족 척후병 (21749),"-3253.000, 2319.520, 63.046","-3253.000, 2329.520, 63.046","-3253.000, 2309.520, 63.046",와일드해머 파수병 (21736),"-3782.320, 1916.500, 97.803","-3782.320, 1926.500, 97.803","-3782.320, 1906.500, 97.803"
3945,아웃랜드,어둠달 골짜기,황천날개 고개,상위지역 경계 대체,3520,용아귀부족 일꾼 (22252),"-4898.900, 741.277, 64.639","-4898.900, 751.277, 64.639","-4898.900, 731.277, 64.639",어둠달부족 척후병 (21749),"-3253.000, 2319.520, 63.046","-3253.000, 2329.520, 63.046","-3253.000, 2309.520, 63.046",와일드해머 파수병 (21736),"-3782.320, 1916.500, 97.803","-3782.320, 1926.500, 97.803","-3782.320, 1906.500, 97.803"
3946,아웃랜드,테로카르 숲,웨인의 은거처,상위지역 경계 대체,3519,줄무늬 탈부크 (17130),"-2629.180, 6075.020, 43.172","-2629.180, 6085.020, 43.172","-2629.180, 6065.020, 43.172",어둠달부족 척후병 (21749),"-3012.500, 2751.900, 71.382","-3012.500, 2761.900, 71.382","-3012.500, 2741.900, 71.382",와일드해머 파수병 (21736),"-3843.340, 2325.270, 133.095","-3843.340, 2335.270, 133.095","-3843.340, 2315.270, 133.095"
3947,아웃랜드,어둠달 골짜기,끓어오르는 웅덩이,상위지역 경계 대체,3520,용아귀부족 일꾼 (22252),"-4898.900, 741.277, 64.639","-4898.900, 751.277, 64.639","-4898.900, 731.277, 64.639",어둠달부족 척후병 (21749),"-3253.000, 2319.520, 63.046","-3253.000, 2329.520, 63.046","-3253.000, 2309.520, 63.046",와일드해머 파수병 (21736),"-3782.320, 1916.500, 97.803","-3782.320, 1926.500, 97.803","-3782.320, 1906.500, 97.803"
3949,아웃랜드,어둠달 골짜기,용암 지대,상위지역 경계 대체,3520,용아귀부족 일꾼 (22252),"-4898.900, 741.277, 64.639","-4898.900, 751.277, 64.639","-4898.900, 731.277, 64.639",어둠달부족 척후병 (21749),"-3253.000, 2319.520, 63.046","-3253.000, 2329.520, 63.046","-3253.000, 2309.520, 63.046",와일드해머 파수병 (21736),"-3782.320, 1916.500, 97.803","-3782.320, 1926.500, 97.803","-3782.320, 1906.500, 97.803"
3950,아웃랜드,어둠달 골짜기,붉은 감시초소,상위지역 경계 대체,3520,용아귀부족 일꾼 (22252),"-4898.900, 741.277, 64.639","-4898.900, 751.277, 64.639","-4898.900, 731.277, 64.639",어둠달부족 척후병 (21749),"-3253.000, 2319.520, 63.046","-3253.000, 2329.520, 63.046","-3253.000, 2309.520, 63.046",와일드해머 파수병 (21736),"-3782.320, 1916.500, 97.803","-3782.320, 1926.500, 97.803","-3782.320, 1906.500, 97.803"
3951,아웃랜드,칼날 산맥,영원의 숲,상위지역 경계 대체,3522,성난태양 지질학자 (19779),"2756.320, 4208.450, 183.803","2756.320, 4218.450, 183.803","2756.320, 4198.450, 183.803",고룡교단 밀렵꾼 (21809),"3140.050, 6237.660, 124.848","3140.050, 6247.660, 124.848","3140.050, 6227.660, 124.848",에테르 가오리 (22181),"2490.000, 7043.620, 366.056","2490.000, 7053.620, 366.056","2490.000, 7033.620, 366.056"
3952,아웃랜드,칼날 산맥,고룡해골 다리,상위지역 경계 대체,3522,성난태양 지질학자 (19779),"2756.320, 4208.450, 183.803","2756.320, 4218.450, 183.803","2756.320, 4198.450, 183.803",고룡교단 밀렵꾼 (21809),"3140.050, 6237.660, 124.848","3140.050, 6247.660, 124.848","3140.050, 6227.660, 124.848",에테르 가오리 (22181),"2490.000, 7043.620, 366.056","2490.000, 7053.620, 366.056","2490.000, 7033.620, 366.056"
3953,아웃랜드,칼날 산맥,비늘날개 절벽,상위지역 경계 대체,3522,성난태양 지질학자 (19779),"2756.320, 4208.450, 183.803","2756.320, 4218.450, 183.803","2756.320, 4198.450, 183.803",고룡교단 밀렵꾼 (21809),"3140.050, 6237.660, 124.848","3140.050, 6247.660, 124.848","3140.050, 6227.660, 124.848",에테르 가오리 (22181),"2490.000, 7043.620, 366.056","2490.000, 7053.620, 366.056","2490.000, 7033.620, 366.056"
3954,아웃랜드,칼날 산맥,고룡해골 굴,상위지역 경계 대체,3522,성난태양 지질학자 (19779),"2756.320, 4208.450, 183.803","2756.320, 4218.450, 183.803","2756.320, 4198.450, 183.803",고룡교단 밀렵꾼 (21809),"3140.050, 6237.660, 124.848","3140.050, 6247.660, 124.848","3140.050, 6227.660, 124.848",에테르 가오리 (22181),"2490.000, 7043.620, 366.056","2490.000, 7053.620, 366.056","2490.000, 7033.620, 366.056"
3955,아웃랜드,지옥불 반도,지옥불 분지,상위지역 경계 대체,3483,간아그 일꾼 (19398),"679.262, 1822.740, 123.935","679.262, 1832.740, 123.935","679.262, 1812.740, 123.935",광기어린 지옥멧돼지 (16863),"-54.499, 2948.730, 21.942","-54.499, 2958.730, 21.942","-54.499, 2938.730, 21.942",새끼 돌낫 바위갈퀴 (16927),"-562.162, 3606.670, 29.422","-562.162, 3616.670, 29.422","-562.162, 3596.670, 29.422"
3956,아웃랜드,테로카르 숲,어둠의 계단,상위지역 경계 대체,3519,줄무늬 탈부크 (17130),"-2629.180, 6075.020, 43.172","-2629.180, 6085.020, 43.172","-2629.180, 6065.020, 43.172",어둠달부족 척후병 (21749),"-3012.500, 2751.900, 71.382","-3012.500, 2761.900, 71.382","-3012.500, 2741.900, 71.382",와일드해머 파수병 (21736),"-3843.340, 2325.270, 133.095","-3843.340, 2335.270, 133.095","-3843.340, 2315.270, 133.095"
3957,아웃랜드,테로카르 숲,샤타리 전초기지,상위지역 경계 대체,3519,줄무늬 탈부크 (17130),"-2629.180, 6075.020, 43.172","-2629.180, 6085.020, 43.172","-2629.180, 6065.020, 43.172",어둠달부족 척후병 (21749),"-3012.500, 2751.900, 71.382","-3012.500, 2761.900, 71.382","-3012.500, 2741.900, 71.382",와일드해머 파수병 (21736),"-3843.340, 2325.270, 133.095","-3843.340, 2335.270, 133.095","-3843.340, 2315.270, 133.095"
3958,아웃랜드,테로카르 숲,샤타리 주둔지,상위지역 경계 대체,3519,줄무늬 탈부크 (17130),"-2629.180, 6075.020, 43.172","-2629.180, 6085.020, 43.172","-2629.180, 6065.020, 43.172",어둠달부족 척후병 (21749),"-3012.500, 2751.900, 71.382","-3012.500, 2761.900, 71.382","-3012.500, 2741.900, 71.382",와일드해머 파수병 (21736),"-3843.340, 2325.270, 133.095","-3843.340, 2335.270, 133.095","-3843.340, 2315.270, 133.095"
3960,아웃랜드,칼날 산맥,영혼분쇄자의 은신처,상위지역 경계 대체,3522,성난태양 지질학자 (19779),"2756.320, 4208.450, 183.803","2756.320, 4218.450, 183.803","2756.320, 4198.450, 183.803",고룡교단 밀렵꾼 (21809),"3140.050, 6237.660, 124.848","3140.050, 6247.660, 124.848","3140.050, 6227.660, 124.848",에테르 가오리 (22181),"2490.000, 7043.620, 366.056","2490.000, 7053.620, 366.056","2490.000, 7033.620, 366.056"
3961,아웃랜드,테로카르 숲,슬픔의 날개 거점,상위지역 경계 대체,3519,줄무늬 탈부크 (17130),"-2629.180, 6075.020, 43.172","-2629.180, 6085.020, 43.172","-2629.180, 6065.020, 43.172",어둠달부족 척후병 (21749),"-3012.500, 2751.900, 71.382","-3012.500, 2761.900, 71.382","-3012.500, 2741.900, 71.382",와일드해머 파수병 (21736),"-3843.340, 2325.270, 133.095","-3843.340, 2335.270, 133.095","-3843.340, 2315.270, 133.095"
3962,아웃랜드,칼날 산맥,빔골의 마법진,상위지역 경계 대체,3522,성난태양 지질학자 (19779),"2756.320, 4208.450, 183.803","2756.320, 4218.450, 183.803","2756.320, 4198.450, 183.803",고룡교단 밀렵꾼 (21809),"3140.050, 6237.660, 124.848","3140.050, 6247.660, 124.848","3140.050, 6227.660, 124.848",에테르 가오리 (22181),"2490.000, 7043.620, 366.056","2490.000, 7053.620, 366.056","2490.000, 7033.620, 366.056"
3963,아웃랜드,칼날 산맥,용돌기 마루,상위지역 경계 대체,3522,성난태양 지질학자 (19779),"2756.320, 4208.450, 183.803","2756.320, 4218.450, 183.803","2756.320, 4198.450, 183.803",고룡교단 밀렵꾼 (21809),"3140.050, 6237.660, 124.848","3140.050, 6247.660, 124.848","3140.050, 6227.660, 124.848",에테르 가오리 (22181),"2490.000, 7043.620, 366.056","2490.000, 7053.620, 366.056","2490.000, 7033.620, 366.056"
3964,아웃랜드,칼날 산맥,하늘경비대 전초기지,상위지역 경계 대체,3522,성난태양 지질학자 (19779),"2756.320, 4208.450, 183.803","2756.320, 4218.450, 183.803","2756.320, 4198.450, 183.803",고룡교단 밀렵꾼 (21809),"3140.050, 6237.660, 124.848","3140.050, 6247.660, 124.848","3140.050, 6227.660, 124.848",에테르 가오리 (22181),"2490.000, 7043.620, 366.056","2490.000, 7053.620, 366.056","2490.000, 7033.620, 366.056"
3965,아웃랜드,어둠달 골짜기,황천날개 광산,상위지역 경계 대체,3520,용아귀부족 일꾼 (22252),"-4898.900, 741.277, 64.639","-4898.900, 751.277, 64.639","-4898.900, 731.277, 64.639",어둠달부족 척후병 (21749),"-3253.000, 2319.520, 63.046","-3253.000, 2329.520, 63.046","-3253.000, 2309.520, 63.046",와일드해머 파수병 (21736),"-3782.320, 1916.500, 97.803","-3782.320, 1926.500, 97.803","-3782.320, 1906.500, 97.803"
3966,아웃랜드,어둠달 골짜기,용아귀 주둔지,상위지역 경계 대체,3520,용아귀부족 일꾼 (22252),"-4898.900, 741.277, 64.639","-4898.900, 751.277, 64.639","-4898.900, 731.277, 64.639",어둠달부족 척후병 (21749),"-3253.000, 2319.520, 63.046","-3253.000, 2329.520, 63.046","-3253.000, 2309.520, 63.046",와일드해머 파수병 (21736),"-3782.320, 1916.500, 97.803","-3782.320, 1926.500, 97.803","-3782.320, 1906.500, 97.803"
3967,아웃랜드,어둠달 골짜기,용아귀 하늘길,상위지역 경계 대체,3520,용아귀부족 일꾼 (22252),"-4898.900, 741.277, 64.639","-4898.900, 751.277, 64.639","-4898.900, 731.277, 64.639",어둠달부족 척후병 (21749),"-3253.000, 2319.520, 63.046","-3253.000, 2329.520, 63.046","-3253.000, 2309.520, 63.046",와일드해머 파수병 (21736),"-3782.320, 1916.500, 97.803","-3782.320, 1926.500, 97.803","-3782.320, 1906.500, 97.803"
3969,아웃랜드,칼날 산맥,리븐다크의 둥지,상위지역 경계 대체,3522,성난태양 지질학자 (19779),"2756.320, 4208.450, 183.803","2756.320, 4218.450, 183.803","2756.320, 4198.450, 183.803",고룡교단 밀렵꾼 (21809),"3140.050, 6237.660, 124.848","3140.050, 6247.660, 124.848","3140.050, 6227.660, 124.848",에테르 가오리 (22181),"2490.000, 7043.620, 366.056","2490.000, 7053.620, 366.056","2490.000, 7033.620, 366.056"
3970,아웃랜드,칼날 산맥,옵시디아의 둥지,상위지역 경계 대체,3522,성난태양 지질학자 (19779),"2756.320, 4208.450, 183.803","2756.320, 4218.450, 183.803","2756.320, 4198.450, 183.803",고룡교단 밀렵꾼 (21809),"3140.050, 6237.660, 124.848","3140.050, 6247.660, 124.848","3140.050, 6227.660, 124.848",에테르 가오리 (22181),"2490.000, 7043.620, 366.056","2490.000, 7053.620, 366.056","2490.000, 7033.620, 366.056"
3971,아웃랜드,칼날 산맥,인시디온의 둥지,상위지역 경계 대체,3522,성난태양 지질학자 (19779),"2756.320, 4208.450, 183.803","2756.320, 4218.450, 183.803","2756.320, 4198.450, 183.803",고룡교단 밀렵꾼 (21809),"3140.050, 6237.660, 124.848","3140.050, 6247.660, 124.848","3140.050, 6227.660, 124.848",에테르 가오리 (22181),"2490.000, 7043.620, 366.056","2490.000, 7053.620, 366.056","2490.000, 7033.620, 366.056"
3972,아웃랜드,칼날 산맥,퓨리윙의 둥지,상위지역 경계 대체,3522,성난태양 지질학자 (19779),"2756.320, 4208.450, 183.803","2756.320, 4218.450, 183.803","2756.320, 4198.450, 183.803",고룡교단 밀렵꾼 (21809),"3140.050, 6237.660, 124.848","3140.050, 6247.660, 124.848","3140.050, 6227.660, 124.848",에테르 가오리 (22181),"2490.000, 7043.620, 366.056","2490.000, 7053.620, 366.056","2490.000, 7033.620, 366.056"
3973,아웃랜드,테로카르 숲,검은바람 비행기지,상위지역 경계 대체,3519,줄무늬 탈부크 (17130),"-2629.180, 6075.020, 43.172","-2629.180, 6085.020, 43.172","-2629.180, 6065.020, 43.172",어둠달부족 척후병 (21749),"-3012.500, 2751.900, 71.382","-3012.500, 2761.900, 71.382","-3012.500, 2741.900, 71.382",와일드해머 파수병 (21736),"-3843.340, 2325.270, 133.095","-3843.340, 2335.270, 133.095","-3843.340, 2315.270, 133.095"
3974,아웃랜드,테로카르 숲,장막의 하리크,상위지역 경계 대체,3519,줄무늬 탈부크 (17130),"-2629.180, 6075.020, 43.172","-2629.180, 6085.020, 43.172","-2629.180, 6065.020, 43.172",어둠달부족 척후병 (21749),"-3012.500, 2751.900, 71.382","-3012.500, 2761.900, 71.382","-3012.500, 2741.900, 71.382",와일드해머 파수병 (21736),"-3843.340, 2325.270, 133.095","-3843.340, 2335.270, 133.095","-3843.340, 2315.270, 133.095"
3975,아웃랜드,테로카르 숲,테로크의 안식처,상위지역 경계 대체,3519,줄무늬 탈부크 (17130),"-2629.180, 6075.020, 43.172","-2629.180, 6085.020, 43.172","-2629.180, 6065.020, 43.172",어둠달부족 척후병 (21749),"-3012.500, 2751.900, 71.382","-3012.500, 2761.900, 71.382","-3012.500, 2741.900, 71.382",와일드해머 파수병 (21736),"-3843.340, 2325.270, 133.095","-3843.340, 2335.270, 133.095","-3843.340, 2315.270, 133.095"
3976,아웃랜드,테로카르 숲,장막의 알라라크,상위지역 경계 대체,3519,줄무늬 탈부크 (17130),"-2629.180, 6075.020, 43.172","-2629.180, 6085.020, 43.172","-2629.180, 6065.020, 43.172",어둠달부족 척후병 (21749),"-3012.500, 2751.900, 71.382","-3012.500, 2761.900, 71.382","-3012.500, 2741.900, 71.382",와일드해머 파수병 (21736),"-3843.340, 2325.270, 133.095","-3843.340, 2335.270, 133.095","-3843.340, 2315.270, 133.095"
3977,아웃랜드,테로카르 숲,장막의 쉴라크 언덕,상위지역 경계 대체,3519,줄무늬 탈부크 (17130),"-2629.180, 6075.020, 43.172","-2629.180, 6085.020, 43.172","-2629.180, 6065.020, 43.172",어둠달부족 척후병 (21749),"-3012.500, 2751.900, 71.382","-3012.500, 2761.900, 71.382","-3012.500, 2741.900, 71.382",와일드해머 파수병 (21736),"-3843.340, 2325.270, 133.095","-3843.340, 2335.270, 133.095","-3843.340, 2315.270, 133.095"
3978,아웃랜드,테로카르 숲,장막의 쉴라크,상위지역 경계 대체,3519,줄무늬 탈부크 (17130),"-2629.180, 6075.020, 43.172","-2629.180, 6085.020, 43.172","-2629.180, 6065.020, 43.172",어둠달부족 척후병 (21749),"-3012.500, 2751.900, 71.382","-3012.500, 2761.900, 71.382","-3012.500, 2741.900, 71.382",와일드해머 파수병 (21736),"-3843.340, 2325.270, 133.095","-3843.340, 2335.270, 133.095","-3843.340, 2315.270, 133.095"
3979,노스렌드,,얼어붙은 바다,없음,,없음,,,,없음,,,,없음,,,
3980,노스렌드,울부짖는 협만,비수집 만,상위지역 경계 대체,495,뾰족엄니 (23690),"1223.380, -4393.920, 159.790","1223.380, -4383.920, 159.790","1223.380, -4403.920, 159.790",새끼 뾰족엄니 (24791),"1182.580, -4437.890, 170.242","1182.580, -4427.890, 170.242","1182.580, -4447.890, 170.242",수컷 뾰족엄니 (23691),"1222.560, -4382.410, 158.040","1222.560, -4372.410, 158.040","1222.560, -4392.410, 158.040"
3981,노스렌드,울부짖는 협만,발가드,상위지역 경계 대체,495,뾰족엄니 (23690),"1223.380, -4393.920, 159.790","1223.380, -4383.920, 159.790","1223.380, -4403.920, 159.790",새끼 뾰족엄니 (24791),"1182.580, -4437.890, 170.242","1182.580, -4427.890, 170.242","1182.580, -4447.890, 170.242",수컷 뾰족엄니 (23691),"1222.560, -4382.410, 158.040","1222.560, -4372.410, 158.040","1222.560, -4392.410, 158.040"
3982,노스렌드,울부짖는 협만,고룡해골 마을,상위지역 경계 대체,495,뾰족엄니 (23690),"1223.380, -4393.920, 159.790","1223.380, -4383.920, 159.790","1223.380, -4403.920, 159.790",새끼 뾰족엄니 (24791),"1182.580, -4437.890, 170.242","1182.580, -4427.890, 170.242","1182.580, -4447.890, 170.242",수컷 뾰족엄니 (23691),"1222.560, -4382.410, 158.040","1222.560, -4372.410, 158.040","1222.560, -4392.410, 158.040"
3983,노스렌드,울부짖는 협만,우트가드 성채,상위지역 경계 대체,495,뾰족엄니 (23690),"1223.380, -4393.920, 159.790","1223.380, -4383.920, 159.790","1223.380, -4403.920, 159.790",새끼 뾰족엄니 (24791),"1182.580, -4437.890, 170.242","1182.580, -4427.890, 170.242","1182.580, -4447.890, 170.242",수컷 뾰족엄니 (23691),"1222.560, -4382.410, 158.040","1222.560, -4372.410, 158.040","1222.560, -4392.410, 158.040"
3984,노스렌드,울부짖는 협만,니플바르,상위지역 경계 대체,495,뾰족엄니 (23690),"1223.380, -4393.920, 159.790","1223.380, -4383.920, 159.790","1223.380, -4403.920, 159.790",새끼 뾰족엄니 (24791),"1182.580, -4437.890, 170.242","1182.580, -4427.890, 170.242","1182.580, -4447.890, 170.242",수컷 뾰족엄니 (23691),"1222.560, -4382.410, 158.040","1222.560, -4372.410, 158.040","1222.560, -4392.410, 158.040"
3985,노스렌드,울부짖는 협만,이미론의 폭포,상위지역 경계 대체,495,뾰족엄니 (23690),"1223.380, -4393.920, 159.790","1223.380, -4383.920, 159.790","1223.380, -4403.920, 159.790",새끼 뾰족엄니 (24791),"1182.580, -4437.890, 170.242","1182.580, -4427.890, 170.242","1182.580, -4447.890, 170.242",수컷 뾰족엄니 (23691),"1222.560, -4382.410, 158.040","1222.560, -4372.410, 158.040","1222.560, -4392.410, 158.040"
3986,노스렌드,울부짖는 협만,메아리치는 바다,상위지역 경계 대체,495,뾰족엄니 (23690),"1223.380, -4393.920, 159.790","1223.380, -4383.920, 159.790","1223.380, -4403.920, 159.790",새끼 뾰족엄니 (24791),"1182.580, -4437.890, 170.242","1182.580, -4427.890, 170.242","1182.580, -4447.890, 170.242",수컷 뾰족엄니 (23691),"1222.560, -4382.410, 158.040","1222.560, -4372.410, 158.040","1222.560, -4392.410, 158.040"
3987,노스렌드,울부짖는 협만,작살잡이 섬,상위지역 경계 대체,495,뾰족엄니 (23690),"1223.380, -4393.920, 159.790","1223.380, -4383.920, 159.790","1223.380, -4403.920, 159.790",새끼 뾰족엄니 (24791),"1182.580, -4437.890, 170.242","1182.580, -4427.890, 170.242","1182.580, -4447.890, 170.242",수컷 뾰족엄니 (23691),"1222.560, -4382.410, 158.040","1222.560, -4372.410, 158.040","1222.560, -4392.410, 158.040"
3988,노스렌드,울부짖는 협만,카마구아,상위지역 경계 대체,495,뾰족엄니 (23690),"1223.380, -4393.920, 159.790","1223.380, -4383.920, 159.790","1223.380, -4403.920, 159.790",새끼 뾰족엄니 (24791),"1182.580, -4437.890, 170.242","1182.580, -4427.890, 170.242","1182.580, -4447.890, 170.242",수컷 뾰족엄니 (23691),"1222.560, -4382.410, 158.040","1222.560, -4372.410, 158.040","1222.560, -4392.410, 158.040"
3989,노스렌드,울부짖는 협만,가반의 산호초,상위지역 경계 대체,495,뾰족엄니 (23690),"1223.380, -4393.920, 159.790","1223.380, -4383.920, 159.790","1223.380, -4403.920, 159.790",새끼 뾰족엄니 (24791),"1182.580, -4437.890, 170.242","1182.580, -4427.890, 170.242","1182.580, -4447.890, 170.242",수컷 뾰족엄니 (23691),"1222.560, -4382.410, 158.040","1222.560, -4372.410, 158.040","1222.560, -4392.410, 158.040"
3990,노스렌드,울부짖는 협만,해적 야영지,상위지역 경계 대체,495,뾰족엄니 (23690),"1223.380, -4393.920, 159.790","1223.380, -4383.920, 159.790","1223.380, -4403.920, 159.790",새끼 뾰족엄니 (24791),"1182.580, -4437.890, 170.242","1182.580, -4427.890, 170.242","1182.580, -4447.890, 170.242",수컷 뾰족엄니 (23691),"1222.560, -4382.410, 158.040","1222.560, -4372.410, 158.040","1222.560, -4392.410, 158.040"
3991,노스렌드,울부짖는 협만,신 아가만드,상위지역 경계 대체,495,뾰족엄니 (23690),"1223.380, -4393.920, 159.790","1223.380, -4383.920, 159.790","1223.380, -4403.920, 159.790",새끼 뾰족엄니 (24791),"1182.580, -4437.890, 170.242","1182.580, -4427.890, 170.242","1182.580, -4447.890, 170.242",수컷 뾰족엄니 (23691),"1222.560, -4382.410, 158.040","1222.560, -4372.410, 158.040","1222.560, -4392.410, 158.040"
3992,노스렌드,울부짖는 협만,고대 승강장,상위지역 경계 대체,495,뾰족엄니 (23690),"1223.380, -4393.920, 159.790","1223.380, -4383.920, 159.790","1223.380, -4403.920, 159.790",새끼 뾰족엄니 (24791),"1182.580, -4437.890, 170.242","1182.580, -4427.890, 170.242","1182.580, -4447.890, 170.242",수컷 뾰족엄니 (23691),"1222.560, -4382.410, 158.040","1222.560, -4372.410, 158.040","1222.560, -4392.410, 158.040"
3993,노스렌드,울부짖는 협만,서부경비대 포탑,상위지역 경계 대체,495,뾰족엄니 (23690),"1223.380, -4393.920, 159.790","1223.380, -4383.920, 159.790","1223.380, -4403.920, 159.790",새끼 뾰족엄니 (24791),"1182.580, -4437.890, 170.242","1182.580, -4427.890, 170.242","1182.580, -4447.890, 170.242",수컷 뾰족엄니 (23691),"1222.560, -4382.410, 158.040","1222.560, -4372.410, 158.040","1222.560, -4392.410, 158.040"
3994,노스렌드,울부짖는 협만,할그린드,상위지역 경계 대체,495,뾰족엄니 (23690),"1223.380, -4393.920, 159.790","1223.380, -4383.920, 159.790","1223.380, -4403.920, 159.790",새끼 뾰족엄니 (24791),"1182.580, -4437.890, 170.242","1182.580, -4427.890, 170.242","1182.580, -4447.890, 170.242",수컷 뾰족엄니 (23691),"1222.560, -4382.410, 158.040","1222.560, -4372.410, 158.040","1222.560, -4392.410, 158.040"
3995,노스렌드,울부짖는 협만,웃음소리 해안,상위지역 경계 대체,495,뾰족엄니 (23690),"1223.380, -4393.920, 159.790","1223.380, -4383.920, 159.790","1223.380, -4403.920, 159.790",새끼 뾰족엄니 (24791),"1182.580, -4437.890, 170.242","1182.580, -4427.890, 170.242","1182.580, -4447.890, 170.242",수컷 뾰족엄니 (23691),"1222.560, -4382.410, 158.040","1222.560, -4372.410, 158.040","1222.560, -4392.410, 158.040"
3996,노스렌드,울부짖는 협만,바엘군의 발굴현장,상위지역 경계 대체,495,뾰족엄니 (23690),"1223.380, -4393.920, 159.790","1223.380, -4383.920, 159.790","1223.380, -4403.920, 159.790",새끼 뾰족엄니 (24791),"1182.580, -4437.890, 170.242","1182.580, -4427.890, 170.242","1182.580, -4447.890, 170.242",수컷 뾰족엄니 (23691),"1222.560, -4382.410, 158.040","1222.560, -4372.410, 158.040","1222.560, -4392.410, 158.040"
3997,노스렌드,울부짖는 협만,탐험가 연맹 전초기지,상위지역 경계 대체,495,뾰족엄니 (23690),"1223.380, -4393.920, 159.790","1223.380, -4383.920, 159.790","1223.380, -4403.920, 159.790",새끼 뾰족엄니 (24791),"1182.580, -4437.890, 170.242","1182.580, -4427.890, 170.242","1182.580, -4447.890, 170.242",수컷 뾰족엄니 (23691),"1222.560, -4382.410, 158.040","1222.560, -4372.410, 158.040","1222.560, -4392.410, 158.040"
3998,노스렌드,울부짖는 협만,서부경비대 성채,상위지역 경계 대체,495,뾰족엄니 (23690),"1223.380, -4393.920, 159.790","1223.380, -4383.920, 159.790","1223.380, -4403.920, 159.790",새끼 뾰족엄니 (24791),"1182.580, -4437.890, 170.242","1182.580, -4427.890, 170.242","1182.580, -4447.890, 170.242",수컷 뾰족엄니 (23691),"1222.560, -4382.410, 158.040","1222.560, -4372.410, 158.040","1222.560, -4392.410, 158.040"
3999,노스렌드,울부짖는 협만,강철 관문,상위지역 경계 대체,495,뾰족엄니 (23690),"1223.380, -4393.920, 159.790","1223.380, -4383.920, 159.790","1223.380, -4403.920, 159.790",새끼 뾰족엄니 (24791),"1182.580, -4437.890, 170.242","1182.580, -4427.890, 170.242","1182.580, -4447.890, 170.242",수컷 뾰족엄니 (23691),"1222.560, -4382.410, 158.040","1222.560, -4372.410, 158.040","1222.560, -4392.410, 158.040"
4000,노스렌드,울부짖는 협만,복수의 상륙지,상위지역 경계 대체,495,뾰족엄니 (23690),"1223.380, -4393.920, 159.790","1223.380, -4383.920, 159.790","1223.380, -4403.920, 159.790",새끼 뾰족엄니 (24791),"1182.580, -4437.890, 170.242","1182.580, -4427.890, 170.242","1182.580, -4447.890, 170.242",수컷 뾰족엄니 (23691),"1222.560, -4382.410, 158.040","1222.560, -4372.410, 158.040","1222.560, -4392.410, 158.040"
4001,노스렌드,울부짖는 협만,베일하임,상위지역 경계 대체,495,뾰족엄니 (23690),"1223.380, -4393.920, 159.790","1223.380, -4383.920, 159.790","1223.380, -4403.920, 159.790",새끼 뾰족엄니 (24791),"1182.580, -4437.890, 170.242","1182.580, -4427.890, 170.242","1182.580, -4447.890, 170.242",수컷 뾰족엄니 (23691),"1222.560, -4382.410, 158.040","1222.560, -4372.410, 158.040","1222.560, -4392.410, 158.040"
4002,노스렌드,울부짖는 협만,스코른,상위지역 경계 대체,495,뾰족엄니 (23690),"1223.380, -4393.920, 159.790","1223.380, -4383.920, 159.790","1223.380, -4403.920, 159.790",새끼 뾰족엄니 (24791),"1182.580, -4437.890, 170.242","1182.580, -4427.890, 170.242","1182.580, -4447.890, 170.242",수컷 뾰족엄니 (23691),"1222.560, -4382.410, 158.040","1222.560, -4372.410, 158.040","1222.560, -4392.410, 158.040"
4003,노스렌드,울부짖는 협만,빌더바르 요새,상위지역 경계 대체,495,뾰족엄니 (23690),"1223.380, -4393.920, 159.790","1223.380, -4383.920, 159.790","1223.380, -4403.920, 159.790",새끼 뾰족엄니 (24791),"1182.580, -4437.890, 170.242","1182.580, -4427.890, 170.242","1182.580, -4447.890, 170.242",수컷 뾰족엄니 (23691),"1222.560, -4382.410, 158.040","1222.560, -4372.410, 158.040","1222.560, -4392.410, 158.040"
4004,노스렌드,울부짖는 협만,썩은수렵 마을,상위지역 경계 대체,495,뾰족엄니 (23690),"1223.380, -4393.920, 159.790","1223.380, -4383.920, 159.790","1223.380, -4403.920, 159.790",새끼 뾰족엄니 (24791),"1182.580, -4437.890, 170.242","1182.580, -4427.890, 170.242","1182.580, -4447.890, 170.242",수컷 뾰족엄니 (23691),"1222.560, -4382.410, 158.040","1222.560, -4372.410, 158.040","1222.560, -4392.410, 158.040"
4005,노스렌드,울부짖는 협만,이발드의 폐허,상위지역 경계 대체,495,뾰족엄니 (23690),"1223.380, -4393.920, 159.790","1223.380, -4383.920, 159.790","1223.380, -4403.920, 159.790",새끼 뾰족엄니 (24791),"1182.580, -4437.890, 170.242","1182.580, -4427.890, 170.242","1182.580, -4447.890, 170.242",수컷 뾰족엄니 (23691),"1222.560, -4382.410, 158.040","1222.560, -4372.410, 158.040","1222.560, -4392.410, 158.040"
4006,노스렌드,울부짖는 협만,샬레르브론,상위지역 경계 대체,495,뾰족엄니 (23690),"1223.380, -4393.920, 159.790","1223.380, -4383.920, 159.790","1223.380, -4403.920, 159.790",새끼 뾰족엄니 (24791),"1182.580, -4437.890, 170.242","1182.580, -4427.890, 170.242","1182.580, -4447.890, 170.242",수컷 뾰족엄니 (23691),"1222.560, -4382.410, 158.040","1222.560, -4372.410, 158.040","1222.560, -4392.410, 158.040"
4007,노스렌드,울부짖는 협만,왕의 무덤,상위지역 경계 대체,495,뾰족엄니 (23690),"1223.380, -4393.920, 159.790","1223.380, -4383.920, 159.790","1223.380, -4403.920, 159.790",새끼 뾰족엄니 (24791),"1182.580, -4437.890, 170.242","1182.580, -4427.890, 170.242","1182.580, -4447.890, 170.242",수컷 뾰족엄니 (23691),"1222.560, -4382.410, 158.040","1222.560, -4372.410, 158.040","1222.560, -4392.410, 158.040"
4008,아웃랜드,칼날 산맥,샤툴의 순간이동기,상위지역 경계 대체,3522,성난태양 지질학자 (19779),"2756.320, 4208.450, 183.803","2756.320, 4218.450, 183.803","2756.320, 4198.450, 183.803",고룡교단 밀렵꾼 (21809),"3140.050, 6237.660, 124.848","3140.050, 6247.660, 124.848","3140.050, 6227.660, 124.848",에테르 가오리 (22181),"2490.000, 7043.620, 366.056","2490.000, 7053.620, 366.056","2490.000, 7033.620, 366.056"
4010,칼림도어,먼지진흙 습지대,진흙톱니 거점,상위지역 경계 대체,15,비수송곳니 늪지악어 (4345),"-3753.070, -3518.840, 28.647","-3753.070, -3508.840, 28.647","-3753.070, -3528.840, 28.647",얼룩무늬 늪지악어 (4344),"-3764.010, -3379.690, 32.323","-3764.010, -3369.690, 32.323","-3764.010, -3389.690, 32.323",검은송곳니 땅거미 (4412),"-3625.550, -3438.380, 37.343","-3625.550, -3428.380, 37.343","-3625.550, -3448.380, 37.343"
4018,노스렌드,울부짖는 협만,겨울발굽 야영지,상위지역 경계 대체,495,뾰족엄니 (23690),"1223.380, -4393.920, 159.790","1223.380, -4383.920, 159.790","1223.380, -4403.920, 159.790",새끼 뾰족엄니 (24791),"1182.580, -4437.890, 170.242","1182.580, -4427.890, 170.242","1182.580, -4447.890, 170.242",수컷 뾰족엄니 (23691),"1222.560, -4382.410, 158.040","1222.560, -4372.410, 158.040","1222.560, -4392.410, 158.040"
4020,노스렌드,북풍의 땅,퇴마석 채석장,상위지역 경계 대체,3537,습지대 순록 (25680),"2808.650, 5416.670, 61.032","2808.650, 5426.670, 61.032","2808.650, 5406.670, 61.032",새끼 털북숭이 코뿔소 (25488),"3262.210, 5892.360, 92.588","3262.210, 5902.360, 92.588","3262.210, 5882.360, 92.588",새끼 매머드 (24613),"3297.080, 5451.910, 54.287","3297.080, 5461.910, 54.287","3297.080, 5441.910, 54.287"
4021,노스렌드,북풍의 땅,핏빛포자 평원,상위지역 경계 대체,3537,습지대 순록 (25680),"2808.650, 5416.670, 61.032","2808.650, 5426.670, 61.032","2808.650, 5406.670, 61.032",새끼 털북숭이 코뿔소 (25488),"3262.210, 5892.360, 92.588","3262.210, 5902.360, 92.588","3262.210, 5882.360, 92.588",새끼 매머드 (24613),"3297.080, 5451.910, 54.287","3297.080, 5461.910, 54.287","3297.080, 5441.910, 54.287"
4022,노스렌드,북풍의 땅,감모스,상위지역 경계 대체,3537,습지대 순록 (25680),"2808.650, 5416.670, 61.032","2808.650, 5426.670, 61.032","2808.650, 5406.670, 61.032",새끼 털북숭이 코뿔소 (25488),"3262.210, 5892.360, 92.588","3262.210, 5902.360, 92.588","3262.210, 5882.360, 92.588",새끼 매머드 (24613),"3297.080, 5451.910, 54.287","3297.080, 5461.910, 54.287","3297.080, 5441.910, 54.287"
4023,노스렌드,북풍의 땅,호박석 절벽,상위지역 경계 대체,3537,습지대 순록 (25680),"2808.650, 5416.670, 61.032","2808.650, 5426.670, 61.032","2808.650, 5406.670, 61.032",새끼 털북숭이 코뿔소 (25488),"3262.210, 5892.360, 92.588","3262.210, 5902.360, 92.588","3262.210, 5882.360, 92.588",새끼 매머드 (24613),"3297.080, 5451.910, 54.287","3297.080, 5461.910, 54.287","3297.080, 5441.910, 54.287"
4024,노스렌드,북풍의 땅,콜다라,상위지역 경계 대체,3537,습지대 순록 (25680),"2808.650, 5416.670, 61.032","2808.650, 5426.670, 61.032","2808.650, 5406.670, 61.032",새끼 털북숭이 코뿔소 (25488),"3262.210, 5892.360, 92.588","3262.210, 5902.360, 92.588","3262.210, 5882.360, 92.588",새끼 매머드 (24613),"3297.080, 5451.910, 54.287","3297.080, 5461.910, 54.287","3297.080, 5441.910, 54.287"
4025,노스렌드,북풍의 땅,서부 균열,상위지역 경계 대체,3537,습지대 순록 (25680),"2808.650, 5416.670, 61.032","2808.650, 5426.670, 61.032","2808.650, 5406.670, 61.032",새끼 털북숭이 코뿔소 (25488),"3262.210, 5892.360, 92.588","3262.210, 5902.360, 92.588","3262.210, 5882.360, 92.588",새끼 매머드 (24613),"3297.080, 5451.910, 54.287","3297.080, 5461.910, 54.287","3297.080, 5441.910, 54.287"
4026,노스렌드,북풍의 땅,변위의 계단,상위지역 경계 대체,3537,습지대 순록 (25680),"2808.650, 5416.670, 61.032","2808.650, 5426.670, 61.032","2808.650, 5406.670, 61.032",새끼 털북숭이 코뿔소 (25488),"3262.210, 5892.360, 92.588","3262.210, 5902.360, 92.588","3262.210, 5882.360, 92.588",새끼 매머드 (24613),"3297.080, 5451.910, 54.287","3297.080, 5461.910, 54.287","3297.080, 5441.910, 54.287"
4027,노스렌드,북풍의 땅,메아리 해안,상위지역 경계 대체,3537,습지대 순록 (25680),"2808.650, 5416.670, 61.032","2808.650, 5426.670, 61.032","2808.650, 5406.670, 61.032",새끼 털북숭이 코뿔소 (25488),"3262.210, 5892.360, 92.588","3262.210, 5902.360, 92.588","3262.210, 5882.360, 92.588",새끼 매머드 (24613),"3297.080, 5451.910, 54.287","3297.080, 5461.910, 54.287","3297.080, 5441.910, 54.287"
4028,노스렌드,북풍의 땅,채찍파도 해안,상위지역 경계 대체,3537,습지대 순록 (25680),"2808.650, 5416.670, 61.032","2808.650, 5426.670, 61.032","2808.650, 5406.670, 61.032",새끼 털북숭이 코뿔소 (25488),"3262.210, 5892.360, 92.588","3262.210, 5902.360, 92.588","3262.210, 5882.360, 92.588",새끼 매머드 (24613),"3297.080, 5451.910, 54.287","3297.080, 5461.910, 54.287","3297.080, 5441.910, 54.287"
4029,노스렌드,북풍의 땅,채찍파도 폐허,상위지역 경계 대체,3537,습지대 순록 (25680),"2808.650, 5416.670, 61.032","2808.650, 5426.670, 61.032","2808.650, 5406.670, 61.032",새끼 털북숭이 코뿔소 (25488),"3262.210, 5892.360, 92.588","3262.210, 5902.360, 92.588","3262.210, 5882.360, 92.588",새끼 매머드 (24613),"3297.080, 5451.910, 54.287","3297.080, 5461.910, 54.287","3297.080, 5441.910, 54.287"
4030,노스렌드,북풍의 땅,우상 해안,상위지역 경계 대체,3537,습지대 순록 (25680),"2808.650, 5416.670, 61.032","2808.650, 5426.670, 61.032","2808.650, 5406.670, 61.032",새끼 털북숭이 코뿔소 (25488),"3262.210, 5892.360, 92.588","3262.210, 5902.360, 92.588","3262.210, 5882.360, 92.588",새끼 매머드 (24613),"3297.080, 5451.910, 54.287","3297.080, 5461.910, 54.287","3297.080, 5441.910, 54.287"
4031,노스렌드,북풍의 땅,팔에아,상위지역 경계 대체,3537,습지대 순록 (25680),"2808.650, 5416.670, 61.032","2808.650, 5426.670, 61.032","2808.650, 5406.670, 61.032",새끼 털북숭이 코뿔소 (25488),"3262.210, 5892.360, 92.588","3262.210, 5902.360, 92.588","3262.210, 5882.360, 92.588",새끼 매머드 (24613),"3297.080, 5451.910, 54.287","3297.080, 5461.910, 54.287","3297.080, 5441.910, 54.287"
4032,노스렌드,북풍의 땅,용맹의 성채,상위지역 경계 대체,3537,습지대 순록 (25680),"2808.650, 5416.670, 61.032","2808.650, 5426.670, 61.032","2808.650, 5406.670, 61.032",새끼 털북숭이 코뿔소 (25488),"3262.210, 5892.360, 92.588","3262.210, 5902.360, 92.588","3262.210, 5882.360, 92.588",새끼 매머드 (24613),"3297.080, 5451.910, 54.287","3297.080, 5461.910, 54.287","3297.080, 5441.910, 54.287"
4033,노스렌드,북풍의 땅,겨울지느러미 마을,상위지역 경계 대체,3537,습지대 순록 (25680),"2808.650, 5416.670, 61.032","2808.650, 5426.670, 61.032","2808.650, 5406.670, 61.032",새끼 털북숭이 코뿔소 (25488),"3262.210, 5892.360, 92.588","3262.210, 5902.360, 92.588","3262.210, 5882.360, 92.588",새끼 매머드 (24613),"3297.080, 5451.910, 54.287","3297.080, 5461.910, 54.287","3297.080, 5441.910, 54.287"
4034,노스렌드,북풍의 땅,북풍의 벽,상위지역 경계 대체,3537,습지대 순록 (25680),"2808.650, 5416.670, 61.032","2808.650, 5426.670, 61.032","2808.650, 5406.670, 61.032",새끼 털북숭이 코뿔소 (25488),"3262.210, 5892.360, 92.588","3262.210, 5902.360, 92.588","3262.210, 5882.360, 92.588",새끼 매머드 (24613),"3297.080, 5451.910, 54.287","3297.080, 5461.910, 54.287","3297.080, 5441.910, 54.287"
4035,노스렌드,북풍의 땅,간헐천 지대,상위지역 경계 대체,3537,습지대 순록 (25680),"2808.650, 5416.670, 61.032","2808.650, 5426.670, 61.032","2808.650, 5406.670, 61.032",새끼 털북숭이 코뿔소 (25488),"3262.210, 5892.360, 92.588","3262.210, 5902.360, 92.588","3262.210, 5882.360, 92.588",새끼 매머드 (24613),"3297.080, 5451.910, 54.287","3297.080, 5461.910, 54.287","3297.080, 5441.910, 54.287"
4036,노스렌드,북풍의 땅,피즈크랭크 채굴 현장,상위지역 경계 대체,3537,습지대 순록 (25680),"2808.650, 5416.670, 61.032","2808.650, 5426.670, 61.032","2808.650, 5406.670, 61.032",새끼 털북숭이 코뿔소 (25488),"3262.210, 5892.360, 92.588","3262.210, 5902.360, 92.588","3262.210, 5882.360, 92.588",새끼 매머드 (24613),"3297.080, 5451.910, 54.287","3297.080, 5461.910, 54.287","3297.080, 5441.910, 54.287"
4037,노스렌드,북풍의 땅,타운카르 마을,상위지역 경계 대체,3537,습지대 순록 (25680),"2808.650, 5416.670, 61.032","2808.650, 5426.670, 61.032","2808.650, 5406.670, 61.032",새끼 털북숭이 코뿔소 (25488),"3262.210, 5892.360, 92.588","3262.210, 5902.360, 92.588","3262.210, 5882.360, 92.588",새끼 매머드 (24613),"3297.080, 5451.910, 54.287","3297.080, 5461.910, 54.287","3297.080, 5441.910, 54.287"
4038,노스렌드,북풍의 땅,마그나모스 동글,상위지역 경계 대체,3537,습지대 순록 (25680),"2808.650, 5416.670, 61.032","2808.650, 5426.670, 61.032","2808.650, 5406.670, 61.032",새끼 털북숭이 코뿔소 (25488),"3262.210, 5892.360, 92.588","3262.210, 5902.360, 92.588","3262.210, 5882.360, 92.588",새끼 매머드 (24613),"3297.080, 5451.910, 54.287","3297.080, 5461.910, 54.287","3297.080, 5441.910, 54.287"
4039,노스렌드,북풍의 땅,얼음바위 채석장,상위지역 경계 대체,3537,습지대 순록 (25680),"2808.650, 5416.670, 61.032","2808.650, 5426.670, 61.032","2808.650, 5406.670, 61.032",새끼 털북숭이 코뿔소 (25488),"3262.210, 5892.360, 92.588","3262.210, 5902.360, 92.588","3262.210, 5882.360, 92.588",새끼 매머드 (24613),"3297.080, 5451.910, 54.287","3297.080, 5461.910, 54.287","3297.080, 5441.910, 54.287"
4040,노스렌드,북풍의 땅,요르드의 숨결 만,상위지역 경계 대체,3537,습지대 순록 (25680),"2808.650, 5416.670, 61.032","2808.650, 5426.670, 61.032","2808.650, 5406.670, 61.032",새끼 털북숭이 코뿔소 (25488),"3262.210, 5892.360, 92.588","3262.210, 5902.360, 92.588","3262.210, 5882.360, 92.588",새끼 매머드 (24613),"3297.080, 5451.910, 54.287","3297.080, 5461.910, 54.287","3297.080, 5441.910, 54.287"
4041,노스렌드,북풍의 땅,카스칼라,상위지역 경계 대체,3537,습지대 순록 (25680),"2808.650, 5416.670, 61.032","2808.650, 5426.670, 61.032","2808.650, 5406.670, 61.032",새끼 털북숭이 코뿔소 (25488),"3262.210, 5892.360, 92.588","3262.210, 5902.360, 92.588","3262.210, 5882.360, 92.588",새끼 매머드 (24613),"3297.080, 5451.910, 54.287","3297.080, 5461.910, 54.287","3297.080, 5441.910, 54.287"
4042,노스렌드,북풍의 땅,북풍길,상위지역 경계 대체,3537,습지대 순록 (25680),"2808.650, 5416.670, 61.032","2808.650, 5426.670, 61.032","2808.650, 5406.670, 61.032",새끼 털북숭이 코뿔소 (25488),"3262.210, 5892.360, 92.588","3262.210, 5902.360, 92.588","3262.210, 5882.360, 92.588",새끼 매머드 (24613),"3297.080, 5451.910, 54.287","3297.080, 5461.910, 54.287","3297.080, 5441.910, 54.287"
4043,노스렌드,북풍의 땅,범람 평야,상위지역 경계 대체,3537,습지대 순록 (25680),"2808.650, 5416.670, 61.032","2808.650, 5426.670, 61.032","2808.650, 5406.670, 61.032",새끼 털북숭이 코뿔소 (25488),"3262.210, 5892.360, 92.588","3262.210, 5902.360, 92.588","3262.210, 5882.360, 92.588",새끼 매머드 (24613),"3297.080, 5451.910, 54.287","3297.080, 5461.910, 54.287","3297.080, 5441.910, 54.287"
4046,칼림도어,먼지진흙 습지대,공포뿔 거점,상위지역 경계 대체,15,비수송곳니 늪지악어 (4345),"-3753.070, -3518.840, 28.647","-3753.070, -3508.840, 28.647","-3753.070, -3528.840, 28.647",얼룩무늬 늪지악어 (4344),"-3764.010, -3379.690, 32.323","-3764.010, -3369.690, 32.323","-3764.010, -3389.690, 32.323",검은송곳니 땅거미 (4412),"-3625.550, -3438.380, 37.343","-3625.550, -3428.380, 37.343","-3625.550, -3448.380, 37.343"
4047,칼림도어,먼지진흙 습지대,내트의 정박지,상위지역 경계 대체,15,비수송곳니 늪지악어 (4345),"-3753.070, -3518.840, 28.647","-3753.070, -3508.840, 28.647","-3753.070, -3528.840, 28.647",얼룩무늬 늪지악어 (4344),"-3764.010, -3379.690, 32.323","-3764.010, -3369.690, 32.323","-3764.010, -3389.690, 32.323",검은송곳니 땅거미 (4412),"-3625.550, -3438.380, 37.343","-3625.550, -3428.380, 37.343","-3625.550, -3448.380, 37.343"
4048,노스렌드,울부짖는 협만,잿불의 손아귀,상위지역 경계 대체,495,뾰족엄니 (23690),"1223.380, -4393.920, 159.790","1223.380, -4383.920, 159.790","1223.380, -4403.920, 159.790",새끼 뾰족엄니 (24791),"1182.580, -4437.890, 170.242","1182.580, -4427.890, 170.242","1182.580, -4447.890, 170.242",수컷 뾰족엄니 (23691),"1222.560, -4382.410, 158.040","1222.560, -4372.410, 158.040","1222.560, -4392.410, 158.040"
4049,칼림도어,먼지진흙 습지대,타베사의 농장,상위지역 경계 대체,15,비수송곳니 늪지악어 (4345),"-3753.070, -3518.840, 28.647","-3753.070, -3508.840, 28.647","-3753.070, -3528.840, 28.647",얼룩무늬 늪지악어 (4344),"-3764.010, -3379.690, 32.323","-3764.010, -3369.690, 32.323","-3764.010, -3389.690, 32.323",검은송곳니 땅거미 (4412),"-3625.550, -3438.380, 37.343","-3625.550, -3428.380, 37.343","-3625.550, -3448.380, 37.343"
4050,노스렌드,울부짖는 협만,적막한 해안,상위지역 경계 대체,495,뾰족엄니 (23690),"1223.380, -4393.920, 159.790","1223.380, -4383.920, 159.790","1223.380, -4403.920, 159.790",새끼 뾰족엄니 (24791),"1182.580, -4437.890, 170.242","1182.580, -4427.890, 170.242","1182.580, -4447.890, 170.242",수컷 뾰족엄니 (23691),"1222.560, -4382.410, 158.040","1222.560, -4372.410, 158.040","1222.560, -4392.410, 158.040"
4051,노스렌드,울부짖는 협만,얼어붙은 숲,상위지역 경계 대체,495,뾰족엄니 (23690),"1223.380, -4393.920, 159.790","1223.380, -4383.920, 159.790","1223.380, -4403.920, 159.790",새끼 뾰족엄니 (24791),"1182.580, -4437.890, 170.242","1182.580, -4427.890, 170.242","1182.580, -4447.890, 170.242",수컷 뾰족엄니 (23691),"1222.560, -4382.410, 158.040","1222.560, -4372.410, 158.040","1222.560, -4392.410, 158.040"
4052,노스렌드,울부짖는 협만,활력의 숲,상위지역 경계 대체,495,뾰족엄니 (23690),"1223.380, -4393.920, 159.790","1223.380, -4383.920, 159.790","1223.380, -4403.920, 159.790",새끼 뾰족엄니 (24791),"1182.580, -4437.890, 170.242","1182.580, -4427.890, 170.242","1182.580, -4447.890, 170.242",수컷 뾰족엄니 (23691),"1222.560, -4382.410, 158.040","1222.560, -4372.410, 158.040","1222.560, -4392.410, 158.040"
4053,노스렌드,울부짖는 협만,뒤틀린 숲,상위지역 경계 대체,495,뾰족엄니 (23690),"1223.380, -4393.920, 159.790","1223.380, -4383.920, 159.790","1223.380, -4403.920, 159.790",새끼 뾰족엄니 (24791),"1182.580, -4437.890, 170.242","1182.580, -4427.890, 170.242","1182.580, -4447.890, 170.242",수컷 뾰족엄니 (23691),"1222.560, -4382.410, 158.040","1222.560, -4372.410, 158.040","1222.560, -4392.410, 158.040"
4054,노스렌드,울부짖는 협만,비틀린 숲,상위지역 경계 대체,495,뾰족엄니 (23690),"1223.380, -4393.920, 159.790","1223.380, -4383.920, 159.790","1223.380, -4403.920, 159.790",새끼 뾰족엄니 (24791),"1182.580, -4437.890, 170.242","1182.580, -4427.890, 170.242","1182.580, -4447.890, 170.242",수컷 뾰족엄니 (23691),"1222.560, -4382.410, 158.040","1222.560, -4372.410, 158.040","1222.560, -4392.410, 158.040"
4055,노스렌드,울부짖는 협만,칼더미어 호수,상위지역 경계 대체,495,뾰족엄니 (23690),"1223.380, -4393.920, 159.790","1223.380, -4383.920, 159.790","1223.380, -4403.920, 159.790",새끼 뾰족엄니 (24791),"1182.580, -4437.890, 170.242","1182.580, -4427.890, 170.242","1182.580, -4447.890, 170.242",수컷 뾰족엄니 (23691),"1222.560, -4382.410, 158.040","1222.560, -4372.410, 158.040","1222.560, -4392.410, 158.040"
4056,노스렌드,울부짖는 협만,우트가드 지하묘지,상위지역 경계 대체,495,뾰족엄니 (23690),"1223.380, -4393.920, 159.790","1223.380, -4383.920, 159.790","1223.380, -4403.920, 159.790",새끼 뾰족엄니 (24791),"1182.580, -4437.890, 170.242","1182.580, -4427.890, 170.242","1182.580, -4447.890, 170.242",수컷 뾰족엄니 (23691),"1222.560, -4382.410, 158.040","1222.560, -4372.410, 158.040","1222.560, -4392.410, 158.040"
4057,노스렌드,울부짖는 협만,방패 언덕,상위지역 경계 대체,495,뾰족엄니 (23690),"1223.380, -4393.920, 159.790","1223.380, -4383.920, 159.790","1223.380, -4403.920, 159.790",새끼 뾰족엄니 (24791),"1182.580, -4437.890, 170.242","1182.580, -4427.890, 170.242","1182.580, -4447.890, 170.242",수컷 뾰족엄니 (23691),"1222.560, -4382.410, 158.040","1222.560, -4372.410, 158.040","1222.560, -4392.410, 158.040"
4058,노스렌드,울부짖는 협만,카울드로스 호수,상위지역 경계 대체,495,뾰족엄니 (23690),"1223.380, -4393.920, 159.790","1223.380, -4383.920, 159.790","1223.380, -4403.920, 159.790",새끼 뾰족엄니 (24791),"1182.580, -4437.890, 170.242","1182.580, -4427.890, 170.242","1182.580, -4447.890, 170.242",수컷 뾰족엄니 (23691),"1222.560, -4382.410, 158.040","1222.560, -4372.410, 158.040","1222.560, -4392.410, 158.040"
4059,노스렌드,울부짖는 협만,카울드로스 섬,상위지역 경계 대체,495,뾰족엄니 (23690),"1223.380, -4393.920, 159.790","1223.380, -4383.920, 159.790","1223.380, -4403.920, 159.790",새끼 뾰족엄니 (24791),"1182.580, -4437.890, 170.242","1182.580, -4427.890, 170.242","1182.580, -4447.890, 170.242",수컷 뾰족엄니 (23691),"1222.560, -4382.410, 158.040","1222.560, -4372.410, 158.040","1222.560, -4392.410, 158.040"
4060,노스렌드,울부짖는 협만,피투성이 계곡,상위지역 경계 대체,495,뾰족엄니 (23690),"1223.380, -4393.920, 159.790","1223.380, -4383.920, 159.790","1223.380, -4403.920, 159.790",새끼 뾰족엄니 (24791),"1182.580, -4437.890, 170.242","1182.580, -4427.890, 170.242","1182.580, -4447.890, 170.242",수컷 뾰족엄니 (23691),"1222.560, -4382.410, 158.040","1222.560, -4372.410, 158.040","1222.560, -4392.410, 158.040"
4061,노스렌드,울부짖는 협만,거인의 터,상위지역 경계 대체,495,뾰족엄니 (23690),"1223.380, -4393.920, 159.790","1223.380, -4383.920, 159.790","1223.380, -4403.920, 159.790",새끼 뾰족엄니 (24791),"1182.580, -4437.890, 170.242","1182.580, -4427.890, 170.242","1182.580, -4447.890, 170.242",수컷 뾰족엄니 (23691),"1222.560, -4382.410, 158.040","1222.560, -4372.410, 158.040","1222.560, -4392.410, 158.040"
4062,노스렌드,울부짖는 협만,연금술사 야영지,상위지역 경계 대체,495,뾰족엄니 (23690),"1223.380, -4393.920, 159.790","1223.380, -4383.920, 159.790","1223.380, -4403.920, 159.790",새끼 뾰족엄니 (24791),"1182.580, -4437.890, 170.242","1182.580, -4427.890, 170.242","1182.580, -4447.890, 170.242",수컷 뾰족엄니 (23691),"1222.560, -4382.410, 158.040","1222.560, -4372.410, 158.040","1222.560, -4392.410, 158.040"
4063,노스렌드,울부짖는 협만,잿불창 경비탑,상위지역 경계 대체,495,뾰족엄니 (23690),"1223.380, -4393.920, 159.790","1223.380, -4383.920, 159.790","1223.380, -4403.920, 159.790",새끼 뾰족엄니 (24791),"1182.580, -4437.890, 170.242","1182.580, -4427.890, 170.242","1182.580, -4447.890, 170.242",수컷 뾰족엄니 (23691),"1222.560, -4382.410, 158.040","1222.560, -4372.410, 158.040","1222.560, -4392.410, 158.040"
4064,노스렌드,울부짖는 협만,부서진 해협,상위지역 경계 대체,495,뾰족엄니 (23690),"1223.380, -4393.920, 159.790","1223.380, -4383.920, 159.790","1223.380, -4403.920, 159.790",새끼 뾰족엄니 (24791),"1182.580, -4437.890, 170.242","1182.580, -4427.890, 170.242","1182.580, -4447.890, 170.242",수컷 뾰족엄니 (23691),"1222.560, -4382.410, 158.040","1222.560, -4372.410, 158.040","1222.560, -4392.410, 158.040"
4065,노스렌드,울부짖는 협만,샬레르호른,상위지역 경계 대체,495,뾰족엄니 (23690),"1223.380, -4393.920, 159.790","1223.380, -4383.920, 159.790","1223.380, -4403.920, 159.790",새끼 뾰족엄니 (24791),"1182.580, -4437.890, 170.242","1182.580, -4427.890, 170.242","1182.580, -4447.890, 170.242",수컷 뾰족엄니 (23691),"1222.560, -4382.410, 158.040","1222.560, -4372.410, 158.040","1222.560, -4392.410, 158.040"
4066,노스렌드,울부짖는 협만,서릿날 봉우리,상위지역 경계 대체,495,뾰족엄니 (23690),"1223.380, -4393.920, 159.790","1223.380, -4383.920, 159.790","1223.380, -4403.920, 159.790",새끼 뾰족엄니 (24791),"1182.580, -4437.890, 170.242","1182.580, -4427.890, 170.242","1182.580, -4447.890, 170.242",수컷 뾰족엄니 (23691),"1222.560, -4382.410, 158.040","1222.560, -4372.410, 158.040","1222.560, -4392.410, 158.040"
4067,동부 왕국,동부 역병지대,역병의 숲 경비탑,상위지역 경계 대체,139,청소부구더기 (8603),"2373.640, -4302.370, 77.802","2373.640, -4292.370, 77.802","2373.640, -4312.370, 77.802",역병박쥐 (8600),"1964.440, -4051.470, 89.981","1964.440, -4041.470, 89.981","1964.440, -4061.470, 89.981",광포한 역병사냥개 (8598),"2611.910, -4366.740, 79.316","2611.910, -4356.740, 79.316","2611.910, -4376.740, 79.316"
4068,노스렌드,울부짖는 협만,서부창 경비탑,상위지역 경계 대체,495,뾰족엄니 (23690),"1223.380, -4393.920, 159.790","1223.380, -4383.920, 159.790","1223.380, -4403.920, 159.790",새끼 뾰족엄니 (24791),"1182.580, -4437.890, 170.242","1182.580, -4427.890, 170.242","1182.580, -4447.890, 170.242",수컷 뾰족엄니 (23691),"1222.560, -4382.410, 158.040","1222.560, -4372.410, 158.040","1222.560, -4392.410, 158.040"
4069,노스렌드,울부짖는 협만,북부창 경비탑,상위지역 경계 대체,495,뾰족엄니 (23690),"1223.380, -4393.920, 159.790","1223.380, -4383.920, 159.790","1223.380, -4403.920, 159.790",새끼 뾰족엄니 (24791),"1182.580, -4437.890, 170.242","1182.580, -4427.890, 170.242","1182.580, -4447.890, 170.242",수컷 뾰족엄니 (23691),"1222.560, -4382.410, 158.040","1222.560, -4372.410, 158.040","1222.560, -4392.410, 158.040"
4070,노스렌드,울부짖는 협만,서릿발 해안,상위지역 경계 대체,495,뾰족엄니 (23690),"1223.380, -4393.920, 159.790","1223.380, -4383.920, 159.790","1223.380, -4403.920, 159.790",새끼 뾰족엄니 (24791),"1182.580, -4437.890, 170.242","1182.580, -4427.890, 170.242","1182.580, -4447.890, 170.242",수컷 뾰족엄니 (23691),"1222.560, -4382.410, 158.040","1222.560, -4372.410, 158.040","1222.560, -4392.410, 158.040"
4071,노스렌드,울부짖는 협만,속삭임 협곡,상위지역 경계 대체,495,뾰족엄니 (23690),"1223.380, -4393.920, 159.790","1223.380, -4383.920, 159.790","1223.380, -4403.920, 159.790",새끼 뾰족엄니 (24791),"1182.580, -4437.890, 170.242","1182.580, -4427.890, 170.242","1182.580, -4447.890, 170.242",수컷 뾰족엄니 (23691),"1222.560, -4382.410, 158.040","1222.560, -4372.410, 158.040","1222.560, -4392.410, 158.040"
4073,노스렌드,울부짖는 협만,겨울 단상,상위지역 경계 대체,495,뾰족엄니 (23690),"1223.380, -4393.920, 159.790","1223.380, -4383.920, 159.790","1223.380, -4403.920, 159.790",새끼 뾰족엄니 (24791),"1182.580, -4437.890, 170.242","1182.580, -4427.890, 170.242","1182.580, -4447.890, 170.242",수컷 뾰족엄니 (23691),"1222.560, -4382.410, 158.040","1222.560, -4372.410, 158.040","1222.560, -4392.410, 158.040"
4074,노스렌드,울부짖는 협만,각성의 전당,상위지역 경계 대체,495,뾰족엄니 (23690),"1223.380, -4393.920, 159.790","1223.380, -4383.920, 159.790","1223.380, -4403.920, 159.790",새끼 뾰족엄니 (24791),"1182.580, -4437.890, 170.242","1182.580, -4427.890, 170.242","1182.580, -4447.890, 170.242",수컷 뾰족엄니 (23691),"1222.560, -4382.410, 158.040","1222.560, -4372.410, 158.040","1222.560, -4392.410, 158.040"
4077,노스렌드,울부짖는 협만,소를로프의 해안,상위지역 경계 대체,495,뾰족엄니 (23690),"1223.380, -4393.920, 159.790","1223.380, -4383.920, 159.790","1223.380, -4403.920, 159.790",새끼 뾰족엄니 (24791),"1182.580, -4437.890, 170.242","1182.580, -4427.890, 170.242","1182.580, -4447.890, 170.242",수컷 뾰족엄니 (23691),"1222.560, -4382.410, 158.040","1222.560, -4372.410, 158.040","1222.560, -4392.410, 158.040"
4078,아웃랜드,테로카르 숲,서슬가시 언덕,상위지역 경계 대체,3519,줄무늬 탈부크 (17130),"-2629.180, 6075.020, 43.172","-2629.180, 6085.020, 43.172","-2629.180, 6065.020, 43.172",어둠달부족 척후병 (21749),"-3012.500, 2751.900, 71.382","-3012.500, 2761.900, 71.382","-3012.500, 2741.900, 71.382",와일드해머 파수병 (21736),"-3843.340, 2325.270, 133.095","-3843.340, 2335.270, 133.095","-3843.340, 2315.270, 133.095"
4079,노스렌드,울부짖는 협만,서릿날 고개,상위지역 경계 대체,495,뾰족엄니 (23690),"1223.380, -4393.920, 159.790","1223.380, -4383.920, 159.790","1223.380, -4403.920, 159.790",새끼 뾰족엄니 (24791),"1182.580, -4437.890, 170.242","1182.580, -4427.890, 170.242","1182.580, -4447.890, 170.242",수컷 뾰족엄니 (23691),"1222.560, -4382.410, 158.040","1222.560, -4372.410, 158.040","1222.560, -4392.410, 158.040"
4080,아웃랜드,,쿠엘다나스 섬,지역 경계 직접,4080,해골 약탈병 (25028),"12231.400, -7053.550, 23.891","12231.400, -7043.550, 23.891","12231.400, -7063.550, 23.891",초록아가미일족 노예 (25084),"12423.100, -7319.250, 0.202","12423.100, -7309.250, 0.202","12423.100, -7329.250, 0.202",무너진 태양 명사수 (24938),"12650.600, -6975.450, 36.337","12650.600, -6965.450, 36.337","12650.600, -6985.450, 36.337"
4081,아웃랜드,쿠엘다나스 섬,새벽추적자호,상위지역 경계 대체,4080,해골 약탈병 (25028),"12231.400, -7053.550, 23.891","12231.400, -7043.550, 23.891","12231.400, -7063.550, 23.891",초록아가미일족 노예 (25084),"12423.100, -7319.250, 0.202","12423.100, -7309.250, 0.202","12423.100, -7329.250, 0.202",무너진 태양 명사수 (24938),"12650.600, -6975.450, 36.337","12650.600, -6965.450, 36.337","12650.600, -6985.450, 36.337"
4082,아웃랜드,쿠엘다나스 섬,신로렌호,상위지역 경계 대체,4080,해골 약탈병 (25028),"12231.400, -7053.550, 23.891","12231.400, -7043.550, 23.891","12231.400, -7063.550, 23.891",초록아가미일족 노예 (25084),"12423.100, -7319.250, 0.202","12423.100, -7309.250, 0.202","12423.100, -7329.250, 0.202",무너진 태양 명사수 (24938),"12650.600, -6975.450, 36.337","12650.600, -6965.450, 36.337","12650.600, -6985.450, 36.337"
4083,아웃랜드,쿠엘다나스 섬,실버문의 긍지호,상위지역 경계 대체,4080,해골 약탈병 (25028),"12231.400, -7053.550, 23.891","12231.400, -7043.550, 23.891","12231.400, -7063.550, 23.891",초록아가미일족 노예 (25084),"12423.100, -7319.250, 0.202","12423.100, -7309.250, 0.202","12423.100, -7329.250, 0.202",무너진 태양 명사수 (24938),"12650.600, -6975.450, 36.337","12650.600, -6965.450, 36.337","12650.600, -6985.450, 36.337"
4084,아웃랜드,쿠엘다나스 섬,피의 맹세호,상위지역 경계 대체,4080,해골 약탈병 (25028),"12231.400, -7053.550, 23.891","12231.400, -7043.550, 23.891","12231.400, -7063.550, 23.891",초록아가미일족 노예 (25084),"12423.100, -7319.250, 0.202","12423.100, -7309.250, 0.202","12423.100, -7329.250, 0.202",무너진 태양 명사수 (24938),"12650.600, -6975.450, 36.337","12650.600, -6965.450, 36.337","12650.600, -6985.450, 36.337"
4085,아웃랜드,쿠엘다나스 섬,무너진 태양 집결지,상위지역 경계 대체,4080,해골 약탈병 (25028),"12231.400, -7053.550, 23.891","12231.400, -7043.550, 23.891","12231.400, -7063.550, 23.891",초록아가미일족 노예 (25084),"12423.100, -7319.250, 0.202","12423.100, -7309.250, 0.202","12423.100, -7329.250, 0.202",무너진 태양 명사수 (24938),"12650.600, -6975.450, 36.337","12650.600, -6965.450, 36.337","12650.600, -6985.450, 36.337"
4086,아웃랜드,쿠엘다나스 섬,태양너울 성소,상위지역 경계 대체,4080,해골 약탈병 (25028),"12231.400, -7053.550, 23.891","12231.400, -7043.550, 23.891","12231.400, -7063.550, 23.891",초록아가미일족 노예 (25084),"12423.100, -7319.250, 0.202","12423.100, -7309.250, 0.202","12423.100, -7329.250, 0.202",무너진 태양 명사수 (24938),"12650.600, -6975.450, 36.337","12650.600, -6965.450, 36.337","12650.600, -6985.450, 36.337"
4087,아웃랜드,쿠엘다나스 섬,태양너울 항구,상위지역 경계 대체,4080,해골 약탈병 (25028),"12231.400, -7053.550, 23.891","12231.400, -7043.550, 23.891","12231.400, -7063.550, 23.891",초록아가미일족 노예 (25084),"12423.100, -7319.250, 0.202","12423.100, -7309.250, 0.202","12423.100, -7329.250, 0.202",무너진 태양 명사수 (24938),"12650.600, -6975.450, 36.337","12650.600, -6965.450, 36.337","12650.600, -6985.450, 36.337"
4088,아웃랜드,쿠엘다나스 섬,태양너울 무기고,상위지역 경계 대체,4080,해골 약탈병 (25028),"12231.400, -7053.550, 23.891","12231.400, -7043.550, 23.891","12231.400, -7063.550, 23.891",초록아가미일족 노예 (25084),"12423.100, -7319.250, 0.202","12423.100, -7309.250, 0.202","12423.100, -7329.250, 0.202",무너진 태양 명사수 (24938),"12650.600, -6975.450, 36.337","12650.600, -6965.450, 36.337","12650.600, -6985.450, 36.337"
4089,아웃랜드,쿠엘다나스 섬,돈스타 마을,상위지역 경계 대체,4080,해골 약탈병 (25028),"12231.400, -7053.550, 23.891","12231.400, -7043.550, 23.891","12231.400, -7063.550, 23.891",초록아가미일족 노예 (25084),"12423.100, -7319.250, 0.202","12423.100, -7309.250, 0.202","12423.100, -7329.250, 0.202",무너진 태양 명사수 (24938),"12650.600, -6975.450, 36.337","12650.600, -6965.450, 36.337","12650.600, -6985.450, 36.337"
4090,아웃랜드,쿠엘다나스 섬,새벽 광장,상위지역 경계 대체,4080,해골 약탈병 (25028),"12231.400, -7053.550, 23.891","12231.400, -7043.550, 23.891","12231.400, -7063.550, 23.891",초록아가미일족 노예 (25084),"12423.100, -7319.250, 0.202","12423.100, -7309.250, 0.202","12423.100, -7329.250, 0.202",무너진 태양 명사수 (24938),"12650.600, -6975.450, 36.337","12650.600, -6965.450, 36.337","12650.600, -6985.450, 36.337"
4091,아웃랜드,쿠엘다나스 섬,초록아가미 해안,상위지역 경계 대체,4080,해골 약탈병 (25028),"12231.400, -7053.550, 23.891","12231.400, -7043.550, 23.891","12231.400, -7063.550, 23.891",초록아가미일족 노예 (25084),"12423.100, -7319.250, 0.202","12423.100, -7309.250, 0.202","12423.100, -7329.250, 0.202",무너진 태양 명사수 (24938),"12650.600, -6975.450, 36.337","12650.600, -6965.450, 36.337","12650.600, -6985.450, 36.337"
4092,아웃랜드,쿠엘다나스 섬,죽음의 흉터,상위지역 경계 대체,4080,해골 약탈병 (25028),"12231.400, -7053.550, 23.891","12231.400, -7043.550, 23.891","12231.400, -7063.550, 23.891",초록아가미일족 노예 (25084),"12423.100, -7319.250, 0.202","12423.100, -7309.250, 0.202","12423.100, -7329.250, 0.202",무너진 태양 명사수 (24938),"12650.600, -6975.450, 36.337","12650.600, -6965.450, 36.337","12650.600, -6985.450, 36.337"
4093,아웃랜드,쿠엘다나스 섬,태양 괴철로,상위지역 경계 대체,4080,해골 약탈병 (25028),"12231.400, -7053.550, 23.891","12231.400, -7043.550, 23.891","12231.400, -7063.550, 23.891",초록아가미일족 노예 (25084),"12423.100, -7319.250, 0.202","12423.100, -7309.250, 0.202","12423.100, -7329.250, 0.202",무너진 태양 명사수 (24938),"12650.600, -6975.450, 36.337","12650.600, -6965.450, 36.337","12650.600, -6985.450, 36.337"
4094,아웃랜드,쿠엘다나스 섬,태양샘 고원,상위지역 경계 대체,4080,해골 약탈병 (25028),"12231.400, -7053.550, 23.891","12231.400, -7043.550, 23.891","12231.400, -7063.550, 23.891",초록아가미일족 노예 (25084),"12423.100, -7319.250, 0.202","12423.100, -7309.250, 0.202","12423.100, -7329.250, 0.202",무너진 태양 명사수 (24938),"12650.600, -6975.450, 36.337","12650.600, -6965.450, 36.337","12650.600, -6985.450, 36.337"
4095,아웃랜드,쿠엘다나스 섬,마법학자의 정원,상위지역 경계 대체,4080,해골 약탈병 (25028),"12231.400, -7053.550, 23.891","12231.400, -7043.550, 23.891","12231.400, -7063.550, 23.891",초록아가미일족 노예 (25084),"12423.100, -7319.250, 0.202","12423.100, -7309.250, 0.202","12423.100, -7329.250, 0.202",무너진 태양 명사수 (24938),"12650.600, -6975.450, 36.337","12650.600, -6965.450, 36.337","12650.600, -6985.450, 36.337"
4097,노스렌드,북풍의 땅,겨울지느러미 동굴,상위지역 경계 대체,3537,습지대 순록 (25680),"2808.650, 5416.670, 61.032","2808.650, 5426.670, 61.032","2808.650, 5406.670, 61.032",새끼 털북숭이 코뿔소 (25488),"3262.210, 5892.360, 92.588","3262.210, 5902.360, 92.588","3262.210, 5882.360, 92.588",새끼 매머드 (24613),"3297.080, 5451.910, 54.287","3297.080, 5461.910, 54.287","3297.080, 5441.910, 54.287"
4098,노스렌드,북풍의 땅,깜박임 만,상위지역 경계 대체,3537,습지대 순록 (25680),"2808.650, 5416.670, 61.032","2808.650, 5426.670, 61.032","2808.650, 5406.670, 61.032",새끼 털북숭이 코뿔소 (25488),"3262.210, 5892.360, 92.588","3262.210, 5902.360, 92.588","3262.210, 5882.360, 92.588",새끼 매머드 (24613),"3297.080, 5451.910, 54.287","3297.080, 5461.910, 54.287","3297.080, 5441.910, 54.287"
4099,노스렌드,북풍의 땅,겨울지느러미 은신처,상위지역 경계 대체,3537,습지대 순록 (25680),"2808.650, 5416.670, 61.032","2808.650, 5426.670, 61.032","2808.650, 5406.670, 61.032",새끼 털북숭이 코뿔소 (25488),"3262.210, 5892.360, 92.588","3262.210, 5902.360, 92.588","3262.210, 5882.360, 92.588",새끼 매머드 (24613),"3297.080, 5451.910, 54.287","3297.080, 5461.910, 54.287","3297.080, 5441.910, 54.287"
4101,노스렌드,북풍의 땅,나삼의 갯벌,상위지역 경계 대체,3537,습지대 순록 (25680),"2808.650, 5416.670, 61.032","2808.650, 5426.670, 61.032","2808.650, 5406.670, 61.032",새끼 털북숭이 코뿔소 (25488),"3262.210, 5892.360, 92.588","3262.210, 5902.360, 92.588","3262.210, 5882.360, 92.588",새끼 매머드 (24613),"3297.080, 5451.910, 54.287","3297.080, 5461.910, 54.287","3297.080, 5441.910, 54.287"
4102,노스렌드,북풍의 땅,크롬의 정박지,상위지역 경계 대체,3537,습지대 순록 (25680),"2808.650, 5416.670, 61.032","2808.650, 5426.670, 61.032","2808.650, 5406.670, 61.032",새끼 털북숭이 코뿔소 (25488),"3262.210, 5892.360, 92.588","3262.210, 5902.360, 92.588","3262.210, 5882.360, 92.588",새끼 매머드 (24613),"3297.080, 5451.910, 54.287","3297.080, 5461.910, 54.287","3297.080, 5441.910, 54.287"
4103,노스렌드,북풍의 땅,나삼의 발톱,상위지역 경계 대체,3537,습지대 순록 (25680),"2808.650, 5416.670, 61.032","2808.650, 5426.670, 61.032","2808.650, 5406.670, 61.032",새끼 털북숭이 코뿔소 (25488),"3262.210, 5892.360, 92.588","3262.210, 5902.360, 92.588","3262.210, 5882.360, 92.588",새끼 매머드 (24613),"3297.080, 5451.910, 54.287","3297.080, 5461.910, 54.287","3297.080, 5441.910, 54.287"
4104,노스렌드,북풍의 땅,메아리 동굴,상위지역 경계 대체,3537,습지대 순록 (25680),"2808.650, 5416.670, 61.032","2808.650, 5426.670, 61.032","2808.650, 5406.670, 61.032",새끼 털북숭이 코뿔소 (25488),"3262.210, 5892.360, 92.588","3262.210, 5902.360, 92.588","3262.210, 5882.360, 92.588",새끼 매머드 (24613),"3297.080, 5451.910, 54.287","3297.080, 5461.910, 54.287","3297.080, 5441.910, 54.287"
4105,노스렌드,북풍의 땅,녹주석 거점,상위지역 경계 대체,3537,습지대 순록 (25680),"2808.650, 5416.670, 61.032","2808.650, 5426.670, 61.032","2808.650, 5406.670, 61.032",새끼 털북숭이 코뿔소 (25488),"3262.210, 5892.360, 92.588","3262.210, 5902.360, 92.588","3262.210, 5882.360, 92.588",새끼 매머드 (24613),"3297.080, 5451.910, 54.287","3297.080, 5461.910, 54.287","3297.080, 5441.910, 54.287"
4106,노스렌드,북풍의 땅,가로쉬의 상륙지,상위지역 경계 대체,3537,습지대 순록 (25680),"2808.650, 5416.670, 61.032","2808.650, 5426.670, 61.032","2808.650, 5406.670, 61.032",새끼 털북숭이 코뿔소 (25488),"3262.210, 5892.360, 92.588","3262.210, 5902.360, 92.588","3262.210, 5882.360, 92.588",새끼 매머드 (24613),"3297.080, 5451.910, 54.287","3297.080, 5461.910, 54.287","3297.080, 5441.910, 54.287"
4107,노스렌드,북풍의 땅,전쟁노래부족 부두,상위지역 경계 대체,3537,습지대 순록 (25680),"2808.650, 5416.670, 61.032","2808.650, 5426.670, 61.032","2808.650, 5406.670, 61.032",새끼 털북숭이 코뿔소 (25488),"3262.210, 5892.360, 92.588","3262.210, 5902.360, 92.588","3262.210, 5882.360, 92.588",새끼 매머드 (24613),"3297.080, 5451.910, 54.287","3297.080, 5461.910, 54.287","3297.080, 5441.910, 54.287"
4108,노스렌드,북풍의 땅,피즈크랭크 비행장,상위지역 경계 대체,3537,습지대 순록 (25680),"2808.650, 5416.670, 61.032","2808.650, 5426.670, 61.032","2808.650, 5406.670, 61.032",새끼 털북숭이 코뿔소 (25488),"3262.210, 5892.360, 92.588","3262.210, 5902.360, 92.588","3262.210, 5882.360, 92.588",새끼 매머드 (24613),"3297.080, 5451.910, 54.287","3297.080, 5461.910, 54.287","3297.080, 5441.910, 54.287"
4109,노스렌드,북풍의 땅,쿰우야 호수,상위지역 경계 대체,3537,습지대 순록 (25680),"2808.650, 5416.670, 61.032","2808.650, 5426.670, 61.032","2808.650, 5406.670, 61.032",새끼 털북숭이 코뿔소 (25488),"3262.210, 5892.360, 92.588","3262.210, 5902.360, 92.588","3262.210, 5882.360, 92.588",새끼 매머드 (24613),"3297.080, 5451.910, 54.287","3297.080, 5461.910, 54.287","3297.080, 5441.910, 54.287"
4110,노스렌드,북풍의 땅,파샤이어 농장,상위지역 경계 대체,3537,습지대 순록 (25680),"2808.650, 5416.670, 61.032","2808.650, 5426.670, 61.032","2808.650, 5406.670, 61.032",새끼 털북숭이 코뿔소 (25488),"3262.210, 5892.360, 92.588","3262.210, 5902.360, 92.588","3262.210, 5882.360, 92.588",새끼 매머드 (24613),"3297.080, 5451.910, 54.287","3297.080, 5461.910, 54.287","3297.080, 5441.910, 54.287"
4111,노스렌드,북풍의 땅,파샤이어,상위지역 경계 대체,3537,습지대 순록 (25680),"2808.650, 5416.670, 61.032","2808.650, 5426.670, 61.032","2808.650, 5406.670, 61.032",새끼 털북숭이 코뿔소 (25488),"3262.210, 5892.360, 92.588","3262.210, 5902.360, 92.588","3262.210, 5882.360, 92.588",새끼 매머드 (24613),"3297.080, 5451.910, 54.287","3297.080, 5461.910, 54.287","3297.080, 5441.910, 54.287"
4112,노스렌드,북풍의 땅,파샤이어 등대,상위지역 경계 대체,3537,습지대 순록 (25680),"2808.650, 5416.670, 61.032","2808.650, 5426.670, 61.032","2808.650, 5406.670, 61.032",새끼 털북숭이 코뿔소 (25488),"3262.210, 5892.360, 92.588","3262.210, 5902.360, 92.588","3262.210, 5882.360, 92.588",새끼 매머드 (24613),"3297.080, 5451.910, 54.287","3297.080, 5461.910, 54.287","3297.080, 5441.910, 54.287"
4113,노스렌드,북풍의 땅,우누페,상위지역 경계 대체,3537,습지대 순록 (25680),"2808.650, 5416.670, 61.032","2808.650, 5426.670, 61.032","2808.650, 5406.670, 61.032",새끼 털북숭이 코뿔소 (25488),"3262.210, 5892.360, 92.588","3262.210, 5902.360, 92.588","3262.210, 5882.360, 92.588",새끼 매머드 (24613),"3297.080, 5451.910, 54.287","3297.080, 5461.910, 54.287","3297.080, 5441.910, 54.287"
4114,노스렌드,북풍의 땅,죽음의 언덕,상위지역 경계 대체,3537,습지대 순록 (25680),"2808.650, 5416.670, 61.032","2808.650, 5426.670, 61.032","2808.650, 5406.670, 61.032",새끼 털북숭이 코뿔소 (25488),"3262.210, 5892.360, 92.588","3262.210, 5902.360, 92.588","3262.210, 5882.360, 92.588",새끼 매머드 (24613),"3297.080, 5451.910, 54.287","3297.080, 5461.910, 54.287","3297.080, 5441.910, 54.287"
4115,노스렌드,북풍의 땅,버려진 해안,상위지역 경계 대체,3537,습지대 순록 (25680),"2808.650, 5416.670, 61.032","2808.650, 5426.670, 61.032","2808.650, 5406.670, 61.032",새끼 털북숭이 코뿔소 (25488),"3262.210, 5892.360, 92.588","3262.210, 5902.360, 92.588","3262.210, 5882.360, 92.588",새끼 매머드 (24613),"3297.080, 5451.910, 54.287","3297.080, 5461.910, 54.287","3297.080, 5441.910, 54.287"
4116,노스렌드,북풍의 땅,끓어오르는 웅덩이,상위지역 경계 대체,3537,습지대 순록 (25680),"2808.650, 5416.670, 61.032","2808.650, 5426.670, 61.032","2808.650, 5406.670, 61.032",새끼 털북숭이 코뿔소 (25488),"3262.210, 5892.360, 92.588","3262.210, 5902.360, 92.588","3262.210, 5882.360, 92.588",새끼 매머드 (24613),"3297.080, 5451.910, 54.287","3297.080, 5461.910, 54.287","3297.080, 5441.910, 54.287"
4117,노스렌드,북풍의 땅,증기 온천,상위지역 경계 대체,3537,습지대 순록 (25680),"2808.650, 5416.670, 61.032","2808.650, 5426.670, 61.032","2808.650, 5406.670, 61.032",새끼 털북숭이 코뿔소 (25488),"3262.210, 5892.360, 92.588","3262.210, 5902.360, 92.588","3262.210, 5882.360, 92.588",새끼 매머드 (24613),"3297.080, 5451.910, 54.287","3297.080, 5461.910, 54.287","3297.080, 5441.910, 54.287"
4118,노스렌드,북풍의 땅,탈라마스,상위지역 경계 대체,3537,습지대 순록 (25680),"2808.650, 5416.670, 61.032","2808.650, 5426.670, 61.032","2808.650, 5406.670, 61.032",새끼 털북숭이 코뿔소 (25488),"3262.210, 5892.360, 92.588","3262.210, 5902.360, 92.588","3262.210, 5882.360, 92.588",새끼 매머드 (24613),"3297.080, 5451.910, 54.287","3297.080, 5461.910, 54.287","3297.080, 5441.910, 54.287"
4119,노스렌드,북풍의 땅,썩은 웅덩이,상위지역 경계 대체,3537,습지대 순록 (25680),"2808.650, 5416.670, 61.032","2808.650, 5426.670, 61.032","2808.650, 5406.670, 61.032",새끼 털북숭이 코뿔소 (25488),"3262.210, 5892.360, 92.588","3262.210, 5902.360, 92.588","3262.210, 5882.360, 92.588",새끼 매머드 (24613),"3297.080, 5451.910, 54.287","3297.080, 5461.910, 54.287","3297.080, 5441.910, 54.287"
4120,노스렌드,북풍의 땅,마력의 탑,상위지역 경계 대체,3537,습지대 순록 (25680),"2808.650, 5416.670, 61.032","2808.650, 5426.670, 61.032","2808.650, 5406.670, 61.032",새끼 털북숭이 코뿔소 (25488),"3262.210, 5892.360, 92.588","3262.210, 5902.360, 92.588","3262.210, 5882.360, 92.588",새끼 매머드 (24613),"3297.080, 5451.910, 54.287","3297.080, 5461.910, 54.287","3297.080, 5441.910, 54.287"
4121,노스렌드,북풍의 땅,변위의 보호막,상위지역 경계 대체,3537,습지대 순록 (25680),"2808.650, 5416.670, 61.032","2808.650, 5426.670, 61.032","2808.650, 5406.670, 61.032",새끼 털북숭이 코뿔소 (25488),"3262.210, 5892.360, 92.588","3262.210, 5902.360, 92.588","3262.210, 5882.360, 92.588",새끼 매머드 (24613),"3297.080, 5451.910, 54.287","3297.080, 5461.910, 54.287","3297.080, 5441.910, 54.287"
4122,노스렌드,북풍의 땅,보르고로크 전초기지,상위지역 경계 대체,3537,습지대 순록 (25680),"2808.650, 5416.670, 61.032","2808.650, 5426.670, 61.032","2808.650, 5406.670, 61.032",새끼 털북숭이 코뿔소 (25488),"3262.210, 5892.360, 92.588","3262.210, 5902.360, 92.588","3262.210, 5882.360, 92.588",새끼 매머드 (24613),"3297.080, 5451.910, 54.287","3297.080, 5461.910, 54.287","3297.080, 5441.910, 54.287"
4123,노스렌드,북풍의 땅,마그모스,상위지역 경계 대체,3537,습지대 순록 (25680),"2808.650, 5416.670, 61.032","2808.650, 5426.670, 61.032","2808.650, 5406.670, 61.032",새끼 털북숭이 코뿔소 (25488),"3262.210, 5892.360, 92.588","3262.210, 5902.360, 92.588","3262.210, 5882.360, 92.588",새끼 매머드 (24613),"3297.080, 5451.910, 54.287","3297.080, 5461.910, 54.287","3297.080, 5441.910, 54.287"
4124,노스렌드,북풍의 땅,사자의 동굴,상위지역 경계 대체,3537,습지대 순록 (25680),"2808.650, 5416.670, 61.032","2808.650, 5426.670, 61.032","2808.650, 5406.670, 61.032",새끼 털북숭이 코뿔소 (25488),"3262.210, 5892.360, 92.588","3262.210, 5902.360, 92.588","3262.210, 5882.360, 92.588",새끼 매머드 (24613),"3297.080, 5451.910, 54.287","3297.080, 5461.910, 54.287","3297.080, 5441.910, 54.287"
4125,노스렌드,북풍의 땅,엔킬라 사원,상위지역 경계 대체,3537,습지대 순록 (25680),"2808.650, 5416.670, 61.032","2808.650, 5426.670, 61.032","2808.650, 5406.670, 61.032",새끼 털북숭이 코뿔소 (25488),"3262.210, 5892.360, 92.588","3262.210, 5902.360, 92.588","3262.210, 5882.360, 92.588",새끼 매머드 (24613),"3297.080, 5451.910, 54.287","3297.080, 5461.910, 54.287","3297.080, 5441.910, 54.287"
4126,노스렌드,북풍의 땅,통곡의 지구라트,상위지역 경계 대체,3537,습지대 순록 (25680),"2808.650, 5416.670, 61.032","2808.650, 5426.670, 61.032","2808.650, 5406.670, 61.032",새끼 털북숭이 코뿔소 (25488),"3262.210, 5892.360, 92.588","3262.210, 5902.360, 92.588","3262.210, 5882.360, 92.588",새끼 매머드 (24613),"3297.080, 5451.910, 54.287","3297.080, 5461.910, 54.287","3297.080, 5441.910, 54.287"
4127,노스렌드,북풍의 땅,스틸조의 짐마차,상위지역 경계 대체,3537,습지대 순록 (25680),"2808.650, 5416.670, 61.032","2808.650, 5426.670, 61.032","2808.650, 5406.670, 61.032",새끼 털북숭이 코뿔소 (25488),"3262.210, 5892.360, 92.588","3262.210, 5902.360, 92.588","3262.210, 5882.360, 92.588",새끼 매머드 (24613),"3297.080, 5451.910, 54.287","3297.080, 5461.910, 54.287","3297.080, 5441.910, 54.287"
4128,노스렌드,북풍의 땅,낙사나르,상위지역 경계 대체,3537,습지대 순록 (25680),"2808.650, 5416.670, 61.032","2808.650, 5426.670, 61.032","2808.650, 5406.670, 61.032",새끼 털북숭이 코뿔소 (25488),"3262.210, 5892.360, 92.588","3262.210, 5902.360, 92.588","3262.210, 5882.360, 92.588",새끼 매머드 (24613),"3297.080, 5451.910, 54.287","3297.080, 5461.910, 54.287","3297.080, 5441.910, 54.287"
4129,노스렌드,북풍의 땅,전쟁노래부족 요새,상위지역 경계 대체,3537,습지대 순록 (25680),"2808.650, 5416.670, 61.032","2808.650, 5426.670, 61.032","2808.650, 5406.670, 61.032",새끼 털북숭이 코뿔소 (25488),"3262.210, 5892.360, 92.588","3262.210, 5902.360, 92.588","3262.210, 5882.360, 92.588",새끼 매머드 (24613),"3297.080, 5451.910, 54.287","3297.080, 5461.910, 54.287","3297.080, 5441.910, 54.287"
4130,노스렌드,북풍의 땅,나삼의 평원,상위지역 경계 대체,3537,습지대 순록 (25680),"2808.650, 5416.670, 61.032","2808.650, 5426.670, 61.032","2808.650, 5406.670, 61.032",새끼 털북숭이 코뿔소 (25488),"3262.210, 5892.360, 92.588","3262.210, 5902.360, 92.588","3262.210, 5882.360, 92.588",새끼 매머드 (24613),"3297.080, 5451.910, 54.287","3297.080, 5461.910, 54.287","3297.080, 5441.910, 54.287"
4132,노스렌드,북풍의 땅,엘드라나스 폐허,상위지역 경계 대체,3537,습지대 순록 (25680),"2808.650, 5416.670, 61.032","2808.650, 5426.670, 61.032","2808.650, 5406.670, 61.032",새끼 털북숭이 코뿔소 (25488),"3262.210, 5892.360, 92.588","3262.210, 5902.360, 92.588","3262.210, 5882.360, 92.588",새끼 매머드 (24613),"3297.080, 5451.910, 54.287","3297.080, 5461.910, 54.287","3297.080, 5441.910, 54.287"
4133,노스렌드,북풍의 땅,잿더미 마루,상위지역 경계 대체,3537,습지대 순록 (25680),"2808.650, 5416.670, 61.032","2808.650, 5426.670, 61.032","2808.650, 5406.670, 61.032",새끼 털북숭이 코뿔소 (25488),"3262.210, 5892.360, 92.588","3262.210, 5902.360, 92.588","3262.210, 5882.360, 92.588",새끼 매머드 (24613),"3297.080, 5451.910, 54.287","3297.080, 5461.910, 54.287","3297.080, 5441.910, 54.287"
4134,노스렌드,북풍의 땅,부글거리는 웅덩이,상위지역 경계 대체,3537,습지대 순록 (25680),"2808.650, 5416.670, 61.032","2808.650, 5426.670, 61.032","2808.650, 5406.670, 61.032",새끼 털북숭이 코뿔소 (25488),"3262.210, 5892.360, 92.588","3262.210, 5902.360, 92.588","3262.210, 5882.360, 92.588",새끼 매머드 (24613),"3297.080, 5451.910, 54.287","3297.080, 5461.910, 54.287","3297.080, 5441.910, 54.287"
4135,노스렌드,북풍의 땅,피의 첨탑,상위지역 경계 대체,3537,습지대 순록 (25680),"2808.650, 5416.670, 61.032","2808.650, 5426.670, 61.032","2808.650, 5406.670, 61.032",새끼 털북숭이 코뿔소 (25488),"3262.210, 5892.360, 92.588","3262.210, 5902.360, 92.588","3262.210, 5882.360, 92.588",새끼 매머드 (24613),"3297.080, 5451.910, 54.287","3297.080, 5461.910, 54.287","3297.080, 5441.910, 54.287"
4136,노스렌드,북풍의 땅,부패의 첨탑,상위지역 경계 대체,3537,습지대 순록 (25680),"2808.650, 5416.670, 61.032","2808.650, 5426.670, 61.032","2808.650, 5406.670, 61.032",새끼 털북숭이 코뿔소 (25488),"3262.210, 5892.360, 92.588","3262.210, 5902.360, 92.588","3262.210, 5882.360, 92.588",새끼 매머드 (24613),"3297.080, 5451.910, 54.287","3297.080, 5461.910, 54.287","3297.080, 5441.910, 54.287"
4137,노스렌드,북풍의 땅,고통의 첨탑,상위지역 경계 대체,3537,습지대 순록 (25680),"2808.650, 5416.670, 61.032","2808.650, 5426.670, 61.032","2808.650, 5406.670, 61.032",새끼 털북숭이 코뿔소 (25488),"3262.210, 5892.360, 92.588","3262.210, 5902.360, 92.588","3262.210, 5882.360, 92.588",새끼 매머드 (24613),"3297.080, 5451.910, 54.287","3297.080, 5461.910, 54.287","3297.080, 5441.910, 54.287"
4138,노스렌드,북풍의 땅,얼어붙은 해안,상위지역 경계 대체,3537,습지대 순록 (25680),"2808.650, 5416.670, 61.032","2808.650, 5426.670, 61.032","2808.650, 5406.670, 61.032",새끼 털북숭이 코뿔소 (25488),"3262.210, 5892.360, 92.588","3262.210, 5902.360, 92.588","3262.210, 5882.360, 92.588",새끼 매머드 (24613),"3297.080, 5451.910, 54.287","3297.080, 5461.910, 54.287","3297.080, 5441.910, 54.287"
4141,노스렌드,북풍의 땅,토르프의 농장,상위지역 경계 대체,3537,습지대 순록 (25680),"2808.650, 5416.670, 61.032","2808.650, 5426.670, 61.032","2808.650, 5406.670, 61.032",새끼 털북숭이 코뿔소 (25488),"3262.210, 5892.360, 92.588","3262.210, 5902.360, 92.588","3262.210, 5882.360, 92.588",새끼 매머드 (24613),"3297.080, 5451.910, 54.287","3297.080, 5461.910, 54.287","3297.080, 5441.910, 54.287"
4142,노스렌드,북풍의 땅,전쟁노래부족 곡물창고,상위지역 경계 대체,3537,습지대 순록 (25680),"2808.650, 5416.670, 61.032","2808.650, 5426.670, 61.032","2808.650, 5406.670, 61.032",새끼 털북숭이 코뿔소 (25488),"3262.210, 5892.360, 92.588","3262.210, 5902.360, 92.588","3262.210, 5882.360, 92.588",새끼 매머드 (24613),"3297.080, 5451.910, 54.287","3297.080, 5461.910, 54.287","3297.080, 5441.910, 54.287"
4143,노스렌드,북풍의 땅,전쟁노래부족 도살장,상위지역 경계 대체,3537,습지대 순록 (25680),"2808.650, 5416.670, 61.032","2808.650, 5426.670, 61.032","2808.650, 5406.670, 61.032",새끼 털북숭이 코뿔소 (25488),"3262.210, 5892.360, 92.588","3262.210, 5902.360, 92.588","3262.210, 5882.360, 92.588",새끼 매머드 (24613),"3297.080, 5451.910, 54.287","3297.080, 5461.910, 54.287","3297.080, 5441.910, 54.287"
4144,노스렌드,북풍의 땅,전쟁노래부족 농장 전진기지,상위지역 경계 대체,3537,습지대 순록 (25680),"2808.650, 5416.670, 61.032","2808.650, 5426.670, 61.032","2808.650, 5406.670, 61.032",새끼 털북숭이 코뿔소 (25488),"3262.210, 5892.360, 92.588","3262.210, 5902.360, 92.588","3262.210, 5882.360, 92.588",새끼 매머드 (24613),"3297.080, 5451.910, 54.287","3297.080, 5461.910, 54.287","3297.080, 5441.910, 54.287"
4145,노스렌드,북풍의 땅,서부 거점,상위지역 경계 대체,3537,습지대 순록 (25680),"2808.650, 5416.670, 61.032","2808.650, 5426.670, 61.032","2808.650, 5406.670, 61.032",새끼 털북숭이 코뿔소 (25488),"3262.210, 5892.360, 92.588","3262.210, 5902.360, 92.588","3262.210, 5882.360, 92.588",새끼 매머드 (24613),"3297.080, 5451.910, 54.287","3297.080, 5461.910, 54.287","3297.080, 5441.910, 54.287"
4146,노스렌드,북풍의 땅,북부 거점,상위지역 경계 대체,3537,습지대 순록 (25680),"2808.650, 5416.670, 61.032","2808.650, 5426.670, 61.032","2808.650, 5406.670, 61.032",새끼 털북숭이 코뿔소 (25488),"3262.210, 5892.360, 92.588","3262.210, 5902.360, 92.588","3262.210, 5882.360, 92.588",새끼 매머드 (24613),"3297.080, 5451.910, 54.287","3297.080, 5461.910, 54.287","3297.080, 5441.910, 54.287"
4147,노스렌드,북풍의 땅,중부 거점,상위지역 경계 대체,3537,습지대 순록 (25680),"2808.650, 5416.670, 61.032","2808.650, 5426.670, 61.032","2808.650, 5406.670, 61.032",새끼 털북숭이 코뿔소 (25488),"3262.210, 5892.360, 92.588","3262.210, 5902.360, 92.588","3262.210, 5882.360, 92.588",새끼 매머드 (24613),"3297.080, 5451.910, 54.287","3297.080, 5461.910, 54.287","3297.080, 5441.910, 54.287"
4148,노스렌드,북풍의 땅,남부 거점,상위지역 경계 대체,3537,습지대 순록 (25680),"2808.650, 5416.670, 61.032","2808.650, 5426.670, 61.032","2808.650, 5406.670, 61.032",새끼 털북숭이 코뿔소 (25488),"3262.210, 5892.360, 92.588","3262.210, 5902.360, 92.588","3262.210, 5882.360, 92.588",새끼 매머드 (24613),"3297.080, 5451.910, 54.287","3297.080, 5461.910, 54.287","3297.080, 5441.910, 54.287"
4149,노스렌드,북풍의 땅,동물보호협회 야영지,상위지역 경계 대체,3537,습지대 순록 (25680),"2808.650, 5416.670, 61.032","2808.650, 5426.670, 61.032","2808.650, 5406.670, 61.032",새끼 털북숭이 코뿔소 (25488),"3262.210, 5892.360, 92.588","3262.210, 5902.360, 92.588","3262.210, 5882.360, 92.588",새끼 매머드 (24613),"3297.080, 5451.910, 54.287","3297.080, 5461.910, 54.287","3297.080, 5441.910, 54.287"
4150,노스렌드,북풍의 땅,카우의 보금자리,상위지역 경계 대체,3537,습지대 순록 (25680),"2808.650, 5416.670, 61.032","2808.650, 5426.670, 61.032","2808.650, 5406.670, 61.032",새끼 털북숭이 코뿔소 (25488),"3262.210, 5892.360, 92.588","3262.210, 5902.360, 92.588","3262.210, 5882.360, 92.588",새끼 매머드 (24613),"3297.080, 5451.910, 54.287","3297.080, 5461.910, 54.287","3297.080, 5441.910, 54.287"
4151,노스렌드,용의 안식처,서풍의 피난민 행렬,상위지역 경계 대체,65,눈사태 숲 사슴 (26615),"3572.370, 1110.300, 148.846","3572.370, 1120.300, 148.846","3572.370, 1100.300, 148.846",굶주린 망자 (27290),"3528.940, -1069.420, 127.462","3528.940, -1059.420, 127.462","3528.940, -1079.420, 127.462",용뼈 대머리수리 (26483),"3567.510, 755.088, 98.581","3567.510, 765.088, 98.581","3567.510, 745.088, 98.581"
4152,노스렌드,용의 안식처,모아키 항구,상위지역 경계 대체,65,눈사태 숲 사슴 (26615),"3572.370, 1110.300, 148.846","3572.370, 1120.300, 148.846","3572.370, 1100.300, 148.846",굶주린 망자 (27290),"3528.940, -1069.420, 127.462","3528.940, -1059.420, 127.462","3528.940, -1079.420, 127.462",용뼈 대머리수리 (26483),"3567.510, 755.088, 98.581","3567.510, 765.088, 98.581","3567.510, 745.088, 98.581"
4153,노스렌드,용의 안식처,인두르 마을,상위지역 경계 대체,65,눈사태 숲 사슴 (26615),"3572.370, 1110.300, 148.846","3572.370, 1120.300, 148.846","3572.370, 1100.300, 148.846",굶주린 망자 (27290),"3528.940, -1069.420, 127.462","3528.940, -1059.420, 127.462","3528.940, -1079.420, 127.462",용뼈 대머리수리 (26483),"3567.510, 755.088, 98.581","3567.510, 765.088, 98.581","3567.510, 745.088, 98.581"
4154,노스렌드,용의 안식처,눈사태 숲,상위지역 경계 대체,65,눈사태 숲 사슴 (26615),"3572.370, 1110.300, 148.846","3572.370, 1120.300, 148.846","3572.370, 1100.300, 148.846",굶주린 망자 (27290),"3528.940, -1069.420, 127.462","3528.940, -1059.420, 127.462","3528.940, -1079.420, 127.462",용뼈 대머리수리 (26483),"3567.510, 755.088, 98.581","3567.510, 765.088, 98.581","3567.510, 745.088, 98.581"
4155,노스렌드,용의 안식처,반쪽 껍질,상위지역 경계 대체,65,눈사태 숲 사슴 (26615),"3572.370, 1110.300, 148.846","3572.370, 1120.300, 148.846","3572.370, 1100.300, 148.846",굶주린 망자 (27290),"3528.940, -1069.420, 127.462","3528.940, -1059.420, 127.462","3528.940, -1079.420, 127.462",용뼈 대머리수리 (26483),"3567.510, 755.088, 98.581","3567.510, 765.088, 98.581","3567.510, 745.088, 98.581"
4156,노스렌드,용의 안식처,폭풍 바늘,상위지역 경계 대체,65,눈사태 숲 사슴 (26615),"3572.370, 1110.300, 148.846","3572.370, 1120.300, 148.846","3572.370, 1100.300, 148.846",굶주린 망자 (27290),"3528.940, -1069.420, 127.462","3528.940, -1059.420, 127.462","3528.940, -1079.420, 127.462",용뼈 대머리수리 (26483),"3567.510, 755.088, 98.581","3567.510, 765.088, 98.581","3567.510, 745.088, 98.581"
4157,노스렌드,용의 안식처,달쉼터 정원,상위지역 경계 대체,65,눈사태 숲 사슴 (26615),"3572.370, 1110.300, 148.846","3572.370, 1120.300, 148.846","3572.370, 1100.300, 148.846",굶주린 망자 (27290),"3528.940, -1069.420, 127.462","3528.940, -1059.420, 127.462","3528.940, -1079.420, 127.462",용뼈 대머리수리 (26483),"3567.510, 755.088, 98.581","3567.510, 765.088, 98.581","3567.510, 745.088, 98.581"
4158,노스렌드,용의 안식처,별의 쉼터,상위지역 경계 대체,65,눈사태 숲 사슴 (26615),"3572.370, 1110.300, 148.846","3572.370, 1120.300, 148.846","3572.370, 1100.300, 148.846",굶주린 망자 (27290),"3528.940, -1069.420, 127.462","3528.940, -1059.420, 127.462","3528.940, -1079.420, 127.462",용뼈 대머리수리 (26483),"3567.510, 755.088, 98.581","3567.510, 765.088, 98.581","3567.510, 745.088, 98.581"
4159,노스렌드,회색 구릉지,서부 몰락지대 여단 야영지,상위지역 경계 대체,394,긴뿔 순록 (26363),"3815.740, -3532.190, 248.631","3815.740, -3522.190, 248.631","3815.740, -3542.190, 248.631",서리뿔 산양 (23740),"3279.640, -4430.550, 327.579","3279.640, -4420.550, 327.579","3279.640, -4440.550, 327.579",굶주린 망자 (27290),"3505.120, -1226.770, 109.837","3505.120, -1216.770, 109.837","3505.120, -1236.770, 109.837"
4160,노스렌드,용의 안식처,로탈로르 숲,상위지역 경계 대체,65,눈사태 숲 사슴 (26615),"3572.370, 1110.300, 148.846","3572.370, 1120.300, 148.846","3572.370, 1100.300, 148.846",굶주린 망자 (27290),"3528.940, -1069.420, 127.462","3528.940, -1059.420, 127.462","3528.940, -1079.420, 127.462",용뼈 대머리수리 (26483),"3567.510, 755.088, 98.581","3567.510, 765.088, 98.581","3567.510, 745.088, 98.581"
4161,노스렌드,용의 안식처,고룡쉼터 사원,상위지역 경계 대체,65,눈사태 숲 사슴 (26615),"3572.370, 1110.300, 148.846","3572.370, 1120.300, 148.846","3572.370, 1100.300, 148.846",굶주린 망자 (27290),"3528.940, -1069.420, 127.462","3528.940, -1059.420, 127.462","3528.940, -1079.420, 127.462",용뼈 대머리수리 (26483),"3567.510, 755.088, 98.581","3567.510, 765.088, 98.581","3567.510, 745.088, 98.581"
4162,노스렌드,용의 안식처,얼음안개 폭포,상위지역 경계 대체,65,눈사태 숲 사슴 (26615),"3572.370, 1110.300, 148.846","3572.370, 1120.300, 148.846","3572.370, 1100.300, 148.846",굶주린 망자 (27290),"3528.940, -1069.420, 127.462","3528.940, -1059.420, 127.462","3528.940, -1079.420, 127.462",용뼈 대머리수리 (26483),"3567.510, 755.088, 98.581","3567.510, 765.088, 98.581","3567.510, 745.088, 98.581"
4163,노스렌드,용의 안식처,얼음안개 마을,상위지역 경계 대체,65,눈사태 숲 사슴 (26615),"3572.370, 1110.300, 148.846","3572.370, 1120.300, 148.846","3572.370, 1100.300, 148.846",굶주린 망자 (27290),"3528.940, -1069.420, 127.462","3528.940, -1059.420, 127.462","3528.940, -1079.420, 127.462",용뼈 대머리수리 (26483),"3567.510, 755.088, 98.581","3567.510, 765.088, 98.581","3567.510, 745.088, 98.581"
4164,노스렌드,용의 안식처,나르준의 구덩이,상위지역 경계 대체,65,눈사태 숲 사슴 (26615),"3572.370, 1110.300, 148.846","3572.370, 1120.300, 148.846","3572.370, 1100.300, 148.846",굶주린 망자 (27290),"3528.940, -1069.420, 127.462","3528.940, -1059.420, 127.462","3528.940, -1079.420, 127.462",용뼈 대머리수리 (26483),"3567.510, 755.088, 98.581","3567.510, 765.088, 98.581","3567.510, 745.088, 98.581"
4165,노스렌드,용의 안식처,아그마르의 망치,상위지역 경계 대체,65,눈사태 숲 사슴 (26615),"3572.370, 1110.300, 148.846","3572.370, 1120.300, 148.846","3572.370, 1100.300, 148.846",굶주린 망자 (27290),"3528.940, -1069.420, 127.462","3528.940, -1059.420, 127.462","3528.940, -1079.420, 127.462",용뼈 대머리수리 (26483),"3567.510, 755.088, 98.581","3567.510, 765.088, 98.581","3567.510, 745.088, 98.581"
4166,노스렌드,용의 안식처,인두르 호수,상위지역 경계 대체,65,눈사태 숲 사슴 (26615),"3572.370, 1110.300, 148.846","3572.370, 1120.300, 148.846","3572.370, 1100.300, 148.846",굶주린 망자 (27290),"3528.940, -1069.420, 127.462","3528.940, -1059.420, 127.462","3528.940, -1079.420, 127.462",용뼈 대머리수리 (26483),"3567.510, 755.088, 98.581","3567.510, 765.088, 98.581","3567.510, 745.088, 98.581"
4167,노스렌드,용의 안식처,흑요석 용제단,상위지역 경계 대체,65,눈사태 숲 사슴 (26615),"3572.370, 1110.300, 148.846","3572.370, 1120.300, 148.846","3572.370, 1100.300, 148.846",굶주린 망자 (27290),"3528.940, -1069.420, 127.462","3528.940, -1059.420, 127.462","3528.940, -1079.420, 127.462",용뼈 대머리수리 (26483),"3567.510, 755.088, 98.581","3567.510, 765.088, 98.581","3567.510, 745.088, 98.581"
4168,노스렌드,용의 안식처,루비 용제단,상위지역 경계 대체,65,눈사태 숲 사슴 (26615),"3572.370, 1110.300, 148.846","3572.370, 1120.300, 148.846","3572.370, 1100.300, 148.846",굶주린 망자 (27290),"3528.940, -1069.420, 127.462","3528.940, -1059.420, 127.462","3528.940, -1079.420, 127.462",용뼈 대머리수리 (26483),"3567.510, 755.088, 98.581","3567.510, 765.088, 98.581","3567.510, 745.088, 98.581"
4169,노스렌드,용의 안식처,폴드라곤 요새,상위지역 경계 대체,65,눈사태 숲 사슴 (26615),"3572.370, 1110.300, 148.846","3572.370, 1120.300, 148.846","3572.370, 1100.300, 148.846",굶주린 망자 (27290),"3528.940, -1069.420, 127.462","3528.940, -1059.420, 127.462","3528.940, -1079.420, 127.462",용뼈 대머리수리 (26483),"3567.510, 755.088, 98.581","3567.510, 765.088, 98.581","3567.510, 745.088, 98.581"
4170,노스렌드,용의 안식처,코르크론 선봉기지,상위지역 경계 대체,65,눈사태 숲 사슴 (26615),"3572.370, 1110.300, 148.846","3572.370, 1120.300, 148.846","3572.370, 1100.300, 148.846",굶주린 망자 (27290),"3528.940, -1069.420, 127.462","3528.940, -1059.420, 127.462","3528.940, -1079.420, 127.462",용뼈 대머리수리 (26483),"3567.510, 755.088, 98.581","3567.510, 765.088, 98.581","3567.510, 745.088, 98.581"
4171,노스렌드,용의 안식처,해골 왕궁,상위지역 경계 대체,65,눈사태 숲 사슴 (26615),"3572.370, 1110.300, 148.846","3572.370, 1120.300, 148.846","3572.370, 1100.300, 148.846",굶주린 망자 (27290),"3528.940, -1069.420, 127.462","3528.940, -1059.420, 127.462","3528.940, -1079.420, 127.462",용뼈 대머리수리 (26483),"3567.510, 755.088, 98.581","3567.510, 765.088, 98.581","3567.510, 745.088, 98.581"
4172,노스렌드,용의 안식처,분노의 관문 앙그라타르,상위지역 경계 대체,65,눈사태 숲 사슴 (26615),"3572.370, 1110.300, 148.846","3572.370, 1120.300, 148.846","3572.370, 1100.300, 148.846",굶주린 망자 (27290),"3528.940, -1069.420, 127.462","3528.940, -1059.420, 127.462","3528.940, -1079.420, 127.462",용뼈 대머리수리 (26483),"3567.510, 755.088, 98.581","3567.510, 765.088, 98.581","3567.510, 745.088, 98.581"
4173,노스렌드,용의 안식처,갈라크론드의 안식처,상위지역 경계 대체,65,눈사태 숲 사슴 (26615),"3572.370, 1110.300, 148.846","3572.370, 1120.300, 148.846","3572.370, 1100.300, 148.846",굶주린 망자 (27290),"3528.940, -1069.420, 127.462","3528.940, -1059.420, 127.462","3528.940, -1079.420, 127.462",용뼈 대머리수리 (26483),"3567.510, 755.088, 98.581","3567.510, 765.088, 98.581","3567.510, 745.088, 98.581"
4174,노스렌드,용의 안식처,악의 똬리,상위지역 경계 대체,65,눈사태 숲 사슴 (26615),"3572.370, 1110.300, 148.846","3572.370, 1120.300, 148.846","3572.370, 1100.300, 148.846",굶주린 망자 (27290),"3528.940, -1069.420, 127.462","3528.940, -1059.420, 127.462","3528.940, -1079.420, 127.462",용뼈 대머리수리 (26483),"3567.510, 755.088, 98.581","3567.510, 765.088, 98.581","3567.510, 745.088, 98.581"
4175,노스렌드,용의 안식처,청동 용제단,상위지역 경계 대체,65,눈사태 숲 사슴 (26615),"3572.370, 1110.300, 148.846","3572.370, 1120.300, 148.846","3572.370, 1100.300, 148.846",굶주린 망자 (27290),"3528.940, -1069.420, 127.462","3528.940, -1059.420, 127.462","3528.940, -1079.420, 127.462",용뼈 대머리수리 (26483),"3567.510, 755.088, 98.581","3567.510, 765.088, 98.581","3567.510, 745.088, 98.581"
4176,노스렌드,용의 안식처,새벽의 거울,상위지역 경계 대체,65,눈사태 숲 사슴 (26615),"3572.370, 1110.300, 148.846","3572.370, 1120.300, 148.846","3572.370, 1100.300, 148.846",굶주린 망자 (27290),"3528.940, -1069.420, 127.462","3528.940, -1059.420, 127.462","3528.940, -1079.420, 127.462",용뼈 대머리수리 (26483),"3567.510, 755.088, 98.581","3567.510, 765.088, 98.581","3567.510, 745.088, 98.581"
4177,노스렌드,용의 안식처,윈터가드 성채,상위지역 경계 대체,65,눈사태 숲 사슴 (26615),"3572.370, 1110.300, 148.846","3572.370, 1120.300, 148.846","3572.370, 1100.300, 148.846",굶주린 망자 (27290),"3528.940, -1069.420, 127.462","3528.940, -1059.420, 127.462","3528.940, -1079.420, 127.462",용뼈 대머리수리 (26483),"3567.510, 755.088, 98.581","3567.510, 765.088, 98.581","3567.510, 745.088, 98.581"
4178,노스렌드,용의 안식처,윈터가드 광산,상위지역 경계 대체,65,눈사태 숲 사슴 (26615),"3572.370, 1110.300, 148.846","3572.370, 1120.300, 148.846","3572.370, 1100.300, 148.846",굶주린 망자 (27290),"3528.940, -1069.420, 127.462","3528.940, -1059.420, 127.462","3528.940, -1079.420, 127.462",용뼈 대머리수리 (26483),"3567.510, 755.088, 98.581","3567.510, 765.088, 98.581","3567.510, 745.088, 98.581"
4179,노스렌드,용의 안식처,에메랄드 용제단,상위지역 경계 대체,65,눈사태 숲 사슴 (26615),"3572.370, 1110.300, 148.846","3572.370, 1120.300, 148.846","3572.370, 1100.300, 148.846",굶주린 망자 (27290),"3528.940, -1069.420, 127.462","3528.940, -1059.420, 127.462","3528.940, -1079.420, 127.462",용뼈 대머리수리 (26483),"3567.510, 755.088, 98.581","3567.510, 765.088, 98.581","3567.510, 745.088, 98.581"
4180,노스렌드,용의 안식처,신 하스글렌,상위지역 경계 대체,65,눈사태 숲 사슴 (26615),"3572.370, 1110.300, 148.846","3572.370, 1120.300, 148.846","3572.370, 1100.300, 148.846",굶주린 망자 (27290),"3528.940, -1069.420, 127.462","3528.940, -1059.420, 127.462","3528.940, -1079.420, 127.462",용뼈 대머리수리 (26483),"3567.510, 755.088, 98.581","3567.510, 765.088, 98.581","3567.510, 745.088, 98.581"
4181,노스렌드,용의 안식처,십자군 정박지,상위지역 경계 대체,65,눈사태 숲 사슴 (26615),"3572.370, 1110.300, 148.846","3572.370, 1120.300, 148.846","3572.370, 1100.300, 148.846",굶주린 망자 (27290),"3528.940, -1069.420, 127.462","3528.940, -1059.420, 127.462","3528.940, -1079.420, 127.462",용뼈 대머리수리 (26483),"3567.510, 755.088, 98.581","3567.510, 765.088, 98.581","3567.510, 745.088, 98.581"
4182,노스렌드,용의 안식처,불신자의 만용호,상위지역 경계 대체,65,눈사태 숲 사슴 (26615),"3572.370, 1110.300, 148.846","3572.370, 1120.300, 148.846","3572.370, 1100.300, 148.846",굶주린 망자 (27290),"3528.940, -1069.420, 127.462","3528.940, -1059.420, 127.462","3528.940, -1079.420, 127.462",용뼈 대머리수리 (26483),"3567.510, 755.088, 98.581","3567.510, 765.088, 98.581","3567.510, 745.088, 98.581"
4183,노스렌드,용의 안식처,청금석 용제단,상위지역 경계 대체,65,눈사태 숲 사슴 (26615),"3572.370, 1110.300, 148.846","3572.370, 1120.300, 148.846","3572.370, 1100.300, 148.846",굶주린 망자 (27290),"3528.940, -1069.420, 127.462","3528.940, -1059.420, 127.462","3528.940, -1079.420, 127.462",용뼈 대머리수리 (26483),"3567.510, 755.088, 98.581","3567.510, 765.088, 98.581","3567.510, 745.088, 98.581"
4184,노스렌드,용의 안식처,티탄의 길,상위지역 경계 대체,65,눈사태 숲 사슴 (26615),"3572.370, 1110.300, 148.846","3572.370, 1120.300, 148.846","3572.370, 1100.300, 148.846",굶주린 망자 (27290),"3528.940, -1069.420, 127.462","3528.940, -1059.420, 127.462","3528.940, -1079.420, 127.462",용뼈 대머리수리 (26483),"3567.510, 755.088, 98.581","3567.510, 765.088, 98.581","3567.510, 745.088, 98.581"
4185,노스렌드,용의 안식처,망각의 해변,상위지역 경계 대체,65,눈사태 숲 사슴 (26615),"3572.370, 1110.300, 148.846","3572.370, 1120.300, 148.846","3572.370, 1100.300, 148.846",굶주린 망자 (27290),"3528.940, -1069.420, 127.462","3528.940, -1059.420, 127.462","3528.940, -1079.420, 127.462",용뼈 대머리수리 (26483),"3567.510, 755.088, 98.581","3567.510, 765.088, 98.581","3567.510, 745.088, 98.581"
4186,노스렌드,용의 안식처,원한의 초소,상위지역 경계 대체,65,눈사태 숲 사슴 (26615),"3572.370, 1110.300, 148.846","3572.370, 1120.300, 148.846","3572.370, 1100.300, 148.846",굶주린 망자 (27290),"3528.940, -1069.420, 127.462","3528.940, -1059.420, 127.462","3528.940, -1079.420, 127.462",용뼈 대머리수리 (26483),"3567.510, 755.088, 98.581","3567.510, 765.088, 98.581","3567.510, 745.088, 98.581"
4187,노스렌드,용의 안식처,수정 계곡,상위지역 경계 대체,65,눈사태 숲 사슴 (26615),"3572.370, 1110.300, 148.846","3572.370, 1120.300, 148.846","3572.370, 1100.300, 148.846",굶주린 망자 (27290),"3528.940, -1069.420, 127.462","3528.940, -1059.420, 127.462","3528.940, -1079.420, 127.462",용뼈 대머리수리 (26483),"3567.510, 755.088, 98.581","3567.510, 765.088, 98.581","3567.510, 745.088, 98.581"
4188,노스렌드,용의 안식처,부패의 벌판,상위지역 경계 대체,65,눈사태 숲 사슴 (26615),"3572.370, 1110.300, 148.846","3572.370, 1120.300, 148.846","3572.370, 1100.300, 148.846",굶주린 망자 (27290),"3528.940, -1069.420, 127.462","3528.940, -1059.420, 127.462","3528.940, -1079.420, 127.462",용뼈 대머리수리 (26483),"3567.510, 755.088, 98.581","3567.510, 765.088, 98.581","3567.510, 745.088, 98.581"
4189,노스렌드,용의 안식처,붉은돌격대 주둔지,상위지역 경계 대체,65,눈사태 숲 사슴 (26615),"3572.370, 1110.300, 148.846","3572.370, 1120.300, 148.846","3572.370, 1100.300, 148.846",굶주린 망자 (27290),"3528.940, -1069.420, 127.462","3528.940, -1059.420, 127.462","3528.940, -1079.420, 127.462",용뼈 대머리수리 (26483),"3567.510, 755.088, 98.581","3567.510, 765.088, 98.581","3567.510, 745.088, 98.581"
4190,노스렌드,용의 안식처,토르손의 전초기지,상위지역 경계 대체,65,눈사태 숲 사슴 (26615),"3572.370, 1110.300, 148.846","3572.370, 1120.300, 148.846","3572.370, 1100.300, 148.846",굶주린 망자 (27290),"3528.940, -1069.420, 127.462","3528.940, -1059.420, 127.462","3528.940, -1079.420, 127.462",용뼈 대머리수리 (26483),"3567.510, 755.088, 98.581","3567.510, 765.088, 98.581","3567.510, 745.088, 98.581"
4191,노스렌드,용의 안식처,믿음의 빛 거점,상위지역 경계 대체,65,눈사태 숲 사슴 (26615),"3572.370, 1110.300, 148.846","3572.370, 1120.300, 148.846","3572.370, 1100.300, 148.846",굶주린 망자 (27290),"3528.940, -1069.420, 127.462","3528.940, -1059.420, 127.462","3528.940, -1079.420, 127.462",용뼈 대머리수리 (26483),"3567.510, 755.088, 98.581","3567.510, 765.088, 98.581","3567.510, 745.088, 98.581"
4192,노스렌드,용의 안식처,서리한 동굴,상위지역 경계 대체,65,눈사태 숲 사슴 (26615),"3572.370, 1110.300, 148.846","3572.370, 1120.300, 148.846","3572.370, 1100.300, 148.846",굶주린 망자 (27290),"3528.940, -1069.420, 127.462","3528.940, -1059.420, 127.462","3528.940, -1079.420, 127.462",용뼈 대머리수리 (26483),"3567.510, 755.088, 98.581","3567.510, 765.088, 98.581","3567.510, 745.088, 98.581"
4193,노스렌드,용의 안식처,붉은돌격대 초소,상위지역 경계 대체,65,눈사태 숲 사슴 (26615),"3572.370, 1110.300, 148.846","3572.370, 1120.300, 148.846","3572.370, 1100.300, 148.846",굶주린 망자 (27290),"3528.940, -1069.420, 127.462","3528.940, -1059.420, 127.462","3528.940, -1079.420, 127.462",용뼈 대머리수리 (26483),"3567.510, 755.088, 98.581","3567.510, 765.088, 98.581","3567.510, 745.088, 98.581"
4194,노스렌드,용의 안식처,진타칼라르,상위지역 경계 대체,65,눈사태 숲 사슴 (26615),"3572.370, 1110.300, 148.846","3572.370, 1120.300, 148.846","3572.370, 1100.300, 148.846",굶주린 망자 (27290),"3528.940, -1069.420, 127.462","3528.940, -1059.420, 127.462","3528.940, -1079.420, 127.462",용뼈 대머리수리 (26483),"3567.510, 755.088, 98.581","3567.510, 765.088, 98.581","3567.510, 745.088, 98.581"
4195,노스렌드,용의 안식처,얼음 심장 동굴,상위지역 경계 대체,65,눈사태 숲 사슴 (26615),"3572.370, 1110.300, 148.846","3572.370, 1120.300, 148.846","3572.370, 1100.300, 148.846",굶주린 망자 (27290),"3528.940, -1069.420, 127.462","3528.940, -1059.420, 127.462","3528.940, -1079.420, 127.462",용뼈 대머리수리 (26483),"3567.510, 755.088, 98.581","3567.510, 765.088, 98.581","3567.510, 745.088, 98.581"
4197,노스렌드,,겨울손아귀 호수,지역 경계 직접,4197,아눕아르 학살자 (26606),"4154.710, 2343.870, 121.847","4154.710, 2353.870, 121.847","4154.710, 2333.870, 121.847",빙하의 정령 (30846),"4672.680, 2779.120, 338.747","4672.680, 2789.120, 338.747","4672.680, 2769.120, 338.747",한기의 대지 정령 (30849),"4758.890, 2759.370, 355.925","4758.890, 2769.370, 355.925","4758.890, 2749.370, 355.925"
4198,노스렌드,용의 안식처,킬리우아의 산호섬,상위지역 경계 대체,65,눈사태 숲 사슴 (26615),"3572.370, 1110.300, 148.846","3572.370, 1120.300, 148.846","3572.370, 1100.300, 148.846",굶주린 망자 (27290),"3528.940, -1069.420, 127.462","3528.940, -1059.420, 127.462","3528.940, -1079.420, 127.462",용뼈 대머리수리 (26483),"3567.510, 755.088, 98.581","3567.510, 765.088, 98.581","3567.510, 745.088, 98.581"
4199,노스렌드,회색 구릉지,은빛시내 마을,상위지역 경계 대체,394,긴뿔 순록 (26363),"3815.740, -3532.190, 248.631","3815.740, -3522.190, 248.631","3815.740, -3542.190, 248.631",서리뿔 산양 (23740),"3279.640, -4430.550, 327.579","3279.640, -4420.550, 327.579","3279.640, -4440.550, 327.579",굶주린 망자 (27290),"3505.120, -1226.770, 109.837","3505.120, -1216.770, 109.837","3505.120, -1236.770, 109.837"
4200,노스렌드,회색 구릉지,볼드랏실의 심장,상위지역 경계 대체,394,긴뿔 순록 (26363),"3815.740, -3532.190, 248.631","3815.740, -3522.190, 248.631","3815.740, -3542.190, 248.631",서리뿔 산양 (23740),"3279.640, -4430.550, 327.579","3279.640, -4420.550, 327.579","3279.640, -4440.550, 327.579",굶주린 망자 (27290),"3505.120, -1226.770, 109.837","3505.120, -1216.770, 109.837","3505.120, -1236.770, 109.837"
4201,노스렌드,,볼드랏실의 눈물,없음,,없음,,,,없음,,,,없음,,,
4202,노스렌드,회색 구릉지,볼드랏실의 눈물,상위지역 경계 대체,394,긴뿔 순록 (26363),"3815.740, -3532.190, 248.631","3815.740, -3522.190, 248.631","3815.740, -3542.190, 248.631",서리뿔 산양 (23740),"3279.640, -4430.550, 327.579","3279.640, -4420.550, 327.579","3279.640, -4440.550, 327.579",굶주린 망자 (27290),"3505.120, -1226.770, 109.837","3505.120, -1216.770, 109.837","3505.120, -1236.770, 109.837"
4203,노스렌드,회색 구릉지,볼드랏실의 가지,상위지역 경계 대체,394,긴뿔 순록 (26363),"3815.740, -3532.190, 248.631","3815.740, -3522.190, 248.631","3815.740, -3542.190, 248.631",서리뿔 산양 (23740),"3279.640, -4430.550, 327.579","3279.640, -4420.550, 327.579","3279.640, -4440.550, 327.579",굶주린 망자 (27290),"3505.120, -1226.770, 109.837","3505.120, -1216.770, 109.837","3505.120, -1236.770, 109.837"
4204,노스렌드,회색 구릉지,호박빛소나무 오두막,상위지역 경계 대체,394,긴뿔 순록 (26363),"3815.740, -3532.190, 248.631","3815.740, -3522.190, 248.631","3815.740, -3542.190, 248.631",서리뿔 산양 (23740),"3279.640, -4430.550, 327.579","3279.640, -4420.550, 327.579","3279.640, -4440.550, 327.579",굶주린 망자 (27290),"3505.120, -1226.770, 109.837","3505.120, -1216.770, 109.837","3505.120, -1236.770, 109.837"
4205,노스렌드,회색 구릉지,극지 마을,상위지역 경계 대체,394,긴뿔 순록 (26363),"3815.740, -3532.190, 248.631","3815.740, -3522.190, 248.631","3815.740, -3542.190, 248.631",서리뿔 산양 (23740),"3279.640, -4430.550, 327.579","3279.640, -4420.550, 327.579","3279.640, -4440.550, 327.579",굶주린 망자 (27290),"3505.120, -1226.770, 109.837","3505.120, -1216.770, 109.837","3505.120, -1236.770, 109.837"
4206,노스렌드,회색 구릉지,정복의 요새,상위지역 경계 대체,394,긴뿔 순록 (26363),"3815.740, -3532.190, 248.631","3815.740, -3522.190, 248.631","3815.740, -3542.190, 248.631",서리뿔 산양 (23740),"3279.640, -4430.550, 327.579","3279.640, -4420.550, 327.579","3279.640, -4440.550, 327.579",굶주린 망자 (27290),"3505.120, -1226.770, 109.837","3505.120, -1216.770, 109.837","3505.120, -1236.770, 109.837"
4207,노스렌드,회색 구릉지,볼드룬,상위지역 경계 대체,394,긴뿔 순록 (26363),"3815.740, -3532.190, 248.631","3815.740, -3522.190, 248.631","3815.740, -3542.190, 248.631",서리뿔 산양 (23740),"3279.640, -4430.550, 327.579","3279.640, -4420.550, 327.579","3279.640, -4440.550, 327.579",굶주린 망자 (27290),"3505.120, -1226.770, 109.837","3505.120, -1216.770, 109.837","3505.120, -1236.770, 109.837"
4208,노스렌드,회색 구릉지,화강암 웅덩이,상위지역 경계 대체,394,긴뿔 순록 (26363),"3815.740, -3532.190, 248.631","3815.740, -3522.190, 248.631","3815.740, -3542.190, 248.631",서리뿔 산양 (23740),"3279.640, -4430.550, 327.579","3279.640, -4420.550, 327.579","3279.640, -4440.550, 327.579",굶주린 망자 (27290),"3505.120, -1226.770, 109.837","3505.120, -1216.770, 109.837","3505.120, -1236.770, 109.837"
4209,노스렌드,회색 구릉지,제브할락,상위지역 경계 대체,394,긴뿔 순록 (26363),"3815.740, -3532.190, 248.631","3815.740, -3522.190, 248.631","3815.740, -3542.190, 248.631",서리뿔 산양 (23740),"3279.640, -4430.550, 327.579","3279.640, -4420.550, 327.579","3279.640, -4440.550, 327.579",굶주린 망자 (27290),"3505.120, -1226.770, 109.837","3505.120, -1216.770, 109.837","3505.120, -1236.770, 109.837"
4210,노스렌드,회색 구릉지,드락타론 성채,상위지역 경계 대체,394,긴뿔 순록 (26363),"3815.740, -3532.190, 248.631","3815.740, -3522.190, 248.631","3815.740, -3542.190, 248.631",서리뿔 산양 (23740),"3279.640, -4430.550, 327.579","3279.640, -4420.550, 327.579","3279.640, -4440.550, 327.579",굶주린 망자 (27290),"3505.120, -1226.770, 109.837","3505.120, -1216.770, 109.837","3505.120, -1236.770, 109.837"
4211,노스렌드,회색 구릉지,원크와 야영지,상위지역 경계 대체,394,긴뿔 순록 (26363),"3815.740, -3532.190, 248.631","3815.740, -3522.190, 248.631","3815.740, -3542.190, 248.631",서리뿔 산양 (23740),"3279.640, -4430.550, 327.579","3279.640, -4420.550, 327.579","3279.640, -4440.550, 327.579",굶주린 망자 (27290),"3505.120, -1226.770, 109.837","3505.120, -1216.770, 109.837","3505.120, -1236.770, 109.837"
4212,노스렌드,회색 구릉지,샛바람 해안,상위지역 경계 대체,394,긴뿔 순록 (26363),"3815.740, -3532.190, 248.631","3815.740, -3522.190, 248.631","3815.740, -3542.190, 248.631",서리뿔 산양 (23740),"3279.640, -4430.550, 327.579","3279.640, -4420.550, 327.579","3279.640, -4440.550, 327.579",굶주린 망자 (27290),"3505.120, -1226.770, 109.837","3505.120, -1216.770, 109.837","3505.120, -1236.770, 109.837"
4213,노스렌드,회색 구릉지,부서진 절벽,상위지역 경계 대체,394,긴뿔 순록 (26363),"3815.740, -3532.190, 248.631","3815.740, -3522.190, 248.631","3815.740, -3542.190, 248.631",서리뿔 산양 (23740),"3279.640, -4430.550, 327.579","3279.640, -4420.550, 327.579","3279.640, -4440.550, 327.579",굶주린 망자 (27290),"3505.120, -1226.770, 109.837","3505.120, -1216.770, 109.837","3505.120, -1236.770, 109.837"
4214,노스렌드,회색 구릉지,바위 언덕,상위지역 경계 대체,394,긴뿔 순록 (26363),"3815.740, -3532.190, 248.631","3815.740, -3522.190, 248.631","3815.740, -3542.190, 248.631",서리뿔 산양 (23740),"3279.640, -4430.550, 327.579","3279.640, -4420.550, 327.579","3279.640, -4440.550, 327.579",굶주린 망자 (27290),"3505.120, -1226.770, 109.837","3505.120, -1216.770, 109.837","3505.120, -1236.770, 109.837"
4215,노스렌드,회색 구릉지,분노의 송곳니 제단,상위지역 경계 대체,394,긴뿔 순록 (26363),"3815.740, -3532.190, 248.631","3815.740, -3522.190, 248.631","3815.740, -3542.190, 248.631",서리뿔 산양 (23740),"3279.640, -4430.550, 327.579","3279.640, -4420.550, 327.579","3279.640, -4440.550, 327.579",굶주린 망자 (27290),"3505.120, -1226.770, 109.837","3505.120, -1216.770, 109.837","3505.120, -1236.770, 109.837"
4216,노스렌드,회색 구릉지,드라킬진 폐허,상위지역 경계 대체,394,긴뿔 순록 (26363),"3815.740, -3532.190, 248.631","3815.740, -3522.190, 248.631","3815.740, -3542.190, 248.631",서리뿔 산양 (23740),"3279.640, -4430.550, 327.579","3279.640, -4420.550, 327.579","3279.640, -4440.550, 327.579",굶주린 망자 (27290),"3505.120, -1226.770, 109.837","3505.120, -1216.770, 109.837","3505.120, -1236.770, 109.837"
4217,노스렌드,회색 구릉지,검은강 벌목지,상위지역 경계 대체,394,긴뿔 순록 (26363),"3815.740, -3532.190, 248.631","3815.740, -3522.190, 248.631","3815.740, -3542.190, 248.631",서리뿔 산양 (23740),"3279.640, -4430.550, 327.579","3279.640, -4420.550, 327.579","3279.640, -4440.550, 327.579",굶주린 망자 (27290),"3505.120, -1226.770, 109.837","3505.120, -1216.770, 109.837","3505.120, -1236.770, 109.837"
4218,노스렌드,회색 구릉지,혈심장 제단,상위지역 경계 대체,394,긴뿔 순록 (26363),"3815.740, -3532.190, 248.631","3815.740, -3522.190, 248.631","3815.740, -3542.190, 248.631",서리뿔 산양 (23740),"3279.640, -4430.550, 327.579","3279.640, -4420.550, 327.579","3279.640, -4440.550, 327.579",굶주린 망자 (27290),"3505.120, -1226.770, 109.837","3505.120, -1216.770, 109.837","3505.120, -1236.770, 109.837"
4219,노스렌드,회색 구릉지,빈돌 광산,상위지역 경계 대체,394,긴뿔 순록 (26363),"3815.740, -3532.190, 248.631","3815.740, -3522.190, 248.631","3815.740, -3542.190, 248.631",서리뿔 산양 (23740),"3279.640, -4430.550, 327.579","3279.640, -4420.550, 327.579","3279.640, -4440.550, 327.579",굶주린 망자 (27290),"3505.120, -1226.770, 109.837","3505.120, -1216.770, 109.837","3505.120, -1236.770, 109.837"
4220,노스렌드,회색 구릉지,던 아르골,상위지역 경계 대체,394,긴뿔 순록 (26363),"3815.740, -3532.190, 248.631","3815.740, -3522.190, 248.631","3815.740, -3542.190, 248.631",서리뿔 산양 (23740),"3279.640, -4430.550, 327.579","3279.640, -4420.550, 327.579","3279.640, -4440.550, 327.579",굶주린 망자 (27290),"3505.120, -1226.770, 109.837","3505.120, -1216.770, 109.837","3505.120, -1236.770, 109.837"
4221,노스렌드,회색 구릉지,토르 모단,상위지역 경계 대체,394,긴뿔 순록 (26363),"3815.740, -3532.190, 248.631","3815.740, -3522.190, 248.631","3815.740, -3542.190, 248.631",서리뿔 산양 (23740),"3279.640, -4430.550, 327.579","3279.640, -4420.550, 327.579","3279.640, -4440.550, 327.579",굶주린 망자 (27290),"3505.120, -1226.770, 109.837","3505.120, -1216.770, 109.837","3505.120, -1236.770, 109.837"
4222,노스렌드,회색 구릉지,푸른 하늘 벌목장,상위지역 경계 대체,394,긴뿔 순록 (26363),"3815.740, -3532.190, 248.631","3815.740, -3522.190, 248.631","3815.740, -3542.190, 248.631",서리뿔 산양 (23740),"3279.640, -4430.550, 327.579","3279.640, -4420.550, 327.579","3279.640, -4440.550, 327.579",굶주린 망자 (27290),"3505.120, -1226.770, 109.837","3505.120, -1216.770, 109.837","3505.120, -1236.770, 109.837"
4223,노스렌드,용의 안식처,넬타리온의 턱,상위지역 경계 대체,65,눈사태 숲 사슴 (26615),"3572.370, 1110.300, 148.846","3572.370, 1120.300, 148.846","3572.370, 1100.300, 148.846",굶주린 망자 (27290),"3528.940, -1069.420, 127.462","3528.940, -1059.420, 127.462","3528.940, -1079.420, 127.462",용뼈 대머리수리 (26483),"3567.510, 755.088, 98.581","3567.510, 765.088, 98.581","3567.510, 745.088, 98.581"
4224,노스렌드,용의 안식처,소금바위 봉우리,상위지역 경계 대체,65,눈사태 숲 사슴 (26615),"3572.370, 1110.300, 148.846","3572.370, 1120.300, 148.846","3572.370, 1100.300, 148.846",굶주린 망자 (27290),"3528.940, -1069.420, 127.462","3528.940, -1059.420, 127.462","3528.940, -1079.420, 127.462",용뼈 대머리수리 (26483),"3567.510, 755.088, 98.581","3567.510, 765.088, 98.581","3567.510, 745.088, 98.581"
4225,노스렌드,용의 안식처,반짝이는 해안,상위지역 경계 대체,65,눈사태 숲 사슴 (26615),"3572.370, 1110.300, 148.846","3572.370, 1120.300, 148.846","3572.370, 1100.300, 148.846",굶주린 망자 (27290),"3528.940, -1069.420, 127.462","3528.940, -1059.420, 127.462","3528.940, -1079.420, 127.462",용뼈 대머리수리 (26483),"3567.510, 755.088, 98.581","3567.510, 765.088, 98.581","3567.510, 745.088, 98.581"
4226,노스렌드,울부짖는 협만,이스카알,상위지역 경계 대체,495,뾰족엄니 (23690),"1223.380, -4393.920, 159.790","1223.380, -4383.920, 159.790","1223.380, -4403.920, 159.790",새끼 뾰족엄니 (24791),"1182.580, -4437.890, 170.242","1182.580, -4427.890, 170.242","1182.580, -4447.890, 170.242",수컷 뾰족엄니 (23691),"1222.560, -4382.410, 158.040","1222.560, -4372.410, 158.040","1222.560, -4392.410, 158.040"
4227,노스렌드,용의 안식처,용사냥 마루,상위지역 경계 대체,65,눈사태 숲 사슴 (26615),"3572.370, 1110.300, 148.846","3572.370, 1120.300, 148.846","3572.370, 1100.300, 148.846",굶주린 망자 (27290),"3528.940, -1069.420, 127.462","3528.940, -1059.420, 127.462","3528.940, -1079.420, 127.462",용뼈 대머리수리 (26483),"3567.510, 755.088, 98.581","3567.510, 765.088, 98.581","3567.510, 745.088, 98.581"
4229,노스렌드,회색 구릉지,발굴단 거점,상위지역 경계 대체,394,긴뿔 순록 (26363),"3815.740, -3532.190, 248.631","3815.740, -3522.190, 248.631","3815.740, -3542.190, 248.631",서리뿔 산양 (23740),"3279.640, -4430.550, 327.579","3279.640, -4420.550, 327.579","3279.640, -4440.550, 327.579",굶주린 망자 (27290),"3505.120, -1226.770, 109.837","3505.120, -1216.770, 109.837","3505.120, -1236.770, 109.837"
4230,노스렌드,용의 안식처,눈바람 언덕,상위지역 경계 대체,65,눈사태 숲 사슴 (26615),"3572.370, 1110.300, 148.846","3572.370, 1120.300, 148.846","3572.370, 1100.300, 148.846",굶주린 망자 (27290),"3528.940, -1069.420, 127.462","3528.940, -1059.420, 127.462","3528.940, -1079.420, 127.462",용뼈 대머리수리 (26483),"3567.510, 755.088, 98.581","3567.510, 765.088, 98.581","3567.510, 745.088, 98.581"
4231,노스렌드,회색 구릉지,붉은나무 교역소,상위지역 경계 대체,394,긴뿔 순록 (26363),"3815.740, -3532.190, 248.631","3815.740, -3522.190, 248.631","3815.740, -3542.190, 248.631",서리뿔 산양 (23740),"3279.640, -4430.550, 327.579","3279.640, -4420.550, 327.579","3279.640, -4440.550, 327.579",굶주린 망자 (27290),"3505.120, -1226.770, 109.837","3505.120, -1216.770, 109.837","3505.120, -1236.770, 109.837"
4232,노스렌드,용의 안식처,복수의 고개,상위지역 경계 대체,65,눈사태 숲 사슴 (26615),"3572.370, 1110.300, 148.846","3572.370, 1120.300, 148.846","3572.370, 1100.300, 148.846",굶주린 망자 (27290),"3528.940, -1069.420, 127.462","3528.940, -1059.420, 127.462","3528.940, -1079.420, 127.462",용뼈 대머리수리 (26483),"3567.510, 755.088, 98.581","3567.510, 765.088, 98.581","3567.510, 745.088, 98.581"
4233,노스렌드,용의 안식처,십자군 주둔지,상위지역 경계 대체,65,눈사태 숲 사슴 (26615),"3572.370, 1110.300, 148.846","3572.370, 1120.300, 148.846","3572.370, 1100.300, 148.846",굶주린 망자 (27290),"3528.940, -1069.420, 127.462","3528.940, -1059.420, 127.462","3528.940, -1079.420, 127.462",용뼈 대머리수리 (26483),"3567.510, 755.088, 98.581","3567.510, 765.088, 98.581","3567.510, 745.088, 98.581"
4234,노스렌드,용의 안식처,낙스라마스,상위지역 경계 대체,65,눈사태 숲 사슴 (26615),"3572.370, 1110.300, 148.846","3572.370, 1120.300, 148.846","3572.370, 1100.300, 148.846",굶주린 망자 (27290),"3528.940, -1069.420, 127.462","3528.940, -1059.420, 127.462","3528.940, -1079.420, 127.462",용뼈 대머리수리 (26483),"3567.510, 755.088, 98.581","3567.510, 765.088, 98.581","3567.510, 745.088, 98.581"
4235,노스렌드,회색 구릉지,심재 교역소,상위지역 경계 대체,394,긴뿔 순록 (26363),"3815.740, -3532.190, 248.631","3815.740, -3522.190, 248.631","3815.740, -3542.190, 248.631",서리뿔 산양 (23740),"3279.640, -4430.550, 327.579","3279.640, -4420.550, 327.579","3279.640, -4440.550, 327.579",굶주린 망자 (27290),"3505.120, -1226.770, 109.837","3505.120, -1216.770, 109.837","3505.120, -1236.770, 109.837"
4236,노스렌드,회색 구릉지,사철나무 교역소,상위지역 경계 대체,394,긴뿔 순록 (26363),"3815.740, -3532.190, 248.631","3815.740, -3522.190, 248.631","3815.740, -3542.190, 248.631",서리뿔 산양 (23740),"3279.640, -4430.550, 327.579","3279.640, -4420.550, 327.579","3279.640, -4440.550, 327.579",굶주린 망자 (27290),"3505.120, -1226.770, 109.837","3505.120, -1216.770, 109.837","3505.120, -1236.770, 109.837"
4237,노스렌드,회색 구릉지,전나무 거점 주둔지,상위지역 경계 대체,394,긴뿔 순록 (26363),"3815.740, -3532.190, 248.631","3815.740, -3522.190, 248.631","3815.740, -3542.190, 248.631",서리뿔 산양 (23740),"3279.640, -4430.550, 327.579","3279.640, -4420.550, 327.579","3279.640, -4440.550, 327.579",굶주린 망자 (27290),"3505.120, -1226.770, 109.837","3505.120, -1216.770, 109.837","3505.120, -1236.770, 109.837"
4238,노스렌드,회색 구릉지,흰 소나무 교역소,상위지역 경계 대체,394,긴뿔 순록 (26363),"3815.740, -3532.190, 248.631","3815.740, -3522.190, 248.631","3815.740, -3542.190, 248.631",서리뿔 산양 (23740),"3279.640, -4430.550, 327.579","3279.640, -4420.550, 327.579","3279.640, -4440.550, 327.579",굶주린 망자 (27290),"3505.120, -1226.770, 109.837","3505.120, -1216.770, 109.837","3505.120, -1236.770, 109.837"
4239,노스렌드,회색 구릉지,미루나무 숲 초소,상위지역 경계 대체,394,긴뿔 순록 (26363),"3815.740, -3532.190, 248.631","3815.740, -3522.190, 248.631","3815.740, -3542.190, 248.631",서리뿔 산양 (23740),"3279.640, -4430.550, 327.579","3279.640, -4420.550, 327.579","3279.640, -4440.550, 327.579",굶주린 망자 (27290),"3505.120, -1226.770, 109.837","3505.120, -1216.770, 109.837","3505.120, -1236.770, 109.837"
4240,노스렌드,회색 구릉지,숲 가장자리 초소,상위지역 경계 대체,394,긴뿔 순록 (26363),"3815.740, -3532.190, 248.631","3815.740, -3522.190, 248.631","3815.740, -3542.190, 248.631",서리뿔 산양 (23740),"3279.640, -4430.550, 327.579","3279.640, -4420.550, 327.579","3279.640, -4440.550, 327.579",굶주린 망자 (27290),"3505.120, -1226.770, 109.837","3505.120, -1216.770, 109.837","3505.120, -1236.770, 109.837"
4241,노스렌드,용의 안식처,으스스한 언덕,상위지역 경계 대체,65,눈사태 숲 사슴 (26615),"3572.370, 1110.300, 148.846","3572.370, 1120.300, 148.846","3572.370, 1100.300, 148.846",굶주린 망자 (27290),"3528.940, -1069.420, 127.462","3528.940, -1059.420, 127.462","3528.940, -1079.420, 127.462",용뼈 대머리수리 (26483),"3567.510, 755.088, 98.581","3567.510, 765.088, 98.581","3567.510, 745.088, 98.581"
4242,노스렌드,회색 구릉지,투자개발 만,상위지역 경계 대체,394,긴뿔 순록 (26363),"3815.740, -3532.190, 248.631","3815.740, -3522.190, 248.631","3815.740, -3542.190, 248.631",서리뿔 산양 (23740),"3279.640, -4430.550, 327.579","3279.640, -4420.550, 327.579","3279.640, -4440.550, 327.579",굶주린 망자 (27290),"3505.120, -1226.770, 109.837","3505.120, -1216.770, 109.837","3505.120, -1236.770, 109.837"
4243,노스렌드,용의 안식처,윈터가드 납골당,상위지역 경계 대체,65,눈사태 숲 사슴 (26615),"3572.370, 1110.300, 148.846","3572.370, 1120.300, 148.846","3572.370, 1100.300, 148.846",굶주린 망자 (27290),"3528.940, -1069.420, 127.462","3528.940, -1059.420, 127.462","3528.940, -1079.420, 127.462",용뼈 대머리수리 (26483),"3567.510, 755.088, 98.581","3567.510, 765.088, 98.581","3567.510, 745.088, 98.581"
4244,노스렌드,회색 구릉지,핏빛달 섬,상위지역 경계 대체,394,긴뿔 순록 (26363),"3815.740, -3532.190, 248.631","3815.740, -3522.190, 248.631","3815.740, -3542.190, 248.631",서리뿔 산양 (23740),"3279.640, -4430.550, 327.579","3279.640, -4420.550, 327.579","3279.640, -4440.550, 327.579",굶주린 망자 (27290),"3505.120, -1226.770, 109.837","3505.120, -1216.770, 109.837","3505.120, -1236.770, 109.837"
4245,노스렌드,회색 구릉지,그림자송곳니 탑,상위지역 경계 대체,394,긴뿔 순록 (26363),"3815.740, -3532.190, 248.631","3815.740, -3522.190, 248.631","3815.740, -3542.190, 248.631",서리뿔 산양 (23740),"3279.640, -4430.550, 327.579","3279.640, -4420.550, 327.579","3279.640, -4440.550, 327.579",굶주린 망자 (27290),"3505.120, -1226.770, 109.837","3505.120, -1216.770, 109.837","3505.120, -1236.770, 109.837"
4246,노스렌드,용의 안식처,윈터가드 묘지,상위지역 경계 대체,65,눈사태 숲 사슴 (26615),"3572.370, 1110.300, 148.846","3572.370, 1120.300, 148.846","3572.370, 1100.300, 148.846",굶주린 망자 (27290),"3528.940, -1069.420, 127.462","3528.940, -1059.420, 127.462","3528.940, -1079.420, 127.462",용뼈 대머리수리 (26483),"3567.510, 755.088, 98.581","3567.510, 765.088, 98.581","3567.510, 745.088, 98.581"
4247,노스렌드,회색 구릉지,그늘울음 동굴,상위지역 경계 대체,394,긴뿔 순록 (26363),"3815.740, -3532.190, 248.631","3815.740, -3522.190, 248.631","3815.740, -3542.190, 248.631",서리뿔 산양 (23740),"3279.640, -4430.550, 327.579","3279.640, -4420.550, 327.579","3279.640, -4440.550, 327.579",굶주린 망자 (27290),"3505.120, -1226.770, 109.837","3505.120, -1216.770, 109.837","3505.120, -1236.770, 109.837"
4248,노스렌드,회색 구릉지,정복의 요새 투기장,상위지역 경계 대체,394,긴뿔 순록 (26363),"3815.740, -3532.190, 248.631","3815.740, -3522.190, 248.631","3815.740, -3542.190, 248.631",서리뿔 산양 (23740),"3279.640, -4430.550, 327.579","3279.640, -4420.550, 327.579","3279.640, -4440.550, 327.579",굶주린 망자 (27290),"3505.120, -1226.770, 109.837","3505.120, -1216.770, 109.837","3505.120, -1236.770, 109.837"
4249,노스렌드,회색 구릉지,무쇠단의 길,상위지역 경계 대체,394,긴뿔 순록 (26363),"3815.740, -3532.190, 248.631","3815.740, -3522.190, 248.631","3815.740, -3542.190, 248.631",서리뿔 산양 (23740),"3279.640, -4430.550, 327.579","3279.640, -4420.550, 327.579","3279.640, -4440.550, 327.579",굶주린 망자 (27290),"3505.120, -1226.770, 109.837","3505.120, -1216.770, 109.837","3505.120, -1236.770, 109.837"
4250,노스렌드,회색 구릉지,테시스의 폐허,상위지역 경계 대체,394,긴뿔 순록 (26363),"3815.740, -3532.190, 248.631","3815.740, -3522.190, 248.631","3815.740, -3542.190, 248.631",서리뿔 산양 (23740),"3279.640, -4430.550, 327.579","3279.640, -4420.550, 327.579","3279.640, -4440.550, 327.579",굶주린 망자 (27290),"3505.120, -1226.770, 109.837","3505.120, -1216.770, 109.837","3505.120, -1236.770, 109.837"
4251,노스렌드,회색 구릉지,은빛시내 언덕,상위지역 경계 대체,394,긴뿔 순록 (26363),"3815.740, -3532.190, 248.631","3815.740, -3522.190, 248.631","3815.740, -3542.190, 248.631",서리뿔 산양 (23740),"3279.640, -4430.550, 327.579","3279.640, -4420.550, 327.579","3279.640, -4440.550, 327.579",굶주린 망자 (27290),"3505.120, -1226.770, 109.837","3505.120, -1216.770, 109.837","3505.120, -1236.770, 109.837"
4252,노스렌드,울부짖는 협만,부서진 절벽,상위지역 경계 대체,495,뾰족엄니 (23690),"1223.380, -4393.920, 159.790","1223.380, -4383.920, 159.790","1223.380, -4403.920, 159.790",새끼 뾰족엄니 (24791),"1182.580, -4437.890, 170.242","1182.580, -4427.890, 170.242","1182.580, -4447.890, 170.242",수컷 뾰족엄니 (23691),"1222.560, -4382.410, 158.040","1222.560, -4372.410, 158.040","1222.560, -4392.410, 158.040"
4253,노스렌드,용의 안식처,7군단 전초지,상위지역 경계 대체,65,눈사태 숲 사슴 (26615),"3572.370, 1110.300, 148.846","3572.370, 1120.300, 148.846","3572.370, 1100.300, 148.846",굶주린 망자 (27290),"3528.940, -1069.420, 127.462","3528.940, -1059.420, 127.462","3528.940, -1079.420, 127.462",용뼈 대머리수리 (26483),"3567.510, 755.088, 98.581","3567.510, 765.088, 98.581","3567.510, 745.088, 98.581"
4254,노스렌드,용의 안식처,용의 황무지,상위지역 경계 대체,65,눈사태 숲 사슴 (26615),"3572.370, 1110.300, 148.846","3572.370, 1120.300, 148.846","3572.370, 1100.300, 148.846",굶주린 망자 (27290),"3528.940, -1069.420, 127.462","3528.940, -1059.420, 127.462","3528.940, -1079.420, 127.462",용뼈 대머리수리 (26483),"3567.510, 755.088, 98.581","3567.510, 765.088, 98.581","3567.510, 745.088, 98.581"
4255,노스렌드,회색 구릉지,드락진 폐허,상위지역 경계 대체,394,긴뿔 순록 (26363),"3815.740, -3532.190, 248.631","3815.740, -3522.190, 248.631","3815.740, -3542.190, 248.631",서리뿔 산양 (23740),"3279.640, -4430.550, 327.579","3279.640, -4420.550, 327.579","3279.640, -4440.550, 327.579",굶주린 망자 (27290),"3505.120, -1226.770, 109.837","3505.120, -1216.770, 109.837","3505.120, -1236.770, 109.837"
4256,노스렌드,용의 안식처,드락마 호수,상위지역 경계 대체,65,눈사태 숲 사슴 (26615),"3572.370, 1110.300, 148.846","3572.370, 1120.300, 148.846","3572.370, 1100.300, 148.846",굶주린 망자 (27290),"3528.940, -1069.420, 127.462","3528.940, -1059.420, 127.462","3528.940, -1079.420, 127.462",용뼈 대머리수리 (26483),"3567.510, 755.088, 98.581","3567.510, 765.088, 98.581","3567.510, 745.088, 98.581"
4257,노스렌드,용의 안식처,용돌기 강,상위지역 경계 대체,65,눈사태 숲 사슴 (26615),"3572.370, 1110.300, 148.846","3572.370, 1120.300, 148.846","3572.370, 1100.300, 148.846",굶주린 망자 (27290),"3528.940, -1069.420, 127.462","3528.940, -1059.420, 127.462","3528.940, -1079.420, 127.462",용뼈 대머리수리 (26483),"3567.510, 755.088, 98.581","3567.510, 765.088, 98.581","3567.510, 745.088, 98.581"
4258,노스렌드,,북해,없음,,없음,,,,없음,,,,없음,,,
4259,노스렌드,회색 구릉지,드락우랄,상위지역 경계 대체,394,긴뿔 순록 (26363),"3815.740, -3532.190, 248.631","3815.740, -3522.190, 248.631","3815.740, -3542.190, 248.631",서리뿔 산양 (23740),"3279.640, -4430.550, 327.579","3279.640, -4420.550, 327.579","3279.640, -4440.550, 327.579",굶주린 망자 (27290),"3505.120, -1226.770, 109.837","3505.120, -1216.770, 109.837","3505.120, -1236.770, 109.837"
4260,노스렌드,울부짖는 협만,토르발트의 야영지,상위지역 경계 대체,495,뾰족엄니 (23690),"1223.380, -4393.920, 159.790","1223.380, -4383.920, 159.790","1223.380, -4403.920, 159.790",새끼 뾰족엄니 (24791),"1182.580, -4437.890, 170.242","1182.580, -4427.890, 170.242","1182.580, -4447.890, 170.242",수컷 뾰족엄니 (23691),"1222.560, -4382.410, 158.040","1222.560, -4372.410, 158.040","1222.560, -4392.410, 158.040"
4261,노스렌드,울부짖는 협만,유령칼날 초소,상위지역 경계 대체,495,뾰족엄니 (23690),"1223.380, -4393.920, 159.790","1223.380, -4383.920, 159.790","1223.380, -4403.920, 159.790",새끼 뾰족엄니 (24791),"1182.580, -4437.890, 170.242","1182.580, -4427.890, 170.242","1182.580, -4447.890, 170.242",수컷 뾰족엄니 (23691),"1222.560, -4382.410, 158.040","1222.560, -4372.410, 158.040","1222.560, -4392.410, 158.040"
4262,노스렌드,회색 구릉지,잿빛나무 초소,상위지역 경계 대체,394,긴뿔 순록 (26363),"3815.740, -3532.190, 248.631","3815.740, -3522.190, 248.631","3815.740, -3542.190, 248.631",서리뿔 산양 (23740),"3279.640, -4430.550, 327.579","3279.640, -4420.550, 327.579","3279.640, -4440.550, 327.579",굶주린 망자 (27290),"3505.120, -1226.770, 109.837","3505.120, -1216.770, 109.837","3505.120, -1236.770, 109.837"
4263,노스렌드,울부짖는 협만,리델의 매복지,상위지역 경계 대체,495,뾰족엄니 (23690),"1223.380, -4393.920, 159.790","1223.380, -4383.920, 159.790","1223.380, -4403.920, 159.790",새끼 뾰족엄니 (24791),"1182.580, -4437.890, 170.242","1182.580, -4427.890, 170.242","1182.580, -4447.890, 170.242",수컷 뾰족엄니 (23691),"1222.560, -4382.410, 158.040","1222.560, -4372.410, 158.040","1222.560, -4392.410, 158.040"
4266,노스렌드,회색 구릉지,하코르의 야영지,상위지역 경계 대체,394,긴뿔 순록 (26363),"3815.740, -3532.190, 248.631","3815.740, -3522.190, 248.631","3815.740, -3542.190, 248.631",서리뿔 산양 (23740),"3279.640, -4430.550, 327.579","3279.640, -4420.550, 327.579","3279.640, -4440.550, 327.579",굶주린 망자 (27290),"3505.120, -1226.770, 109.837","3505.120, -1216.770, 109.837","3505.120, -1236.770, 109.837"
4267,노스렌드,회색 구릉지,볼드랏실 고개,상위지역 경계 대체,394,긴뿔 순록 (26363),"3815.740, -3532.190, 248.631","3815.740, -3522.190, 248.631","3815.740, -3542.190, 248.631",서리뿔 산양 (23740),"3279.640, -4430.550, 327.579","3279.640, -4420.550, 327.579","3279.640, -4440.550, 327.579",굶주린 망자 (27290),"3505.120, -1226.770, 109.837","3505.120, -1216.770, 109.837","3505.120, -1236.770, 109.837"
4268,노스렌드,회색 구릉지,루나의 야영지,상위지역 경계 대체,394,긴뿔 순록 (26363),"3815.740, -3532.190, 248.631","3815.740, -3522.190, 248.631","3815.740, -3542.190, 248.631",서리뿔 산양 (23740),"3279.640, -4430.550, 327.579","3279.640, -4420.550, 327.579","3279.640, -4440.550, 327.579",굶주린 망자 (27290),"3505.120, -1226.770, 109.837","3505.120, -1216.770, 109.837","3505.120, -1236.770, 109.837"
4269,노스렌드,북풍의 땅,비늘 제단,상위지역 경계 대체,3537,습지대 순록 (25680),"2808.650, 5416.670, 61.032","2808.650, 5426.670, 61.032","2808.650, 5406.670, 61.032",새끼 털북숭이 코뿔소 (25488),"3262.210, 5892.360, 92.588","3262.210, 5902.360, 92.588","3262.210, 5882.360, 92.588",새끼 매머드 (24613),"3297.080, 5451.910, 54.287","3297.080, 5461.910, 54.287","3297.080, 5441.910, 54.287"
4270,노스렌드,회색 구릉지,드라카탈 통로,상위지역 경계 대체,394,긴뿔 순록 (26363),"3815.740, -3532.190, 248.631","3815.740, -3522.190, 248.631","3815.740, -3542.190, 248.631",서리뿔 산양 (23740),"3279.640, -4430.550, 327.579","3279.640, -4420.550, 327.579","3279.640, -4440.550, 327.579",굶주린 망자 (27290),"3505.120, -1226.770, 109.837","3505.120, -1216.770, 109.837","3505.120, -1236.770, 109.837"
4271,노스렌드,울부짖는 협만,우트가드 첨탑,상위지역 경계 대체,495,뾰족엄니 (23690),"1223.380, -4393.920, 159.790","1223.380, -4383.920, 159.790","1223.380, -4403.920, 159.790",새끼 뾰족엄니 (24791),"1182.580, -4437.890, 170.242","1182.580, -4427.890, 170.242","1182.580, -4447.890, 170.242",수컷 뾰족엄니 (23691),"1222.560, -4382.410, 158.040","1222.560, -4372.410, 158.040","1222.560, -4392.410, 158.040"
4275,노스렌드,줄드락,은빛십자군 격전지,상위지역 경계 대체,66,되살아난 시체 (29897),"5745.640, -2214.740, 237.548","5745.640, -2204.740, 237.548","5745.640, -2224.740, 237.548",산악 야생마 (26472),"5084.860, -4386.400, 281.887","5084.860, -4376.400, 281.887","5084.860, -4396.400, 281.887",굶주린 스컬지 트롤 (26570),"4530.450, -2217.350, 169.775","4530.450, -2207.350, 169.775","4530.450, -2227.350, 169.775"
4276,노스렌드,줄드락,세라투스의 제단,상위지역 경계 대체,66,되살아난 시체 (29897),"5745.640, -2214.740, 237.548","5745.640, -2204.740, 237.548","5745.640, -2224.740, 237.548",산악 야생마 (26472),"5084.860, -4386.400, 281.887","5084.860, -4376.400, 281.887","5084.860, -4396.400, 281.887",굶주린 스컬지 트롤 (26570),"4530.450, -2217.350, 169.775","4530.450, -2207.350, 169.775","4530.450, -2227.350, 169.775"
4278,노스렌드,줄드락,드락소트라 농장,상위지역 경계 대체,66,되살아난 시체 (29897),"5745.640, -2214.740, 237.548","5745.640, -2204.740, 237.548","5745.640, -2224.740, 237.548",산악 야생마 (26472),"5084.860, -4386.400, 281.887","5084.860, -4376.400, 281.887","5084.860, -4396.400, 281.887",굶주린 스컬지 트롤 (26570),"4530.450, -2217.350, 169.775","4530.450, -2207.350, 169.775","4530.450, -2227.350, 169.775"
4279,노스렌드,줄드락,드락소트라,상위지역 경계 대체,66,되살아난 시체 (29897),"5745.640, -2214.740, 237.548","5745.640, -2204.740, 237.548","5745.640, -2224.740, 237.548",산악 야생마 (26472),"5084.860, -4386.400, 281.887","5084.860, -4376.400, 281.887","5084.860, -4396.400, 281.887",굶주린 스컬지 트롤 (26570),"4530.450, -2217.350, 169.775","4530.450, -2207.350, 169.775","4530.450, -2227.350, 169.775"
4280,노스렌드,줄드락,드락아갈,상위지역 경계 대체,66,되살아난 시체 (29897),"5745.640, -2214.740, 237.548","5745.640, -2204.740, 237.548","5745.640, -2224.740, 237.548",산악 야생마 (26472),"5084.860, -4386.400, 281.887","5084.860, -4376.400, 281.887","5084.860, -4396.400, 281.887",굶주린 스컬지 트롤 (26570),"4530.450, -2217.350, 169.775","4530.450, -2207.350, 169.775","4530.450, -2227.350, 169.775"
4281,동부 왕국,동부 역병지대,아케루스: 칠흑의 요새,상위지역 경계 대체,139,청소부구더기 (8603),"2373.640, -4302.370, 77.802","2373.640, -4292.370, 77.802","2373.640, -4312.370, 77.802",역병박쥐 (8600),"1964.440, -4051.470, 89.981","1964.440, -4041.470, 89.981","1964.440, -4061.470, 89.981",광포한 역병사냥개 (8598),"2611.910, -4366.740, 79.316","2611.910, -4356.740, 79.316","2611.910, -4376.740, 79.316"
4282,노스렌드,숄라자르 분지,눈사태 언덕,상위지역 경계 대체,3711,조종 당하는 영웅 (32255),"7025.310, 2977.780, 447.827","7025.310, 2987.780, 447.827","7025.310, 2967.780, 447.827",동상에 파인 시체 (28220),"6214.420, 4127.330, -11.419","6214.420, 4137.330, -11.419","6214.420, 4117.330, -11.419",설맹 구울 (28218),"6227.580, 4140.940, -10.585","6227.580, 4150.940, -10.585","6227.580, 4130.940, -10.585"
4283,노스렌드,숄라자르 분지,잃어버린 땅,상위지역 경계 대체,3711,조종 당하는 영웅 (32255),"7025.310, 2977.780, 447.827","7025.310, 2987.780, 447.827","7025.310, 2967.780, 447.827",동상에 파인 시체 (28220),"6214.420, 4127.330, -11.419","6214.420, 4137.330, -11.419","6214.420, 4117.330, -11.419",설맹 구울 (28218),"6227.580, 4140.940, -10.585","6227.580, 4150.940, -10.585","6227.580, 4130.940, -10.585"
4284,노스렌드,숄라자르 분지,네싱워리 주둔지,상위지역 경계 대체,3711,조종 당하는 영웅 (32255),"7025.310, 2977.780, 447.827","7025.310, 2987.780, 447.827","7025.310, 2967.780, 447.827",동상에 파인 시체 (28220),"6214.420, 4127.330, -11.419","6214.420, 4137.330, -11.419","6214.420, 4117.330, -11.419",설맹 구울 (28218),"6227.580, 4140.940, -10.585","6227.580, 4150.940, -10.585","6227.580, 4130.940, -10.585"
4285,노스렌드,숄라자르 분지,바닷길 여울,상위지역 경계 대체,3711,조종 당하는 영웅 (32255),"7025.310, 2977.780, 447.827","7025.310, 2987.780, 447.827","7025.310, 2967.780, 447.827",동상에 파인 시체 (28220),"6214.420, 4127.330, -11.419","6214.420, 4137.330, -11.419","6214.420, 4117.330, -11.419",설맹 구울 (28218),"6227.580, 4140.940, -10.585","6227.580, 4150.940, -10.585","6227.580, 4130.940, -10.585"
4286,노스렌드,숄라자르 분지,노즈론의 무덤,상위지역 경계 대체,3711,조종 당하는 영웅 (32255),"7025.310, 2977.780, 447.827","7025.310, 2987.780, 447.827","7025.310, 2967.780, 447.827",동상에 파인 시체 (28220),"6214.420, 4127.330, -11.419","6214.420, 4137.330, -11.419","6214.420, 4117.330, -11.419",설맹 구울 (28218),"6227.580, 4140.940, -10.585","6227.580, 4150.940, -10.585","6227.580, 4130.940, -10.585"
4287,노스렌드,숄라자르 분지,카르탁의 요새,상위지역 경계 대체,3711,조종 당하는 영웅 (32255),"7025.310, 2977.780, 447.827","7025.310, 2987.780, 447.827","7025.310, 2967.780, 447.827",동상에 파인 시체 (28220),"6214.420, 4127.330, -11.419","6214.420, 4137.330, -11.419","6214.420, 4117.330, -11.419",설맹 구울 (28218),"6227.580, 4140.940, -10.585","6227.580, 4150.940, -10.585","6227.580, 4130.940, -10.585"
4288,노스렌드,숄라자르 분지,번개불꽃 안식처,상위지역 경계 대체,3711,조종 당하는 영웅 (32255),"7025.310, 2977.780, 447.827","7025.310, 2987.780, 447.827","7025.310, 2967.780, 447.827",동상에 파인 시체 (28220),"6214.420, 4127.330, -11.419","6214.420, 4137.330, -11.419","6214.420, 4117.330, -11.419",설맹 구울 (28218),"6227.580, 4140.940, -10.585","6227.580, 4150.940, -10.585","6227.580, 4130.940, -10.585"
4289,노스렌드,숄라자르 분지,생명 감시자의 길,상위지역 경계 대체,3711,조종 당하는 영웅 (32255),"7025.310, 2977.780, 447.827","7025.310, 2987.780, 447.827","7025.310, 2967.780, 447.827",동상에 파인 시체 (28220),"6214.420, 4127.330, -11.419","6214.420, 4137.330, -11.419","6214.420, 4117.330, -11.419",설맹 구울 (28218),"6227.580, 4140.940, -10.585","6227.580, 4150.940, -10.585","6227.580, 4130.940, -10.585"
4290,노스렌드,숄라자르 분지,강의 심장부,상위지역 경계 대체,3711,조종 당하는 영웅 (32255),"7025.310, 2977.780, 447.827","7025.310, 2987.780, 447.827","7025.310, 2967.780, 447.827",동상에 파인 시체 (28220),"6214.420, 4127.330, -11.419","6214.420, 4137.330, -11.419","6214.420, 4117.330, -11.419",설맹 구울 (28218),"6227.580, 4140.940, -10.585","6227.580, 4150.940, -10.585","6227.580, 4130.940, -10.585"
4291,노스렌드,숄라자르 분지,구름몰이 거처,상위지역 경계 대체,3711,조종 당하는 영웅 (32255),"7025.310, 2977.780, 447.827","7025.310, 2987.780, 447.827","7025.310, 2967.780, 447.827",동상에 파인 시체 (28220),"6214.420, 4127.330, -11.419","6214.420, 4137.330, -11.419","6214.420, 4117.330, -11.419",설맹 구울 (28218),"6227.580, 4140.940, -10.585","6227.580, 4150.940, -10.585","6227.580, 4130.940, -10.585"
4292,노스렌드,숄라자르 분지,광란의심장 언덕,상위지역 경계 대체,3711,조종 당하는 영웅 (32255),"7025.310, 2977.780, 447.827","7025.310, 2987.780, 447.827","7025.310, 2967.780, 447.827",동상에 파인 시체 (28220),"6214.420, 4127.330, -11.419","6214.420, 4137.330, -11.419","6214.420, 4117.330, -11.419",설맹 구울 (28218),"6227.580, 4140.940, -10.585","6227.580, 4150.940, -10.585","6227.580, 4130.940, -10.585"
4293,노스렌드,숄라자르 분지,야생수풀 늪지대,상위지역 경계 대체,3711,조종 당하는 영웅 (32255),"7025.310, 2977.780, 447.827","7025.310, 2987.780, 447.827","7025.310, 2967.780, 447.827",동상에 파인 시체 (28220),"6214.420, 4127.330, -11.419","6214.420, 4137.330, -11.419","6214.420, 4117.330, -11.419",설맹 구울 (28218),"6227.580, 4140.940, -10.585","6227.580, 4150.940, -10.585","6227.580, 4130.940, -10.585"
4294,노스렌드,줄드락,헤브발로크,상위지역 경계 대체,66,되살아난 시체 (29897),"5745.640, -2214.740, 237.548","5745.640, -2204.740, 237.548","5745.640, -2224.740, 237.548",산악 야생마 (26472),"5084.860, -4386.400, 281.887","5084.860, -4376.400, 281.887","5084.860, -4396.400, 281.887",굶주린 스컬지 트롤 (26570),"4530.450, -2217.350, 169.775","4530.450, -2207.350, 169.775","4530.450, -2227.350, 169.775"
4295,노스렌드,숄라자르 분지,갈라진 수정동굴,상위지역 경계 대체,3711,조종 당하는 영웅 (32255),"7025.310, 2977.780, 447.827","7025.310, 2987.780, 447.827","7025.310, 2967.780, 447.827",동상에 파인 시체 (28220),"6214.420, 4127.330, -11.419","6214.420, 4137.330, -11.419","6214.420, 4117.330, -11.419",설맹 구울 (28218),"6227.580, 4140.940, -10.585","6227.580, 4150.940, -10.585","6227.580, 4130.940, -10.585"
4296,노스렌드,숄라자르 분지,생명의 피 봉우리,상위지역 경계 대체,3711,조종 당하는 영웅 (32255),"7025.310, 2977.780, 447.827","7025.310, 2987.780, 447.827","7025.310, 2967.780, 447.827",동상에 파인 시체 (28220),"6214.420, 4127.330, -11.419","6214.420, 4137.330, -11.419","6214.420, 4117.330, -11.419",설맹 구울 (28218),"6227.580, 4140.940, -10.585","6227.580, 4150.940, -10.585","6227.580, 4130.940, -10.585"
4297,노스렌드,숄라자르 분지,이끼걸음 마을,상위지역 경계 대체,3711,조종 당하는 영웅 (32255),"7025.310, 2977.780, 447.827","7025.310, 2987.780, 447.827","7025.310, 2967.780, 447.827",동상에 파인 시체 (28220),"6214.420, 4127.330, -11.419","6214.420, 4137.330, -11.419","6214.420, 4117.330, -11.419",설맹 구울 (28218),"6227.580, 4140.940, -10.585","6227.580, 4150.940, -10.585","6227.580, 4130.940, -10.585"
4298,칠흑의 요새,,동부 역병지대: 붉은십자군 초소,지역 경계 직접,4298,붉은십자군 함대 수호병 (28834),"2114.340, -6070.870, 5.011","2114.340, -6060.870, 5.011","2114.340, -6080.870, 5.011",하스글렌 성전사 (29102),"2147.330, -5708.850, 102.006","2147.330, -5698.850, 102.006","2147.330, -5718.850, 102.006",십자군 성전사 (28529),"1799.960, -5739.470, 141.191","1799.960, -5729.470, 141.191","1799.960, -5749.470, 141.191"
4299,노스렌드,줄드락,콜라마스,상위지역 경계 대체,66,되살아난 시체 (29897),"5745.640, -2214.740, 237.548","5745.640, -2204.740, 237.548","5745.640, -2224.740, 237.548",산악 야생마 (26472),"5084.860, -4386.400, 281.887","5084.860, -4376.400, 281.887","5084.860, -4396.400, 281.887",굶주린 스컬지 트롤 (26570),"4530.450, -2217.350, 169.775","4530.450, -2207.350, 169.775","4530.450, -2227.350, 169.775"
4300,노스렌드,숄라자르 분지,차원문,상위지역 경계 대체,3711,조종 당하는 영웅 (32255),"7025.310, 2977.780, 447.827","7025.310, 2987.780, 447.827","7025.310, 2967.780, 447.827",동상에 파인 시체 (28220),"6214.420, 4127.330, -11.419","6214.420, 4137.330, -11.419","6214.420, 4117.330, -11.419",설맹 구울 (28218),"6227.580, 4140.940, -10.585","6227.580, 4150.940, -10.585","6227.580, 4130.940, -10.585"
4302,노스렌드,숄라자르 분지,하늘길 봉우리,상위지역 경계 대체,3711,조종 당하는 영웅 (32255),"7025.310, 2977.780, 447.827","7025.310, 2987.780, 447.827","7025.310, 2967.780, 447.827",동상에 파인 시체 (28220),"6214.420, 4127.330, -11.419","6214.420, 4137.330, -11.419","6214.420, 4117.330, -11.419",설맹 구울 (28218),"6227.580, 4140.940, -10.585","6227.580, 4150.940, -10.585","6227.580, 4130.940, -10.585"
4303,노스렌드,숄라자르 분지,바위돌기고릴라 폐허,상위지역 경계 대체,3711,조종 당하는 영웅 (32255),"7025.310, 2977.780, 447.827","7025.310, 2987.780, 447.827","7025.310, 2967.780, 447.827",동상에 파인 시체 (28220),"6214.420, 4127.330, -11.419","6214.420, 4137.330, -11.419","6214.420, 4117.330, -11.419",설맹 구울 (28218),"6227.580, 4140.940, -10.585","6227.580, 4150.940, -10.585","6227.580, 4130.940, -10.585"
4304,노스렌드,숄라자르 분지,사파이어 부화장,상위지역 경계 대체,3711,조종 당하는 영웅 (32255),"7025.310, 2977.780, 447.827","7025.310, 2987.780, 447.827","7025.310, 2967.780, 447.827",동상에 파인 시체 (28220),"6214.420, 4127.330, -11.419","6214.420, 4137.330, -11.419","6214.420, 4117.330, -11.419",설맹 구울 (28218),"6227.580, 4140.940, -10.585","6227.580, 4150.940, -10.585","6227.580, 4130.940, -10.585"
4306,노스렌드,숄라자르 분지,안개속삭임 야영지,상위지역 경계 대체,3711,조종 당하는 영웅 (32255),"7025.310, 2977.780, 447.827","7025.310, 2987.780, 447.827","7025.310, 2967.780, 447.827",동상에 파인 시체 (28220),"6214.420, 4127.330, -11.419","6214.420, 4137.330, -11.419","6214.420, 4117.330, -11.419",설맹 구울 (28218),"6227.580, 4140.940, -10.585","6227.580, 4150.940, -10.585","6227.580, 4130.940, -10.585"
4307,노스렌드,숄라자르 분지,미명의 봉우리,상위지역 경계 대체,3711,조종 당하는 영웅 (32255),"7025.310, 2977.780, 447.827","7025.310, 2987.780, 447.827","7025.310, 2967.780, 447.827",동상에 파인 시체 (28220),"6214.420, 4127.330, -11.419","6214.420, 4137.330, -11.419","6214.420, 4117.330, -11.419",설맹 구울 (28218),"6227.580, 4140.940, -10.585","6227.580, 4150.940, -10.585","6227.580, 4130.940, -10.585"
4308,노스렌드,숄라자르 분지,작살사냥꾼 야영지,상위지역 경계 대체,3711,조종 당하는 영웅 (32255),"7025.310, 2977.780, 447.827","7025.310, 2987.780, 447.827","7025.310, 2967.780, 447.827",동상에 파인 시체 (28220),"6214.420, 4127.330, -11.419","6214.420, 4137.330, -11.419","6214.420, 4117.330, -11.419",설맹 구울 (28218),"6227.580, 4140.940, -10.585","6227.580, 4150.940, -10.585","6227.580, 4130.940, -10.585"
4309,노스렌드,줄드락,드락타론 성채,상위지역 경계 대체,66,되살아난 시체 (29897),"5745.640, -2214.740, 237.548","5745.640, -2204.740, 237.548","5745.640, -2224.740, 237.548",산악 야생마 (26472),"5084.860, -4386.400, 281.887","5084.860, -4376.400, 281.887","5084.860, -4396.400, 281.887",굶주린 스컬지 트롤 (26570),"4530.450, -2217.350, 169.775","4530.450, -2207.350, 169.775","4530.450, -2227.350, 169.775"
4310,노스렌드,줄드락,제라마스,상위지역 경계 대체,66,되살아난 시체 (29897),"5745.640, -2214.740, 237.548","5745.640, -2204.740, 237.548","5745.640, -2224.740, 237.548",산악 야생마 (26472),"5084.860, -4386.400, 281.887","5084.860, -4376.400, 281.887","5084.860, -4396.400, 281.887",굶주린 스컬지 트롤 (26570),"4530.450, -2217.350, 169.775","4530.450, -2207.350, 169.775","4530.450, -2227.350, 169.775"
4311,노스렌드,줄드락,고뇌의 성물함,상위지역 경계 대체,66,되살아난 시체 (29897),"5745.640, -2214.740, 237.548","5745.640, -2204.740, 237.548","5745.640, -2224.740, 237.548",산악 야생마 (26472),"5084.860, -4386.400, 281.887","5084.860, -4376.400, 281.887","5084.860, -4396.400, 281.887",굶주린 스컬지 트롤 (26570),"4530.450, -2217.350, 169.775","4530.450, -2207.350, 169.775","4530.450, -2227.350, 169.775"
4312,노스렌드,줄드락,칠흑의 감시초소,상위지역 경계 대체,66,되살아난 시체 (29897),"5745.640, -2214.740, 237.548","5745.640, -2204.740, 237.548","5745.640, -2224.740, 237.548",산악 야생마 (26472),"5084.860, -4386.400, 281.887","5084.860, -4376.400, 281.887","5084.860, -4396.400, 281.887",굶주린 스컬지 트롤 (26570),"4530.450, -2217.350, 169.775","4530.450, -2207.350, 169.775","4530.450, -2227.350, 169.775"
4313,노스렌드,줄드락,스림의 최후,상위지역 경계 대체,66,되살아난 시체 (29897),"5745.640, -2214.740, 237.548","5745.640, -2204.740, 237.548","5745.640, -2224.740, 237.548",산악 야생마 (26472),"5084.860, -4386.400, 281.887","5084.860, -4376.400, 281.887","5084.860, -4396.400, 281.887",굶주린 스컬지 트롤 (26570),"4530.450, -2217.350, 169.775","4530.450, -2207.350, 169.775","4530.450, -2227.350, 169.775"
4314,노스렌드,줄드락,볼타루스,상위지역 경계 대체,66,되살아난 시체 (29897),"5745.640, -2214.740, 237.548","5745.640, -2204.740, 237.548","5745.640, -2224.740, 237.548",산악 야생마 (26472),"5084.860, -4386.400, 281.887","5084.860, -4376.400, 281.887","5084.860, -4396.400, 281.887",굶주린 스컬지 트롤 (26570),"4530.450, -2217.350, 169.775","4530.450, -2207.350, 169.775","4530.450, -2227.350, 169.775"
4315,노스렌드,줄드락,고통의 성물함,상위지역 경계 대체,66,되살아난 시체 (29897),"5745.640, -2214.740, 237.548","5745.640, -2204.740, 237.548","5745.640, -2224.740, 237.548",산악 야생마 (26472),"5084.860, -4386.400, 281.887","5084.860, -4376.400, 281.887","5084.860, -4396.400, 281.887",굶주린 스컬지 트롤 (26570),"4530.450, -2217.350, 169.775","4530.450, -2207.350, 169.775","4530.450, -2227.350, 169.775"
4316,노스렌드,줄드락,성난발톱 소굴,상위지역 경계 대체,66,되살아난 시체 (29897),"5745.640, -2214.740, 237.548","5745.640, -2204.740, 237.548","5745.640, -2224.740, 237.548",산악 야생마 (26472),"5084.860, -4386.400, 281.887","5084.860, -4376.400, 281.887","5084.860, -4396.400, 281.887",굶주린 스컬지 트롤 (26570),"4530.450, -2217.350, 169.775","4530.450, -2207.350, 169.775","4530.450, -2227.350, 169.775"
4317,노스렌드,줄드락,빛의 틈,상위지역 경계 대체,66,되살아난 시체 (29897),"5745.640, -2214.740, 237.548","5745.640, -2204.740, 237.548","5745.640, -2224.740, 237.548",산악 야생마 (26472),"5084.860, -4386.400, 281.887","5084.860, -4376.400, 281.887","5084.860, -4396.400, 281.887",굶주린 스컬지 트롤 (26570),"4530.450, -2217.350, 169.775","4530.450, -2207.350, 169.775","4530.450, -2227.350, 169.775"
4318,노스렌드,줄드락,자진의 웅덩이,상위지역 경계 대체,66,되살아난 시체 (29897),"5745.640, -2214.740, 237.548","5745.640, -2204.740, 237.548","5745.640, -2224.740, 237.548",산악 야생마 (26472),"5084.860, -4386.400, 281.887","5084.860, -4376.400, 281.887","5084.860, -4396.400, 281.887",굶주린 스컬지 트롤 (26570),"4530.450, -2217.350, 169.775","4530.450, -2207.350, 169.775","4530.450, -2227.350, 169.775"
4319,노스렌드,줄드락,짐아브와,상위지역 경계 대체,66,되살아난 시체 (29897),"5745.640, -2214.740, 237.548","5745.640, -2204.740, 237.548","5745.640, -2224.740, 237.548",산악 야생마 (26472),"5084.860, -4386.400, 281.887","5084.860, -4376.400, 281.887","5084.860, -4396.400, 281.887",굶주린 스컬지 트롤 (26570),"4530.450, -2217.350, 169.775","4530.450, -2207.350, 169.775","4530.450, -2227.350, 169.775"
4320,노스렌드,줄드락,고뇌의 투기장,상위지역 경계 대체,66,되살아난 시체 (29897),"5745.640, -2214.740, 237.548","5745.640, -2204.740, 237.548","5745.640, -2224.740, 237.548",산악 야생마 (26472),"5084.860, -4386.400, 281.887","5084.860, -4376.400, 281.887","5084.860, -4396.400, 281.887",굶주린 스컬지 트롤 (26570),"4530.450, -2217.350, 169.775","4530.450, -2207.350, 169.775","4530.450, -2227.350, 169.775"
4321,노스렌드,줄드락,루노크의 제단,상위지역 경계 대체,66,되살아난 시체 (29897),"5745.640, -2214.740, 237.548","5745.640, -2204.740, 237.548","5745.640, -2224.740, 237.548",산악 야생마 (26472),"5084.860, -4386.400, 281.887","5084.860, -4376.400, 281.887","5084.860, -4396.400, 281.887",굶주린 스컬지 트롤 (26570),"4530.450, -2217.350, 169.775","4530.450, -2207.350, 169.775","4530.450, -2227.350, 169.775"
4322,노스렌드,줄드락,하르코아의 제단,상위지역 경계 대체,66,되살아난 시체 (29897),"5745.640, -2214.740, 237.548","5745.640, -2204.740, 237.548","5745.640, -2224.740, 237.548",산악 야생마 (26472),"5084.860, -4386.400, 281.887","5084.860, -4376.400, 281.887","5084.860, -4396.400, 281.887",굶주린 스컬지 트롤 (26570),"4530.450, -2217.350, 169.775","4530.450, -2207.350, 169.775","4530.450, -2227.350, 169.775"
4323,노스렌드,줄드락,짐토르가,상위지역 경계 대체,66,되살아난 시체 (29897),"5745.640, -2214.740, 237.548","5745.640, -2204.740, 237.548","5745.640, -2224.740, 237.548",산악 야생마 (26472),"5084.860, -4386.400, 281.887","5084.860, -4376.400, 281.887","5084.860, -4396.400, 281.887",굶주린 스컬지 트롤 (26570),"4530.450, -2217.350, 169.775","4530.450, -2207.350, 169.775","4530.450, -2227.350, 169.775"
4324,노스렌드,줄드락,진알라이의 웅덩이,상위지역 경계 대체,66,되살아난 시체 (29897),"5745.640, -2214.740, 237.548","5745.640, -2204.740, 237.548","5745.640, -2224.740, 237.548",산악 야생마 (26472),"5084.860, -4386.400, 281.887","5084.860, -4376.400, 281.887","5084.860, -4396.400, 281.887",굶주린 스컬지 트롤 (26570),"4530.450, -2217.350, 169.775","4530.450, -2207.350, 169.775","4530.450, -2227.350, 169.775"
4325,노스렌드,줄드락,쿠에츠룬의 제단,상위지역 경계 대체,66,되살아난 시체 (29897),"5745.640, -2214.740, 237.548","5745.640, -2204.740, 237.548","5745.640, -2224.740, 237.548",산악 야생마 (26472),"5084.860, -4386.400, 281.887","5084.860, -4376.400, 281.887","5084.860, -4396.400, 281.887",굶주린 스컬지 트롤 (26570),"4530.450, -2217.350, 169.775","4530.450, -2207.350, 169.775","4530.450, -2227.350, 169.775"
4326,노스렌드,줄드락,헤브드라카,상위지역 경계 대체,66,되살아난 시체 (29897),"5745.640, -2214.740, 237.548","5745.640, -2204.740, 237.548","5745.640, -2224.740, 237.548",산악 야생마 (26472),"5084.860, -4386.400, 281.887","5084.860, -4376.400, 281.887","5084.860, -4396.400, 281.887",굶주린 스컬지 트롤 (26570),"4530.450, -2217.350, 169.775","4530.450, -2207.350, 169.775","4530.450, -2227.350, 169.775"
4327,노스렌드,줄드락,드락마브와,상위지역 경계 대체,66,되살아난 시체 (29897),"5745.640, -2214.740, 237.548","5745.640, -2204.740, 237.548","5745.640, -2224.740, 237.548",산악 야생마 (26472),"5084.860, -4386.400, 281.887","5084.860, -4376.400, 281.887","5084.860, -4396.400, 281.887",굶주린 스컬지 트롤 (26570),"4530.450, -2217.350, 169.775","4530.450, -2207.350, 169.775","4530.450, -2227.350, 169.775"
4328,노스렌드,줄드락,짐루크,상위지역 경계 대체,66,되살아난 시체 (29897),"5745.640, -2214.740, 237.548","5745.640, -2204.740, 237.548","5745.640, -2224.740, 237.548",산악 야생마 (26472),"5084.860, -4386.400, 281.887","5084.860, -4376.400, 281.887","5084.860, -4396.400, 281.887",굶주린 스컬지 트롤 (26570),"4530.450, -2217.350, 169.775","4530.450, -2207.350, 169.775","4530.450, -2227.350, 169.775"
4329,노스렌드,줄드락,맘토스의 제단,상위지역 경계 대체,66,되살아난 시체 (29897),"5745.640, -2214.740, 237.548","5745.640, -2204.740, 237.548","5745.640, -2224.740, 237.548",산악 야생마 (26472),"5084.860, -4386.400, 281.887","5084.860, -4376.400, 281.887","5084.860, -4396.400, 281.887",굶주린 스컬지 트롤 (26570),"4530.450, -2217.350, 169.775","4530.450, -2207.350, 169.775","4530.450, -2227.350, 169.775"
4342,칠흑의 요새,동부 역병지대: 붉은십자군 초소,아케루스: 칠흑의 요새,상위지역 경계 대체,4298,붉은십자군 함대 수호병 (28834),"2114.340, -6070.870, 5.011","2114.340, -6060.870, 5.011","2114.340, -6080.870, 5.011",하스글렌 성전사 (29102),"2147.330, -5708.850, 102.006","2147.330, -5698.850, 102.006","2147.330, -5718.850, 102.006",십자군 성전사 (28529),"1799.960, -5739.470, 141.191","1799.960, -5729.470, 141.191","1799.960, -5749.470, 141.191"
4343,칠흑의 요새,동부 역병지대: 붉은십자군 초소,신 아발론,상위지역 경계 대체,4298,붉은십자군 함대 수호병 (28834),"2114.340, -6070.870, 5.011","2114.340, -6060.870, 5.011","2114.340, -6080.870, 5.011",하스글렌 성전사 (29102),"2147.330, -5708.850, 102.006","2147.330, -5698.850, 102.006","2147.330, -5718.850, 102.006",십자군 성전사 (28529),"1799.960, -5739.470, 141.191","1799.960, -5729.470, 141.191","1799.960, -5749.470, 141.191"
4344,칠흑의 요새,동부 역병지대: 붉은십자군 초소,신 아발론 농장,상위지역 경계 대체,4298,붉은십자군 함대 수호병 (28834),"2114.340, -6070.870, 5.011","2114.340, -6060.870, 5.011","2114.340, -6080.870, 5.011",하스글렌 성전사 (29102),"2147.330, -5708.850, 102.006","2147.330, -5698.850, 102.006","2147.330, -5718.850, 102.006",십자군 성전사 (28529),"1799.960, -5739.470, 141.191","1799.960, -5729.470, 141.191","1799.960, -5749.470, 141.191"
4345,칠흑의 요새,동부 역병지대: 붉은십자군 초소,신 아발론 과수원,상위지역 경계 대체,4298,붉은십자군 함대 수호병 (28834),"2114.340, -6070.870, 5.011","2114.340, -6060.870, 5.011","2114.340, -6080.870, 5.011",하스글렌 성전사 (29102),"2147.330, -5708.850, 102.006","2147.330, -5698.850, 102.006","2147.330, -5718.850, 102.006",십자군 성전사 (28529),"1799.960, -5739.470, 141.191","1799.960, -5729.470, 141.191","1799.960, -5749.470, 141.191"
4346,칠흑의 요새,동부 역병지대: 붉은십자군 초소,신 아발론 마을회관,상위지역 경계 대체,4298,붉은십자군 함대 수호병 (28834),"2114.340, -6070.870, 5.011","2114.340, -6060.870, 5.011","2114.340, -6080.870, 5.011",하스글렌 성전사 (29102),"2147.330, -5708.850, 102.006","2147.330, -5698.850, 102.006","2147.330, -5718.850, 102.006",십자군 성전사 (28529),"1799.960, -5739.470, 141.191","1799.960, -5729.470, 141.191","1799.960, -5749.470, 141.191"
4347,칠흑의 요새,동부 역병지대: 붉은십자군 초소,헤이븐샤이어,상위지역 경계 대체,4298,붉은십자군 함대 수호병 (28834),"2114.340, -6070.870, 5.011","2114.340, -6060.870, 5.011","2114.340, -6080.870, 5.011",하스글렌 성전사 (29102),"2147.330, -5708.850, 102.006","2147.330, -5698.850, 102.006","2147.330, -5718.850, 102.006",십자군 성전사 (28529),"1799.960, -5739.470, 141.191","1799.960, -5729.470, 141.191","1799.960, -5749.470, 141.191"
4348,칠흑의 요새,동부 역병지대: 붉은십자군 초소,헤이븐샤이어 농장,상위지역 경계 대체,4298,붉은십자군 함대 수호병 (28834),"2114.340, -6070.870, 5.011","2114.340, -6060.870, 5.011","2114.340, -6080.870, 5.011",하스글렌 성전사 (29102),"2147.330, -5708.850, 102.006","2147.330, -5698.850, 102.006","2147.330, -5718.850, 102.006",십자군 성전사 (28529),"1799.960, -5739.470, 141.191","1799.960, -5729.470, 141.191","1799.960, -5749.470, 141.191"
4349,칠흑의 요새,동부 역병지대: 붉은십자군 초소,헤이븐샤이어 제재소,상위지역 경계 대체,4298,붉은십자군 함대 수호병 (28834),"2114.340, -6070.870, 5.011","2114.340, -6060.870, 5.011","2114.340, -6080.870, 5.011",하스글렌 성전사 (29102),"2147.330, -5708.850, 102.006","2147.330, -5698.850, 102.006","2147.330, -5718.850, 102.006",십자군 성전사 (28529),"1799.960, -5739.470, 141.191","1799.960, -5729.470, 141.191","1799.960, -5749.470, 141.191"
4350,칠흑의 요새,동부 역병지대: 붉은십자군 초소,헤이븐샤이어 마구간,상위지역 경계 대체,4298,붉은십자군 함대 수호병 (28834),"2114.340, -6070.870, 5.011","2114.340, -6060.870, 5.011","2114.340, -6080.870, 5.011",하스글렌 성전사 (29102),"2147.330, -5708.850, 102.006","2147.330, -5698.850, 102.006","2147.330, -5718.850, 102.006",십자군 성전사 (28529),"1799.960, -5739.470, 141.191","1799.960, -5729.470, 141.191","1799.960, -5749.470, 141.191"
4351,칠흑의 요새,동부 역병지대: 붉은십자군 초소,붉은십자군 요새,상위지역 경계 대체,4298,붉은십자군 함대 수호병 (28834),"2114.340, -6070.870, 5.011","2114.340, -6060.870, 5.011","2114.340, -6080.870, 5.011",하스글렌 성전사 (29102),"2147.330, -5708.850, 102.006","2147.330, -5698.850, 102.006","2147.330, -5718.850, 102.006",십자군 성전사 (28529),"1799.960, -5739.470, 141.191","1799.960, -5729.470, 141.191","1799.960, -5749.470, 141.191"
4352,칠흑의 요새,동부 역병지대: 붉은십자군 초소,진홍불꽃의 예배당,상위지역 경계 대체,4298,붉은십자군 함대 수호병 (28834),"2114.340, -6070.870, 5.011","2114.340, -6060.870, 5.011","2114.340, -6080.870, 5.011",하스글렌 성전사 (29102),"2147.330, -5708.850, 102.006","2147.330, -5698.850, 102.006","2147.330, -5718.850, 102.006",십자군 성전사 (28529),"1799.960, -5739.470, 141.191","1799.960, -5729.470, 141.191","1799.960, -5749.470, 141.191"
4353,칠흑의 요새,동부 역병지대: 붉은십자군 초소,빛의 거점탑,상위지역 경계 대체,4298,붉은십자군 함대 수호병 (28834),"2114.340, -6070.870, 5.011","2114.340, -6060.870, 5.011","2114.340, -6080.870, 5.011",하스글렌 성전사 (29102),"2147.330, -5708.850, 102.006","2147.330, -5698.850, 102.006","2147.330, -5718.850, 102.006",십자군 성전사 (28529),"1799.960, -5739.470, 141.191","1799.960, -5729.470, 141.191","1799.960, -5749.470, 141.191"
4354,칠흑의 요새,동부 역병지대: 붉은십자군 초소,빛의 거점,상위지역 경계 대체,4298,붉은십자군 함대 수호병 (28834),"2114.340, -6070.870, 5.011","2114.340, -6060.870, 5.011","2114.340, -6080.870, 5.011",하스글렌 성전사 (29102),"2147.330, -5708.850, 102.006","2147.330, -5698.850, 102.006","2147.330, -5718.850, 102.006",십자군 성전사 (28529),"1799.960, -5739.470, 141.191","1799.960, -5729.470, 141.191","1799.960, -5749.470, 141.191"
4355,칠흑의 요새,동부 역병지대: 붉은십자군 초소,기념 납골당,상위지역 경계 대체,4298,붉은십자군 함대 수호병 (28834),"2114.340, -6070.870, 5.011","2114.340, -6060.870, 5.011","2114.340, -6080.870, 5.011",하스글렌 성전사 (29102),"2147.330, -5708.850, 102.006","2147.330, -5698.850, 102.006","2147.330, -5718.850, 102.006",십자군 성전사 (28529),"1799.960, -5739.470, 141.191","1799.960, -5729.470, 141.191","1799.960, -5749.470, 141.191"
4356,칠흑의 요새,동부 역병지대: 붉은십자군 초소,죽음의 틈,상위지역 경계 대체,4298,붉은십자군 함대 수호병 (28834),"2114.340, -6070.870, 5.011","2114.340, -6060.870, 5.011","2114.340, -6080.870, 5.011",하스글렌 성전사 (29102),"2147.330, -5708.850, 102.006","2147.330, -5698.850, 102.006","2147.330, -5718.850, 102.006",십자군 성전사 (28529),"1799.960, -5739.470, 141.191","1799.960, -5729.470, 141.191","1799.960, -5749.470, 141.191"
4357,칠흑의 요새,동부 역병지대: 붉은십자군 초소,맹독의 숲,상위지역 경계 대체,4298,붉은십자군 함대 수호병 (28834),"2114.340, -6070.870, 5.011","2114.340, -6060.870, 5.011","2114.340, -6080.870, 5.011",하스글렌 성전사 (29102),"2147.330, -5708.850, 102.006","2147.330, -5698.850, 102.006","2147.330, -5718.850, 102.006",십자군 성전사 (28529),"1799.960, -5739.470, 141.191","1799.960, -5729.470, 141.191","1799.960, -5749.470, 141.191"
4358,칠흑의 요새,동부 역병지대: 붉은십자군 초소,티르의 손 수도원,상위지역 경계 대체,4298,붉은십자군 함대 수호병 (28834),"2114.340, -6070.870, 5.011","2114.340, -6060.870, 5.011","2114.340, -6080.870, 5.011",하스글렌 성전사 (29102),"2147.330, -5708.850, 102.006","2147.330, -5698.850, 102.006","2147.330, -5718.850, 102.006",십자군 성전사 (28529),"1799.960, -5739.470, 141.191","1799.960, -5729.470, 141.191","1799.960, -5749.470, 141.191"
4359,칠흑의 요새,동부 역병지대: 붉은십자군 초소,왕의 항구,상위지역 경계 대체,4298,붉은십자군 함대 수호병 (28834),"2114.340, -6070.870, 5.011","2114.340, -6060.870, 5.011","2114.340, -6080.870, 5.011",하스글렌 성전사 (29102),"2147.330, -5708.850, 102.006","2147.330, -5698.850, 102.006","2147.330, -5718.850, 102.006",십자군 성전사 (28529),"1799.960, -5739.470, 141.191","1799.960, -5729.470, 141.191","1799.960, -5749.470, 141.191"
4360,칠흑의 요새,동부 역병지대: 붉은십자군 초소,붉은십자군 전망대,상위지역 경계 대체,4298,붉은십자군 함대 수호병 (28834),"2114.340, -6070.870, 5.011","2114.340, -6060.870, 5.011","2114.340, -6080.870, 5.011",하스글렌 성전사 (29102),"2147.330, -5708.850, 102.006","2147.330, -5698.850, 102.006","2147.330, -5718.850, 102.006",십자군 성전사 (28529),"1799.960, -5739.470, 141.191","1799.960, -5729.470, 141.191","1799.960, -5749.470, 141.191"
4361,칠흑의 요새,동부 역병지대: 붉은십자군 초소,희망의 빛 예배당,상위지역 경계 대체,4298,붉은십자군 함대 수호병 (28834),"2114.340, -6070.870, 5.011","2114.340, -6060.870, 5.011","2114.340, -6080.870, 5.011",하스글렌 성전사 (29102),"2147.330, -5708.850, 102.006","2147.330, -5698.850, 102.006","2147.330, -5718.850, 102.006",십자군 성전사 (28529),"1799.960, -5739.470, 141.191","1799.960, -5729.470, 141.191","1799.960, -5749.470, 141.191"
4362,칠흑의 요새,동부 역병지대: 붉은십자군 초소,불신자의 만용호,상위지역 경계 대체,4298,붉은십자군 함대 수호병 (28834),"2114.340, -6070.870, 5.011","2114.340, -6060.870, 5.011","2114.340, -6080.870, 5.011",하스글렌 성전사 (29102),"2147.330, -5708.850, 102.006","2147.330, -5698.850, 102.006","2147.330, -5718.850, 102.006",십자군 성전사 (28529),"1799.960, -5739.470, 141.191","1799.960, -5729.470, 141.191","1799.960, -5749.470, 141.191"
4363,칠흑의 요새,동부 역병지대: 붉은십자군 초소,전염의 흉터,상위지역 경계 대체,4298,붉은십자군 함대 수호병 (28834),"2114.340, -6070.870, 5.011","2114.340, -6060.870, 5.011","2114.340, -6080.870, 5.011",하스글렌 성전사 (29102),"2147.330, -5708.850, 102.006","2147.330, -5698.850, 102.006","2147.330, -5718.850, 102.006",십자군 성전사 (28529),"1799.960, -5739.470, 141.191","1799.960, -5729.470, 141.191","1799.960, -5749.470, 141.191"
4364,칠흑의 요새,동부 역병지대: 붉은십자군 초소,브라우만 밀농장,상위지역 경계 대체,4298,붉은십자군 함대 수호병 (28834),"2114.340, -6070.870, 5.011","2114.340, -6060.870, 5.011","2114.340, -6080.870, 5.011",하스글렌 성전사 (29102),"2147.330, -5708.850, 102.006","2147.330, -5698.850, 102.006","2147.330, -5718.850, 102.006",십자군 성전사 (28529),"1799.960, -5739.470, 141.191","1799.960, -5729.470, 141.191","1799.960, -5749.470, 141.191"
4365,칠흑의 요새,동부 역병지대: 붉은십자군 초소,헤이븐샤이어 광산,상위지역 경계 대체,4298,붉은십자군 함대 수호병 (28834),"2114.340, -6070.870, 5.011","2114.340, -6060.870, 5.011","2114.340, -6080.870, 5.011",하스글렌 성전사 (29102),"2147.330, -5708.850, 102.006","2147.330, -5698.850, 102.006","2147.330, -5718.850, 102.006",십자군 성전사 (28529),"1799.960, -5739.470, 141.191","1799.960, -5729.470, 141.191","1799.960, -5749.470, 141.191"
4366,노스렌드,회색 구릉지,우르속의 동굴,상위지역 경계 대체,394,긴뿔 순록 (26363),"3815.740, -3532.190, 248.631","3815.740, -3522.190, 248.631","3815.740, -3542.190, 248.631",서리뿔 산양 (23740),"3279.640, -4430.550, 327.579","3279.640, -4420.550, 327.579","3279.640, -4440.550, 327.579",굶주린 망자 (27290),"3505.120, -1226.770, 109.837","3505.120, -1216.770, 109.837","3505.120, -1236.770, 109.837"
4367,노스렌드,숄라자르 분지,파멸의 역병지,상위지역 경계 대체,3711,조종 당하는 영웅 (32255),"7025.310, 2977.780, 447.827","7025.310, 2987.780, 447.827","7025.310, 2967.780, 447.827",동상에 파인 시체 (28220),"6214.420, 4127.330, -11.419","6214.420, 4137.330, -11.419","6214.420, 4117.330, -11.419",설맹 구울 (28218),"6227.580, 4140.940, -10.585","6227.580, 4150.940, -10.585","6227.580, 4130.940, -10.585"
4368,노스렌드,숄라자르 분지,뼈의 언덕,상위지역 경계 대체,3711,조종 당하는 영웅 (32255),"7025.310, 2977.780, 447.827","7025.310, 2987.780, 447.827","7025.310, 2967.780, 447.827",동상에 파인 시체 (28220),"6214.420, 4127.330, -11.419","6214.420, 4137.330, -11.419","6214.420, 4117.330, -11.419",설맹 구울 (28218),"6227.580, 4140.940, -10.585","6227.580, 4150.940, -10.585","6227.580, 4130.940, -10.585"
4369,노스렌드,숄라자르 분지,도리안의 전초기지,상위지역 경계 대체,3711,조종 당하는 영웅 (32255),"7025.310, 2977.780, 447.827","7025.310, 2987.780, 447.827","7025.310, 2967.780, 447.827",동상에 파인 시체 (28220),"6214.420, 4127.330, -11.419","6214.420, 4137.330, -11.419","6214.420, 4117.330, -11.419",설맹 구울 (28218),"6227.580, 4140.940, -10.585","6227.580, 4150.940, -10.585","6227.580, 4130.940, -10.585"
4371,노스렌드,줄드락,맘토스 분화구,상위지역 경계 대체,66,되살아난 시체 (29897),"5745.640, -2214.740, 237.548","5745.640, -2204.740, 237.548","5745.640, -2224.740, 237.548",산악 야생마 (26472),"5084.860, -4386.400, 281.887","5084.860, -4376.400, 281.887","5084.860, -4396.400, 281.887",굶주린 스컬지 트롤 (26570),"4530.450, -2217.350, 169.775","4530.450, -2207.350, 169.775","4530.450, -2227.350, 169.775"
4372,노스렌드,줄드락,졸마즈 요새,상위지역 경계 대체,66,되살아난 시체 (29897),"5745.640, -2214.740, 237.548","5745.640, -2204.740, 237.548","5745.640, -2224.740, 237.548",산악 야생마 (26472),"5084.860, -4386.400, 281.887","5084.860, -4376.400, 281.887","5084.860, -4396.400, 281.887",굶주린 스컬지 트롤 (26570),"4530.450, -2217.350, 169.775","4530.450, -2207.350, 169.775","4530.450, -2227.350, 169.775"
4373,노스렌드,줄드락,졸헤브,상위지역 경계 대체,66,되살아난 시체 (29897),"5745.640, -2214.740, 237.548","5745.640, -2204.740, 237.548","5745.640, -2224.740, 237.548",산악 야생마 (26472),"5084.860, -4386.400, 281.887","5084.860, -4376.400, 281.887","5084.860, -4396.400, 281.887",굶주린 스컬지 트롤 (26570),"4530.450, -2217.350, 169.775","4530.450, -2207.350, 169.775","4530.450, -2227.350, 169.775"
4374,노스렌드,줄드락,성난발톱 호수,상위지역 경계 대체,66,되살아난 시체 (29897),"5745.640, -2214.740, 237.548","5745.640, -2204.740, 237.548","5745.640, -2224.740, 237.548",산악 야생마 (26472),"5084.860, -4386.400, 281.887","5084.860, -4376.400, 281.887","5084.860, -4396.400, 281.887",굶주린 스컬지 트롤 (26570),"4530.450, -2217.350, 169.775","4530.450, -2207.350, 169.775","4530.450, -2227.350, 169.775"
4375,노스렌드,줄드락,군드락,상위지역 경계 대체,66,되살아난 시체 (29897),"5745.640, -2214.740, 237.548","5745.640, -2204.740, 237.548","5745.640, -2224.740, 237.548",산악 야생마 (26472),"5084.860, -4386.400, 281.887","5084.860, -4376.400, 281.887","5084.860, -4396.400, 281.887",굶주린 스컬지 트롤 (26570),"4530.450, -2217.350, 169.775","4530.450, -2207.350, 169.775","4530.450, -2227.350, 169.775"
4376,노스렌드,숄라자르 분지,야만의 숲,상위지역 경계 대체,3711,조종 당하는 영웅 (32255),"7025.310, 2977.780, 447.827","7025.310, 2987.780, 447.827","7025.310, 2967.780, 447.827",동상에 파인 시체 (28220),"6214.420, 4127.330, -11.419","6214.420, 4137.330, -11.419","6214.420, 4117.330, -11.419",설맹 구울 (28218),"6227.580, 4140.940, -10.585","6227.580, 4150.940, -10.585","6227.580, 4130.940, -10.585"
4377,칠흑의 요새,동부 역병지대: 붉은십자군 초소,신 아발론 대장간,상위지역 경계 대체,4298,붉은십자군 함대 수호병 (28834),"2114.340, -6070.870, 5.011","2114.340, -6060.870, 5.011","2114.340, -6080.870, 5.011",하스글렌 성전사 (29102),"2147.330, -5708.850, 102.006","2147.330, -5698.850, 102.006","2147.330, -5718.850, 102.006",십자군 성전사 (28529),"1799.960, -5739.470, 141.191","1799.960, -5729.470, 141.191","1799.960, -5749.470, 141.191"
4379,노스렌드,울부짖는 협만,발가드,상위지역 경계 대체,495,뾰족엄니 (23690),"1223.380, -4393.920, 159.790","1223.380, -4383.920, 159.790","1223.380, -4403.920, 159.790",새끼 뾰족엄니 (24791),"1182.580, -4437.890, 170.242","1182.580, -4427.890, 170.242","1182.580, -4447.890, 170.242",수컷 뾰족엄니 (23691),"1222.560, -4382.410, 158.040","1222.560, -4372.410, 158.040","1222.560, -4392.410, 158.040"
4380,노스렌드,울부짖는 협만,서부경비대 여관,상위지역 경계 대체,495,뾰족엄니 (23690),"1223.380, -4393.920, 159.790","1223.380, -4383.920, 159.790","1223.380, -4403.920, 159.790",새끼 뾰족엄니 (24791),"1182.580, -4437.890, 170.242","1182.580, -4427.890, 170.242","1182.580, -4447.890, 170.242",수컷 뾰족엄니 (23691),"1222.560, -4382.410, 158.040","1222.560, -4372.410, 158.040","1222.560, -4392.410, 158.040"
4381,칼림도어,운고로 분화구,차원문,상위지역 경계 대체,490,칼날가시 붉은꽃잎덩굴손 (6510),"-7450.560, -1367.240, -267.996","-7450.560, -1357.240, -267.996","-7450.560, -1377.240, -267.996",광포한 테러닥스 (9167),"-7248.710, -988.150, -271.454","-7248.710, -978.150, -271.454","-7248.710, -998.150, -271.454",덩치 큰 디메트로돈 (9164),"-7119.090, -1050.620, -272.131","-7119.090, -1040.620, -272.131","-7119.090, -1060.620, -272.131"
4382,칼림도어,운고로 분화구,구체자의 정원,상위지역 경계 대체,490,칼날가시 붉은꽃잎덩굴손 (6510),"-7450.560, -1367.240, -267.996","-7450.560, -1357.240, -267.996","-7450.560, -1377.240, -267.996",광포한 테러닥스 (9167),"-7248.710, -988.150, -271.454","-7248.710, -978.150, -271.454","-7248.710, -998.150, -271.454",덩치 큰 디메트로돈 (9164),"-7119.090, -1050.620, -272.131","-7119.090, -1040.620, -272.131","-7119.090, -1060.620, -272.131"
4383,노스렌드,숄라자르 분지,호반의 착륙장,상위지역 경계 대체,3711,조종 당하는 영웅 (32255),"7025.310, 2977.780, 447.827","7025.310, 2987.780, 447.827","7025.310, 2967.780, 447.827",동상에 파인 시체 (28220),"6214.420, 4127.330, -11.419","6214.420, 4137.330, -11.419","6214.420, 4117.330, -11.419",설맹 구울 (28218),"6227.580, 4140.940, -10.585","6227.580, 4150.940, -10.585","6227.580, 4130.940, -10.585"
4385,노스렌드,숄라자르 분지,거센물결 호수,상위지역 경계 대체,3711,조종 당하는 영웅 (32255),"7025.310, 2977.780, 447.827","7025.310, 2987.780, 447.827","7025.310, 2967.780, 447.827",동상에 파인 시체 (28220),"6214.420, 4127.330, -11.419","6214.420, 4137.330, -11.419","6214.420, 4117.330, -11.419",설맹 구울 (28218),"6227.580, 4140.940, -10.585","6227.580, 4150.940, -10.585","6227.580, 4130.940, -10.585"
4386,노스렌드,숄라자르 분지,구름몰이 여울목,상위지역 경계 대체,3711,조종 당하는 영웅 (32255),"7025.310, 2977.780, 447.827","7025.310, 2987.780, 447.827","7025.310, 2967.780, 447.827",동상에 파인 시체 (28220),"6214.420, 4127.330, -11.419","6214.420, 4137.330, -11.419","6214.420, 4117.330, -11.419",설맹 구울 (28218),"6227.580, 4140.940, -10.585","6227.580, 4150.940, -10.585","6227.580, 4130.940, -10.585"
4387,노스렌드,숄라자르 분지,광란의심장 강,상위지역 경계 대체,3711,조종 당하는 영웅 (32255),"7025.310, 2977.780, 447.827","7025.310, 2987.780, 447.827","7025.310, 2967.780, 447.827",동상에 파인 시체 (28220),"6214.420, 4127.330, -11.419","6214.420, 4137.330, -11.419","6214.420, 4117.330, -11.419",설맹 구울 (28218),"6227.580, 4140.940, -10.585","6227.580, 4150.940, -10.585","6227.580, 4130.940, -10.585"
4388,노스렌드,숄라자르 분지,겨울손아귀 강,상위지역 경계 대체,3711,조종 당하는 영웅 (32255),"7025.310, 2977.780, 447.827","7025.310, 2987.780, 447.827","7025.310, 2967.780, 447.827",동상에 파인 시체 (28220),"6214.420, 4127.330, -11.419","6214.420, 4137.330, -11.419","6214.420, 4117.330, -11.419",설맹 구울 (28218),"6227.580, 4140.940, -10.585","6227.580, 4150.940, -10.585","6227.580, 4130.940, -10.585"
4389,노스렌드,숄라자르 분지,해마루 봉우리,상위지역 경계 대체,3711,조종 당하는 영웅 (32255),"7025.310, 2977.780, 447.827","7025.310, 2987.780, 447.827","7025.310, 2967.780, 447.827",동상에 파인 시체 (28220),"6214.420, 4127.330, -11.419","6214.420, 4137.330, -11.419","6214.420, 4117.330, -11.419",설맹 구울 (28218),"6227.580, 4140.940, -10.585","6227.580, 4150.940, -10.585","6227.580, 4130.940, -10.585"
4390,노스렌드,줄드락,얼어붙은 틈,상위지역 경계 대체,66,되살아난 시체 (29897),"5745.640, -2214.740, 237.548","5745.640, -2204.740, 237.548","5745.640, -2224.740, 237.548",산악 야생마 (26472),"5084.860, -4386.400, 281.887","5084.860, -4376.400, 281.887","5084.860, -4396.400, 281.887",굶주린 스컬지 트롤 (26570),"4530.450, -2217.350, 169.775","4530.450, -2207.350, 169.775","4530.450, -2227.350, 169.775"
4391,노스렌드,숄라자르 분지,스윈들그린의 채굴현장,상위지역 경계 대체,3711,조종 당하는 영웅 (32255),"7025.310, 2977.780, 447.827","7025.310, 2987.780, 447.827","7025.310, 2967.780, 447.827",동상에 파인 시체 (28220),"6214.420, 4127.330, -11.419","6214.420, 4137.330, -11.419","6214.420, 4117.330, -11.419",설맹 구울 (28218),"6227.580, 4140.940, -10.585","6227.580, 4150.940, -10.585","6227.580, 4130.940, -10.585"
4392,노스렌드,숄라자르 분지,폭풍전령 바위,상위지역 경계 대체,3711,조종 당하는 영웅 (32255),"7025.310, 2977.780, 447.827","7025.310, 2987.780, 447.827","7025.310, 2967.780, 447.827",동상에 파인 시체 (28220),"6214.420, 4127.330, -11.419","6214.420, 4137.330, -11.419","6214.420, 4117.330, -11.419",설맹 구울 (28218),"6227.580, 4140.940, -10.585","6227.580, 4150.940, -10.585","6227.580, 4130.940, -10.585"
4393,노스렌드,숄라자르 분지,죽음의 손 야영지,상위지역 경계 대체,3711,조종 당하는 영웅 (32255),"7025.310, 2977.780, 447.827","7025.310, 2987.780, 447.827","7025.310, 2967.780, 447.827",동상에 파인 시체 (28220),"6214.420, 4127.330, -11.419","6214.420, 4137.330, -11.419","6214.420, 4117.330, -11.419",설맹 구울 (28218),"6227.580, 4140.940, -10.585","6227.580, 4150.940, -10.585","6227.580, 4130.940, -10.585"
4394,칠흑의 요새,동부 역병지대: 붉은십자군 초소,붉은십자군 선술집,상위지역 경계 대체,4298,붉은십자군 함대 수호병 (28834),"2114.340, -6070.870, 5.011","2114.340, -6060.870, 5.011","2114.340, -6080.870, 5.011",하스글렌 성전사 (29102),"2147.330, -5708.850, 102.006","2147.330, -5698.850, 102.006","2147.330, -5718.850, 102.006",십자군 성전사 (28529),"1799.960, -5739.470, 141.191","1799.960, -5729.470, 141.191","1799.960, -5749.470, 141.191"
4395,노스렌드,,달라란,없음,,없음,,,,없음,,,,없음,,,
4396,노스렌드,용의 안식처,녹주둥이 전초기지,상위지역 경계 대체,65,눈사태 숲 사슴 (26615),"3572.370, 1110.300, 148.846","3572.370, 1120.300, 148.846","3572.370, 1100.300, 148.846",굶주린 망자 (27290),"3528.940, -1069.420, 127.462","3528.940, -1059.420, 127.462","3528.940, -1079.420, 127.462",용뼈 대머리수리 (26483),"3567.510, 755.088, 98.581","3567.510, 765.088, 98.581","3567.510, 745.088, 98.581"
4399,노스렌드,북풍의 땅,파샤이어 광산,상위지역 경계 대체,3537,습지대 순록 (25680),"2808.650, 5416.670, 61.032","2808.650, 5426.670, 61.032","2808.650, 5406.670, 61.032",새끼 털북숭이 코뿔소 (25488),"3262.210, 5892.360, 92.588","3262.210, 5902.360, 92.588","3262.210, 5882.360, 92.588",새끼 매머드 (24613),"3297.080, 5451.910, 54.287","3297.080, 5461.910, 54.287","3297.080, 5441.910, 54.287"
4400,노스렌드,숄라자르 분지,이끼빛 봉우리,상위지역 경계 대체,3711,조종 당하는 영웅 (32255),"7025.310, 2977.780, 447.827","7025.310, 2987.780, 447.827","7025.310, 2967.780, 447.827",동상에 파인 시체 (28220),"6214.420, 4127.330, -11.419","6214.420, 4137.330, -11.419","6214.420, 4117.330, -11.419",설맹 구울 (28218),"6227.580, 4140.940, -10.585","6227.580, 4150.940, -10.585","6227.580, 4130.940, -10.585"
4401,노스렌드,북풍의 땅,사라고사의 영지,상위지역 경계 대체,3537,습지대 순록 (25680),"2808.650, 5416.670, 61.032","2808.650, 5426.670, 61.032","2808.650, 5406.670, 61.032",새끼 털북숭이 코뿔소 (25488),"3262.210, 5892.360, 92.588","3262.210, 5902.360, 92.588","3262.210, 5882.360, 92.588",새끼 매머드 (24613),"3297.080, 5451.910, 54.287","3297.080, 5461.910, 54.287","3297.080, 5441.910, 54.287"
4402,노스렌드,울부짖는 협만,복수의 승강장,상위지역 경계 대체,495,뾰족엄니 (23690),"1223.380, -4393.920, 159.790","1223.380, -4383.920, 159.790","1223.380, -4403.920, 159.790",새끼 뾰족엄니 (24791),"1182.580, -4437.890, 170.242","1182.580, -4427.890, 170.242","1182.580, -4447.890, 170.242",수컷 뾰족엄니 (23691),"1222.560, -4382.410, 158.040","1222.560, -4372.410, 158.040","1222.560, -4392.410, 158.040"
4403,노스렌드,울부짖는 협만,베일야르 감시초소,상위지역 경계 대체,495,뾰족엄니 (23690),"1223.380, -4393.920, 159.790","1223.380, -4383.920, 159.790","1223.380, -4403.920, 159.790",새끼 뾰족엄니 (24791),"1182.580, -4437.890, 170.242","1182.580, -4427.890, 170.242","1182.580, -4447.890, 170.242",수컷 뾰족엄니 (23691),"1222.560, -4382.410, 158.040","1222.560, -4372.410, 158.040","1222.560, -4392.410, 158.040"
4404,노스렌드,울부짖는 협만,신 아가만드 여관,상위지역 경계 대체,495,뾰족엄니 (23690),"1223.380, -4393.920, 159.790","1223.380, -4383.920, 159.790","1223.380, -4403.920, 159.790",새끼 뾰족엄니 (24791),"1182.580, -4437.890, 170.242","1182.580, -4427.890, 170.242","1182.580, -4447.890, 170.242",수컷 뾰족엄니 (23691),"1222.560, -4382.410, 158.040","1222.560, -4372.410, 158.040","1222.560, -4392.410, 158.040"
4411,동부 왕국,스톰윈드,스톰윈드 항구,상위지역 경계 대체,1519,스톰윈드 왕실근위병 (1756),"-8533.000, 456.912, 104.917","-8533.000, 466.912, 104.917","-8533.000, 446.912, 104.917",엘윈 분홍색 엘레크 (23507),"-9052.200, 368.635, 92.912","-9052.200, 378.635, 92.912","-9052.200, 358.635, 92.912",증기 전차 기술자 (29016),"-8450.800, 1110.860, 19.056","-8450.800, 1120.860, 19.056","-8450.800, 1100.860, 19.056"
4412,노스렌드,숄라자르 분지,창조주의 전망대,상위지역 경계 대체,3711,조종 당하는 영웅 (32255),"7025.310, 2977.780, 447.827","7025.310, 2987.780, 447.827","7025.310, 2967.780, 447.827",동상에 파인 시체 (28220),"6214.420, 4127.330, -11.419","6214.420, 4137.330, -11.419","6214.420, 4117.330, -11.419",설맹 구울 (28218),"6227.580, 4140.940, -10.585","6227.580, 4150.940, -10.585","6227.580, 4130.940, -10.585"
4413,노스렌드,숄라자르 분지,창조주의 감시대,상위지역 경계 대체,3711,조종 당하는 영웅 (32255),"7025.310, 2977.780, 447.827","7025.310, 2987.780, 447.827","7025.310, 2967.780, 447.827",동상에 파인 시체 (28220),"6214.420, 4127.330, -11.419","6214.420, 4137.330, -11.419","6214.420, 4117.330, -11.419",설맹 구울 (28218),"6227.580, 4140.940, -10.585","6227.580, 4150.940, -10.585","6227.580, 4130.940, -10.585"
4414,노스렌드,용의 안식처,붉은십자군 경비탑,상위지역 경계 대체,65,눈사태 숲 사슴 (26615),"3572.370, 1110.300, 148.846","3572.370, 1120.300, 148.846","3572.370, 1100.300, 148.846",굶주린 망자 (27290),"3528.940, -1069.420, 127.462","3528.940, -1059.420, 127.462","3528.940, -1079.420, 127.462",용뼈 대머리수리 (26483),"3567.510, 755.088, 98.581","3567.510, 765.088, 98.581","3567.510, 745.088, 98.581"
4417,노스렌드,얼음왕관,붉은돌격대 항구,상위지역 경계 대체,210,썩은 구울 (31812),"7555.260, 1556.580, 342.748","7555.260, 1566.580, 342.748","7555.260, 1546.580, 342.748",조종 당하는 영웅 (32255),"7321.900, 2447.820, 395.389","7321.900, 2457.820, 395.389","7321.900, 2437.820, 395.389",해골경비대 보병 (33438),"6390.260, 2071.170, 511.026","6390.260, 2081.170, 511.026","6390.260, 2061.170, 511.026"
4418,노스렌드,폭풍우 봉우리,K3,상위지역 경계 대체,67,썩은 구울 (31812),"7612.200, 1249.040, 347.691","7612.200, 1259.040, 347.691","7612.200, 1239.040, 347.691",되살아난 시체 (29897),"5876.930, -1956.730, 237.907","5876.930, -1946.730, 237.907","5876.930, -1966.730, 237.907",푸른용 알 (31836),"7530.150, 688.302, 475.453","7530.150, 698.302, 475.453","7530.150, 678.302, 475.453"
4419,노스렌드,폭풍우 봉우리,설맹의 언덕,상위지역 경계 대체,67,썩은 구울 (31812),"7612.200, 1249.040, 347.691","7612.200, 1259.040, 347.691","7612.200, 1239.040, 347.691",되살아난 시체 (29897),"5876.930, -1956.730, 237.907","5876.930, -1946.730, 237.907","5876.930, -1966.730, 237.907",푸른용 알 (31836),"7530.150, 688.302, 475.453","7530.150, 698.302, 475.453","7530.150, 678.302, 475.453"
4420,노스렌드,폭풍우 봉우리,설맹의 언덕 길목,상위지역 경계 대체,67,썩은 구울 (31812),"7612.200, 1249.040, 347.691","7612.200, 1259.040, 347.691","7612.200, 1239.040, 347.691",되살아난 시체 (29897),"5876.930, -1956.730, 237.907","5876.930, -1946.730, 237.907","5876.930, -1966.730, 237.907",푸른용 알 (31836),"7530.150, 688.302, 475.453","7530.150, 698.302, 475.453","7530.150, 678.302, 475.453"
4421,노스렌드,폭풍우 봉우리,가름,상위지역 경계 대체,67,썩은 구울 (31812),"7612.200, 1249.040, 347.691","7612.200, 1259.040, 347.691","7612.200, 1239.040, 347.691",되살아난 시체 (29897),"5876.930, -1956.730, 237.907","5876.930, -1946.730, 237.907","5876.930, -1966.730, 237.907",푸른용 알 (31836),"7530.150, 688.302, 475.453","7530.150, 698.302, 475.453","7530.150, 678.302, 475.453"
4422,노스렌드,폭풍우 봉우리,브룬힐다르 마을,상위지역 경계 대체,67,썩은 구울 (31812),"7612.200, 1249.040, 347.691","7612.200, 1259.040, 347.691","7612.200, 1239.040, 347.691",되살아난 시체 (29897),"5876.930, -1956.730, 237.907","5876.930, -1946.730, 237.907","5876.930, -1966.730, 237.907",푸른용 알 (31836),"7530.150, 688.302, 475.453","7530.150, 698.302, 475.453","7530.150, 678.302, 475.453"
4423,노스렌드,폭풍우 봉우리,시프렐다르 마을,상위지역 경계 대체,67,썩은 구울 (31812),"7612.200, 1249.040, 347.691","7612.200, 1259.040, 347.691","7612.200, 1239.040, 347.691",되살아난 시체 (29897),"5876.930, -1956.730, 237.907","5876.930, -1946.730, 237.907","5876.930, -1966.730, 237.907",푸른용 알 (31836),"7530.150, 688.302, 475.453","7530.150, 698.302, 475.453","7530.150, 678.302, 475.453"
4424,노스렌드,폭풍우 봉우리,발키리온,상위지역 경계 대체,67,썩은 구울 (31812),"7612.200, 1249.040, 347.691","7612.200, 1259.040, 347.691","7612.200, 1239.040, 347.691",되살아난 시체 (29897),"5876.930, -1956.730, 237.907","5876.930, -1946.730, 237.907","5876.930, -1966.730, 237.907",푸른용 알 (31836),"7530.150, 688.302, 475.453","7530.150, 698.302, 475.453","7530.150, 678.302, 475.453"
4425,노스렌드,폭풍우 봉우리,쓸쓸한 광산,상위지역 경계 대체,67,썩은 구울 (31812),"7612.200, 1249.040, 347.691","7612.200, 1259.040, 347.691","7612.200, 1239.040, 347.691",되살아난 시체 (29897),"5876.930, -1956.730, 237.907","5876.930, -1946.730, 237.907","5876.930, -1966.730, 237.907",푸른용 알 (31836),"7530.150, 688.302, 475.453","7530.150, 698.302, 475.453","7530.150, 678.302, 475.453"
4426,노스렌드,폭풍우 봉우리,보르의 숨결 강,상위지역 경계 대체,67,썩은 구울 (31812),"7612.200, 1249.040, 347.691","7612.200, 1259.040, 347.691","7612.200, 1239.040, 347.691",되살아난 시체 (29897),"5876.930, -1956.730, 237.907","5876.930, -1946.730, 237.907","5876.930, -1966.730, 237.907",푸른용 알 (31836),"7530.150, 688.302, 475.453","7530.150, 698.302, 475.453","7530.150, 678.302, 475.453"
4427,노스렌드,폭풍우 봉우리,은빛십자군 선봉기지,상위지역 경계 대체,67,썩은 구울 (31812),"7612.200, 1249.040, 347.691","7612.200, 1259.040, 347.691","7612.200, 1239.040, 347.691",되살아난 시체 (29897),"5876.930, -1956.730, 237.907","5876.930, -1946.730, 237.907","5876.930, -1966.730, 237.907",푸른용 알 (31836),"7530.150, 688.302, 475.453","7530.150, 698.302, 475.453","7530.150, 678.302, 475.453"
4428,노스렌드,폭풍우 봉우리,서리요새,상위지역 경계 대체,67,썩은 구울 (31812),"7612.200, 1249.040, 347.691","7612.200, 1259.040, 347.691","7612.200, 1239.040, 347.691",되살아난 시체 (29897),"5876.930, -1956.730, 237.907","5876.930, -1946.730, 237.907","5876.930, -1966.730, 237.907",푸른용 알 (31836),"7530.150, 688.302, 475.453","7530.150, 698.302, 475.453","7530.150, 678.302, 475.453"
4429,노스렌드,폭풍우 봉우리,그롬아쉬 추락 지점,상위지역 경계 대체,67,썩은 구울 (31812),"7612.200, 1249.040, 347.691","7612.200, 1259.040, 347.691","7612.200, 1239.040, 347.691",되살아난 시체 (29897),"5876.930, -1956.730, 237.907","5876.930, -1946.730, 237.907","5876.930, -1966.730, 237.907",푸른용 알 (31836),"7530.150, 688.302, 475.453","7530.150, 698.302, 475.453","7530.150, 678.302, 475.453"
4430,노스렌드,폭풍우 봉우리,폭풍의 신전,상위지역 경계 대체,67,썩은 구울 (31812),"7612.200, 1249.040, 347.691","7612.200, 1259.040, 347.691","7612.200, 1239.040, 347.691",되살아난 시체 (29897),"5876.930, -1956.730, 237.907","5876.930, -1946.730, 237.907","5876.930, -1966.730, 237.907",푸른용 알 (31836),"7530.150, 688.302, 475.453","7530.150, 698.302, 475.453","7530.150, 678.302, 475.453"
4431,노스렌드,폭풍우 봉우리,창조주의 기계,상위지역 경계 대체,67,썩은 구울 (31812),"7612.200, 1249.040, 347.691","7612.200, 1259.040, 347.691","7612.200, 1239.040, 347.691",되살아난 시체 (29897),"5876.930, -1956.730, 237.907","5876.930, -1946.730, 237.907","5876.930, -1966.730, 237.907",푸른용 알 (31836),"7530.150, 688.302, 475.453","7530.150, 698.302, 475.453","7530.150, 678.302, 475.453"
4432,노스렌드,폭풍우 봉우리,눈봉우리 분지,상위지역 경계 대체,67,썩은 구울 (31812),"7612.200, 1249.040, 347.691","7612.200, 1259.040, 347.691","7612.200, 1239.040, 347.691",되살아난 시체 (29897),"5876.930, -1956.730, 237.907","5876.930, -1946.730, 237.907","5876.930, -1966.730, 237.907",푸른용 알 (31836),"7530.150, 688.302, 475.453","7530.150, 698.302, 475.453","7530.150, 678.302, 475.453"
4433,노스렌드,폭풍우 봉우리,용돌기 봉우리,상위지역 경계 대체,67,썩은 구울 (31812),"7612.200, 1249.040, 347.691","7612.200, 1259.040, 347.691","7612.200, 1239.040, 347.691",되살아난 시체 (29897),"5876.930, -1956.730, 237.907","5876.930, -1946.730, 237.907","5876.930, -1966.730, 237.907",푸른용 알 (31836),"7530.150, 688.302, 475.453","7530.150, 698.302, 475.453","7530.150, 678.302, 475.453"
4434,노스렌드,폭풍우 봉우리,니다벨리르,상위지역 경계 대체,67,썩은 구울 (31812),"7612.200, 1249.040, 347.691","7612.200, 1259.040, 347.691","7612.200, 1239.040, 347.691",되살아난 시체 (29897),"5876.930, -1956.730, 237.907","5876.930, -1946.730, 237.907","5876.930, -1966.730, 237.907",푸른용 알 (31836),"7530.150, 688.302, 475.453","7530.150, 698.302, 475.453","7530.150, 678.302, 475.453"
4435,노스렌드,폭풍우 봉우리,나르비르의 요람,상위지역 경계 대체,67,썩은 구울 (31812),"7612.200, 1249.040, 347.691","7612.200, 1259.040, 347.691","7612.200, 1239.040, 347.691",되살아난 시체 (29897),"5876.930, -1956.730, 237.907","5876.930, -1946.730, 237.907","5876.930, -1966.730, 237.907",푸른용 알 (31836),"7530.150, 688.302, 475.453","7530.150, 698.302, 475.453","7530.150, 678.302, 475.453"
4436,노스렌드,폭풍우 봉우리,눈더미 평원,상위지역 경계 대체,67,썩은 구울 (31812),"7612.200, 1249.040, 347.691","7612.200, 1259.040, 347.691","7612.200, 1239.040, 347.691",되살아난 시체 (29897),"5876.930, -1956.730, 237.907","5876.930, -1946.730, 237.907","5876.930, -1966.730, 237.907",푸른용 알 (31836),"7530.150, 688.302, 475.453","7530.150, 698.302, 475.453","7530.150, 678.302, 475.453"
4437,노스렌드,폭풍우 봉우리,고대의 겨울 계곡,상위지역 경계 대체,67,썩은 구울 (31812),"7612.200, 1249.040, 347.691","7612.200, 1259.040, 347.691","7612.200, 1239.040, 347.691",되살아난 시체 (29897),"5876.930, -1956.730, 237.907","5876.930, -1946.730, 237.907","5876.930, -1966.730, 237.907",푸른용 알 (31836),"7530.150, 688.302, 475.453","7530.150, 698.302, 475.453","7530.150, 678.302, 475.453"
4438,노스렌드,폭풍우 봉우리,던 니펠렘,상위지역 경계 대체,67,썩은 구울 (31812),"7612.200, 1249.040, 347.691","7612.200, 1259.040, 347.691","7612.200, 1239.040, 347.691",되살아난 시체 (29897),"5876.930, -1956.730, 237.907","5876.930, -1946.730, 237.907","5876.930, -1966.730, 237.907",푸른용 알 (31836),"7530.150, 688.302, 475.453","7530.150, 698.302, 475.453","7530.150, 678.302, 475.453"
4439,노스렌드,폭풍우 봉우리,서리평원 호수,상위지역 경계 대체,67,썩은 구울 (31812),"7612.200, 1249.040, 347.691","7612.200, 1259.040, 347.691","7612.200, 1239.040, 347.691",되살아난 시체 (29897),"5876.930, -1956.730, 237.907","5876.930, -1946.730, 237.907","5876.930, -1966.730, 237.907",푸른용 알 (31836),"7530.150, 688.302, 475.453","7530.150, 698.302, 475.453","7530.150, 678.302, 475.453"
4440,노스렌드,폭풍우 봉우리,천둥 골짜기,상위지역 경계 대체,67,썩은 구울 (31812),"7612.200, 1249.040, 347.691","7612.200, 1259.040, 347.691","7612.200, 1239.040, 347.691",되살아난 시체 (29897),"5876.930, -1956.730, 237.907","5876.930, -1946.730, 237.907","5876.930, -1966.730, 237.907",푸른용 알 (31836),"7530.150, 688.302, 475.453","7530.150, 698.302, 475.453","7530.150, 678.302, 475.453"
4441,노스렌드,폭풍우 봉우리,툰카로 야영지,상위지역 경계 대체,67,썩은 구울 (31812),"7612.200, 1249.040, 347.691","7612.200, 1259.040, 347.691","7612.200, 1239.040, 347.691",되살아난 시체 (29897),"5876.930, -1956.730, 237.907","5876.930, -1946.730, 237.907","5876.930, -1966.730, 237.907",푸른용 알 (31836),"7530.150, 688.302, 475.453","7530.150, 698.302, 475.453","7530.150, 678.302, 475.453"
4442,노스렌드,폭풍우 봉우리,브란의 기지,상위지역 경계 대체,67,썩은 구울 (31812),"7612.200, 1249.040, 347.691","7612.200, 1259.040, 347.691","7612.200, 1239.040, 347.691",되살아난 시체 (29897),"5876.930, -1956.730, 237.907","5876.930, -1946.730, 237.907","5876.930, -1966.730, 237.907",푸른용 알 (31836),"7530.150, 688.302, 475.453","7530.150, 698.302, 475.453","7530.150, 678.302, 475.453"
4443,노스렌드,폭풍우 봉우리,메아리 관문,상위지역 경계 대체,67,썩은 구울 (31812),"7612.200, 1249.040, 347.691","7612.200, 1259.040, 347.691","7612.200, 1239.040, 347.691",되살아난 시체 (29897),"5876.930, -1956.730, 237.907","5876.930, -1946.730, 237.907","5876.930, -1966.730, 237.907",푸른용 알 (31836),"7530.150, 688.302, 475.453","7530.150, 698.302, 475.453","7530.150, 678.302, 475.453"
4444,노스렌드,폭풍우 봉우리,메아리 평원,상위지역 경계 대체,67,썩은 구울 (31812),"7612.200, 1249.040, 347.691","7612.200, 1259.040, 347.691","7612.200, 1239.040, 347.691",되살아난 시체 (29897),"5876.930, -1956.730, 237.907","5876.930, -1946.730, 237.907","5876.930, -1966.730, 237.907",푸른용 알 (31836),"7530.150, 688.302, 475.453","7530.150, 698.302, 475.453","7530.150, 678.302, 475.453"
4445,노스렌드,폭풍우 봉우리,울두아르,상위지역 경계 대체,67,썩은 구울 (31812),"7612.200, 1249.040, 347.691","7612.200, 1259.040, 347.691","7612.200, 1239.040, 347.691",되살아난 시체 (29897),"5876.930, -1956.730, 237.907","5876.930, -1946.730, 237.907","5876.930, -1966.730, 237.907",푸른용 알 (31836),"7530.150, 688.302, 475.453","7530.150, 698.302, 475.453","7530.150, 678.302, 475.453"
4446,노스렌드,폭풍우 봉우리,창조주의 거처,상위지역 경계 대체,67,썩은 구울 (31812),"7612.200, 1249.040, 347.691","7612.200, 1259.040, 347.691","7612.200, 1239.040, 347.691",되살아난 시체 (29897),"5876.930, -1956.730, 237.907","5876.930, -1946.730, 237.907","5876.930, -1966.730, 237.907",푸른용 알 (31836),"7530.150, 688.302, 475.453","7530.150, 698.302, 475.453","7530.150, 678.302, 475.453"
4447,노스렌드,폭풍우 봉우리,번개의 관문,상위지역 경계 대체,67,썩은 구울 (31812),"7612.200, 1249.040, 347.691","7612.200, 1259.040, 347.691","7612.200, 1239.040, 347.691",되살아난 시체 (29897),"5876.930, -1956.730, 237.907","5876.930, -1946.730, 237.907","5876.930, -1966.730, 237.907",푸른용 알 (31836),"7530.150, 688.302, 475.453","7530.150, 698.302, 475.453","7530.150, 678.302, 475.453"
4448,노스렌드,폭풍우 봉우리,티탄의 길,상위지역 경계 대체,67,썩은 구울 (31812),"7612.200, 1249.040, 347.691","7612.200, 1259.040, 347.691","7612.200, 1239.040, 347.691",되살아난 시체 (29897),"5876.930, -1956.730, 237.907","5876.930, -1946.730, 237.907","5876.930, -1966.730, 237.907",푸른용 알 (31836),"7530.150, 688.302, 475.453","7530.150, 698.302, 475.453","7530.150, 678.302, 475.453"
4449,노스렌드,폭풍우 봉우리,울디스,상위지역 경계 대체,67,썩은 구울 (31812),"7612.200, 1249.040, 347.691","7612.200, 1259.040, 347.691","7612.200, 1239.040, 347.691",되살아난 시체 (29897),"5876.930, -1956.730, 237.907","5876.930, -1946.730, 237.907","5876.930, -1966.730, 237.907",푸른용 알 (31836),"7530.150, 688.302, 475.453","7530.150, 698.302, 475.453","7530.150, 678.302, 475.453"
4450,노스렌드,폭풍우 봉우리,로켄의 거래물,상위지역 경계 대체,67,썩은 구울 (31812),"7612.200, 1249.040, 347.691","7612.200, 1259.040, 347.691","7612.200, 1239.040, 347.691",되살아난 시체 (29897),"5876.930, -1956.730, 237.907","5876.930, -1946.730, 237.907","5876.930, -1966.730, 237.907",푸른용 알 (31836),"7530.150, 688.302, 475.453","7530.150, 698.302, 475.453","7530.150, 678.302, 475.453"
4451,노스렌드,폭풍우 봉우리,보르의 폭포,상위지역 경계 대체,67,썩은 구울 (31812),"7612.200, 1249.040, 347.691","7612.200, 1259.040, 347.691","7612.200, 1239.040, 347.691",되살아난 시체 (29897),"5876.930, -1956.730, 237.907","5876.930, -1946.730, 237.907","5876.930, -1966.730, 237.907",푸른용 알 (31836),"7530.150, 688.302, 475.453","7530.150, 698.302, 475.453","7530.150, 678.302, 475.453"
4452,노스렌드,폭풍우 봉우리,보르의 숨결,상위지역 경계 대체,67,썩은 구울 (31812),"7612.200, 1249.040, 347.691","7612.200, 1259.040, 347.691","7612.200, 1239.040, 347.691",되살아난 시체 (29897),"5876.930, -1956.730, 237.907","5876.930, -1946.730, 237.907","5876.930, -1966.730, 237.907",푸른용 알 (31836),"7530.150, 688.302, 475.453","7530.150, 698.302, 475.453","7530.150, 678.302, 475.453"
4453,노스렌드,폭풍우 봉우리,로헴달 고개,상위지역 경계 대체,67,썩은 구울 (31812),"7612.200, 1249.040, 347.691","7612.200, 1259.040, 347.691","7612.200, 1239.040, 347.691",되살아난 시체 (29897),"5876.930, -1956.730, 237.907","5876.930, -1946.730, 237.907","5876.930, -1966.730, 237.907",푸른용 알 (31836),"7530.150, 688.302, 475.453","7530.150, 698.302, 475.453","7530.150, 678.302, 475.453"
4454,노스렌드,폭풍우 봉우리,폭풍 주조소,상위지역 경계 대체,67,썩은 구울 (31812),"7612.200, 1249.040, 347.691","7612.200, 1259.040, 347.691","7612.200, 1239.040, 347.691",되살아난 시체 (29897),"5876.930, -1956.730, 237.907","5876.930, -1946.730, 237.907","5876.930, -1966.730, 237.907",푸른용 알 (31836),"7530.150, 688.302, 475.453","7530.150, 698.302, 475.453","7530.150, 678.302, 475.453"
4455,노스렌드,폭풍우 봉우리,겨울 동굴,상위지역 경계 대체,67,썩은 구울 (31812),"7612.200, 1249.040, 347.691","7612.200, 1259.040, 347.691","7612.200, 1239.040, 347.691",되살아난 시체 (29897),"5876.930, -1956.730, 237.907","5876.930, -1946.730, 237.907","5876.930, -1966.730, 237.907",푸른용 알 (31836),"7530.150, 688.302, 475.453","7530.150, 698.302, 475.453","7530.150, 678.302, 475.453"
4456,노스렌드,회색 구릉지,볼드룬 주거지,상위지역 경계 대체,394,긴뿔 순록 (26363),"3815.740, -3532.190, 248.631","3815.740, -3522.190, 248.631","3815.740, -3542.190, 248.631",서리뿔 산양 (23740),"3279.640, -4430.550, 327.579","3279.640, -4420.550, 327.579","3279.640, -4440.550, 327.579",굶주린 망자 (27290),"3505.120, -1226.770, 109.837","3505.120, -1216.770, 109.837","3505.120, -1236.770, 109.837"
4457,노스렌드,폭풍우 봉우리,토르섹의 쉼터,상위지역 경계 대체,67,썩은 구울 (31812),"7612.200, 1249.040, 347.691","7612.200, 1259.040, 347.691","7612.200, 1239.040, 347.691",되살아난 시체 (29897),"5876.930, -1956.730, 237.907","5876.930, -1946.730, 237.907","5876.930, -1966.730, 237.907",푸른용 알 (31836),"7530.150, 688.302, 475.453","7530.150, 698.302, 475.453","7530.150, 678.302, 475.453"
4458,노스렌드,폭풍우 봉우리,스파크소켓의 지뢰밭,상위지역 경계 대체,67,썩은 구울 (31812),"7612.200, 1249.040, 347.691","7612.200, 1259.040, 347.691","7612.200, 1239.040, 347.691",되살아난 시체 (29897),"5876.930, -1956.730, 237.907","5876.930, -1946.730, 237.907","5876.930, -1966.730, 237.907",푸른용 알 (31836),"7530.150, 688.302, 475.453","7530.150, 698.302, 475.453","7530.150, 678.302, 475.453"
4459,노스렌드,폭풍우 봉우리,리켓의 로켓 썰매,상위지역 경계 대체,67,썩은 구울 (31812),"7612.200, 1249.040, 347.691","7612.200, 1259.040, 347.691","7612.200, 1239.040, 347.691",되살아난 시체 (29897),"5876.930, -1956.730, 237.907","5876.930, -1946.730, 237.907","5876.930, -1966.730, 237.907",푸른용 알 (31836),"7530.150, 688.302, 475.453","7530.150, 698.302, 475.453","7530.150, 678.302, 475.453"
4460,노스렌드,폭풍우 봉우리,가름의 파멸,상위지역 경계 대체,67,썩은 구울 (31812),"7612.200, 1249.040, 347.691","7612.200, 1259.040, 347.691","7612.200, 1239.040, 347.691",되살아난 시체 (29897),"5876.930, -1956.730, 237.907","5876.930, -1946.730, 237.907","5876.930, -1966.730, 237.907",푸른용 알 (31836),"7530.150, 688.302, 475.453","7530.150, 698.302, 475.453","7530.150, 678.302, 475.453"
4461,노스렌드,폭풍우 봉우리,가름의 마루,상위지역 경계 대체,67,썩은 구울 (31812),"7612.200, 1249.040, 347.691","7612.200, 1259.040, 347.691","7612.200, 1239.040, 347.691",되살아난 시체 (29897),"5876.930, -1956.730, 237.907","5876.930, -1946.730, 237.907","5876.930, -1966.730, 237.907",푸른용 알 (31836),"7530.150, 688.302, 475.453","7530.150, 698.302, 475.453","7530.150, 678.302, 475.453"
4462,노스렌드,폭풍우 봉우리,수정그물 동굴,상위지역 경계 대체,67,썩은 구울 (31812),"7612.200, 1249.040, 347.691","7612.200, 1259.040, 347.691","7612.200, 1239.040, 347.691",되살아난 시체 (29897),"5876.930, -1956.730, 237.907","5876.930, -1946.730, 237.907","5876.930, -1966.730, 237.907",푸른용 알 (31836),"7530.150, 688.302, 475.453","7530.150, 698.302, 475.453","7530.150, 678.302, 475.453"
4463,노스렌드,폭풍우 봉우리,생명의 신전,상위지역 경계 대체,67,썩은 구울 (31812),"7612.200, 1249.040, 347.691","7612.200, 1259.040, 347.691","7612.200, 1239.040, 347.691",되살아난 시체 (29897),"5876.930, -1956.730, 237.907","5876.930, -1946.730, 237.907","5876.930, -1966.730, 237.907",푸른용 알 (31836),"7530.150, 688.302, 475.453","7530.150, 698.302, 475.453","7530.150, 678.302, 475.453"
4464,노스렌드,폭풍우 봉우리,질서의 신전,상위지역 경계 대체,67,썩은 구울 (31812),"7612.200, 1249.040, 347.691","7612.200, 1259.040, 347.691","7612.200, 1239.040, 347.691",되살아난 시체 (29897),"5876.930, -1956.730, 237.907","5876.930, -1946.730, 237.907","5876.930, -1966.730, 237.907",푸른용 알 (31836),"7530.150, 688.302, 475.453","7530.150, 698.302, 475.453","7530.150, 678.302, 475.453"
4465,노스렌드,폭풍우 봉우리,겨울의 신전,상위지역 경계 대체,67,썩은 구울 (31812),"7612.200, 1249.040, 347.691","7612.200, 1259.040, 347.691","7612.200, 1239.040, 347.691",되살아난 시체 (29897),"5876.930, -1956.730, 237.907","5876.930, -1946.730, 237.907","5876.930, -1966.730, 237.907",푸른용 알 (31836),"7530.150, 688.302, 475.453","7530.150, 698.302, 475.453","7530.150, 678.302, 475.453"
4466,노스렌드,폭풍우 봉우리,발명의 신전,상위지역 경계 대체,67,썩은 구울 (31812),"7612.200, 1249.040, 347.691","7612.200, 1259.040, 347.691","7612.200, 1239.040, 347.691",되살아난 시체 (29897),"5876.930, -1956.730, 237.907","5876.930, -1946.730, 237.907","5876.930, -1966.730, 237.907",푸른용 알 (31836),"7530.150, 688.302, 475.453","7530.150, 698.302, 475.453","7530.150, 678.302, 475.453"
4467,노스렌드,얼음왕관,죽음의 마루,상위지역 경계 대체,210,썩은 구울 (31812),"7555.260, 1556.580, 342.748","7555.260, 1566.580, 342.748","7555.260, 1546.580, 342.748",조종 당하는 영웅 (32255),"7321.900, 2447.820, 395.389","7321.900, 2457.820, 395.389","7321.900, 2437.820, 395.389",해골경비대 보병 (33438),"6390.260, 2071.170, 511.026","6390.260, 2081.170, 511.026","6390.260, 2061.170, 511.026"
4468,노스렌드,줄드락,죽음의 들판,상위지역 경계 대체,66,되살아난 시체 (29897),"5745.640, -2214.740, 237.548","5745.640, -2204.740, 237.548","5745.640, -2224.740, 237.548",산악 야생마 (26472),"5084.860, -4386.400, 281.887","5084.860, -4376.400, 281.887","5084.860, -4396.400, 281.887",굶주린 스컬지 트롤 (26570),"4530.450, -2217.350, 169.775","4530.450, -2207.350, 169.775","4530.450, -2227.350, 169.775"
4469,노스렌드,줄드락,다르가스의 최후,상위지역 경계 대체,66,되살아난 시체 (29897),"5745.640, -2214.740, 237.548","5745.640, -2204.740, 237.548","5745.640, -2224.740, 237.548",산악 야생마 (26472),"5084.860, -4386.400, 281.887","5084.860, -4376.400, 281.887","5084.860, -4396.400, 281.887",굶주린 스컬지 트롤 (26570),"4530.450, -2217.350, 169.775","4530.450, -2207.350, 169.775","4530.450, -2227.350, 169.775"
4470,노스렌드,얼음왕관,숨겨진 동굴,상위지역 경계 대체,210,썩은 구울 (31812),"7555.260, 1556.580, 342.748","7555.260, 1566.580, 342.748","7555.260, 1546.580, 342.748",조종 당하는 영웅 (32255),"7321.900, 2447.820, 395.389","7321.900, 2457.820, 395.389","7321.900, 2437.820, 395.389",해골경비대 보병 (33438),"6390.260, 2071.170, 511.026","6390.260, 2081.170, 511.026","6390.260, 2061.170, 511.026"
4472,노스렌드,폭풍우 봉우리,서리손아귀 동굴,상위지역 경계 대체,67,썩은 구울 (31812),"7612.200, 1249.040, 347.691","7612.200, 1259.040, 347.691","7612.200, 1239.040, 347.691",되살아난 시체 (29897),"5876.930, -1956.730, 237.907","5876.930, -1946.730, 237.907","5876.930, -1966.730, 237.907",푸른용 알 (31836),"7530.150, 688.302, 475.453","7530.150, 698.302, 475.453","7530.150, 678.302, 475.453"
4473,노스렌드,폭풍우 봉우리,얼어붙은 무덤,상위지역 경계 대체,67,썩은 구울 (31812),"7612.200, 1249.040, 347.691","7612.200, 1259.040, 347.691","7612.200, 1239.040, 347.691",되살아난 시체 (29897),"5876.930, -1956.730, 237.907","5876.930, -1946.730, 237.907","5876.930, -1966.730, 237.907",푸른용 알 (31836),"7530.150, 688.302, 475.453","7530.150, 698.302, 475.453","7530.150, 678.302, 475.453"
4474,노스렌드,울부짖는 협만,쌍둥이 해안,상위지역 경계 대체,495,뾰족엄니 (23690),"1223.380, -4393.920, 159.790","1223.380, -4383.920, 159.790","1223.380, -4403.920, 159.790",새끼 뾰족엄니 (24791),"1182.580, -4437.890, 170.242","1182.580, -4427.890, 170.242","1182.580, -4447.890, 170.242",수컷 뾰족엄니 (23691),"1222.560, -4382.410, 158.040","1222.560, -4372.410, 158.040","1222.560, -4392.410, 158.040"
4475,노스렌드,회색 구릉지,짐보의 은신처,상위지역 경계 대체,394,긴뿔 순록 (26363),"3815.740, -3532.190, 248.631","3815.740, -3522.190, 248.631","3815.740, -3542.190, 248.631",서리뿔 산양 (23740),"3279.640, -4430.550, 327.579","3279.640, -4420.550, 327.579","3279.640, -4440.550, 327.579",굶주린 망자 (27290),"3505.120, -1226.770, 109.837","3505.120, -1216.770, 109.837","3505.120, -1236.770, 109.837"
4476,노스렌드,폭풍우 봉우리,버려진 야영지,상위지역 경계 대체,67,썩은 구울 (31812),"7612.200, 1249.040, 347.691","7612.200, 1259.040, 347.691","7612.200, 1239.040, 347.691",되살아난 시체 (29897),"5876.930, -1956.730, 237.907","5876.930, -1946.730, 237.907","5876.930, -1966.730, 237.907",푸른용 알 (31836),"7530.150, 688.302, 475.453","7530.150, 698.302, 475.453","7530.150, 678.302, 475.453"
4477,노스렌드,얼음왕관,어둠의 무기고,상위지역 경계 대체,210,썩은 구울 (31812),"7555.260, 1556.580, 342.748","7555.260, 1566.580, 342.748","7555.260, 1546.580, 342.748",조종 당하는 영웅 (32255),"7321.900, 2447.820, 395.389","7321.900, 2457.820, 395.389","7321.900, 2437.820, 395.389",해골경비대 보병 (33438),"6390.260, 2071.170, 511.026","6390.260, 2081.170, 511.026","6390.260, 2061.170, 511.026"
4478,노스렌드,용의 안식처,눈바람 고개,상위지역 경계 대체,65,눈사태 숲 사슴 (26615),"3572.370, 1110.300, 148.846","3572.370, 1120.300, 148.846","3572.370, 1100.300, 148.846",굶주린 망자 (27290),"3528.940, -1069.420, 127.462","3528.940, -1059.420, 127.462","3528.940, -1079.420, 127.462",용뼈 대머리수리 (26483),"3567.510, 755.088, 98.581","3567.510, 765.088, 98.581","3567.510, 745.088, 98.581"
4479,노스렌드,울부짖는 협만,겨울의 숨결 호수,상위지역 경계 대체,495,뾰족엄니 (23690),"1223.380, -4393.920, 159.790","1223.380, -4383.920, 159.790","1223.380, -4403.920, 159.790",새끼 뾰족엄니 (24791),"1182.580, -4437.890, 170.242","1182.580, -4427.890, 170.242","1182.580, -4447.890, 170.242",수컷 뾰족엄니 (23691),"1222.560, -4382.410, 158.040","1222.560, -4372.410, 158.040","1222.560, -4392.410, 158.040"
4480,노스렌드,회색 구릉지,잊혀진 전망대,상위지역 경계 대체,394,긴뿔 순록 (26363),"3815.740, -3532.190, 248.631","3815.740, -3522.190, 248.631","3815.740, -3542.190, 248.631",서리뿔 산양 (23740),"3279.640, -4430.550, 327.579","3279.640, -4420.550, 327.579","3279.640, -4440.550, 327.579",굶주린 망자 (27290),"3505.120, -1226.770, 109.837","3505.120, -1216.770, 109.837","3505.120, -1236.770, 109.837"
4481,노스렌드,줄드락,진타칼라르 통로,상위지역 경계 대체,66,되살아난 시체 (29897),"5745.640, -2214.740, 237.548","5745.640, -2204.740, 237.548","5745.640, -2224.740, 237.548",산악 야생마 (26472),"5084.860, -4386.400, 281.887","5084.860, -4376.400, 281.887","5084.860, -4396.400, 281.887",굶주린 스컬지 트롤 (26570),"4530.450, -2217.350, 169.775","4530.450, -2207.350, 169.775","4530.450, -2227.350, 169.775"
4482,노스렌드,회색 구릉지,아리가 교각,상위지역 경계 대체,394,긴뿔 순록 (26363),"3815.740, -3532.190, 248.631","3815.740, -3522.190, 248.631","3815.740, -3542.190, 248.631",서리뿔 산양 (23740),"3279.640, -4430.550, 327.579","3279.640, -4420.550, 327.579","3279.640, -4440.550, 327.579",굶주린 망자 (27290),"3505.120, -1226.770, 109.837","3505.120, -1216.770, 109.837","3505.120, -1236.770, 109.837"
4483,노스렌드,숄라자르 분지,잃어버린 통로,상위지역 경계 대체,3711,조종 당하는 영웅 (32255),"7025.310, 2977.780, 447.827","7025.310, 2987.780, 447.827","7025.310, 2967.780, 447.827",동상에 파인 시체 (28220),"6214.420, 4127.330, -11.419","6214.420, 4137.330, -11.419","6214.420, 4117.330, -11.419",설맹 구울 (28218),"6227.580, 4140.940, -10.585","6227.580, 4150.940, -10.585","6227.580, 4130.940, -10.585"
4484,노스렌드,폭풍우 봉우리,바울더크랙의 은거처,상위지역 경계 대체,67,썩은 구울 (31812),"7612.200, 1249.040, 347.691","7612.200, 1259.040, 347.691","7612.200, 1239.040, 347.691",되살아난 시체 (29897),"5876.930, -1956.730, 237.907","5876.930, -1946.730, 237.907","5876.930, -1966.730, 237.907",푸른용 알 (31836),"7530.150, 688.302, 475.453","7530.150, 698.302, 475.453","7530.150, 678.302, 475.453"
4485,노스렌드,폭풍우 봉우리,발명가의 도서관,상위지역 경계 대체,67,썩은 구울 (31812),"7612.200, 1249.040, 347.691","7612.200, 1259.040, 347.691","7612.200, 1239.040, 347.691",되살아난 시체 (29897),"5876.930, -1956.730, 237.907","5876.930, -1946.730, 237.907","5876.930, -1966.730, 237.907",푸른용 알 (31836),"7530.150, 688.302, 475.453","7530.150, 698.302, 475.453","7530.150, 678.302, 475.453"
4486,노스렌드,폭풍우 봉우리,얼어붙은 광산,상위지역 경계 대체,67,썩은 구울 (31812),"7612.200, 1249.040, 347.691","7612.200, 1259.040, 347.691","7612.200, 1239.040, 347.691",되살아난 시체 (29897),"5876.930, -1956.730, 237.907","5876.930, -1946.730, 237.907","5876.930, -1966.730, 237.907",푸른용 알 (31836),"7530.150, 688.302, 475.453","7530.150, 698.302, 475.453","7530.150, 678.302, 475.453"
4487,노스렌드,폭풍우 봉우리,거대한 유빙,상위지역 경계 대체,67,썩은 구울 (31812),"7612.200, 1249.040, 347.691","7612.200, 1259.040, 347.691","7612.200, 1239.040, 347.691",되살아난 시체 (29897),"5876.930, -1956.730, 237.907","5876.930, -1946.730, 237.907","5876.930, -1966.730, 237.907",푸른용 알 (31836),"7530.150, 688.302, 475.453","7530.150, 698.302, 475.453","7530.150, 678.302, 475.453"
4488,노스렌드,폭풍우 봉우리,울부짖는 동굴,상위지역 경계 대체,67,썩은 구울 (31812),"7612.200, 1249.040, 347.691","7612.200, 1259.040, 347.691","7612.200, 1239.040, 347.691",되살아난 시체 (29897),"5876.930, -1956.730, 237.907","5876.930, -1946.730, 237.907","5876.930, -1966.730, 237.907",푸른용 알 (31836),"7530.150, 688.302, 475.453","7530.150, 698.302, 475.453","7530.150, 678.302, 475.453"
4489,노스렌드,줄드락,십자군 전진기지,상위지역 경계 대체,66,되살아난 시체 (29897),"5745.640, -2214.740, 237.548","5745.640, -2204.740, 237.548","5745.640, -2224.740, 237.548",산악 야생마 (26472),"5084.860, -4386.400, 281.887","5084.860, -4376.400, 281.887","5084.860, -4396.400, 281.887",굶주린 스컬지 트롤 (26570),"4530.450, -2217.350, 169.775","4530.450, -2207.350, 169.775","4530.450, -2227.350, 169.775"
4490,노스렌드,폭풍우 봉우리,폭풍마루,상위지역 경계 대체,67,썩은 구울 (31812),"7612.200, 1249.040, 347.691","7612.200, 1259.040, 347.691","7612.200, 1239.040, 347.691",되살아난 시체 (29897),"5876.930, -1956.730, 237.907","5876.930, -1946.730, 237.907","5876.930, -1966.730, 237.907",푸른용 알 (31836),"7530.150, 688.302, 475.453","7530.150, 698.302, 475.453","7530.150, 678.302, 475.453"
4491,노스렌드,회색 구릉지,본스냅 야영지,상위지역 경계 대체,394,긴뿔 순록 (26363),"3815.740, -3532.190, 248.631","3815.740, -3522.190, 248.631","3815.740, -3542.190, 248.631",서리뿔 산양 (23740),"3279.640, -4430.550, 327.579","3279.640, -4420.550, 327.579","3279.640, -4440.550, 327.579",굶주린 망자 (27290),"3505.120, -1226.770, 109.837","3505.120, -1216.770, 109.837","3505.120, -1236.770, 109.837"
4492,노스렌드,얼음왕관,우프랑의 전당,상위지역 경계 대체,210,썩은 구울 (31812),"7555.260, 1556.580, 342.748","7555.260, 1566.580, 342.748","7555.260, 1546.580, 342.748",조종 당하는 영웅 (32255),"7321.900, 2447.820, 395.389","7321.900, 2457.820, 395.389","7321.900, 2437.820, 395.389",해골경비대 보병 (33438),"6390.260, 2071.170, 511.026","6390.260, 2081.170, 511.026","6390.260, 2061.170, 511.026"
4495,노스렌드,폭풍우 봉우리,피요른의 모루,상위지역 경계 대체,67,썩은 구울 (31812),"7612.200, 1249.040, 347.691","7612.200, 1259.040, 347.691","7612.200, 1239.040, 347.691",되살아난 시체 (29897),"5876.930, -1956.730, 237.907","5876.930, -1946.730, 237.907","5876.930, -1966.730, 237.907",푸른용 알 (31836),"7530.150, 688.302, 475.453","7530.150, 698.302, 475.453","7530.150, 678.302, 475.453"
4496,노스렌드,얼음왕관,요툰하임,상위지역 경계 대체,210,썩은 구울 (31812),"7555.260, 1556.580, 342.748","7555.260, 1566.580, 342.748","7555.260, 1546.580, 342.748",조종 당하는 영웅 (32255),"7321.900, 2447.820, 395.389","7321.900, 2457.820, 395.389","7321.900, 2437.820, 395.389",해골경비대 보병 (33438),"6390.260, 2071.170, 511.026","6390.260, 2081.170, 511.026","6390.260, 2061.170, 511.026"
4497,노스렌드,얼음왕관,야만전사의 절벽,상위지역 경계 대체,210,썩은 구울 (31812),"7555.260, 1556.580, 342.748","7555.260, 1566.580, 342.748","7555.260, 1546.580, 342.748",조종 당하는 영웅 (32255),"7321.900, 2447.820, 395.389","7321.900, 2457.820, 395.389","7321.900, 2437.820, 395.389",해골경비대 보병 (33438),"6390.260, 2071.170, 511.026","6390.260, 2081.170, 511.026","6390.260, 2061.170, 511.026"
4498,노스렌드,얼음왕관,선조의 전당,상위지역 경계 대체,210,썩은 구울 (31812),"7555.260, 1556.580, 342.748","7555.260, 1566.580, 342.748","7555.260, 1546.580, 342.748",조종 당하는 영웅 (32255),"7321.900, 2447.820, 395.389","7321.900, 2457.820, 395.389","7321.900, 2437.820, 395.389",해골경비대 보병 (33438),"6390.260, 2071.170, 511.026","6390.260, 2081.170, 511.026","6390.260, 2061.170, 511.026"
4499,노스렌드,폭풍우 봉우리,파멸의 웅덩이,상위지역 경계 대체,67,썩은 구울 (31812),"7612.200, 1249.040, 347.691","7612.200, 1259.040, 347.691","7612.200, 1239.040, 347.691",되살아난 시체 (29897),"5876.930, -1956.730, 237.907","5876.930, -1946.730, 237.907","5876.930, -1966.730, 237.907",푸른용 알 (31836),"7530.150, 688.302, 475.453","7530.150, 698.302, 475.453","7530.150, 678.302, 475.453"
4501,노스렌드,얼음왕관,은빛십자군 선봉기지,상위지역 경계 대체,210,썩은 구울 (31812),"7555.260, 1556.580, 342.748","7555.260, 1566.580, 342.748","7555.260, 1546.580, 342.748",조종 당하는 영웅 (32255),"7321.900, 2447.820, 395.389","7321.900, 2457.820, 395.389","7321.900, 2437.820, 395.389",해골경비대 보병 (33438),"6390.260, 2071.170, 511.026","6390.260, 2081.170, 511.026","6390.260, 2061.170, 511.026"
4502,노스렌드,폭풍우 봉우리,미미르의 작업장,상위지역 경계 대체,67,썩은 구울 (31812),"7612.200, 1249.040, 347.691","7612.200, 1259.040, 347.691","7612.200, 1239.040, 347.691",되살아난 시체 (29897),"5876.930, -1956.730, 237.907","5876.930, -1946.730, 237.907","5876.930, -1966.730, 237.907",푸른용 알 (31836),"7530.150, 688.302, 475.453","7530.150, 698.302, 475.453","7530.150, 678.302, 475.453"
4503,노스렌드,얼음왕관,무쇠벽 둑,상위지역 경계 대체,210,썩은 구울 (31812),"7555.260, 1556.580, 342.748","7555.260, 1566.580, 342.748","7555.260, 1546.580, 342.748",조종 당하는 영웅 (32255),"7321.900, 2447.820, 395.389","7321.900, 2457.820, 395.389","7321.900, 2437.820, 395.389",해골경비대 보병 (33438),"6390.260, 2071.170, 511.026","6390.260, 2081.170, 511.026","6390.260, 2061.170, 511.026"
4504,노스렌드,얼음왕관,메아리 골짜기,상위지역 경계 대체,210,썩은 구울 (31812),"7555.260, 1556.580, 342.748","7555.260, 1566.580, 342.748","7555.260, 1546.580, 342.748",조종 당하는 영웅 (32255),"7321.900, 2447.820, 395.389","7321.900, 2457.820, 395.389","7321.900, 2437.820, 395.389",해골경비대 보병 (33438),"6390.260, 2071.170, 511.026","6390.260, 2081.170, 511.026","6390.260, 2061.170, 511.026"
4505,노스렌드,얼음왕관,거대한 틈,상위지역 경계 대체,210,썩은 구울 (31812),"7555.260, 1556.580, 342.748","7555.260, 1566.580, 342.748","7555.260, 1546.580, 342.748",조종 당하는 영웅 (32255),"7321.900, 2447.820, 395.389","7321.900, 2457.820, 395.389","7321.900, 2437.820, 395.389",해골경비대 보병 (33438),"6390.260, 2071.170, 511.026","6390.260, 2081.170, 511.026","6390.260, 2061.170, 511.026"
4506,노스렌드,얼음왕관,스컬지홀름,상위지역 경계 대체,210,썩은 구울 (31812),"7555.260, 1556.580, 342.748","7555.260, 1566.580, 342.748","7555.260, 1546.580, 342.748",조종 당하는 영웅 (32255),"7321.900, 2447.820, 395.389","7321.900, 2457.820, 395.389","7321.900, 2437.820, 395.389",해골경비대 보병 (33438),"6390.260, 2071.170, 511.026","6390.260, 2081.170, 511.026","6390.260, 2061.170, 511.026"
4507,노스렌드,얼음왕관,파괴된 싸움터,상위지역 경계 대체,210,썩은 구울 (31812),"7555.260, 1556.580, 342.748","7555.260, 1566.580, 342.748","7555.260, 1546.580, 342.748",조종 당하는 영웅 (32255),"7321.900, 2447.820, 395.389","7321.900, 2457.820, 395.389","7321.900, 2437.820, 395.389",해골경비대 보병 (33438),"6390.260, 2071.170, 511.026","6390.260, 2081.170, 511.026","6390.260, 2061.170, 511.026"
4508,노스렌드,얼음왕관,모드레타르: 죽음의 관문,상위지역 경계 대체,210,썩은 구울 (31812),"7555.260, 1556.580, 342.748","7555.260, 1566.580, 342.748","7555.260, 1546.580, 342.748",조종 당하는 영웅 (32255),"7321.900, 2447.820, 395.389","7321.900, 2457.820, 395.389","7321.900, 2437.820, 395.389",해골경비대 보병 (33438),"6390.260, 2071.170, 511.026","6390.260, 2081.170, 511.026","6390.260, 2061.170, 511.026"
4509,노스렌드,얼음왕관,폭격지,상위지역 경계 대체,210,썩은 구울 (31812),"7555.260, 1556.580, 342.748","7555.260, 1566.580, 342.748","7555.260, 1546.580, 342.748",조종 당하는 영웅 (32255),"7321.900, 2447.820, 395.389","7321.900, 2457.820, 395.389","7321.900, 2437.820, 395.389",해골경비대 보병 (33438),"6390.260, 2071.170, 511.026","6390.260, 2081.170, 511.026","6390.260, 2061.170, 511.026"
4510,노스렌드,얼음왕관,알두르타르: 황폐의 관문,상위지역 경계 대체,210,썩은 구울 (31812),"7555.260, 1556.580, 342.748","7555.260, 1566.580, 342.748","7555.260, 1546.580, 342.748",조종 당하는 영웅 (32255),"7321.900, 2447.820, 395.389","7321.900, 2457.820, 395.389","7321.900, 2437.820, 395.389",해골경비대 보병 (33438),"6390.260, 2071.170, 511.026","6390.260, 2081.170, 511.026","6390.260, 2061.170, 511.026"
4511,노스렌드,얼음왕관,하늘파괴자호,상위지역 경계 대체,210,썩은 구울 (31812),"7555.260, 1556.580, 342.748","7555.260, 1566.580, 342.748","7555.260, 1546.580, 342.748",조종 당하는 영웅 (32255),"7321.900, 2447.820, 395.389","7321.900, 2457.820, 395.389","7321.900, 2437.820, 395.389",해골경비대 보병 (33438),"6390.260, 2071.170, 511.026","6390.260, 2081.170, 511.026","6390.260, 2061.170, 511.026"
4512,노스렌드,얼음왕관,오그림의 망치호,상위지역 경계 대체,210,썩은 구울 (31812),"7555.260, 1556.580, 342.748","7555.260, 1566.580, 342.748","7555.260, 1546.580, 342.748",조종 당하는 영웅 (32255),"7321.900, 2447.820, 395.389","7321.900, 2457.820, 395.389","7321.900, 2437.820, 395.389",해골경비대 보병 (33438),"6390.260, 2071.170, 511.026","6390.260, 2081.170, 511.026","6390.260, 2061.170, 511.026"
4513,노스렌드,얼음왕관,이미르하임,상위지역 경계 대체,210,썩은 구울 (31812),"7555.260, 1556.580, 342.748","7555.260, 1566.580, 342.748","7555.260, 1546.580, 342.748",조종 당하는 영웅 (32255),"7321.900, 2447.820, 395.389","7321.900, 2457.820, 395.389","7321.900, 2437.820, 395.389",해골경비대 보병 (33438),"6390.260, 2071.170, 511.026","6390.260, 2081.170, 511.026","6390.260, 2061.170, 511.026"
4514,노스렌드,얼음왕관,사로나이트 광산,상위지역 경계 대체,210,썩은 구울 (31812),"7555.260, 1556.580, 342.748","7555.260, 1566.580, 342.748","7555.260, 1546.580, 342.748",조종 당하는 영웅 (32255),"7321.900, 2447.820, 395.389","7321.900, 2457.820, 395.389","7321.900, 2437.820, 395.389",해골경비대 보병 (33438),"6390.260, 2071.170, 511.026","6390.260, 2081.170, 511.026","6390.260, 2061.170, 511.026"
4515,노스렌드,얼음왕관,끝없는 불길,상위지역 경계 대체,210,썩은 구울 (31812),"7555.260, 1556.580, 342.748","7555.260, 1566.580, 342.748","7555.260, 1546.580, 342.748",조종 당하는 영웅 (32255),"7321.900, 2447.820, 395.389","7321.900, 2457.820, 395.389","7321.900, 2437.820, 395.389",해골경비대 보병 (33438),"6390.260, 2071.170, 511.026","6390.260, 2081.170, 511.026","6390.260, 2061.170, 511.026"
4516,노스렌드,얼음왕관,무쇠벽 성채,상위지역 경계 대체,210,썩은 구울 (31812),"7555.260, 1556.580, 342.748","7555.260, 1566.580, 342.748","7555.260, 1546.580, 342.748",조종 당하는 영웅 (32255),"7321.900, 2447.820, 395.389","7321.900, 2457.820, 395.389","7321.900, 2437.820, 395.389",해골경비대 보병 (33438),"6390.260, 2071.170, 511.026","6390.260, 2081.170, 511.026","6390.260, 2061.170, 511.026"
4517,노스렌드,얼음왕관,진흙탕 채석장,상위지역 경계 대체,210,썩은 구울 (31812),"7555.260, 1556.580, 342.748","7555.260, 1566.580, 342.748","7555.260, 1546.580, 342.748",조종 당하는 영웅 (32255),"7321.900, 2447.820, 395.389","7321.900, 2457.820, 395.389","7321.900, 2437.820, 395.389",해골경비대 보병 (33438),"6390.260, 2071.170, 511.026","6390.260, 2081.170, 511.026","6390.260, 2061.170, 511.026"
4518,노스렌드,얼음왕관,코프레타르: 공포의 관문,상위지역 경계 대체,210,썩은 구울 (31812),"7555.260, 1556.580, 342.748","7555.260, 1566.580, 342.748","7555.260, 1546.580, 342.748",조종 당하는 영웅 (32255),"7321.900, 2447.820, 395.389","7321.900, 2457.820, 395.389","7321.900, 2437.820, 395.389",해골경비대 보병 (33438),"6390.260, 2071.170, 511.026","6390.260, 2081.170, 511.026","6390.260, 2061.170, 511.026"
4519,노스렌드,얼음왕관,해골 광장,상위지역 경계 대체,210,썩은 구울 (31812),"7555.260, 1556.580, 342.748","7555.260, 1566.580, 342.748","7555.260, 1546.580, 342.748",조종 당하는 영웅 (32255),"7321.900, 2447.820, 395.389","7321.900, 2457.820, 395.389","7321.900, 2437.820, 395.389",해골경비대 보병 (33438),"6390.260, 2071.170, 511.026","6390.260, 2081.170, 511.026","6390.260, 2061.170, 511.026"
4520,노스렌드,얼음왕관,말리크리스: 타락의 요새,상위지역 경계 대체,210,썩은 구울 (31812),"7555.260, 1556.580, 342.748","7555.260, 1566.580, 342.748","7555.260, 1546.580, 342.748",조종 당하는 영웅 (32255),"7321.900, 2447.820, 395.389","7321.900, 2457.820, 395.389","7321.900, 2437.820, 395.389",해골경비대 보병 (33438),"6390.260, 2071.170, 511.026","6390.260, 2081.170, 511.026","6390.260, 2061.170, 511.026"
4521,노스렌드,얼음왕관,어둠의 대성당,상위지역 경계 대체,210,썩은 구울 (31812),"7555.260, 1556.580, 342.748","7555.260, 1566.580, 342.748","7555.260, 1546.580, 342.748",조종 당하는 영웅 (32255),"7321.900, 2447.820, 395.389","7321.900, 2457.820, 395.389","7321.900, 2437.820, 395.389",해골경비대 보병 (33438),"6390.260, 2071.170, 511.026","6390.260, 2081.170, 511.026","6390.260, 2061.170, 511.026"
4522,노스렌드,얼음왕관,얼음왕관 성채,상위지역 경계 대체,210,썩은 구울 (31812),"7555.260, 1556.580, 342.748","7555.260, 1566.580, 342.748","7555.260, 1546.580, 342.748",조종 당하는 영웅 (32255),"7321.900, 2447.820, 395.389","7321.900, 2457.820, 395.389","7321.900, 2437.820, 395.389",해골경비대 보병 (33438),"6390.260, 2071.170, 511.026","6390.260, 2081.170, 511.026","6390.260, 2061.170, 511.026"
4523,노스렌드,얼음왕관,얼음왕관 빙하,상위지역 경계 대체,210,썩은 구울 (31812),"7555.260, 1556.580, 342.748","7555.260, 1566.580, 342.748","7555.260, 1546.580, 342.748",조종 당하는 영웅 (32255),"7321.900, 2447.820, 395.389","7321.900, 2457.820, 395.389","7321.900, 2437.820, 395.389",해골경비대 보병 (33438),"6390.260, 2071.170, 511.026","6390.260, 2081.170, 511.026","6390.260, 2061.170, 511.026"
4524,노스렌드,얼음왕관,발할라스,상위지역 경계 대체,210,썩은 구울 (31812),"7555.260, 1556.580, 342.748","7555.260, 1566.580, 342.748","7555.260, 1546.580, 342.748",조종 당하는 영웅 (32255),"7321.900, 2447.820, 395.389","7321.900, 2457.820, 395.389","7321.900, 2437.820, 395.389",해골경비대 보병 (33438),"6390.260, 2071.170, 511.026","6390.260, 2081.170, 511.026","6390.260, 2061.170, 511.026"
4525,노스렌드,얼음왕관,지하 전당,상위지역 경계 대체,210,썩은 구울 (31812),"7555.260, 1556.580, 342.748","7555.260, 1566.580, 342.748","7555.260, 1546.580, 342.748",조종 당하는 영웅 (32255),"7321.900, 2447.820, 395.389","7321.900, 2457.820, 395.389","7321.900, 2437.820, 395.389",해골경비대 보병 (33438),"6390.260, 2071.170, 511.026","6390.260, 2081.170, 511.026","6390.260, 2061.170, 511.026"
4526,노스렌드,얼음왕관,요른다르 마을,상위지역 경계 대체,210,썩은 구울 (31812),"7555.260, 1556.580, 342.748","7555.260, 1566.580, 342.748","7555.260, 1546.580, 342.748",조종 당하는 영웅 (32255),"7321.900, 2447.820, 395.389","7321.900, 2457.820, 395.389","7321.900, 2437.820, 395.389",해골경비대 보병 (33438),"6390.260, 2071.170, 511.026","6390.260, 2081.170, 511.026","6390.260, 2061.170, 511.026"
4527,노스렌드,얼음왕관,발라르가드 요새,상위지역 경계 대체,210,썩은 구울 (31812),"7555.260, 1556.580, 342.748","7555.260, 1566.580, 342.748","7555.260, 1546.580, 342.748",조종 당하는 영웅 (32255),"7321.900, 2447.820, 395.389","7321.900, 2457.820, 395.389","7321.900, 2437.820, 395.389",해골경비대 보병 (33438),"6390.260, 2071.170, 511.026","6390.260, 2081.170, 511.026","6390.260, 2061.170, 511.026"
4528,노스렌드,얼음왕관,쿨갈라르 성채,상위지역 경계 대체,210,썩은 구울 (31812),"7555.260, 1556.580, 342.748","7555.260, 1566.580, 342.748","7555.260, 1546.580, 342.748",조종 당하는 영웅 (32255),"7321.900, 2447.820, 395.389","7321.900, 2457.820, 395.389","7321.900, 2437.820, 395.389",해골경비대 보병 (33438),"6390.260, 2071.170, 511.026","6390.260, 2081.170, 511.026","6390.260, 2061.170, 511.026"
4529,노스렌드,얼음왕관,진홍빛 성당,상위지역 경계 대체,210,썩은 구울 (31812),"7555.260, 1556.580, 342.748","7555.260, 1566.580, 342.748","7555.260, 1546.580, 342.748",조종 당하는 영웅 (32255),"7321.900, 2447.820, 395.389","7321.900, 2457.820, 395.389","7321.900, 2437.820, 395.389",해골경비대 보병 (33438),"6390.260, 2071.170, 511.026","6390.260, 2081.170, 511.026","6390.260, 2061.170, 511.026"
4530,노스렌드,얼음왕관,부활의 성소,상위지역 경계 대체,210,썩은 구울 (31812),"7555.260, 1556.580, 342.748","7555.260, 1566.580, 342.748","7555.260, 1546.580, 342.748",조종 당하는 영웅 (32255),"7321.900, 2447.820, 395.389","7321.900, 2457.820, 395.389","7321.900, 2437.820, 395.389",해골경비대 보병 (33438),"6390.260, 2071.170, 511.026","6390.260, 2081.170, 511.026","6390.260, 2061.170, 511.026"
4531,노스렌드,얼음왕관,살덩이작업장,상위지역 경계 대체,210,썩은 구울 (31812),"7555.260, 1556.580, 342.748","7555.260, 1566.580, 342.748","7555.260, 1546.580, 342.748",조종 당하는 영웅 (32255),"7321.900, 2447.820, 395.389","7321.900, 2457.820, 395.389","7321.900, 2437.820, 395.389",해골경비대 보병 (33438),"6390.260, 2071.170, 511.026","6390.260, 2081.170, 511.026","6390.260, 2061.170, 511.026"
4532,노스렌드,울부짖는 협만,복수의 상륙지 여관,상위지역 경계 대체,495,뾰족엄니 (23690),"1223.380, -4393.920, 159.790","1223.380, -4383.920, 159.790","1223.380, -4403.920, 159.790",새끼 뾰족엄니 (24791),"1182.580, -4437.890, 170.242","1182.580, -4427.890, 170.242","1182.580, -4447.890, 170.242",수컷 뾰족엄니 (23691),"1222.560, -4382.410, 158.040","1222.560, -4372.410, 158.040","1222.560, -4392.410, 158.040"
4533,노스렌드,얼음왕관,신드라고사의 추락지,상위지역 경계 대체,210,썩은 구울 (31812),"7555.260, 1556.580, 342.748","7555.260, 1566.580, 342.748","7555.260, 1546.580, 342.748",조종 당하는 영웅 (32255),"7321.900, 2447.820, 395.389","7321.900, 2457.820, 395.389","7321.900, 2437.820, 395.389",해골경비대 보병 (33438),"6390.260, 2071.170, 511.026","6390.260, 2081.170, 511.026","6390.260, 2061.170, 511.026"
4534,노스렌드,울부짖는 협만,빌더바르 광산,상위지역 경계 대체,495,뾰족엄니 (23690),"1223.380, -4393.920, 159.790","1223.380, -4383.920, 159.790","1223.380, -4403.920, 159.790",새끼 뾰족엄니 (24791),"1182.580, -4437.890, 170.242","1182.580, -4427.890, 170.242","1182.580, -4447.890, 170.242",수컷 뾰족엄니 (23691),"1222.560, -4382.410, 158.040","1222.560, -4372.410, 158.040","1222.560, -4392.410, 158.040"
4535,노스렌드,폭풍우 봉우리,송곳니 구덩이,상위지역 경계 대체,67,썩은 구울 (31812),"7612.200, 1249.040, 347.691","7612.200, 1259.040, 347.691","7612.200, 1239.040, 347.691",되살아난 시체 (29897),"5876.930, -1956.730, 237.907","5876.930, -1946.730, 237.907","5876.930, -1966.730, 237.907",푸른용 알 (31836),"7530.150, 688.302, 475.453","7530.150, 698.302, 475.453","7530.150, 678.302, 475.453"
4536,노스렌드,폭풍우 봉우리,서리울음 동굴,상위지역 경계 대체,67,썩은 구울 (31812),"7612.200, 1249.040, 347.691","7612.200, 1259.040, 347.691","7612.200, 1239.040, 347.691",되살아난 시체 (29897),"5876.930, -1956.730, 237.907","5876.930, -1946.730, 237.907","5876.930, -1966.730, 237.907",푸른용 알 (31836),"7530.150, 688.302, 475.453","7530.150, 698.302, 475.453","7530.150, 678.302, 475.453"
4537,노스렌드,얼음왕관,잃어버린 희망의 계곡,상위지역 경계 대체,210,썩은 구울 (31812),"7555.260, 1556.580, 342.748","7555.260, 1566.580, 342.748","7555.260, 1546.580, 342.748",조종 당하는 영웅 (32255),"7321.900, 2447.820, 395.389","7321.900, 2457.820, 395.389","7321.900, 2437.820, 395.389",해골경비대 보병 (33438),"6390.260, 2071.170, 511.026","6390.260, 2081.170, 511.026","6390.260, 2061.170, 511.026"
4538,노스렌드,겨울손아귀 호수,가라앉은 경기장,상위지역 경계 대체,4197,아눕아르 학살자 (26606),"4154.710, 2343.870, 121.847","4154.710, 2353.870, 121.847","4154.710, 2333.870, 121.847",빙하의 정령 (30846),"4672.680, 2779.120, 338.747","4672.680, 2789.120, 338.747","4672.680, 2769.120, 338.747",한기의 대지 정령 (30849),"4758.890, 2759.370, 355.925","4758.890, 2769.370, 355.925","4758.890, 2749.370, 355.925"
4539,노스렌드,겨울손아귀 호수,파괴된 신전,상위지역 경계 대체,4197,아눕아르 학살자 (26606),"4154.710, 2343.870, 121.847","4154.710, 2353.870, 121.847","4154.710, 2333.870, 121.847",빙하의 정령 (30846),"4672.680, 2779.120, 338.747","4672.680, 2789.120, 338.747","4672.680, 2769.120, 338.747",한기의 대지 정령 (30849),"4758.890, 2759.370, 355.925","4758.890, 2769.370, 355.925","4758.890, 2749.370, 355.925"
4540,노스렌드,얼음왕관,전사한 영웅의 계곡,상위지역 경계 대체,210,썩은 구울 (31812),"7555.260, 1556.580, 342.748","7555.260, 1566.580, 342.748","7555.260, 1546.580, 342.748",조종 당하는 영웅 (32255),"7321.900, 2447.820, 395.389","7321.900, 2457.820, 395.389","7321.900, 2437.820, 395.389",해골경비대 보병 (33438),"6390.260, 2071.170, 511.026","6390.260, 2081.170, 511.026","6390.260, 2061.170, 511.026"
4541,노스렌드,얼음왕관,선봉기지 치료소,상위지역 경계 대체,210,썩은 구울 (31812),"7555.260, 1556.580, 342.748","7555.260, 1566.580, 342.748","7555.260, 1546.580, 342.748",조종 당하는 영웅 (32255),"7321.900, 2447.820, 395.389","7321.900, 2457.820, 395.389","7321.900, 2437.820, 395.389",해골경비대 보병 (33438),"6390.260, 2071.170, 511.026","6390.260, 2081.170, 511.026","6390.260, 2061.170, 511.026"
4542,노스렌드,폭풍우 봉우리,구체자의 전당,상위지역 경계 대체,67,썩은 구울 (31812),"7612.200, 1249.040, 347.691","7612.200, 1259.040, 347.691","7612.200, 1239.040, 347.691",되살아난 시체 (29897),"5876.930, -1956.730, 237.907","5876.930, -1946.730, 237.907","5876.930, -1966.730, 237.907",푸른용 알 (31836),"7530.150, 688.302, 475.453","7530.150, 698.302, 475.453","7530.150, 678.302, 475.453"
4543,노스렌드,폭풍우 봉우리,지혜의 신전,상위지역 경계 대체,67,썩은 구울 (31812),"7612.200, 1249.040, 347.691","7612.200, 1259.040, 347.691","7612.200, 1239.040, 347.691",되살아난 시체 (29897),"5876.930, -1956.730, 237.907","5876.930, -1946.730, 237.907","5876.930, -1966.730, 237.907",푸른용 알 (31836),"7530.150, 688.302, 475.453","7530.150, 698.302, 475.453","7530.150, 678.302, 475.453"
4544,동부 왕국,동부 역병지대,죽음의 틈,상위지역 경계 대체,139,청소부구더기 (8603),"2373.640, -4302.370, 77.802","2373.640, -4292.370, 77.802","2373.640, -4312.370, 77.802",역병박쥐 (8600),"1964.440, -4051.470, 89.981","1964.440, -4041.470, 89.981","1964.440, -4061.470, 89.981",광포한 역병사냥개 (8598),"2611.910, -4366.740, 79.316","2611.910, -4356.740, 79.316","2611.910, -4376.740, 79.316"
4545,동부 왕국,동부 역병지대,버려진 광산,상위지역 경계 대체,139,청소부구더기 (8603),"2373.640, -4302.370, 77.802","2373.640, -4292.370, 77.802","2373.640, -4312.370, 77.802",역병박쥐 (8600),"1964.440, -4051.470, 89.981","1964.440, -4041.470, 89.981","1964.440, -4061.470, 89.981",광포한 역병사냥개 (8598),"2611.910, -4366.740, 79.316","2611.910, -4356.740, 79.316","2611.910, -4376.740, 79.316"
4546,동부 왕국,동부 역병지대,붉은십자군 폐허,상위지역 경계 대체,139,청소부구더기 (8603),"2373.640, -4302.370, 77.802","2373.640, -4292.370, 77.802","2373.640, -4312.370, 77.802",역병박쥐 (8600),"1964.440, -4051.470, 89.981","1964.440, -4041.470, 89.981","1964.440, -4061.470, 89.981",광포한 역병사냥개 (8598),"2611.910, -4366.740, 79.316","2611.910, -4356.740, 79.316","2611.910, -4376.740, 79.316"
4547,노스렌드,폭풍우 봉우리,돌의 전당,상위지역 경계 대체,67,썩은 구울 (31812),"7612.200, 1249.040, 347.691","7612.200, 1259.040, 347.691","7612.200, 1239.040, 347.691",되살아난 시체 (29897),"5876.930, -1956.730, 237.907","5876.930, -1946.730, 237.907","5876.930, -1966.730, 237.907",푸른용 알 (31836),"7530.150, 688.302, 475.453","7530.150, 698.302, 475.453","7530.150, 678.302, 475.453"
4548,노스렌드,폭풍우 봉우리,번개의 전당,상위지역 경계 대체,67,썩은 구울 (31812),"7612.200, 1249.040, 347.691","7612.200, 1259.040, 347.691","7612.200, 1239.040, 347.691",되살아난 시체 (29897),"5876.930, -1956.730, 237.907","5876.930, -1946.730, 237.907","5876.930, -1966.730, 237.907",푸른용 알 (31836),"7530.150, 688.302, 475.453","7530.150, 698.302, 475.453","7530.150, 678.302, 475.453"
4549,노스렌드,수정노래 숲,거대 고목,상위지역 경계 대체,2817,죽음의 오라 충돌 (37878),"4835.670, -563.555, 161.455","4835.670, -553.555, 161.455","4835.670, -573.555, 161.455",흉측한 구울 (37881),"4832.980, -564.232, 161.037","4832.980, -554.232, 161.037","4832.980, -574.232, 161.037",고결의 성전사 (31033),"5960.100, -162.872, 298.699","5960.100, -152.872, 298.699","5960.100, -172.872, 298.699"
4550,노스렌드,수정노래 숲,황혼의 거울,상위지역 경계 대체,2817,죽음의 오라 충돌 (37878),"4835.670, -563.555, 161.455","4835.670, -553.555, 161.455","4835.670, -573.555, 161.455",흉측한 구울 (37881),"4832.980, -564.232, 161.037","4832.980, -554.232, 161.037","4832.980, -574.232, 161.037",고결의 성전사 (31033),"5960.100, -162.872, 298.699","5960.100, -152.872, 298.699","5960.100, -172.872, 298.699"
4551,노스렌드,수정노래 숲,황혼의 개울,상위지역 경계 대체,2817,죽음의 오라 충돌 (37878),"4835.670, -563.555, 161.455","4835.670, -553.555, 161.455","4835.670, -573.555, 161.455",흉측한 구울 (37881),"4832.980, -564.232, 161.037","4832.980, -554.232, 161.037","4832.980, -574.232, 161.037",고결의 성전사 (31033),"5960.100, -162.872, 298.699","5960.100, -152.872, 298.699","5960.100, -172.872, 298.699"
4552,노스렌드,수정노래 숲,이울어진 물줄기,상위지역 경계 대체,2817,죽음의 오라 충돌 (37878),"4835.670, -563.555, 161.455","4835.670, -553.555, 161.455","4835.670, -573.555, 161.455",흉측한 구울 (37881),"4832.980, -564.232, 161.037","4832.980, -554.232, 161.037","4832.980, -574.232, 161.037",고결의 성전사 (31033),"5960.100, -162.872, 298.699","5960.100, -152.872, 298.699","5960.100, -172.872, 298.699"
4553,노스렌드,수정노래 숲,쓸쓸한 숲,상위지역 경계 대체,2817,죽음의 오라 충돌 (37878),"4835.670, -563.555, 161.455","4835.670, -553.555, 161.455","4835.670, -573.555, 161.455",흉측한 구울 (37881),"4832.980, -564.232, 161.037","4832.980, -554.232, 161.037","4832.980, -574.232, 161.037",고결의 성전사 (31033),"5960.100, -162.872, 298.699","5960.100, -152.872, 298.699","5960.100, -172.872, 298.699"
4554,노스렌드,수정노래 숲,샨다랄 폐허,상위지역 경계 대체,2817,죽음의 오라 충돌 (37878),"4835.670, -563.555, 161.455","4835.670, -553.555, 161.455","4835.670, -573.555, 161.455",흉측한 구울 (37881),"4832.980, -564.232, 161.037","4832.980, -554.232, 161.037","4832.980, -574.232, 161.037",고결의 성전사 (31033),"5960.100, -162.872, 298.699","5960.100, -152.872, 298.699","5960.100, -172.872, 298.699"
4555,노스렌드,수정노래 숲,하늘빛 전초지,상위지역 경계 대체,2817,죽음의 오라 충돌 (37878),"4835.670, -563.555, 161.455","4835.670, -553.555, 161.455","4835.670, -573.555, 161.455",흉측한 구울 (37881),"4832.980, -564.232, 161.037","4832.980, -554.232, 161.037","4832.980, -574.232, 161.037",고결의 성전사 (31033),"5960.100, -162.872, 298.699","5960.100, -152.872, 298.699","5960.100, -172.872, 298.699"
4556,노스렌드,수정노래 숲,보랏빛 단,상위지역 경계 대체,2817,죽음의 오라 충돌 (37878),"4835.670, -563.555, 161.455","4835.670, -553.555, 161.455","4835.670, -573.555, 161.455",흉측한 구울 (37881),"4832.980, -564.232, 161.037","4832.980, -554.232, 161.037","4832.980, -574.232, 161.037",고결의 성전사 (31033),"5960.100, -162.872, 298.699","5960.100, -152.872, 298.699","5960.100, -172.872, 298.699"
4557,노스렌드,수정노래 숲,해방의 숲,상위지역 경계 대체,2817,죽음의 오라 충돌 (37878),"4835.670, -563.555, 161.455","4835.670, -553.555, 161.455","4835.670, -573.555, 161.455",흉측한 구울 (37881),"4832.980, -564.232, 161.037","4832.980, -554.232, 161.037","4832.980, -574.232, 161.037",고결의 성전사 (31033),"5960.100, -162.872, 298.699","5960.100, -152.872, 298.699","5960.100, -172.872, 298.699"
4558,노스렌드,수정노래 숲,선리버 지휘초소,상위지역 경계 대체,2817,죽음의 오라 충돌 (37878),"4835.670, -563.555, 161.455","4835.670, -553.555, 161.455","4835.670, -573.555, 161.455",흉측한 구울 (37881),"4832.980, -564.232, 161.037","4832.980, -554.232, 161.037","4832.980, -574.232, 161.037",고결의 성전사 (31033),"5960.100, -162.872, 298.699","5960.100, -152.872, 298.699","5960.100, -172.872, 298.699"
4559,노스렌드,수정노래 숲,윈드러너 전망대,상위지역 경계 대체,2817,죽음의 오라 충돌 (37878),"4835.670, -563.555, 161.455","4835.670, -553.555, 161.455","4835.670, -573.555, 161.455",흉측한 구울 (37881),"4832.980, -564.232, 161.037","4832.980, -554.232, 161.037","4832.980, -574.232, 161.037",고결의 성전사 (31033),"5960.100, -162.872, 298.699","5960.100, -152.872, 298.699","5960.100, -172.872, 298.699"
4560,노스렌드,달라란,마법의 뒤안길,없음,,없음,,,,없음,,,,없음,,,
4564,노스렌드,달라란,크라서스 착륙장,없음,,없음,,,,없음,,,,없음,,,
4567,노스렌드,달라란,보랏빛 요새,없음,,없음,,,,없음,,,,없음,,,
4568,노스렌드,달라란,어스름 거리,없음,,없음,,,,없음,,,,없음,,,
4569,노스렌드,달라란,하수도 배출관,없음,,없음,,,,없음,,,,없음,,,
4570,노스렌드,달라란,의지의 투기장,없음,,없음,,,,없음,,,,없음,,,
4575,노스렌드,겨울손아귀 호수,겨울손아귀 요새,상위지역 경계 대체,4197,아눕아르 학살자 (26606),"4154.710, 2343.870, 121.847","4154.710, 2353.870, 121.847","4154.710, 2333.870, 121.847",빙하의 정령 (30846),"4672.680, 2779.120, 338.747","4672.680, 2789.120, 338.747","4672.680, 2769.120, 338.747",한기의 대지 정령 (30849),"4758.890, 2759.370, 355.925","4758.890, 2769.370, 355.925","4758.890, 2749.370, 355.925"
4576,노스렌드,겨울손아귀 호수,중앙 교각,상위지역 경계 대체,4197,아눕아르 학살자 (26606),"4154.710, 2343.870, 121.847","4154.710, 2353.870, 121.847","4154.710, 2333.870, 121.847",빙하의 정령 (30846),"4672.680, 2779.120, 338.747","4672.680, 2789.120, 338.747","4672.680, 2769.120, 338.747",한기의 대지 정령 (30849),"4758.890, 2759.370, 355.925","4758.890, 2769.370, 355.925","4758.890, 2749.370, 355.925"
4577,노스렌드,겨울손아귀 호수,동부 교각,상위지역 경계 대체,4197,아눕아르 학살자 (26606),"4154.710, 2343.870, 121.847","4154.710, 2353.870, 121.847","4154.710, 2333.870, 121.847",빙하의 정령 (30846),"4672.680, 2779.120, 338.747","4672.680, 2789.120, 338.747","4672.680, 2769.120, 338.747",한기의 대지 정령 (30849),"4758.890, 2759.370, 355.925","4758.890, 2769.370, 355.925","4758.890, 2749.370, 355.925"
4578,노스렌드,겨울손아귀 호수,서부 교각,상위지역 경계 대체,4197,아눕아르 학살자 (26606),"4154.710, 2343.870, 121.847","4154.710, 2353.870, 121.847","4154.710, 2333.870, 121.847",빙하의 정령 (30846),"4672.680, 2779.120, 338.747","4672.680, 2789.120, 338.747","4672.680, 2769.120, 338.747",한기의 대지 정령 (30849),"4758.890, 2759.370, 355.925","4758.890, 2769.370, 355.925","4758.890, 2749.370, 355.925"
4579,노스렌드,줄드락,두브라진,상위지역 경계 대체,66,되살아난 시체 (29897),"5745.640, -2214.740, 237.548","5745.640, -2204.740, 237.548","5745.640, -2224.740, 237.548",산악 야생마 (26472),"5084.860, -4386.400, 281.887","5084.860, -4376.400, 281.887","5084.860, -4396.400, 281.887",굶주린 스컬지 트롤 (26570),"4530.450, -2217.350, 169.775","4530.450, -2207.350, 169.775","4530.450, -2227.350, 169.775"
4580,노스렌드,얼음왕관,십자군 봉우리,상위지역 경계 대체,210,썩은 구울 (31812),"7555.260, 1556.580, 342.748","7555.260, 1566.580, 342.748","7555.260, 1546.580, 342.748",조종 당하는 영웅 (32255),"7321.900, 2447.820, 395.389","7321.900, 2457.820, 395.389","7321.900, 2437.820, 395.389",해골경비대 보병 (33438),"6390.260, 2071.170, 511.026","6390.260, 2081.170, 511.026","6390.260, 2061.170, 511.026"
4581,노스렌드,겨울손아귀 호수,불꽃감시 경비탑,상위지역 경계 대체,4197,아눕아르 학살자 (26606),"4154.710, 2343.870, 121.847","4154.710, 2353.870, 121.847","4154.710, 2333.870, 121.847",빙하의 정령 (30846),"4672.680, 2779.120, 338.747","4672.680, 2789.120, 338.747","4672.680, 2769.120, 338.747",한기의 대지 정령 (30849),"4758.890, 2759.370, 355.925","4758.890, 2769.370, 355.925","4758.890, 2749.370, 355.925"
4582,노스렌드,겨울손아귀 호수,겨울 칼날 경비탑,상위지역 경계 대체,4197,아눕아르 학살자 (26606),"4154.710, 2343.870, 121.847","4154.710, 2353.870, 121.847","4154.710, 2333.870, 121.847",빙하의 정령 (30846),"4672.680, 2779.120, 338.747","4672.680, 2789.120, 338.747","4672.680, 2769.120, 338.747",한기의 대지 정령 (30849),"4758.890, 2759.370, 355.925","4758.890, 2769.370, 355.925","4758.890, 2749.370, 355.925"
4583,노스렌드,겨울손아귀 호수,그늘눈 경비탑,상위지역 경계 대체,4197,아눕아르 학살자 (26606),"4154.710, 2343.870, 121.847","4154.710, 2353.870, 121.847","4154.710, 2333.870, 121.847",빙하의 정령 (30846),"4672.680, 2779.120, 338.747","4672.680, 2789.120, 338.747","4672.680, 2769.120, 338.747",한기의 대지 정령 (30849),"4758.890, 2759.370, 355.925","4758.890, 2769.370, 355.925","4758.890, 2749.370, 355.925"
4584,노스렌드,겨울손아귀 호수,불길의 가마솥,상위지역 경계 대체,4197,아눕아르 학살자 (26606),"4154.710, 2343.870, 121.847","4154.710, 2353.870, 121.847","4154.710, 2333.870, 121.847",빙하의 정령 (30846),"4672.680, 2779.120, 338.747","4672.680, 2789.120, 338.747","4672.680, 2769.120, 338.747",한기의 대지 정령 (30849),"4758.890, 2759.370, 355.925","4758.890, 2769.370, 355.925","4758.890, 2749.370, 355.925"
4585,노스렌드,겨울손아귀 호수,빙하 폭포,상위지역 경계 대체,4197,아눕아르 학살자 (26606),"4154.710, 2343.870, 121.847","4154.710, 2353.870, 121.847","4154.710, 2333.870, 121.847",빙하의 정령 (30846),"4672.680, 2779.120, 338.747","4672.680, 2789.120, 338.747","4672.680, 2769.120, 338.747",한기의 대지 정령 (30849),"4758.890, 2759.370, 355.925","4758.890, 2769.370, 355.925","4758.890, 2749.370, 355.925"
4586,노스렌드,겨울손아귀 호수,바람 절벽,상위지역 경계 대체,4197,아눕아르 학살자 (26606),"4154.710, 2343.870, 121.847","4154.710, 2353.870, 121.847","4154.710, 2333.870, 121.847",빙하의 정령 (30846),"4672.680, 2779.120, 338.747","4672.680, 2789.120, 338.747","4672.680, 2769.120, 338.747",한기의 대지 정령 (30849),"4758.890, 2759.370, 355.925","4758.890, 2769.370, 355.925","4758.890, 2749.370, 355.925"
4587,노스렌드,겨울손아귀 호수,그늘진 수풀,상위지역 경계 대체,4197,아눕아르 학살자 (26606),"4154.710, 2343.870, 121.847","4154.710, 2353.870, 121.847","4154.710, 2333.870, 121.847",빙하의 정령 (30846),"4672.680, 2779.120, 338.747","4672.680, 2789.120, 338.747","4672.680, 2769.120, 338.747",한기의 대지 정령 (30849),"4758.890, 2759.370, 355.925","4758.890, 2769.370, 355.925","4758.890, 2749.370, 355.925"
4588,노스렌드,얼음왕관,어둠의 감시초소,상위지역 경계 대체,210,썩은 구울 (31812),"7555.260, 1556.580, 342.748","7555.260, 1566.580, 342.748","7555.260, 1546.580, 342.748",조종 당하는 영웅 (32255),"7321.900, 2447.820, 395.389","7321.900, 2457.820, 395.389","7321.900, 2437.820, 395.389",해골경비대 보병 (33438),"6390.260, 2071.170, 511.026","6390.260, 2081.170, 511.026","6390.260, 2061.170, 511.026"
4589,노스렌드,겨울손아귀 호수,얼어붙은 수렁,상위지역 경계 대체,4197,아눕아르 학살자 (26606),"4154.710, 2343.870, 121.847","4154.710, 2353.870, 121.847","4154.710, 2333.870, 121.847",빙하의 정령 (30846),"4672.680, 2779.120, 338.747","4672.680, 2789.120, 338.747","4672.680, 2769.120, 338.747",한기의 대지 정령 (30849),"4758.890, 2759.370, 355.925","4758.890, 2769.370, 355.925","4758.890, 2749.370, 355.925"
4590,노스렌드,겨울손아귀 호수,생명의 평원,상위지역 경계 대체,4197,아눕아르 학살자 (26606),"4154.710, 2343.870, 121.847","4154.710, 2353.870, 121.847","4154.710, 2333.870, 121.847",빙하의 정령 (30846),"4672.680, 2779.120, 338.747","4672.680, 2789.120, 338.747","4672.680, 2769.120, 338.747",한기의 대지 정령 (30849),"4758.890, 2759.370, 355.925","4758.890, 2769.370, 355.925","4758.890, 2749.370, 355.925"
4591,노스렌드,얼음왕관,침묵의 망루,상위지역 경계 대체,210,썩은 구울 (31812),"7555.260, 1556.580, 342.748","7555.260, 1566.580, 342.748","7555.260, 1546.580, 342.748",조종 당하는 영웅 (32255),"7321.900, 2447.820, 395.389","7321.900, 2457.820, 395.389","7321.900, 2437.820, 395.389",해골경비대 보병 (33438),"6390.260, 2071.170, 511.026","6390.260, 2081.170, 511.026","6390.260, 2061.170, 511.026"
4592,노스렌드,폭풍우 봉우리,기모라크의 동굴,상위지역 경계 대체,67,썩은 구울 (31812),"7612.200, 1249.040, 347.691","7612.200, 1259.040, 347.691","7612.200, 1239.040, 347.691",되살아난 시체 (29897),"5876.930, -1956.730, 237.907","5876.930, -1946.730, 237.907","5876.930, -1966.730, 237.907",푸른용 알 (31836),"7530.150, 688.302, 475.453","7530.150, 698.302, 475.453","7530.150, 678.302, 475.453"
4593,노스렌드,얼음왕관,악마의 구덩이,상위지역 경계 대체,210,썩은 구울 (31812),"7555.260, 1556.580, 342.748","7555.260, 1566.580, 342.748","7555.260, 1546.580, 342.748",조종 당하는 영웅 (32255),"7321.900, 2447.820, 395.389","7321.900, 2457.820, 395.389","7321.900, 2437.820, 395.389",해골경비대 보병 (33438),"6390.260, 2071.170, 511.026","6390.260, 2081.170, 511.026","6390.260, 2061.170, 511.026"
4594,노스렌드,얼음왕관,전투의 흉터 첨탑,상위지역 경계 대체,210,썩은 구울 (31812),"7555.260, 1556.580, 342.748","7555.260, 1566.580, 342.748","7555.260, 1546.580, 342.748",조종 당하는 영웅 (32255),"7321.900, 2447.820, 395.389","7321.900, 2457.820, 395.389","7321.900, 2437.820, 395.389",해골경비대 보병 (33438),"6390.260, 2071.170, 511.026","6390.260, 2081.170, 511.026","6390.260, 2061.170, 511.026"
4595,노스렌드,얼음왕관,공포의 전당,상위지역 경계 대체,210,썩은 구울 (31812),"7555.260, 1556.580, 342.748","7555.260, 1566.580, 342.748","7555.260, 1546.580, 342.748",조종 당하는 영웅 (32255),"7321.900, 2447.820, 395.389","7321.900, 2457.820, 395.389","7321.900, 2437.820, 395.389",해골경비대 보병 (33438),"6390.260, 2071.170, 511.026","6390.260, 2081.170, 511.026","6390.260, 2061.170, 511.026"
4596,노스렌드,얼음왕관,고통의 투기장,상위지역 경계 대체,210,썩은 구울 (31812),"7555.260, 1556.580, 342.748","7555.260, 1566.580, 342.748","7555.260, 1546.580, 342.748",조종 당하는 영웅 (32255),"7321.900, 2447.820, 395.389","7321.900, 2457.820, 395.389","7321.900, 2437.820, 395.389",해골경비대 보병 (33438),"6390.260, 2071.170, 511.026","6390.260, 2081.170, 511.026","6390.260, 2061.170, 511.026"
4597,노스렌드,얼음왕관,고통의 언덕,상위지역 경계 대체,210,썩은 구울 (31812),"7555.260, 1556.580, 342.748","7555.260, 1566.580, 342.748","7555.260, 1546.580, 342.748",조종 당하는 영웅 (32255),"7321.900, 2447.820, 395.389","7321.900, 2457.820, 395.389","7321.900, 2437.820, 395.389",해골경비대 보병 (33438),"6390.260, 2071.170, 511.026","6390.260, 2081.170, 511.026","6390.260, 2061.170, 511.026"
4598,노스렌드,달라란,크라서스 착륙장,없음,,없음,,,,없음,,,,없음,,,
4599,노스렌드,달라란,하수도 배출관,없음,,없음,,,,없음,,,,없음,,,
4601,노스렌드,달라란,달라란 섬,없음,,없음,,,,없음,,,,없음,,,
4602,노스렌드,,내부 강제,없음,,없음,,,,없음,,,,없음,,,
4611,노스렌드,겨울손아귀 호수,서부불꽃 작업장,상위지역 경계 대체,4197,아눕아르 학살자 (26606),"4154.710, 2343.870, 121.847","4154.710, 2353.870, 121.847","4154.710, 2333.870, 121.847",빙하의 정령 (30846),"4672.680, 2779.120, 338.747","4672.680, 2789.120, 338.747","4672.680, 2769.120, 338.747",한기의 대지 정령 (30849),"4758.890, 2759.370, 355.925","4758.890, 2769.370, 355.925","4758.890, 2749.370, 355.925"
4612,노스렌드,겨울손아귀 호수,동부불꽃 작업장,상위지역 경계 대체,4197,아눕아르 학살자 (26606),"4154.710, 2343.870, 121.847","4154.710, 2353.870, 121.847","4154.710, 2333.870, 121.847",빙하의 정령 (30846),"4672.680, 2779.120, 338.747","4672.680, 2789.120, 338.747","4672.680, 2769.120, 338.747",한기의 대지 정령 (30849),"4758.890, 2759.370, 355.925","4758.890, 2769.370, 355.925","4758.890, 2749.370, 355.925"
4613,노스렌드,달라란,달라란,없음,,없음,,,,없음,,,,없음,,,
4614,노스렌드,달라란,보랏빛 성채 첨탑,없음,,없음,,,,없음,,,,없음,,,
4615,노스렌드,얼음왕관,나즈아낙: 망각의 심연,상위지역 경계 대체,210,썩은 구울 (31812),"7555.260, 1556.580, 342.748","7555.260, 1566.580, 342.748","7555.260, 1546.580, 342.748",조종 당하는 영웅 (32255),"7321.900, 2447.820, 395.389","7321.900, 2457.820, 395.389","7321.900, 2437.820, 395.389",해골경비대 보병 (33438),"6390.260, 2071.170, 511.026","6390.260, 2081.170, 511.026","6390.260, 2061.170, 511.026"
4616,노스렌드,달라란,선리버 성소,없음,,없음,,,,없음,,,,없음,,,
4617,동부 왕국,언더시티,승강기,상위지역 경계 대체,1497,투명 추적자 (31576),"1734.440, 262.346, 62.112","1734.440, 272.346, 62.112","1734.440, 252.346, 62.112",로데론 시민 유령 (3617),"1769.920, 285.161, 70.400","1769.920, 295.161, 70.400","1769.920, 275.161, 70.400",검은늑대 (1765),"1536.160, 510.723, 47.476","1536.160, 520.723, 47.476","1536.160, 500.723, 47.476"
4618,노스렌드,달라란,안토니다스 기념지,없음,,없음,,,,없음,,,,없음,,,
4619,노스렌드,달라란,보랏빛 성채,없음,,없음,,,,없음,,,,없음,,,
4620,노스렌드,달라란,마법사 교역소,없음,,없음,,,,없음,,,,없음,,,
4621,노스렌드,폭풍우 봉우리,미사용,상위지역 경계 대체,67,썩은 구울 (31812),"7612.200, 1249.040, 347.691","7612.200, 1259.040, 347.691","7612.200, 1239.040, 347.691",되살아난 시체 (29897),"5876.930, -1956.730, 237.907","5876.930, -1946.730, 237.907","5876.930, -1966.730, 237.907",푸른용 알 (31836),"7530.150, 688.302, 475.453","7530.150, 698.302, 475.453","7530.150, 678.302, 475.453"
4622,노스렌드,얼음왕관,1군단 전진기지,상위지역 경계 대체,210,썩은 구울 (31812),"7555.260, 1556.580, 342.748","7555.260, 1566.580, 342.748","7555.260, 1546.580, 342.748",조종 당하는 영웅 (32255),"7321.900, 2447.820, 395.389","7321.900, 2457.820, 395.389","7321.900, 2437.820, 395.389",해골경비대 보병 (33438),"6390.260, 2071.170, 511.026","6390.260, 2081.170, 511.026","6390.260, 2061.170, 511.026"
4629,노스렌드,폭풍우 봉우리,겨울의 심장,상위지역 경계 대체,67,썩은 구울 (31812),"7612.200, 1249.040, 347.691","7612.200, 1259.040, 347.691","7612.200, 1239.040, 347.691",되살아난 시체 (29897),"5876.930, -1956.730, 237.907","5876.930, -1946.730, 237.907","5876.930, -1966.730, 237.907",푸른용 알 (31836),"7530.150, 688.302, 475.453","7530.150, 698.302, 475.453","7530.150, 678.302, 475.453"
4630,노스렌드,,북해,없음,,없음,,,,없음,,,,없음,,,
4631,노스렌드,폭풍우 봉우리,여왕 둥지,상위지역 경계 대체,67,썩은 구울 (31812),"7612.200, 1249.040, 347.691","7612.200, 1259.040, 347.691","7612.200, 1239.040, 347.691",되살아난 시체 (29897),"5876.930, -1956.730, 237.907","5876.930, -1946.730, 237.907","5876.930, -1966.730, 237.907",푸른용 알 (31836),"7530.150, 688.302, 475.453","7530.150, 698.302, 475.453","7530.150, 678.302, 475.453"
4632,노스렌드,달라란,떠다니는 바위,없음,,없음,,,,없음,,,,없음,,,
4635,노스렌드,줄드락,드락타론 성채,상위지역 경계 대체,66,되살아난 시체 (29897),"5745.640, -2214.740, 237.548","5745.640, -2204.740, 237.548","5745.640, -2224.740, 237.548",산악 야생마 (26472),"5084.860, -4386.400, 281.887","5084.860, -4376.400, 281.887","5084.860, -4396.400, 281.887",굶주린 스컬지 트롤 (26570),"4530.450, -2217.350, 169.775","4530.450, -2207.350, 169.775","4530.450, -2227.350, 169.775"
4636,칠흑의 요새,동부 역병지대: 붉은십자군 초소,맹독의 길,상위지역 경계 대체,4298,붉은십자군 함대 수호병 (28834),"2114.340, -6070.870, 5.011","2114.340, -6060.870, 5.011","2114.340, -6080.870, 5.011",하스글렌 성전사 (29102),"2147.330, -5708.850, 102.006","2147.330, -5698.850, 102.006","2147.330, -5718.850, 102.006",십자군 성전사 (28529),"1799.960, -5739.470, 141.191","1799.960, -5729.470, 141.191","1799.960, -5749.470, 141.191"
4637,노스렌드,달라란,바르고스의 은거지,없음,,없음,,,,없음,,,,없음,,,
4638,노스렌드,달라란,보랏빛 성채 발코니,없음,,없음,,,,없음,,,,없음,,,
4639,노스렌드,북풍의 땅,변화의 고리,상위지역 경계 대체,3537,습지대 순록 (25680),"2808.650, 5416.670, 61.032","2808.650, 5426.670, 61.032","2808.650, 5406.670, 61.032",새끼 털북숭이 코뿔소 (25488),"3262.210, 5892.360, 92.588","3262.210, 5902.360, 92.588","3262.210, 5882.360, 92.588",새끼 매머드 (24613),"3297.080, 5451.910, 54.287","3297.080, 5461.910, 54.287","3297.080, 5441.910, 54.287"
4640,노스렌드,북풍의 땅,가속의 고리,상위지역 경계 대체,3537,습지대 순록 (25680),"2808.650, 5416.670, 61.032","2808.650, 5426.670, 61.032","2808.650, 5406.670, 61.032",새끼 털북숭이 코뿔소 (25488),"3262.210, 5892.360, 92.588","3262.210, 5902.360, 92.588","3262.210, 5882.360, 92.588",새끼 매머드 (24613),"3297.080, 5451.910, 54.287","3297.080, 5461.910, 54.287","3297.080, 5441.910, 54.287"
4641,노스렌드,북풍의 땅,변환의 고리,상위지역 경계 대체,3537,습지대 순록 (25680),"2808.650, 5416.670, 61.032","2808.650, 5426.670, 61.032","2808.650, 5406.670, 61.032",새끼 털북숭이 코뿔소 (25488),"3262.210, 5892.360, 92.588","3262.210, 5902.360, 92.588","3262.210, 5882.360, 92.588",새끼 매머드 (24613),"3297.080, 5451.910, 54.287","3297.080, 5461.910, 54.287","3297.080, 5441.910, 54.287"
4642,노스렌드,북풍의 땅,정렬의 고리,상위지역 경계 대체,3537,습지대 순록 (25680),"2808.650, 5416.670, 61.032","2808.650, 5426.670, 61.032","2808.650, 5406.670, 61.032",새끼 털북숭이 코뿔소 (25488),"3262.210, 5892.360, 92.588","3262.210, 5902.360, 92.588","3262.210, 5882.360, 92.588",새끼 매머드 (24613),"3297.080, 5451.910, 54.287","3297.080, 5461.910, 54.287","3297.080, 5441.910, 54.287"
4646,노스렌드,회색 구릉지,잿빛나무 호수,상위지역 경계 대체,394,긴뿔 순록 (26363),"3815.740, -3532.190, 248.631","3815.740, -3522.190, 248.631","3815.740, -3542.190, 248.631",서리뿔 산양 (23740),"3279.640, -4430.550, 327.579","3279.640, -4420.550, 327.579","3279.640, -4440.550, 327.579",굶주린 망자 (27290),"3505.120, -1226.770, 109.837","3505.120, -1216.770, 109.837","3505.120, -1236.770, 109.837"
4658,노스렌드,얼음왕관,은빛십자군 마상시합 광장,상위지역 경계 대체,210,썩은 구울 (31812),"7555.260, 1556.580, 342.748","7555.260, 1566.580, 342.748","7555.260, 1546.580, 342.748",조종 당하는 영웅 (32255),"7321.900, 2447.820, 395.389","7321.900, 2457.820, 395.389","7321.900, 2437.820, 395.389",해골경비대 보병 (33438),"6390.260, 2071.170, 511.026","6390.260, 2081.170, 511.026","6390.260, 2061.170, 511.026"
4666,노스렌드,얼음왕관,선리버 막사,상위지역 경계 대체,210,썩은 구울 (31812),"7555.260, 1556.580, 342.748","7555.260, 1566.580, 342.748","7555.260, 1546.580, 342.748",조종 당하는 영웅 (32255),"7321.900, 2447.820, 395.389","7321.900, 2457.820, 395.389","7321.900, 2437.820, 395.389",해골경비대 보병 (33438),"6390.260, 2071.170, 511.026","6390.260, 2081.170, 511.026","6390.260, 2061.170, 511.026"
4667,노스렌드,얼음왕관,은빛 서약단 막사,상위지역 경계 대체,210,썩은 구울 (31812),"7555.260, 1556.580, 342.748","7555.260, 1566.580, 342.748","7555.260, 1546.580, 342.748",조종 당하는 영웅 (32255),"7321.900, 2447.820, 395.389","7321.900, 2457.820, 395.389","7321.900, 2437.820, 395.389",해골경비대 보병 (33438),"6390.260, 2071.170, 511.026","6390.260, 2081.170, 511.026","6390.260, 2061.170, 511.026"
4668,동부 왕국,서부 몰락지대,쿠퍼 저택,상위지역 경계 대체,40,병든 늑대 (525),"-9707.640, 782.041, 31.745","-9707.640, 792.041, 31.745","-9707.640, 772.041, 31.745",뿔엄니멧돼지 (157),"-10627.600, 1326.260, 38.080","-10627.600, 1336.260, 38.080","-10627.600, 1316.260, 38.080",돌엄니멧돼지 (113),"-9929.220, 443.641, 34.594","-9929.220, 453.641, 34.594","-9929.220, 433.641, 34.594"
4669,노스렌드,얼음왕관,용사의 투기장,상위지역 경계 대체,210,썩은 구울 (31812),"7555.260, 1556.580, 342.748","7555.260, 1566.580, 342.748","7555.260, 1546.580, 342.748",조종 당하는 영웅 (32255),"7321.900, 2447.820, 395.389","7321.900, 2457.820, 395.389","7321.900, 2437.820, 395.389",해골경비대 보병 (33438),"6390.260, 2071.170, 511.026","6390.260, 2081.170, 511.026","6390.260, 2061.170, 511.026"
4670,노스렌드,얼음왕관,지원자의 투기장,상위지역 경계 대체,210,썩은 구울 (31812),"7555.260, 1556.580, 342.748","7555.260, 1566.580, 342.748","7555.260, 1546.580, 342.748",조종 당하는 영웅 (32255),"7321.900, 2447.820, 395.389","7321.900, 2457.820, 395.389","7321.900, 2437.820, 395.389",해골경비대 보병 (33438),"6390.260, 2071.170, 511.026","6390.260, 2081.170, 511.026","6390.260, 2061.170, 511.026"
4671,노스렌드,얼음왕관,은빛십자군 용맹전사의 투기장,상위지역 경계 대체,210,썩은 구울 (31812),"7555.260, 1556.580, 342.748","7555.260, 1566.580, 342.748","7555.260, 1546.580, 342.748",조종 당하는 영웅 (32255),"7321.900, 2447.820, 395.389","7321.900, 2457.820, 395.389","7321.900, 2437.820, 395.389",해골경비대 보병 (33438),"6390.260, 2071.170, 511.026","6390.260, 2081.170, 511.026","6390.260, 2061.170, 511.026"
4672,노스렌드,얼음왕관,얼라이언스 용맹전사의 투기장,상위지역 경계 대체,210,썩은 구울 (31812),"7555.260, 1556.580, 342.748","7555.260, 1566.580, 342.748","7555.260, 1546.580, 342.748",조종 당하는 영웅 (32255),"7321.900, 2447.820, 395.389","7321.900, 2457.820, 395.389","7321.900, 2437.820, 395.389",해골경비대 보병 (33438),"6390.260, 2071.170, 511.026","6390.260, 2081.170, 511.026","6390.260, 2061.170, 511.026"
4673,노스렌드,얼음왕관,호드 용맹전사의 투기장,상위지역 경계 대체,210,썩은 구울 (31812),"7555.260, 1556.580, 342.748","7555.260, 1566.580, 342.748","7555.260, 1546.580, 342.748",조종 당하는 영웅 (32255),"7321.900, 2447.820, 395.389","7321.900, 2457.820, 395.389","7321.900, 2437.820, 395.389",해골경비대 보병 (33438),"6390.260, 2071.170, 511.026","6390.260, 2081.170, 511.026","6390.260, 2061.170, 511.026"
4674,노스렌드,얼음왕관,은빛십자군 막사,상위지역 경계 대체,210,썩은 구울 (31812),"7555.260, 1556.580, 342.748","7555.260, 1566.580, 342.748","7555.260, 1546.580, 342.748",조종 당하는 영웅 (32255),"7321.900, 2447.820, 395.389","7321.900, 2457.820, 395.389","7321.900, 2437.820, 395.389",해골경비대 보병 (33438),"6390.260, 2071.170, 511.026","6390.260, 2081.170, 511.026","6390.260, 2061.170, 511.026"
4676,노스렌드,얼음왕관,선리버 막사,상위지역 경계 대체,210,썩은 구울 (31812),"7555.260, 1556.580, 342.748","7555.260, 1566.580, 342.748","7555.260, 1546.580, 342.748",조종 당하는 영웅 (32255),"7321.900, 2447.820, 395.389","7321.900, 2457.820, 395.389","7321.900, 2437.820, 395.389",해골경비대 보병 (33438),"6390.260, 2071.170, 511.026","6390.260, 2081.170, 511.026","6390.260, 2061.170, 511.026"
4677,노스렌드,얼음왕관,은빛 서약단 막사,상위지역 경계 대체,210,썩은 구울 (31812),"7555.260, 1556.580, 342.748","7555.260, 1566.580, 342.748","7555.260, 1546.580, 342.748",조종 당하는 영웅 (32255),"7321.900, 2447.820, 395.389","7321.900, 2457.820, 395.389","7321.900, 2437.820, 395.389",해골경비대 보병 (33438),"6390.260, 2071.170, 511.026","6390.260, 2081.170, 511.026","6390.260, 2061.170, 511.026"
4679,동부 왕국,아이언포지,쓸쓸한 뒷골목,상위지역 경계 대체,1537,전설의 영웅 (15113),"-5064.190, -801.367, 495.247","-5064.190, -791.367, 495.247","-5064.190, -811.367, 495.247",전쟁 지원 지원병 (15663),"-4917.320, -1224.880, 501.742","-4917.320, -1214.880, 501.742","-4917.320, -1234.880, 501.742",[DNT] Torch Tossing Target Bunny (25535),"-4685.860, -1219.040, 503.361","-4685.860, -1209.040, 503.361","-4685.860, -1229.040, 503.361"
4692,노스렌드,얼음왕관,쿠엘델라의 쉼터,상위지역 경계 대체,210,썩은 구울 (31812),"7555.260, 1556.580, 342.748","7555.260, 1566.580, 342.748","7555.260, 1546.580, 342.748",조종 당하는 영웅 (32255),"7321.900, 2447.820, 395.389","7321.900, 2457.820, 395.389","7321.900, 2437.820, 395.389",해골경비대 보병 (33438),"6390.260, 2071.170, 511.026","6390.260, 2081.170, 511.026","6390.260, 2061.170, 511.026"
4739,노스렌드,달라란,룬위버 광장,없음,,없음,,,,없음,,,,없음,,,
4740,노스렌드,달라란,은빛 자치구,없음,,없음,,,,없음,,,,없음,,,
4742,노스렌드,,흐로스가르 상륙지,지역 경계 직접,4742,은빛십자군 평화감시단 (33698),"8648.820, 779.045, 547.699","8648.820, 789.045, 547.699","8648.820, 769.045, 547.699",살해된 투알리크 주민 (34852),"9954.270, 1022.170, 18.596","9954.270, 1032.170, 18.596","9954.270, 1012.170, 18.596",크발디르 돌격병 (34838),"9950.150, 1014.250, 19.871","9950.150, 1024.250, 19.871","9950.150, 1004.250, 19.871"
4743,노스렌드,얼음왕관,죽음예언자 감시초소,상위지역 경계 대체,210,썩은 구울 (31812),"7555.260, 1556.580, 342.748","7555.260, 1566.580, 342.748","7555.260, 1546.580, 342.748",조종 당하는 영웅 (32255),"7321.900, 2447.820, 395.389","7321.900, 2457.820, 395.389","7321.900, 2437.820, 395.389",해골경비대 보병 (33438),"6390.260, 2071.170, 511.026","6390.260, 2081.170, 511.026","6390.260, 2061.170, 511.026"
4760,노스렌드,흐로스가르 상륙지,바다 학살자의 터,상위지역 경계 대체,4742,은빛십자군 평화감시단 (33698),"8648.820, 779.045, 547.699","8648.820, 789.045, 547.699","8648.820, 769.045, 547.699",살해된 투알리크 주민 (34852),"9954.270, 1022.170, 18.596","9954.270, 1032.170, 18.596","9954.270, 1012.170, 18.596",크발디르 돌격병 (34838),"9950.150, 1014.250, 19.871","9950.150, 1024.250, 19.871","9950.150, 1004.250, 19.871"
4769,노스렌드,흐로스가르 상륙지,흐로스가르 상륙지,상위지역 경계 대체,4742,은빛십자군 평화감시단 (33698),"8648.820, 779.045, 547.699","8648.820, 789.045, 547.699","8648.820, 769.045, 547.699",살해된 투알리크 주민 (34852),"9954.270, 1022.170, 18.596","9954.270, 1032.170, 18.596","9954.270, 1012.170, 18.596",크발디르 돌격병 (34838),"9950.150, 1014.250, 19.871","9950.150, 1024.250, 19.871","9950.150, 1004.250, 19.871"
4862,노스렌드,얼음왕관,얼어붙은 전당,상위지역 경계 대체,210,썩은 구울 (31812),"7555.260, 1556.580, 342.748","7555.260, 1566.580, 342.748","7555.260, 1546.580, 342.748",조종 당하는 영웅 (32255),"7321.900, 2447.820, 395.389","7321.900, 2457.820, 395.389","7321.900, 2437.820, 395.389",해골경비대 보병 (33438),"6390.260, 2071.170, 511.026","6390.260, 2081.170, 511.026","6390.260, 2061.170, 511.026"
